SKU,FNSku,Condition,Brand,Manufacturer,ProductTitle,LongDescription,ShortDescription,Subtitle,ASIN,UPC,EAN,ISBN,MPN,Price,MAPPrice,MSRP,BundleType,ProductType,VariationVaryBy,CopyToChildren,MultipackQuantity,VariationParentSKU,SubStyleCode,IsInRelationship,NetWeight,GrossWeight,DimensionUnit,WeightUnit,ProductHeight,ProductLength,ProductWidth,BoxHeight,BoxLength,BoxWidth,HarmonizedCode,IsBlocked,Warranty,ClassificationNum,Gender,AgeGroup,NRFDepartment,CountryOfOrigin,OriginalUPC,CustomerProductSKU,VariationSet,StyleStatus,StyleType,Description,StyleCode,ParentStyleCode,ProductStyleCode,ColorPatternCode,ColorPatternCodeId,SizeType,SizeCode,SizeCodeId,WidthCode,WidthCodeId,LengthCode,LengthCodeId,ClassCode,SubClassCode,DepartmentCode,DivisionCode,OEMCode,AlternateCode,Remark,Model,CatalogPage,CategoryCode,GroupCode,SubGroupCode,ProductStatus,PriceRule,Stockable,Taxable,Costable,IsProfit,Currency,UOM,QtyPerPallot,QtyPerCase,QtyPerBox,PackType,PackQty,DefaultPackType,DefaultVendorCode,PoSize,MinStock,LeadTimeDay,ProductYear,MaterialsContent,CareInstructions,ColorCodeNRF,ColorGroupNRF,SizeCodeNRF,SizePrimaryNRF,SizeSecondaryNRF,SizeHeadingNRF,SizeHeading2NRF,CategoryNRF,SubCategoryNRF,DropshipPrice,CRVPrice,ColorDesc,SizeDesc,WidthDesc,LengthDesc,PrepackCode,PrepackQty,AddWarehouse,AddAvaQty,ShipLeadTimeDay,ShipHandlingFee,ReceiveHandlingFee,ReturnHandlingFee,StorageFee,DisableDropshipReturn,OptionName1,OptionName2,OptionName3,OptionName4,OptionName5,OptionValue1,OptionValue2,OptionValue3,OptionValue4,OptionValue5,DropshipCategoryCode,DropshipCategoryCodePath,Barcode,Tags
ADELINE-02-BLACK-A12,,0,,,WOVEN SLIDE SANDAL,,,WOVEN SLIDE SANDAL,,,,,,138,0,138,3,1,,0,0,ADELINE-02,ADELINE-02-BLACK,0,0,17,0,0,0,0,0,12,18,11,,0,,0,,,,,,,,,,,ADELINE-02,,,BLACK,BLACK,,,,,,,,WOMEN,,WHOLESALE,,,,,,,,2022SS,,0,,FALSE,TRUE,FALSE,FALSE,,,0,0,0,,0,,,0,0,0,,,,,,,,,,,,,0,0,,,,,A12,12,,0,0,0,0,0,0,0,,,,,,,,,,,,,,
ADELINE-02-BLACK-B12,,0,,,WOVEN SLIDE SANDAL,,,WOVEN SLIDE SANDAL,,,,,,138,0,138,3,1,,0,0,ADELINE-02,ADELINE-02-BLACK,0,0,17,0,0,0,0,0,12,18,11,,0,,0,,,,,,,,,,,ADELINE-02,,,BLACK,BLACK,,,,,,,,WOMEN,,WHOLESALE,,,,,,,,2022SS,,0,,FALSE,TRUE,FALSE,FALSE,,,0,0,0,,0,,,0,0,0,,,,,,,,,,,,,0,0,,,,,B12,12,,0,0,0,0,0,0,0,,,,,,,,,,,,,,
ADELINE-02-BLACK-S,,0,,,WOVEN SLIDE SANDAL,,,WOVEN SLIDE SANDAL,,,,,,138,0,138,3,1,,0,0,ADELINE-02,ADELINE-02-BLACK,0,0,17,0,0,0,0,0,12,18,11,,0,,0,,,,,,,,,,,ADELINE-02,,,BLACK,BLACK,,,,,,,,WOMEN,,,,,,,,,,2022SS,,0,,FALSE,TRUE,FALSE,FALSE,,,0,0,0,,0,,,0,0,0,,,,,,,,,,,,,0,0,,,,,S,1,,0,0,0,0,0,0,0,,,,,,,,,,,,,,
ADELINE-02-BLACK-10,,0,,,WOVEN SLIDE SANDAL,,,WOVEN SLIDE SANDAL,,,,,,11.5,0,11.5,0,1,,0,0,ADELINE-02,ADELINE-02-BLACK,0,0,1.2,0,0,0,0,0,5,4,12,,0,,0,,,,,,,,,,,ADELINE-02,,,BLACK,BLACK,,10,10,,,,,WOMEN,,,,,,,,,,2022SS,,0,,FALSE,TRUE,FALSE,FALSE,,,0,0,0,,0,,,0,0,0,,,,,,,,,,,,,0,0,,,,,,0,,0,0,0,0,0,0,0,,,,,,,,,,,,,,
ADELINE-02-BLACK-11,,0,,,WOVEN SLIDE SANDAL,,,WOVEN SLIDE SANDAL,,,,,,11.5,0,11.5,0,1,,0,0,ADELINE-02,ADELINE-02-BLACK,0,0,1.2,0,0,0,0,0,5,4,12,,0,,0,,,,,,,,,,,ADELINE-02,,,BLACK,BLACK,,11,11,,,,,WOMEN,,,,,,,,,,2022SS,,0,,FALSE,TRUE,FALSE,FALSE,,,0,0,0,,0,,,0,0,0,,,,,,,,,,,,,0,0,,,,,,0,,0,0,0,0,0,0,0,,,,,,,,,,,,,,
ADELINE-02-BLACK-12,,0,,,WOVEN SLIDE SANDAL,,,WOVEN SLIDE SANDAL,,,,,,11.5,0,11.5,0,1,,0,0,ADELINE-02,ADELINE-02-BLACK,0,0,1.2,0,0,0,0,0,5,4,12,,0,,0,,,,,,,,,,,ADELINE-02,,,BLACK,BLACK,,12,12,,,,,WOMEN,,,,,,,,,,2022SS,,0,,FALSE,TRUE,FALSE,FALSE,,,0,0,0,,0,,,0,0,0,,,,,,,,,,,,,0,0,,,,,,0,,0,0,0,0,0,0,0,,,,,,,,,,,,,,
ADELINE-02-BLACK-5,,0,,,WOVEN SLIDE SANDAL,,,WOVEN SLIDE SANDAL,,,,,,11.5,0,11.5,0,1,,0,0,ADELINE-02,ADELINE-02-BLACK,0,0,1.2,0,0,0,0,0,5,4,12,,0,,0,,,,,,,,,,,ADELINE-02,,,BLACK,BLACK,,5,5,,,,,WOMEN,,,,,,,,,,2022SS,,0,,FALSE,TRUE,FALSE,FALSE,,,0,0,0,,0,,,0,0,0,,,,,,,,,,,,,0,0,,,,,,0,,0,0,0,0,0,0,0,,,,,,,,,,,,,,
ADELINE-02-BLACK-5.5,,0,,,WOVEN SLIDE SANDAL,,,WOVEN SLIDE SANDAL,,,,,,11.5,0,11.5,0,1,,0,0,ADELINE-02,ADELINE-02-BLACK,0,0,1.2,0,0,0,0,0,5,4,12,,0,,0,,,,,,,,,,,ADELINE-02,,,BLACK,BLACK,,5.5,5.5,,,,,WOMEN,,,,,,,,,,2022SS,,0,,FALSE,TRUE,FALSE,FALSE,,,0,0,0,,0,,,0,0,0,,,,,,,,,,,,,0,0,,,,,,0,,0,0,0,0,0,0,0,,,,,,,,,,,,,,
ADELINE-02-BLACK-6,,0,,,WOVEN SLIDE SANDAL,,,WOVEN SLIDE SANDAL,,,,,,11.5,0,11.5,0,1,,0,0,ADELINE-02,ADELINE-02-BLACK,0,0,1.2,0,0,0,0,0,5,4,12,,0,,0,,,,,,,,,,,ADELINE-02,,,BLACK,BLACK,,6,6,,,,,WOMEN,,,,,,,,,,2022SS,,0,,FALSE,TRUE,FALSE,FALSE,,,0,0,0,,0,,,0,0,0,,,,,,,,,,,,,0,0,,,,,,0,,0,0,0,0,0,0,0,,,,,,,,,,,,,,
ADELINE-02-BLACK-6.5,,0,,,WOVEN SLIDE SANDAL,,,WOVEN SLIDE SANDAL,,,,,,11.5,0,11.5,0,1,,0,0,ADELINE-02,ADELINE-02-BLACK,0,0,1.2,0,0,0,0,0,5,4,12,,0,,0,,,,,,,,,,,ADELINE-02,,,BLACK,BLACK,,6.5,6.5,,,,,WOMEN,,,,,,,,,,2022SS,,0,,FALSE,TRUE,FALSE,FALSE,,,0,0,0,,0,,,0,0,0,,,,,,,,,,,,,0,0,,,,,,0,,0,0,0,0,0,0,0,,,,,,,,,,,,,,
ADELINE-02-BLACK-7,,0,,,WOVEN SLIDE SANDAL,,,WOVEN SLIDE SANDAL,,,,,,11.5,0,11.5,0,1,,0,0,ADELINE-02,ADELINE-02-BLACK,0,0,1.2,0,0,0,0,0,5,4,12,,0,,0,,,,,,,,,,,ADELINE-02,,,BLACK,BLACK,,7,7,,,,,WOMEN,,,,,,,,,,2022SS,,0,,FALSE,TRUE,FALSE,FALSE,,,0,0,0,,0,,,0,0,0,,,,,,,,,,,,,0,0,,,,,,0,,0,0,0,0,0,0,0,,,,,,,,,,,,,,
ADELINE-02-BLACK-7.5,,0,,,WOVEN SLIDE SANDAL,,,WOVEN SLIDE SANDAL,,,,,,11.5,0,11.5,0,1,,0,0,ADELINE-02,ADELINE-02-BLACK,0,0,1.2,0,0,0,0,0,5,4,12,,0,,0,,,,,,,,,,,ADELINE-02,,,BLACK,BLACK,,7.5,7.5,,,,,WOMEN,,,,,,,,,,2022SS,,0,,FALSE,TRUE,FALSE,FALSE,,,0,0,0,,0,,,0,0,0,,,,,,,,,,,,,0,0,,,,,,0,,0,0,0,0,0,0,0,,,,,,,,,,,,,,
ADELINE-02-BLACK-8,,0,,,WOVEN SLIDE SANDAL,,,WOVEN SLIDE SANDAL,,,,,,11.5,0,11.5,0,1,,0,0,ADELINE-02,ADELINE-02-BLACK,0,0,1.2,0,0,0,0,0,5,4,12,,0,,0,,,,,,,,,,,ADELINE-02,,,BLACK,BLACK,,8,8,,,,,WOMEN,,,,,,,,,,2022SS,,0,,FALSE,TRUE,FALSE,FALSE,,,0,0,0,,0,,,0,0,0,,,,,,,,,,,,,0,0,,,,,,0,,0,0,0,0,0,0,0,,,,,,,,,,,,,,
ADELINE-02-BLACK-8.5,,0,,,WOVEN SLIDE SANDAL,,,WOVEN SLIDE SANDAL,,,,,,11.5,0,11.5,0,1,,0,0,ADELINE-02,ADELINE-02-BLACK,0,0,1.2,0,0,0,0,0,5,4,12,,0,,0,,,,,,,,,,,ADELINE-02,,,BLACK,BLACK,,8.5,8.5,,,,,WOMEN,,,,,,,,,,2022SS,,0,,FALSE,TRUE,FALSE,FALSE,,,0,0,0,,0,,,0,0,0,,,,,,,,,,,,,0,0,,,,,,0,,0,0,0,0,0,0,0,,,,,,,,,,,,,,
ADELINE-02-BLACK-9,,0,,,WOVEN SLIDE SANDAL,,,WOVEN SLIDE SANDAL,,,,,,11.5,0,11.5,0,1,,0,0,ADELINE-02,ADELINE-02-BLACK,0,0,1.2,0,0,0,0,0,5,4,12,,0,,0,,,,,,,,,,,ADELINE-02,,,BLACK,BLACK,,9,9,,,,,WOMEN,,,,,,,,,,2022SS,,0,,FALSE,TRUE,FALSE,FALSE,,,0,0,0,,0,,,0,0,0,,,,,,,,,,,,,0,0,,,,,,0,,0,0,0,0,0,0,0,,,,,,,,,,,,,,
ADELINE-02-BLACK-9.5,,0,,,WOVEN SLIDE SANDAL,,,WOVEN SLIDE SANDAL,,,,,,11.5,0,11.5,0,1,,0,0,ADELINE-02,ADELINE-02-BLACK,0,0,1.2,0,0,0,0,0,5,4,12,,0,,0,,,,,,,,,,,ADELINE-02,,,BLACK,BLACK,,9.5,9.5,,,,,WOMEN,,,,,,,,,,2022SS,,0,,FALSE,TRUE,FALSE,FALSE,,,0,0,0,,0,,,0,0,0,,,,,,,,,,,,,0,0,,,,,,0,,0,0,0,0,0,0,0,,,,,,,,,,,,,,
ADELINE-02-CAMEL-A12,,0,,,WOVEN SLIDE SANDAL,,,WOVEN SLIDE SANDAL,,,,,,138,0,138,3,1,,0,0,ADELINE-02,ADELINE-02-CAMEL,0,0,17,0,0,0,0,0,12,18,11,,0,,0,,,,,,,,,,,ADELINE-02,,,CAMEL,CAMEL,,,,,,,,WOMEN,,WHOLESALE,,,,,,,,2022SS,,0,,FALSE,TRUE,FALSE,FALSE,,,0,0,0,,0,,,0,0,0,,,,,,,,,,,,,0,0,,,,,A12,12,,0,0,0,0,0,0,0,,,,,,,,,,,,,,
ADELINE-02-CAMEL-B12,,0,,,WOVEN SLIDE SANDAL,,,WOVEN SLIDE SANDAL,,,,,,138,0,138,3,1,,0,0,ADELINE-02,ADELINE-02-CAMEL,0,0,17,0,0,0,0,0,12,18,11,,0,,0,,,,,,,,,,,ADELINE-02,,,CAMEL,CAMEL,,,,,,,,WOMEN,,WHOLESALE,,,,,,,,2022SS,,0,,FALSE,TRUE,FALSE,FALSE,,,0,0,0,,0,,,0,0,0,,,,,,,,,,,,,0,0,,,,,B12,12,,0,0,0,0,0,0,0,,,,,,,,,,,,,,
ADELINE-02-CAMEL-S,,0,,,WOVEN SLIDE SANDAL,,,WOVEN SLIDE SANDAL,,,,,,138,0,138,3,1,,0,0,ADELINE-02,ADELINE-02-CAMEL,0,0,17,0,0,0,0,0,12,18,11,,0,,0,,,,,,,,,,,ADELINE-02,,,CAMEL,CAMEL,,,,,,,,WOMEN,,,,,,,,,,2022SS,,0,,FALSE,TRUE,FALSE,FALSE,,,0,0,0,,0,,,0,0,0,,,,,,,,,,,,,0,0,,,,,S,1,,0,0,0,0,0,0,0,,,,,,,,,,,,,,
ADELINE-02-CAMEL-10,,0,,,WOVEN SLIDE SANDAL,,,WOVEN SLIDE SANDAL,,,,,,11.5,0,11.5,0,1,,0,0,ADELINE-02,ADELINE-02-CAMEL,0,0,1.2,0,0,0,0,0,5,4,12,,0,,0,,,,,,,,,,,ADELINE-02,,,CAMEL,CAMEL,,10,10,,,,,WOMEN,,,,,,,,,,2022SS,,0,,FALSE,TRUE,FALSE,FALSE,,,0,0,0,,0,,,0,0,0,,,,,,,,,,,,,0,0,,,,,,0,,0,0,0,0,0,0,0,,,,,,,,,,,,,,
ADELINE-02-CAMEL-11,,0,,,WOVEN SLIDE SANDAL,,,WOVEN SLIDE SANDAL,,,,,,11.5,0,11.5,0,1,,0,0,ADELINE-02,ADELINE-02-CAMEL,0,0,1.2,0,0,0,0,0,5,4,12,,0,,0,,,,,,,,,,,ADELINE-02,,,CAMEL,CAMEL,,11,11,,,,,WOMEN,,,,,,,,,,2022SS,,0,,FALSE,TRUE,FALSE,FALSE,,,0,0,0,,0,,,0,0,0,,,,,,,,,,,,,0,0,,,,,,0,,0,0,0,0,0,0,0,,,,,,,,,,,,,,
ADELINE-02-CAMEL-12,,0,,,WOVEN SLIDE SANDAL,,,WOVEN SLIDE SANDAL,,,,,,11.5,0,11.5,0,1,,0,0,ADELINE-02,ADELINE-02-CAMEL,0,0,1.2,0,0,0,0,0,5,4,12,,0,,0,,,,,,,,,,,ADELINE-02,,,CAMEL,CAMEL,,12,12,,,,,WOMEN,,,,,,,,,,2022SS,,0,,FALSE,TRUE,FALSE,FALSE,,,0,0,0,,0,,,0,0,0,,,,,,,,,,,,,0,0,,,,,,0,,0,0,0,0,0,0,0,,,,,,,,,,,,,,
ADELINE-02-CAMEL-5,,0,,,WOVEN SLIDE SANDAL,,,WOVEN SLIDE SANDAL,,,,,,11.5,0,11.5,0,1,,0,0,ADELINE-02,ADELINE-02-CAMEL,0,0,1.2,0,0,0,0,0,5,4,12,,0,,0,,,,,,,,,,,ADELINE-02,,,CAMEL,CAMEL,,5,5,,,,,WOMEN,,,,,,,,,,2022SS,,0,,FALSE,TRUE,FALSE,FALSE,,,0,0,0,,0,,,0,0,0,,,,,,,,,,,,,0,0,,,,,,0,,0,0,0,0,0,0,0,,,,,,,,,,,,,,
ADELINE-02-CAMEL-5.5,,0,,,WOVEN SLIDE SANDAL,,,WOVEN SLIDE SANDAL,,,,,,11.5,0,11.5,0,1,,0,0,ADELINE-02,ADELINE-02-CAMEL,0,0,1.2,0,0,0,0,0,5,4,12,,0,,0,,,,,,,,,,,ADELINE-02,,,CAMEL,CAMEL,,5.5,5.5,,,,,WOMEN,,,,,,,,,,2022SS,,0,,FALSE,TRUE,FALSE,FALSE,,,0,0,0,,0,,,0,0,0,,,,,,,,,,,,,0,0,,,,,,0,,0,0,0,0,0,0,0,,,,,,,,,,,,,,
ADELINE-02-CAMEL-6,,0,,,WOVEN SLIDE SANDAL,,,WOVEN SLIDE SANDAL,,,,,,11.5,0,11.5,0,1,,0,0,ADELINE-02,ADELINE-02-CAMEL,0,0,1.2,0,0,0,0,0,5,4,12,,0,,0,,,,,,,,,,,ADELINE-02,,,CAMEL,CAMEL,,6,6,,,,,WOMEN,,,,,,,,,,2022SS,,0,,FALSE,TRUE,FALSE,FALSE,,,0,0,0,,0,,,0,0,0,,,,,,,,,,,,,0,0,,,,,,0,,0,0,0,0,0,0,0,,,,,,,,,,,,,,
ADELINE-02-CAMEL-6.5,,0,,,WOVEN SLIDE SANDAL,,,WOVEN SLIDE SANDAL,,,,,,11.5,0,11.5,0,1,,0,0,ADELINE-02,ADELINE-02-CAMEL,0,0,1.2,0,0,0,0,0,5,4,12,,0,,0,,,,,,,,,,,ADELINE-02,,,CAMEL,CAMEL,,6.5,6.5,,,,,WOMEN,,,,,,,,,,2022SS,,0,,FALSE,TRUE,FALSE,FALSE,,,0,0,0,,0,,,0,0,0,,,,,,,,,,,,,0,0,,,,,,0,,0,0,0,0,0,0,0,,,,,,,,,,,,,,
ADELINE-02-CAMEL-7,,0,,,WOVEN SLIDE SANDAL,,,WOVEN SLIDE SANDAL,,,,,,11.5,0,11.5,0,1,,0,0,ADELINE-02,ADELINE-02-CAMEL,0,0,1.2,0,0,0,0,0,5,4,12,,0,,0,,,,,,,,,,,ADELINE-02,,,CAMEL,CAMEL,,7,7,,,,,WOMEN,,,,,,,,,,2022SS,,0,,FALSE,TRUE,FALSE,FALSE,,,0,0,0,,0,,,0,0,0,,,,,,,,,,,,,0,0,,,,,,0,,0,0,0,0,0,0,0,,,,,,,,,,,,,,
ADELINE-02-CAMEL-7.5,,0,,,WOVEN SLIDE SANDAL,,,WOVEN SLIDE SANDAL,,,,,,11.5,0,11.5,0,1,,0,0,ADELINE-02,ADELINE-02-CAMEL,0,0,1.2,0,0,0,0,0,5,4,12,,0,,0,,,,,,,,,,,ADELINE-02,,,CAMEL,CAMEL,,7.5,7.5,,,,,WOMEN,,,,,,,,,,2022SS,,0,,FALSE,TRUE,FALSE,FALSE,,,0,0,0,,0,,,0,0,0,,,,,,,,,,,,,0,0,,,,,,0,,0,0,0,0,0,0,0,,,,,,,,,,,,,,
ADELINE-02-CAMEL-8,,0,,,WOVEN SLIDE SANDAL,,,WOVEN SLIDE SANDAL,,,,,,11.5,0,11.5,0,1,,0,0,ADELINE-02,ADELINE-02-CAMEL,0,0,1.2,0,0,0,0,0,5,4,12,,0,,0,,,,,,,,,,,ADELINE-02,,,CAMEL,CAMEL,,8,8,,,,,WOMEN,,,,,,,,,,2022SS,,0,,FALSE,TRUE,FALSE,FALSE,,,0,0,0,,0,,,0,0,0,,,,,,,,,,,,,0,0,,,,,,0,,0,0,0,0,0,0,0,,,,,,,,,,,,,,
ADELINE-02-CAMEL-8.5,,0,,,WOVEN SLIDE SANDAL,,,WOVEN SLIDE SANDAL,,,,,,11.5,0,11.5,0,1,,0,0,ADELINE-02,ADELINE-02-CAMEL,0,0,1.2,0,0,0,0,0,5,4,12,,0,,0,,,,,,,,,,,ADELINE-02,,,CAMEL,CAMEL,,8.5,8.5,,,,,WOMEN,,,,,,,,,,2022SS,,0,,FALSE,TRUE,FALSE,FALSE,,,0,0,0,,0,,,0,0,0,,,,,,,,,,,,,0,0,,,,,,0,,0,0,0,0,0,0,0,,,,,,,,,,,,,,
ADELINE-02-CAMEL-9,,0,,,WOVEN SLIDE SANDAL,,,WOVEN SLIDE SANDAL,,,,,,11.5,0,11.5,0,1,,0,0,ADELINE-02,ADELINE-02-CAMEL,0,0,1.2,0,0,0,0,0,5,4,12,,0,,0,,,,,,,,,,,ADELINE-02,,,CAMEL,CAMEL,,9,9,,,,,WOMEN,,,,,,,,,,2022SS,,0,,FALSE,TRUE,FALSE,FALSE,,,0,0,0,,0,,,0,0,0,,,,,,,,,,,,,0,0,,,,,,0,,0,0,0,0,0,0,0,,,,,,,,,,,,,,
ADELINE-02-CAMEL-9.5,,0,,,WOVEN SLIDE SANDAL,,,WOVEN SLIDE SANDAL,,,,,,11.5,0,11.5,0,1,,0,0,ADELINE-02,ADELINE-02-CAMEL,0,0,1.2,0,0,0,0,0,5,4,12,,0,,0,,,,,,,,,,,ADELINE-02,,,CAMEL,CAMEL,,9.5,9.5,,,,,WOMEN,,,,,,,,,,2022SS,,0,,FALSE,TRUE,FALSE,FALSE,,,0,0,0,,0,,,0,0,0,,,,,,,,,,,,,0,0,,,,,,0,,0,0,0,0,0,0,0,,,,,,,,,,,,,,
ADELINE-02-NUDE-A12,,0,,,WOVEN SLIDE SANDAL,,,WOVEN SLIDE SANDAL,,,,,,138,0,138,3,1,,0,0,ADELINE-02,ADELINE-02-NUDE,0,0,17,0,0,0,0,0,12,18,11,,0,,0,,,,,,,,,,,ADELINE-02,,,NUDE,NUDE,,,,,,,,WOMEN,,WHOLESALE,,,,,,,,2022SS,,0,,FALSE,TRUE,FALSE,FALSE,,,0,0,0,,0,,,0,0,0,,,,,,,,,,,,,0,0,,,,,A12,12,,0,0,0,0,0,0,0,,,,,,,,,,,,,,
ADELINE-02-NUDE-B12,,0,,,WOVEN SLIDE SANDAL,,,WOVEN SLIDE SANDAL,,,,,,138,0,138,3,1,,0,0,ADELINE-02,ADELINE-02-NUDE,0,0,17,0,0,0,0,0,12,18,11,,0,,0,,,,,,,,,,,ADELINE-02,,,NUDE,NUDE,,,,,,,,WOMEN,,WHOLESALE,,,,,,,,2022SS,,0,,FALSE,TRUE,FALSE,FALSE,,,0,0,0,,0,,,0,0,0,,,,,,,,,,,,,0,0,,,,,B12,12,,0,0,0,0,0,0,0,,,,,,,,,,,,,,
ADELINE-02-NUDE-S,,0,,,WOVEN SLIDE SANDAL,,,WOVEN SLIDE SANDAL,,,,,,138,0,138,3,1,,0,0,ADELINE-02,ADELINE-02-NUDE,0,0,17,0,0,0,0,0,12,18,11,,0,,0,,,,,,,,,,,ADELINE-02,,,NUDE,NUDE,,,,,,,,WOMEN,,,,,,,,,,2022SS,,0,,FALSE,TRUE,FALSE,FALSE,,,0,0,0,,0,,,0,0,0,,,,,,,,,,,,,0,0,,,,,S,1,,0,0,0,0,0,0,0,,,,,,,,,,,,,,
ADELINE-02-NUDE-10,,0,,,WOVEN SLIDE SANDAL,,,WOVEN SLIDE SANDAL,,,,,,11.5,0,11.5,0,1,,0,0,ADELINE-02,ADELINE-02-NUDE,0,0,1.2,0,0,0,0,0,5,4,12,,0,,0,,,,,,,,,,,ADELINE-02,,,NUDE,NUDE,,10,10,,,,,WOMEN,,,,,,,,,,2022SS,,0,,FALSE,TRUE,FALSE,FALSE,,,0,0,0,,0,,,0,0,0,,,,,,,,,,,,,0,0,,,,,,0,,0,0,0,0,0,0,0,,,,,,,,,,,,,,
ADELINE-02-NUDE-11,,0,,,WOVEN SLIDE SANDAL,,,WOVEN SLIDE SANDAL,,,,,,11.5,0,11.5,0,1,,0,0,ADELINE-02,ADELINE-02-NUDE,0,0,1.2,0,0,0,0,0,5,4,12,,0,,0,,,,,,,,,,,ADELINE-02,,,NUDE,NUDE,,11,11,,,,,WOMEN,,,,,,,,,,2022SS,,0,,FALSE,TRUE,FALSE,FALSE,,,0,0,0,,0,,,0,0,0,,,,,,,,,,,,,0,0,,,,,,0,,0,0,0,0,0,0,0,,,,,,,,,,,,,,
ADELINE-02-NUDE-12,,0,,,WOVEN SLIDE SANDAL,,,WOVEN SLIDE SANDAL,,,,,,11.5,0,11.5,0,1,,0,0,ADELINE-02,ADELINE-02-NUDE,0,0,1.2,0,0,0,0,0,5,4,12,,0,,0,,,,,,,,,,,ADELINE-02,,,NUDE,NUDE,,12,12,,,,,WOMEN,,,,,,,,,,2022SS,,0,,FALSE,TRUE,FALSE,FALSE,,,0,0,0,,0,,,0,0,0,,,,,,,,,,,,,0,0,,,,,,0,,0,0,0,0,0,0,0,,,,,,,,,,,,,,
ADELINE-02-NUDE-5,,0,,,WOVEN SLIDE SANDAL,,,WOVEN SLIDE SANDAL,,,,,,11.5,0,11.5,0,1,,0,0,ADELINE-02,ADELINE-02-NUDE,0,0,1.2,0,0,0,0,0,5,4,12,,0,,0,,,,,,,,,,,ADELINE-02,,,NUDE,NUDE,,5,5,,,,,WOMEN,,,,,,,,,,2022SS,,0,,FALSE,TRUE,FALSE,FALSE,,,0,0,0,,0,,,0,0,0,,,,,,,,,,,,,0,0,,,,,,0,,0,0,0,0,0,0,0,,,,,,,,,,,,,,
ADELINE-02-NUDE-5.5,,0,,,WOVEN SLIDE SANDAL,,,WOVEN SLIDE SANDAL,,,,,,11.5,0,11.5,0,1,,0,0,ADELINE-02,ADELINE-02-NUDE,0,0,1.2,0,0,0,0,0,5,4,12,,0,,0,,,,,,,,,,,ADELINE-02,,,NUDE,NUDE,,5.5,5.5,,,,,WOMEN,,,,,,,,,,2022SS,,0,,FALSE,TRUE,FALSE,FALSE,,,0,0,0,,0,,,0,0,0,,,,,,,,,,,,,0,0,,,,,,0,,0,0,0,0,0,0,0,,,,,,,,,,,,,,
ADELINE-02-NUDE-6,,0,,,WOVEN SLIDE SANDAL,,,WOVEN SLIDE SANDAL,,,,,,11.5,0,11.5,0,1,,0,0,ADELINE-02,ADELINE-02-NUDE,0,0,1.2,0,0,0,0,0,5,4,12,,0,,0,,,,,,,,,,,ADELINE-02,,,NUDE,NUDE,,6,6,,,,,WOMEN,,,,,,,,,,2022SS,,0,,FALSE,TRUE,FALSE,FALSE,,,0,0,0,,0,,,0,0,0,,,,,,,,,,,,,0,0,,,,,,0,,0,0,0,0,0,0,0,,,,,,,,,,,,,,
ADELINE-02-NUDE-6.5,,0,,,WOVEN SLIDE SANDAL,,,WOVEN SLIDE SANDAL,,,,,,11.5,0,11.5,0,1,,0,0,ADELINE-02,ADELINE-02-NUDE,0,0,1.2,0,0,0,0,0,5,4,12,,0,,0,,,,,,,,,,,ADELINE-02,,,NUDE,NUDE,,6.5,6.5,,,,,WOMEN,,,,,,,,,,2022SS,,0,,FALSE,TRUE,FALSE,FALSE,,,0,0,0,,0,,,0,0,0,,,,,,,,,,,,,0,0,,,,,,0,,0,0,0,0,0,0,0,,,,,,,,,,,,,,
ADELINE-02-NUDE-7,,0,,,WOVEN SLIDE SANDAL,,,WOVEN SLIDE SANDAL,,,,,,11.5,0,11.5,0,1,,0,0,ADELINE-02,ADELINE-02-NUDE,0,0,1.2,0,0,0,0,0,5,4,12,,0,,0,,,,,,,,,,,ADELINE-02,,,NUDE,NUDE,,7,7,,,,,WOMEN,,,,,,,,,,2022SS,,0,,FALSE,TRUE,FALSE,FALSE,,,0,0,0,,0,,,0,0,0,,,,,,,,,,,,,0,0,,,,,,0,,0,0,0,0,0,0,0,,,,,,,,,,,,,,
ADELINE-02-NUDE-7.5,,0,,,WOVEN SLIDE SANDAL,,,WOVEN SLIDE SANDAL,,,,,,11.5,0,11.5,0,1,,0,0,ADELINE-02,ADELINE-02-NUDE,0,0,1.2,0,0,0,0,0,5,4,12,,0,,0,,,,,,,,,,,ADELINE-02,,,NUDE,NUDE,,7.5,7.5,,,,,WOMEN,,,,,,,,,,2022SS,,0,,FALSE,TRUE,FALSE,FALSE,,,0,0,0,,0,,,0,0,0,,,,,,,,,,,,,0,0,,,,,,0,,0,0,0,0,0,0,0,,,,,,,,,,,,,,
ADELINE-02-NUDE-8,,0,,,WOVEN SLIDE SANDAL,,,WOVEN SLIDE SANDAL,,,,,,11.5,0,11.5,0,1,,0,0,ADELINE-02,ADELINE-02-NUDE,0,0,1.2,0,0,0,0,0,5,4,12,,0,,0,,,,,,,,,,,ADELINE-02,,,NUDE,NUDE,,8,8,,,,,WOMEN,,,,,,,,,,2022SS,,0,,FALSE,TRUE,FALSE,FALSE,,,0,0,0,,0,,,0,0,0,,,,,,,,,,,,,0,0,,,,,,0,,0,0,0,0,0,0,0,,,,,,,,,,,,,,
ADELINE-02-NUDE-8.5,,0,,,WOVEN SLIDE SANDAL,,,WOVEN SLIDE SANDAL,,,,,,11.5,0,11.5,0,1,,0,0,ADELINE-02,ADELINE-02-NUDE,0,0,1.2,0,0,0,0,0,5,4,12,,0,,0,,,,,,,,,,,ADELINE-02,,,NUDE,NUDE,,8.5,8.5,,,,,WOMEN,,,,,,,,,,2022SS,,0,,FALSE,TRUE,FALSE,FALSE,,,0,0,0,,0,,,0,0,0,,,,,,,,,,,,,0,0,,,,,,0,,0,0,0,0,0,0,0,,,,,,,,,,,,,,
ADELINE-02-NUDE-9,,0,,,WOVEN SLIDE SANDAL,,,WOVEN SLIDE SANDAL,,,,,,11.5,0,11.5,0,1,,0,0,ADELINE-02,ADELINE-02-NUDE,0,0,1.2,0,0,0,0,0,5,4,12,,0,,0,,,,,,,,,,,ADELINE-02,,,NUDE,NUDE,,9,9,,,,,WOMEN,,,,,,,,,,2022SS,,0,,FALSE,TRUE,FALSE,FALSE,,,0,0,0,,0,,,0,0,0,,,,,,,,,,,,,0,0,,,,,,0,,0,0,0,0,0,0,0,,,,,,,,,,,,,,
ADELINE-02-NUDE-9.5,,0,,,WOVEN SLIDE SANDAL,,,WOVEN SLIDE SANDAL,,,,,,11.5,0,11.5,0,1,,0,0,ADELINE-02,ADELINE-02-NUDE,0,0,1.2,0,0,0,0,0,5,4,12,,0,,0,,,,,,,,,,,ADELINE-02,,,NUDE,NUDE,,9.5,9.5,,,,,WOMEN,,,,,,,,,,2022SS,,0,,FALSE,TRUE,FALSE,FALSE,,,0,0,0,,0,,,0,0,0,,,,,,,,,,,,,0,0,,,,,,0,,0,0,0,0,0,0,0,,,,,,,,,,,,,,
ADELINE-02-PINK-A12,,0,,,WOVEN SLIDE SANDAL,,,WOVEN SLIDE SANDAL,,,,,,138,0,138,3,1,,0,0,ADELINE-02,ADELINE-02-PINK,0,0,17,0,0,0,0,0,12,18,11,,0,,0,,,,,,,,,,,ADELINE-02,,,PINK,PINK,,,,,,,,WOMEN,,WHOLESALE,,,,,,,,2022SS,,0,,FALSE,TRUE,FALSE,FALSE,,,0,0,0,,0,,,0,0,0,,,,,,,,,,,,,0,0,,,,,A12,12,,0,0,0,0,0,0,0,,,,,,,,,,,,,,
ADELINE-02-PINK-B12,,0,,,WOVEN SLIDE SANDAL,,,WOVEN SLIDE SANDAL,,,,,,138,0,138,3,1,,0,0,ADELINE-02,ADELINE-02-PINK,0,0,17,0,0,0,0,0,12,18,11,,0,,0,,,,,,,,,,,ADELINE-02,,,PINK,PINK,,,,,,,,WOMEN,,WHOLESALE,,,,,,,,2022SS,,0,,FALSE,TRUE,FALSE,FALSE,,,0,0,0,,0,,,0,0,0,,,,,,,,,,,,,0,0,,,,,B12,12,,0,0,0,0,0,0,0,,,,,,,,,,,,,,
ADELINE-02-PINK-S,,0,,,WOVEN SLIDE SANDAL,,,WOVEN SLIDE SANDAL,,,,,,138,0,138,3,1,,0,0,ADELINE-02,ADELINE-02-PINK,0,0,17,0,0,0,0,0,12,18,11,,0,,0,,,,,,,,,,,ADELINE-02,,,PINK,PINK,,,,,,,,WOMEN,,,,,,,,,,2022SS,,0,,FALSE,TRUE,FALSE,FALSE,,,0,0,0,,0,,,0,0,0,,,,,,,,,,,,,0,0,,,,,S,1,,0,0,0,0,0,0,0,,,,,,,,,,,,,,
ADELINE-02-PINK-10,,0,,,WOVEN SLIDE SANDAL,,,WOVEN SLIDE SANDAL,,,,,,11.5,0,11.5,0,1,,0,0,ADELINE-02,ADELINE-02-PINK,0,0,1.2,0,0,0,0,0,5,4,12,,0,,0,,,,,,,,,,,ADELINE-02,,,PINK,PINK,,10,10,,,,,WOMEN,,,,,,,,,,2022SS,,0,,FALSE,TRUE,FALSE,FALSE,,,0,0,0,,0,,,0,0,0,,,,,,,,,,,,,0,0,,,,,,0,,0,0,0,0,0,0,0,,,,,,,,,,,,,,
ADELINE-02-PINK-11,,0,,,WOVEN SLIDE SANDAL,,,WOVEN SLIDE SANDAL,,,,,,11.5,0,11.5,0,1,,0,0,ADELINE-02,ADELINE-02-PINK,0,0,1.2,0,0,0,0,0,5,4,12,,0,,0,,,,,,,,,,,ADELINE-02,,,PINK,PINK,,11,11,,,,,WOMEN,,,,,,,,,,2022SS,,0,,FALSE,TRUE,FALSE,FALSE,,,0,0,0,,0,,,0,0,0,,,,,,,,,,,,,0,0,,,,,,0,,0,0,0,0,0,0,0,,,,,,,,,,,,,,
ADELINE-02-PINK-12,,0,,,WOVEN SLIDE SANDAL,,,WOVEN SLIDE SANDAL,,,,,,11.5,0,11.5,0,1,,0,0,ADELINE-02,ADELINE-02-PINK,0,0,1.2,0,0,0,0,0,5,4,12,,0,,0,,,,,,,,,,,ADELINE-02,,,PINK,PINK,,12,12,,,,,WOMEN,,,,,,,,,,2022SS,,0,,FALSE,TRUE,FALSE,FALSE,,,0,0,0,,0,,,0,0,0,,,,,,,,,,,,,0,0,,,,,,0,,0,0,0,0,0,0,0,,,,,,,,,,,,,,
ADELINE-02-PINK-5,,0,,,WOVEN SLIDE SANDAL,,,WOVEN SLIDE SANDAL,,,,,,11.5,0,11.5,0,1,,0,0,ADELINE-02,ADELINE-02-PINK,0,0,1.2,0,0,0,0,0,5,4,12,,0,,0,,,,,,,,,,,ADELINE-02,,,PINK,PINK,,5,5,,,,,WOMEN,,,,,,,,,,2022SS,,0,,FALSE,TRUE,FALSE,FALSE,,,0,0,0,,0,,,0,0,0,,,,,,,,,,,,,0,0,,,,,,0,,0,0,0,0,0,0,0,,,,,,,,,,,,,,
ADELINE-02-PINK-5.5,,0,,,WOVEN SLIDE SANDAL,,,WOVEN SLIDE SANDAL,,,,,,11.5,0,11.5,0,1,,0,0,ADELINE-02,ADELINE-02-PINK,0,0,1.2,0,0,0,0,0,5,4,12,,0,,0,,,,,,,,,,,ADELINE-02,,,PINK,PINK,,5.5,5.5,,,,,WOMEN,,,,,,,,,,2022SS,,0,,FALSE,TRUE,FALSE,FALSE,,,0,0,0,,0,,,0,0,0,,,,,,,,,,,,,0,0,,,,,,0,,0,0,0,0,0,0,0,,,,,,,,,,,,,,
ADELINE-02-PINK-6,,0,,,WOVEN SLIDE SANDAL,,,WOVEN SLIDE SANDAL,,,,,,11.5,0,11.5,0,1,,0,0,ADELINE-02,ADELINE-02-PINK,0,0,1.2,0,0,0,0,0,5,4,12,,0,,0,,,,,,,,,,,ADELINE-02,,,PINK,PINK,,6,6,,,,,WOMEN,,,,,,,,,,2022SS,,0,,FALSE,TRUE,FALSE,FALSE,,,0,0,0,,0,,,0,0,0,,,,,,,,,,,,,0,0,,,,,,0,,0,0,0,0,0,0,0,,,,,,,,,,,,,,
ADELINE-02-PINK-6.5,,0,,,WOVEN SLIDE SANDAL,,,WOVEN SLIDE SANDAL,,,,,,11.5,0,11.5,0,1,,0,0,ADELINE-02,ADELINE-02-PINK,0,0,1.2,0,0,0,0,0,5,4,12,,0,,0,,,,,,,,,,,ADELINE-02,,,PINK,PINK,,6.5,6.5,,,,,WOMEN,,,,,,,,,,2022SS,,0,,FALSE,TRUE,FALSE,FALSE,,,0,0,0,,0,,,0,0,0,,,,,,,,,,,,,0,0,,,,,,0,,0,0,0,0,0,0,0,,,,,,,,,,,,,,
ADELINE-02-PINK-7,,0,,,WOVEN SLIDE SANDAL,,,WOVEN SLIDE SANDAL,,,,,,11.5,0,11.5,0,1,,0,0,ADELINE-02,ADELINE-02-PINK,0,0,1.2,0,0,0,0,0,5,4,12,,0,,0,,,,,,,,,,,ADELINE-02,,,PINK,PINK,,7,7,,,,,WOMEN,,,,,,,,,,2022SS,,0,,FALSE,TRUE,FALSE,FALSE,,,0,0,0,,0,,,0,0,0,,,,,,,,,,,,,0,0,,,,,,0,,0,0,0,0,0,0,0,,,,,,,,,,,,,,
ADELINE-02-PINK-7.5,,0,,,WOVEN SLIDE SANDAL,,,WOVEN SLIDE SANDAL,,,,,,11.5,0,11.5,0,1,,0,0,ADELINE-02,ADELINE-02-PINK,0,0,1.2,0,0,0,0,0,5,4,12,,0,,0,,,,,,,,,,,ADELINE-02,,,PINK,PINK,,7.5,7.5,,,,,WOMEN,,,,,,,,,,2022SS,,0,,FALSE,TRUE,FALSE,FALSE,,,0,0,0,,0,,,0,0,0,,,,,,,,,,,,,0,0,,,,,,0,,0,0,0,0,0,0,0,,,,,,,,,,,,,,
ADELINE-02-PINK-8,,0,,,WOVEN SLIDE SANDAL,,,WOVEN SLIDE SANDAL,,,,,,11.5,0,11.5,0,1,,0,0,ADELINE-02,ADELINE-02-PINK,0,0,1.2,0,0,0,0,0,5,4,12,,0,,0,,,,,,,,,,,ADELINE-02,,,PINK,PINK,,8,8,,,,,WOMEN,,,,,,,,,,2022SS,,0,,FALSE,TRUE,FALSE,FALSE,,,0,0,0,,0,,,0,0,0,,,,,,,,,,,,,0,0,,,,,,0,,0,0,0,0,0,0,0,,,,,,,,,,,,,,
ADELINE-02-PINK-8.5,,0,,,WOVEN SLIDE SANDAL,,,WOVEN SLIDE SANDAL,,,,,,11.5,0,11.5,0,1,,0,0,ADELINE-02,ADELINE-02-PINK,0,0,1.2,0,0,0,0,0,5,4,12,,0,,0,,,,,,,,,,,ADELINE-02,,,PINK,PINK,,8.5,8.5,,,,,WOMEN,,,,,,,,,,2022SS,,0,,FALSE,TRUE,FALSE,FALSE,,,0,0,0,,0,,,0,0,0,,,,,,,,,,,,,0,0,,,,,,0,,0,0,0,0,0,0,0,,,,,,,,,,,,,,
ADELINE-02-PINK-9,,0,,,WOVEN SLIDE SANDAL,,,WOVEN SLIDE SANDAL,,,,,,11.5,0,11.5,0,1,,0,0,ADELINE-02,ADELINE-02-PINK,0,0,1.2,0,0,0,0,0,5,4,12,,0,,0,,,,,,,,,,,ADELINE-02,,,PINK,PINK,,9,9,,,,,WOMEN,,,,,,,,,,2022SS,,0,,FALSE,TRUE,FALSE,FALSE,,,0,0,0,,0,,,0,0,0,,,,,,,,,,,,,0,0,,,,,,0,,0,0,0,0,0,0,0,,,,,,,,,,,,,,
ADELINE-02-PINK-9.5,,0,,,WOVEN SLIDE SANDAL,,,WOVEN SLIDE SANDAL,,,,,,11.5,0,11.5,0,1,,0,0,ADELINE-02,ADELINE-02-PINK,0,0,1.2,0,0,0,0,0,5,4,12,,0,,0,,,,,,,,,,,ADELINE-02,,,PINK,PINK,,9.5,9.5,,,,,WOMEN,,,,,,,,,,2022SS,,0,,FALSE,TRUE,FALSE,FALSE,,,0,0,0,,0,,,0,0,0,,,,,,,,,,,,,0,0,,,,,,0,,0,0,0,0,0,0,0,,,,,,,,,,,,,,
ADELINE-02-WHITE-10,,0,,,WOVEN SLIDE SANDAL,,,WOVEN SLIDE SANDAL,,,,,,11.5,0,11.5,0,1,,0,0,ADELINE-02,ADELINE-02-WHITE,0,0,1.2,0,0,0,0,0,5,4,12,,0,,0,,,,,,,,,,,ADELINE-02,,,WHITE,WHITE,,10,10,,,,,WOMEN,,,,,,,,,,2022SS,,0,,FALSE,TRUE,FALSE,FALSE,,,0,0,0,,0,,,0,0,0,,,,,,,,,,,,,0,0,,,,,,0,,0,0,0,0,0,0,0,,,,,,,,,,,,,,
ADELINE-02-WHITE-11,,0,,,WOVEN SLIDE SANDAL,,,WOVEN SLIDE SANDAL,,,,,,11.5,0,11.5,0,1,,0,0,ADELINE-02,ADELINE-02-WHITE,0,0,1.2,0,0,0,0,0,5,4,12,,0,,0,,,,,,,,,,,ADELINE-02,,,WHITE,WHITE,,11,11,,,,,WOMEN,,,,,,,,,,2022SS,,0,,FALSE,TRUE,FALSE,FALSE,,,0,0,0,,0,,,0,0,0,,,,,,,,,,,,,0,0,,,,,,0,,0,0,0,0,0,0,0,,,,,,,,,,,,,,
ADELINE-02-WHITE-12,,0,,,WOVEN SLIDE SANDAL,,,WOVEN SLIDE SANDAL,,,,,,11.5,0,11.5,0,1,,0,0,ADELINE-02,ADELINE-02-WHITE,0,0,1.2,0,0,0,0,0,5,4,12,,0,,0,,,,,,,,,,,ADELINE-02,,,WHITE,WHITE,,12,12,,,,,WOMEN,,,,,,,,,,2022SS,,0,,FALSE,TRUE,FALSE,FALSE,,,0,0,0,,0,,,0,0,0,,,,,,,,,,,,,0,0,,,,,,0,,0,0,0,0,0,0,0,,,,,,,,,,,,,,
ADELINE-02-WHITE-5,,0,,,WOVEN SLIDE SANDAL,,,WOVEN SLIDE SANDAL,,,,,,11.5,0,11.5,0,1,,0,0,ADELINE-02,ADELINE-02-WHITE,0,0,1.2,0,0,0,0,0,5,4,12,,0,,0,,,,,,,,,,,ADELINE-02,,,WHITE,WHITE,,5,5,,,,,WOMEN,,,,,,,,,,2022SS,,0,,FALSE,TRUE,FALSE,FALSE,,,0,0,0,,0,,,0,0,0,,,,,,,,,,,,,0,0,,,,,,0,,0,0,0,0,0,0,0,,,,,,,,,,,,,,
ADELINE-02-WHITE-5.5,,0,,,WOVEN SLIDE SANDAL,,,WOVEN SLIDE SANDAL,,,,,,11.5,0,11.5,0,1,,0,0,ADELINE-02,ADELINE-02-WHITE,0,0,1.2,0,0,0,0,0,5,4,12,,0,,0,,,,,,,,,,,ADELINE-02,,,WHITE,WHITE,,5.5,5.5,,,,,WOMEN,,,,,,,,,,2022SS,,0,,FALSE,TRUE,FALSE,FALSE,,,0,0,0,,0,,,0,0,0,,,,,,,,,,,,,0,0,,,,,,0,,0,0,0,0,0,0,0,,,,,,,,,,,,,,
ADELINE-02-WHITE-6,,0,,,WOVEN SLIDE SANDAL,,,WOVEN SLIDE SANDAL,,,,,,11.5,0,11.5,0,1,,0,0,ADELINE-02,ADELINE-02-WHITE,0,0,1.2,0,0,0,0,0,5,4,12,,0,,0,,,,,,,,,,,ADELINE-02,,,WHITE,WHITE,,6,6,,,,,WOMEN,,,,,,,,,,2022SS,,0,,FALSE,TRUE,FALSE,FALSE,,,0,0,0,,0,,,0,0,0,,,,,,,,,,,,,0,0,,,,,,0,,0,0,0,0,0,0,0,,,,,,,,,,,,,,
ADELINE-02-WHITE-6.5,,0,,,WOVEN SLIDE SANDAL,,,WOVEN SLIDE SANDAL,,,,,,11.5,0,11.5,0,1,,0,0,ADELINE-02,ADELINE-02-WHITE,0,0,1.2,0,0,0,0,0,5,4,12,,0,,0,,,,,,,,,,,ADELINE-02,,,WHITE,WHITE,,6.5,6.5,,,,,WOMEN,,,,,,,,,,2022SS,,0,,FALSE,TRUE,FALSE,FALSE,,,0,0,0,,0,,,0,0,0,,,,,,,,,,,,,0,0,,,,,,0,,0,0,0,0,0,0,0,,,,,,,,,,,,,,
ADELINE-02-WHITE-7,,0,,,WOVEN SLIDE SANDAL,,,WOVEN SLIDE SANDAL,,,,,,11.5,0,11.5,0,1,,0,0,ADELINE-02,ADELINE-02-WHITE,0,0,1.2,0,0,0,0,0,5,4,12,,0,,0,,,,,,,,,,,ADELINE-02,,,WHITE,WHITE,,7,7,,,,,WOMEN,,,,,,,,,,2022SS,,0,,FALSE,TRUE,FALSE,FALSE,,,0,0,0,,0,,,0,0,0,,,,,,,,,,,,,0,0,,,,,,0,,0,0,0,0,0,0,0,,,,,,,,,,,,,,
ADELINE-02-WHITE-7.5,,0,,,WOVEN SLIDE SANDAL,,,WOVEN SLIDE SANDAL,,,,,,11.5,0,11.5,0,1,,0,0,ADELINE-02,ADELINE-02-WHITE,0,0,1.2,0,0,0,0,0,5,4,12,,0,,0,,,,,,,,,,,ADELINE-02,,,WHITE,WHITE,,7.5,7.5,,,,,WOMEN,,,,,,,,,,2022SS,,0,,FALSE,TRUE,FALSE,FALSE,,,0,0,0,,0,,,0,0,0,,,,,,,,,,,,,0,0,,,,,,0,,0,0,0,0,0,0,0,,,,,,,,,,,,,,
ADELINE-02-WHITE-8,,0,,,WOVEN SLIDE SANDAL,,,WOVEN SLIDE SANDAL,,,,,,11.5,0,11.5,0,1,,0,0,ADELINE-02,ADELINE-02-WHITE,0,0,1.2,0,0,0,0,0,5,4,12,,0,,0,,,,,,,,,,,ADELINE-02,,,WHITE,WHITE,,8,8,,,,,WOMEN,,,,,,,,,,2022SS,,0,,FALSE,TRUE,FALSE,FALSE,,,0,0,0,,0,,,0,0,0,,,,,,,,,,,,,0,0,,,,,,0,,0,0,0,0,0,0,0,,,,,,,,,,,,,,
ADELINE-02-WHITE-8.5,,0,,,WOVEN SLIDE SANDAL,,,WOVEN SLIDE SANDAL,,,,,,11.5,0,11.5,0,1,,0,0,ADELINE-02,ADELINE-02-WHITE,0,0,1.2,0,0,0,0,0,5,4,12,,0,,0,,,,,,,,,,,ADELINE-02,,,WHITE,WHITE,,8.5,8.5,,,,,WOMEN,,,,,,,,,,2022SS,,0,,FALSE,TRUE,FALSE,FALSE,,,0,0,0,,0,,,0,0,0,,,,,,,,,,,,,0,0,,,,,,0,,0,0,0,0,0,0,0,,,,,,,,,,,,,,
ADELINE-02-WHITE-9,,0,,,WOVEN SLIDE SANDAL,,,WOVEN SLIDE SANDAL,,,,,,11.5,0,11.5,0,1,,0,0,ADELINE-02,ADELINE-02-WHITE,0,0,1.2,0,0,0,0,0,5,4,12,,0,,0,,,,,,,,,,,ADELINE-02,,,WHITE,WHITE,,9,9,,,,,WOMEN,,,,,,,,,,2022SS,,0,,FALSE,TRUE,FALSE,FALSE,,,0,0,0,,0,,,0,0,0,,,,,,,,,,,,,0,0,,,,,,0,,0,0,0,0,0,0,0,,,,,,,,,,,,,,
ADELINE-02-WHITE-9.5,,0,,,WOVEN SLIDE SANDAL,,,WOVEN SLIDE SANDAL,,,,,,11.5,0,11.5,0,1,,0,0,ADELINE-02,ADELINE-02-WHITE,0,0,1.2,0,0,0,0,0,5,4,12,,0,,0,,,,,,,,,,,ADELINE-02,,,WHITE,WHITE,,9.5,9.5,,,,,WOMEN,,,,,,,,,,2022SS,,0,,FALSE,TRUE,FALSE,FALSE,,,0,0,0,,0,,,0,0,0,,,,,,,,,,,,,0,0,,,,,,0,,0,0,0,0,0,0,0,,,,,,,,,,,,,,
ADELINE-02-WHITE-A12,,0,,,WOVEN SLIDE SANDAL,,,WOVEN SLIDE SANDAL,,,,,,138,0,138,3,1,,0,0,ADELINE-02,ADELINE-02-WHITE,0,0,17,0,0,0,0,0,12,18,11,,0,,0,,,,,,,,,,,ADELINE-02,,,WHITE,WHITE,,,,,,,,WOMEN,,WHOLESALE,,,,,,,,2022SS,,0,,FALSE,TRUE,FALSE,FALSE,,,0,0,0,,0,,,0,0,0,,,,,,,,,,,,,0,0,,,,,A12,12,,0,0,0,0,0,0,0,,,,,,,,,,,,,,
ADELINE-02-WHITE-B12,,0,,,WOVEN SLIDE SANDAL,,,WOVEN SLIDE SANDAL,,,,,,138,0,138,3,1,,0,0,ADELINE-02,ADELINE-02-WHITE,0,0,17,0,0,0,0,0,12,18,11,,0,,0,,,,,,,,,,,ADELINE-02,,,WHITE,WHITE,,,,,,,,WOMEN,,WHOLESALE,,,,,,,,2022SS,,0,,FALSE,TRUE,FALSE,FALSE,,,0,0,0,,0,,,0,0,0,,,,,,,,,,,,,0,0,,,,,B12,12,,0,0,0,0,0,0,0,,,,,,,,,,,,,,
ADELINE-02-WHITE-S,,0,,,WOVEN SLIDE SANDAL,,,WOVEN SLIDE SANDAL,,,,,,138,0,138,3,1,,0,0,ADELINE-02,ADELINE-02-WHITE,0,0,17,0,0,0,0,0,12,18,11,,0,,0,,,,,,,,,,,ADELINE-02,,,WHITE,WHITE,,,,,,,,WOMEN,,,,,,,,,,2022SS,,0,,FALSE,TRUE,FALSE,FALSE,,,0,0,0,,0,,,0,0,0,,,,,,,,,,,,,0,0,,,,,S,1,,0,0,0,0,0,0,0,,,,,,,,,,,,,,
ADELINE-03-BLACK-10,,0,BEAST,,BUCKLE FRONT FLAT SANDALS,,,BUCKLE FRONT FLAT SANDALS,,,,,,18.5,0,18.5,0,1,,0,0,ADELINE-03,ADELINE-03-BLACK,0,0,1.9,0,0,0,0,0,0,0,0,,0,,0,,,,,,,,,,,ADELINE-03,,,BLACK,BLACK,,10,10,,,,,WOMEN,,,,,,,,,,2022SS,,0,,FALSE,TRUE,FALSE,FALSE,,,0,0,0,,0,,,0,0,0,,,,,,,,,,,,,0,0,,,,,,0,,0,0,0,0,0,0,0,,,,,,,,,,,,,,
ADELINE-03-BLACK-11,,0,BEAST,,BUCKLE FRONT FLAT SANDALS,,,BUCKLE FRONT FLAT SANDALS,,,,,,18.5,0,18.5,0,1,,0,0,ADELINE-03,ADELINE-03-BLACK,0,0,1.9,0,0,0,0,0,0,0,0,,0,,0,,,,,,,,,,,ADELINE-03,,,BLACK,BLACK,,11,11,,,,,WOMEN,,,,,,,,,,2022SS,,0,,FALSE,TRUE,FALSE,FALSE,,,0,0,0,,0,,,0,0,0,,,,,,,,,,,,,0,0,,,,,,0,,0,0,0,0,0,0,0,,,,,,,,,,,,,,
ADELINE-03-BLACK-12,,0,BEAST,,BUCKLE FRONT FLAT SANDALS,,,BUCKLE FRONT FLAT SANDALS,,,,,,18.5,0,18.5,0,1,,0,0,ADELINE-03,ADELINE-03-BLACK,0,0,1.9,0,0,0,0,0,0,0,0,,0,,0,,,,,,,,,,,ADELINE-03,,,BLACK,BLACK,,12,12,,,,,WOMEN,,,,,,,,,,2022SS,,0,,FALSE,TRUE,FALSE,FALSE,,,0,0,0,,0,,,0,0,0,,,,,,,,,,,,,0,0,,,,,,0,,0,0,0,0,0,0,0,,,,,,,,,,,,,,
ADELINE-03-BLACK-5,,0,BEAST,,BUCKLE FRONT FLAT SANDALS,,,BUCKLE FRONT FLAT SANDALS,,,,,,18.5,0,18.5,0,1,,0,0,ADELINE-03,ADELINE-03-BLACK,0,0,1.9,0,0,0,0,0,0,0,0,,0,,0,,,,,,,,,,,ADELINE-03,,,BLACK,BLACK,,5,5,,,,,WOMEN,,,,,,,,,,2022SS,,0,,FALSE,TRUE,FALSE,FALSE,,,0,0,0,,0,,,0,0,0,,,,,,,,,,,,,0,0,,,,,,0,,0,0,0,0,0,0,0,,,,,,,,,,,,,,
ADELINE-03-BLACK-5.5,,0,BEAST,,BUCKLE FRONT FLAT SANDALS,,,BUCKLE FRONT FLAT SANDALS,,,,,,18.5,0,18.5,0,1,,0,0,ADELINE-03,ADELINE-03-BLACK,0,0,1.9,0,0,0,0,0,0,0,0,,0,,0,,,,,,,,,,,ADELINE-03,,,BLACK,BLACK,,5.5,5.5,,,,,WOMEN,,,,,,,,,,2022SS,,0,,FALSE,TRUE,FALSE,FALSE,,,0,0,0,,0,,,0,0,0,,,,,,,,,,,,,0,0,,,,,,0,,0,0,0,0,0,0,0,,,,,,,,,,,,,,
ADELINE-03-BLACK-6,,0,BEAST,,BUCKLE FRONT FLAT SANDALS,,,BUCKLE FRONT FLAT SANDALS,,,,,,18.5,0,18.5,0,1,,0,0,ADELINE-03,ADELINE-03-BLACK,0,0,1.9,0,0,0,0,0,0,0,0,,0,,0,,,,,,,,,,,ADELINE-03,,,BLACK,BLACK,,6,6,,,,,WOMEN,,,,,,,,,,2022SS,,0,,FALSE,TRUE,FALSE,FALSE,,,0,0,0,,0,,,0,0,0,,,,,,,,,,,,,0,0,,,,,,0,,0,0,0,0,0,0,0,,,,,,,,,,,,,,
ADELINE-03-BLACK-6.5,,0,BEAST,,BUCKLE FRONT FLAT SANDALS,,,BUCKLE FRONT FLAT SANDALS,,,,,,18.5,0,18.5,0,1,,0,0,ADELINE-03,ADELINE-03-BLACK,0,0,1.9,0,0,0,0,0,0,0,0,,0,,0,,,,,,,,,,,ADELINE-03,,,BLACK,BLACK,,6.5,6.5,,,,,WOMEN,,,,,,,,,,2022SS,,0,,FALSE,TRUE,FALSE,FALSE,,,0,0,0,,0,,,0,0,0,,,,,,,,,,,,,0,0,,,,,,0,,0,0,0,0,0,0,0,,,,,,,,,,,,,,
ADELINE-03-BLACK-7,,0,BEAST,,BUCKLE FRONT FLAT SANDALS,,,BUCKLE FRONT FLAT SANDALS,,,,,,18.5,0,18.5,0,1,,0,0,ADELINE-03,ADELINE-03-BLACK,0,0,1.9,0,0,0,0,0,0,0,0,,0,,0,,,,,,,,,,,ADELINE-03,,,BLACK,BLACK,,7,7,,,,,WOMEN,,,,,,,,,,2022SS,,0,,FALSE,TRUE,FALSE,FALSE,,,0,0,0,,0,,,0,0,0,,,,,,,,,,,,,0,0,,,,,,0,,0,0,0,0,0,0,0,,,,,,,,,,,,,,
ADELINE-03-BLACK-7.5,,0,BEAST,,BUCKLE FRONT FLAT SANDALS,,,BUCKLE FRONT FLAT SANDALS,,,,,,18.5,0,18.5,0,1,,0,0,ADELINE-03,ADELINE-03-BLACK,0,0,1.9,0,0,0,0,0,0,0,0,,0,,0,,,,,,,,,,,ADELINE-03,,,BLACK,BLACK,,7.5,7.5,,,,,WOMEN,,,,,,,,,,2022SS,,0,,FALSE,TRUE,FALSE,FALSE,,,0,0,0,,0,,,0,0,0,,,,,,,,,,,,,0,0,,,,,,0,,0,0,0,0,0,0,0,,,,,,,,,,,,,,
ADELINE-03-BLACK-8,,0,BEAST,,BUCKLE FRONT FLAT SANDALS,,,BUCKLE FRONT FLAT SANDALS,,,,,,18.5,0,18.5,0,1,,0,0,ADELINE-03,ADELINE-03-BLACK,0,0,1.9,0,0,0,0,0,0,0,0,,0,,0,,,,,,,,,,,ADELINE-03,,,BLACK,BLACK,,8,8,,,,,WOMEN,,,,,,,,,,2022SS,,0,,FALSE,TRUE,FALSE,FALSE,,,0,0,0,,0,,,0,0,0,,,,,,,,,,,,,0,0,,,,,,0,,0,0,0,0,0,0,0,,,,,,,,,,,,,,
ADELINE-03-BLACK-8.5,,0,BEAST,,BUCKLE FRONT FLAT SANDALS,,,BUCKLE FRONT FLAT SANDALS,,,,,,18.5,0,18.5,0,1,,0,0,ADELINE-03,ADELINE-03-BLACK,0,0,1.9,0,0,0,0,0,0,0,0,,0,,0,,,,,,,,,,,ADELINE-03,,,BLACK,BLACK,,8.5,8.5,,,,,WOMEN,,,,,,,,,,2022SS,,0,,FALSE,TRUE,FALSE,FALSE,,,0,0,0,,0,,,0,0,0,,,,,,,,,,,,,0,0,,,,,,0,,0,0,0,0,0,0,0,,,,,,,,,,,,,,
ADELINE-03-BLACK-9,,0,BEAST,,BUCKLE FRONT FLAT SANDALS,,,BUCKLE FRONT FLAT SANDALS,,,,,,18.5,0,18.5,0,1,,0,0,ADELINE-03,ADELINE-03-BLACK,0,0,1.9,0,0,0,0,0,0,0,0,,0,,0,,,,,,,,,,,ADELINE-03,,,BLACK,BLACK,,9,9,,,,,WOMEN,,,,,,,,,,2022SS,,0,,FALSE,TRUE,FALSE,FALSE,,,0,0,0,,0,,,0,0,0,,,,,,,,,,,,,0,0,,,,,,0,,0,0,0,0,0,0,0,,,,,,,,,,,,,,
ADELINE-03-BLACK-9.5,,0,BEAST,,BUCKLE FRONT FLAT SANDALS,,,BUCKLE FRONT FLAT SANDALS,,,,,,18.5,0,18.5,0,1,,0,0,ADELINE-03,ADELINE-03-BLACK,0,0,1.9,0,0,0,0,0,0,0,0,,0,,0,,,,,,,,,,,ADELINE-03,,,BLACK,BLACK,,9.5,9.5,,,,,WOMEN,,,,,,,,,,2022SS,,0,,FALSE,TRUE,FALSE,FALSE,,,0,0,0,,0,,,0,0,0,,,,,,,,,,,,,0,0,,,,,,0,,0,0,0,0,0,0,0,,,,,,,,,,,,,,
ADELINE-03-BLACK-A12,,0,BEAST,,BUCKLE FRONT FLAT SANDALS,,,BUCKLE FRONT FLAT SANDALS,,,,,,222,0,222,3,1,,0,0,ADELINE-03,ADELINE-03-BLACK,0,0,19,0,0,0,0,0,13,19,19,,0,,0,,,,,,,,,,,ADELINE-03,,,BLACK,BLACK,,,,,,,,WOMEN,,WHOLESALE,,,,,,,,2022SS,,0,,FALSE,TRUE,FALSE,FALSE,,,0,0,0,,0,,,0,0,0,,,,,,,,,,,,,0,0,,,,,A12,12,,0,0,0,0,0,0,0,,,,,,,,,,,,,,
ADELINE-03-BLACK-B12,,0,BEAST,,BUCKLE FRONT FLAT SANDALS,,,BUCKLE FRONT FLAT SANDALS,,,,,,222,0,222,3,1,,0,0,ADELINE-03,ADELINE-03-BLACK,0,0,19,0,0,0,0,0,13,19,19,,0,,0,,,,,,,,,,,ADELINE-03,,,BLACK,BLACK,,,,,,,,WOMEN,,WHOLESALE,,,,,,,,2022SS,,0,,FALSE,TRUE,FALSE,FALSE,,,0,0,0,,0,,,0,0,0,,,,,,,,,,,,,0,0,,,,,B12,12,,0,0,0,0,0,0,0,,,,,,,,,,,,,,
ADELINE-03-BLACK-S,,0,BEAST,,BUCKLE FRONT FLAT SANDALS,,,BUCKLE FRONT FLAT SANDALS,,,,,,222,0,222,3,1,,0,0,ADELINE-03,ADELINE-03-BLACK,0,0,19,0,0,0,0,0,13,19,19,,0,,0,,,,,,,,,,,ADELINE-03,,,BLACK,BLACK,,,,,,,,WOMEN,,,,,,,,,,2022SS,,0,,FALSE,TRUE,FALSE,FALSE,,,0,0,0,,0,,,0,0,0,,,,,,,,,,,,,0,0,,,,,S,1,,0,0,0,0,0,0,0,,,,,,,,,,,,,,
ADELINE-03-BLUE-10,,0,BEAST,,BUCKLE FRONT FLAT SANDALS,,,BUCKLE FRONT FLAT SANDALS,,,,,,18.5,0,18.5,0,1,,0,0,ADELINE-03,ADELINE-03-BLUE,0,0,1.9,0,0,0,0,0,0,0,0,,0,,0,,,,,,,,,,,ADELINE-03,,,BLUE,BLUE,,10,10,,,,,WOMEN,,,,,,,,,,2022SS,,0,,FALSE,TRUE,FALSE,FALSE,,,0,0,0,,0,,,0,0,0,,,,,,,,,,,,,0,0,,,,,,0,,0,0,0,0,0,0,0,,,,,,,,,,,,,,
ADELINE-03-BLUE-11,,0,BEAST,,BUCKLE FRONT FLAT SANDALS,,,BUCKLE FRONT FLAT SANDALS,,,,,,18.5,0,18.5,0,1,,0,0,ADELINE-03,ADELINE-03-BLUE,0,0,1.9,0,0,0,0,0,0,0,0,,0,,0,,,,,,,,,,,ADELINE-03,,,BLUE,BLUE,,11,11,,,,,WOMEN,,,,,,,,,,2022SS,,0,,FALSE,TRUE,FALSE,FALSE,,,0,0,0,,0,,,0,0,0,,,,,,,,,,,,,0,0,,,,,,0,,0,0,0,0,0,0,0,,,,,,,,,,,,,,
ADELINE-03-BLUE-12,,0,BEAST,,BUCKLE FRONT FLAT SANDALS,,,BUCKLE FRONT FLAT SANDALS,,,,,,18.5,0,18.5,0,1,,0,0,ADELINE-03,ADELINE-03-BLUE,0,0,1.9,0,0,0,0,0,0,0,0,,0,,0,,,,,,,,,,,ADELINE-03,,,BLUE,BLUE,,12,12,,,,,WOMEN,,,,,,,,,,2022SS,,0,,FALSE,TRUE,FALSE,FALSE,,,0,0,0,,0,,,0,0,0,,,,,,,,,,,,,0,0,,,,,,0,,0,0,0,0,0,0,0,,,,,,,,,,,,,,
ADELINE-03-BLUE-5,,0,BEAST,,BUCKLE FRONT FLAT SANDALS,,,BUCKLE FRONT FLAT SANDALS,,,,,,18.5,0,18.5,0,1,,0,0,ADELINE-03,ADELINE-03-BLUE,0,0,1.9,0,0,0,0,0,0,0,0,,0,,0,,,,,,,,,,,ADELINE-03,,,BLUE,BLUE,,5,5,,,,,WOMEN,,,,,,,,,,2022SS,,0,,FALSE,TRUE,FALSE,FALSE,,,0,0,0,,0,,,0,0,0,,,,,,,,,,,,,0,0,,,,,,0,,0,0,0,0,0,0,0,,,,,,,,,,,,,,
ADELINE-03-BLUE-5.5,,0,BEAST,,BUCKLE FRONT FLAT SANDALS,,,BUCKLE FRONT FLAT SANDALS,,,,,,18.5,0,18.5,0,1,,0,0,ADELINE-03,ADELINE-03-BLUE,0,0,1.9,0,0,0,0,0,0,0,0,,0,,0,,,,,,,,,,,ADELINE-03,,,BLUE,BLUE,,5.5,5.5,,,,,WOMEN,,,,,,,,,,2022SS,,0,,FALSE,TRUE,FALSE,FALSE,,,0,0,0,,0,,,0,0,0,,,,,,,,,,,,,0,0,,,,,,0,,0,0,0,0,0,0,0,,,,,,,,,,,,,,
ADELINE-03-BLUE-6,,0,BEAST,,BUCKLE FRONT FLAT SANDALS,,,BUCKLE FRONT FLAT SANDALS,,,,,,18.5,0,18.5,0,1,,0,0,ADELINE-03,ADELINE-03-BLUE,0,0,1.9,0,0,0,0,0,0,0,0,,0,,0,,,,,,,,,,,ADELINE-03,,,BLUE,BLUE,,6,6,,,,,WOMEN,,,,,,,,,,2022SS,,0,,FALSE,TRUE,FALSE,FALSE,,,0,0,0,,0,,,0,0,0,,,,,,,,,,,,,0,0,,,,,,0,,0,0,0,0,0,0,0,,,,,,,,,,,,,,
ADELINE-03-BLUE-6.5,,0,BEAST,,BUCKLE FRONT FLAT SANDALS,,,BUCKLE FRONT FLAT SANDALS,,,,,,18.5,0,18.5,0,1,,0,0,ADELINE-03,ADELINE-03-BLUE,0,0,1.9,0,0,0,0,0,0,0,0,,0,,0,,,,,,,,,,,ADELINE-03,,,BLUE,BLUE,,6.5,6.5,,,,,WOMEN,,,,,,,,,,2022SS,,0,,FALSE,TRUE,FALSE,FALSE,,,0,0,0,,0,,,0,0,0,,,,,,,,,,,,,0,0,,,,,,0,,0,0,0,0,0,0,0,,,,,,,,,,,,,,
ADELINE-03-BLUE-7,,0,BEAST,,BUCKLE FRONT FLAT SANDALS,,,BUCKLE FRONT FLAT SANDALS,,,,,,18.5,0,18.5,0,1,,0,0,ADELINE-03,ADELINE-03-BLUE,0,0,1.9,0,0,0,0,0,0,0,0,,0,,0,,,,,,,,,,,ADELINE-03,,,BLUE,BLUE,,7,7,,,,,WOMEN,,,,,,,,,,2022SS,,0,,FALSE,TRUE,FALSE,FALSE,,,0,0,0,,0,,,0,0,0,,,,,,,,,,,,,0,0,,,,,,0,,0,0,0,0,0,0,0,,,,,,,,,,,,,,
ADELINE-03-BLUE-7.5,,0,BEAST,,BUCKLE FRONT FLAT SANDALS,,,BUCKLE FRONT FLAT SANDALS,,,,,,18.5,0,18.5,0,1,,0,0,ADELINE-03,ADELINE-03-BLUE,0,0,1.9,0,0,0,0,0,0,0,0,,0,,0,,,,,,,,,,,ADELINE-03,,,BLUE,BLUE,,7.5,7.5,,,,,WOMEN,,,,,,,,,,2022SS,,0,,FALSE,TRUE,FALSE,FALSE,,,0,0,0,,0,,,0,0,0,,,,,,,,,,,,,0,0,,,,,,0,,0,0,0,0,0,0,0,,,,,,,,,,,,,,
ADELINE-03-BLUE-8,,0,BEAST,,BUCKLE FRONT FLAT SANDALS,,,BUCKLE FRONT FLAT SANDALS,,,,,,18.5,0,18.5,0,1,,0,0,ADELINE-03,ADELINE-03-BLUE,0,0,1.9,0,0,0,0,0,0,0,0,,0,,0,,,,,,,,,,,ADELINE-03,,,BLUE,BLUE,,8,8,,,,,WOMEN,,,,,,,,,,2022SS,,0,,FALSE,TRUE,FALSE,FALSE,,,0,0,0,,0,,,0,0,0,,,,,,,,,,,,,0,0,,,,,,0,,0,0,0,0,0,0,0,,,,,,,,,,,,,,
ADELINE-03-BLUE-8.5,,0,BEAST,,BUCKLE FRONT FLAT SANDALS,,,BUCKLE FRONT FLAT SANDALS,,,,,,18.5,0,18.5,0,1,,0,0,ADELINE-03,ADELINE-03-BLUE,0,0,1.9,0,0,0,0,0,0,0,0,,0,,0,,,,,,,,,,,ADELINE-03,,,BLUE,BLUE,,8.5,8.5,,,,,WOMEN,,,,,,,,,,2022SS,,0,,FALSE,TRUE,FALSE,FALSE,,,0,0,0,,0,,,0,0,0,,,,,,,,,,,,,0,0,,,,,,0,,0,0,0,0,0,0,0,,,,,,,,,,,,,,
ADELINE-03-BLUE-9,,0,BEAST,,BUCKLE FRONT FLAT SANDALS,,,BUCKLE FRONT FLAT SANDALS,,,,,,18.5,0,18.5,0,1,,0,0,ADELINE-03,ADELINE-03-BLUE,0,0,1.9,0,0,0,0,0,0,0,0,,0,,0,,,,,,,,,,,ADELINE-03,,,BLUE,BLUE,,9,9,,,,,WOMEN,,,,,,,,,,2022SS,,0,,FALSE,TRUE,FALSE,FALSE,,,0,0,0,,0,,,0,0,0,,,,,,,,,,,,,0,0,,,,,,0,,0,0,0,0,0,0,0,,,,,,,,,,,,,,
ADELINE-03-BLUE-9.5,,0,BEAST,,BUCKLE FRONT FLAT SANDALS,,,BUCKLE FRONT FLAT SANDALS,,,,,,18.5,0,18.5,0,1,,0,0,ADELINE-03,ADELINE-03-BLUE,0,0,1.9,0,0,0,0,0,0,0,0,,0,,0,,,,,,,,,,,ADELINE-03,,,BLUE,BLUE,,9.5,9.5,,,,,WOMEN,,,,,,,,,,2022SS,,0,,FALSE,TRUE,FALSE,FALSE,,,0,0,0,,0,,,0,0,0,,,,,,,,,,,,,0,0,,,,,,0,,0,0,0,0,0,0,0,,,,,,,,,,,,,,
ADELINE-03-BLUE-A12,,0,BEAST,,BUCKLE FRONT FLAT SANDALS,,,BUCKLE FRONT FLAT SANDALS,,,,,,222,0,222,3,1,,0,0,ADELINE-03,ADELINE-03-BLUE,0,0,19,0,0,0,0,0,13,19,19,,0,,0,,,,,,,,,,,ADELINE-03,,,BLUE,BLUE,,,,,,,,WOMEN,,WHOLESALE,,,,,,,,2022SS,,0,,FALSE,TRUE,FALSE,FALSE,,,0,0,0,,0,,,0,0,0,,,,,,,,,,,,,0,0,,,,,A12,12,,0,0,0,0,0,0,0,,,,,,,,,,,,,,
ADELINE-03-BLUE-B12,,0,BEAST,,BUCKLE FRONT FLAT SANDALS,,,BUCKLE FRONT FLAT SANDALS,,,,,,222,0,222,3,1,,0,0,ADELINE-03,ADELINE-03-BLUE,0,0,19,0,0,0,0,0,13,19,19,,0,,0,,,,,,,,,,,ADELINE-03,,,BLUE,BLUE,,,,,,,,WOMEN,,WHOLESALE,,,,,,,,2022SS,,0,,FALSE,TRUE,FALSE,FALSE,,,0,0,0,,0,,,0,0,0,,,,,,,,,,,,,0,0,,,,,B12,12,,0,0,0,0,0,0,0,,,,,,,,,,,,,,
ADELINE-03-BLUE-S,,0,BEAST,,BUCKLE FRONT FLAT SANDALS,,,BUCKLE FRONT FLAT SANDALS,,,,,,222,0,222,3,1,,0,0,ADELINE-03,ADELINE-03-BLUE,0,0,19,0,0,0,0,0,13,19,19,,0,,0,,,,,,,,,,,ADELINE-03,,,BLUE,BLUE,,,,,,,,WOMEN,,,,,,,,,,2022SS,,0,,FALSE,TRUE,FALSE,FALSE,,,0,0,0,,0,,,0,0,0,,,,,,,,,,,,,0,0,,,,,S,1,,0,0,0,0,0,0,0,,,,,,,,,,,,,,
ADELINE-03-BROWN-10,,0,BEAST,,BUCKLE FRONT FLAT SANDALS,,,BUCKLE FRONT FLAT SANDALS,,,,,,18.5,0,18.5,0,1,,0,0,ADELINE-03,ADELINE-03-BROWN,0,0,1.9,0,0,0,0,0,0,0,0,,0,,0,,,,,,,,,,,ADELINE-03,,,BROWN,BROWN,,10,10,,,,,WOMEN,,,,,,,,,,2022SS,,0,,FALSE,TRUE,FALSE,FALSE,,,0,0,0,,0,,,0,0,0,,,,,,,,,,,,,0,0,,,,,,0,,0,0,0,0,0,0,0,,,,,,,,,,,,,,
ADELINE-03-BROWN-11,,0,BEAST,,BUCKLE FRONT FLAT SANDALS,,,BUCKLE FRONT FLAT SANDALS,,,,,,18.5,0,18.5,0,1,,0,0,ADELINE-03,ADELINE-03-BROWN,0,0,1.9,0,0,0,0,0,0,0,0,,0,,0,,,,,,,,,,,ADELINE-03,,,BROWN,BROWN,,11,11,,,,,WOMEN,,,,,,,,,,2022SS,,0,,FALSE,TRUE,FALSE,FALSE,,,0,0,0,,0,,,0,0,0,,,,,,,,,,,,,0,0,,,,,,0,,0,0,0,0,0,0,0,,,,,,,,,,,,,,
ADELINE-03-BROWN-12,,0,BEAST,,BUCKLE FRONT FLAT SANDALS,,,BUCKLE FRONT FLAT SANDALS,,,,,,18.5,0,18.5,0,1,,0,0,ADELINE-03,ADELINE-03-BROWN,0,0,1.9,0,0,0,0,0,0,0,0,,0,,0,,,,,,,,,,,ADELINE-03,,,BROWN,BROWN,,12,12,,,,,WOMEN,,,,,,,,,,2022SS,,0,,FALSE,TRUE,FALSE,FALSE,,,0,0,0,,0,,,0,0,0,,,,,,,,,,,,,0,0,,,,,,0,,0,0,0,0,0,0,0,,,,,,,,,,,,,,
ADELINE-03-BROWN-5,,0,BEAST,,BUCKLE FRONT FLAT SANDALS,,,BUCKLE FRONT FLAT SANDALS,,,,,,18.5,0,18.5,0,1,,0,0,ADELINE-03,ADELINE-03-BROWN,0,0,1.9,0,0,0,0,0,0,0,0,,0,,0,,,,,,,,,,,ADELINE-03,,,BROWN,BROWN,,5,5,,,,,WOMEN,,,,,,,,,,2022SS,,0,,FALSE,TRUE,FALSE,FALSE,,,0,0,0,,0,,,0,0,0,,,,,,,,,,,,,0,0,,,,,,0,,0,0,0,0,0,0,0,,,,,,,,,,,,,,
ADELINE-03-BROWN-5.5,,0,BEAST,,BUCKLE FRONT FLAT SANDALS,,,BUCKLE FRONT FLAT SANDALS,,,,,,18.5,0,18.5,0,1,,0,0,ADELINE-03,ADELINE-03-BROWN,0,0,1.9,0,0,0,0,0,0,0,0,,0,,0,,,,,,,,,,,ADELINE-03,,,BROWN,BROWN,,5.5,5.5,,,,,WOMEN,,,,,,,,,,2022SS,,0,,FALSE,TRUE,FALSE,FALSE,,,0,0,0,,0,,,0,0,0,,,,,,,,,,,,,0,0,,,,,,0,,0,0,0,0,0,0,0,,,,,,,,,,,,,,
ADELINE-03-BROWN-6,,0,BEAST,,BUCKLE FRONT FLAT SANDALS,,,BUCKLE FRONT FLAT SANDALS,,,,,,18.5,0,18.5,0,1,,0,0,ADELINE-03,ADELINE-03-BROWN,0,0,1.9,0,0,0,0,0,0,0,0,,0,,0,,,,,,,,,,,ADELINE-03,,,BROWN,BROWN,,6,6,,,,,WOMEN,,,,,,,,,,2022SS,,0,,FALSE,TRUE,FALSE,FALSE,,,0,0,0,,0,,,0,0,0,,,,,,,,,,,,,0,0,,,,,,0,,0,0,0,0,0,0,0,,,,,,,,,,,,,,
ADELINE-03-BROWN-6.5,,0,BEAST,,BUCKLE FRONT FLAT SANDALS,,,BUCKLE FRONT FLAT SANDALS,,,,,,18.5,0,18.5,0,1,,0,0,ADELINE-03,ADELINE-03-BROWN,0,0,1.9,0,0,0,0,0,0,0,0,,0,,0,,,,,,,,,,,ADELINE-03,,,BROWN,BROWN,,6.5,6.5,,,,,WOMEN,,,,,,,,,,2022SS,,0,,FALSE,TRUE,FALSE,FALSE,,,0,0,0,,0,,,0,0,0,,,,,,,,,,,,,0,0,,,,,,0,,0,0,0,0,0,0,0,,,,,,,,,,,,,,
ADELINE-03-BROWN-7,,0,BEAST,,BUCKLE FRONT FLAT SANDALS,,,BUCKLE FRONT FLAT SANDALS,,,,,,18.5,0,18.5,0,1,,0,0,ADELINE-03,ADELINE-03-BROWN,0,0,1.9,0,0,0,0,0,0,0,0,,0,,0,,,,,,,,,,,ADELINE-03,,,BROWN,BROWN,,7,7,,,,,WOMEN,,,,,,,,,,2022SS,,0,,FALSE,TRUE,FALSE,FALSE,,,0,0,0,,0,,,0,0,0,,,,,,,,,,,,,0,0,,,,,,0,,0,0,0,0,0,0,0,,,,,,,,,,,,,,
ADELINE-03-BROWN-7.5,,0,BEAST,,BUCKLE FRONT FLAT SANDALS,,,BUCKLE FRONT FLAT SANDALS,,,,,,18.5,0,18.5,0,1,,0,0,ADELINE-03,ADELINE-03-BROWN,0,0,1.9,0,0,0,0,0,0,0,0,,0,,0,,,,,,,,,,,ADELINE-03,,,BROWN,BROWN,,7.5,7.5,,,,,WOMEN,,,,,,,,,,2022SS,,0,,FALSE,TRUE,FALSE,FALSE,,,0,0,0,,0,,,0,0,0,,,,,,,,,,,,,0,0,,,,,,0,,0,0,0,0,0,0,0,,,,,,,,,,,,,,
ADELINE-03-BROWN-8,,0,BEAST,,BUCKLE FRONT FLAT SANDALS,,,BUCKLE FRONT FLAT SANDALS,,,,,,18.5,0,18.5,0,1,,0,0,ADELINE-03,ADELINE-03-BROWN,0,0,1.9,0,0,0,0,0,0,0,0,,0,,0,,,,,,,,,,,ADELINE-03,,,BROWN,BROWN,,8,8,,,,,WOMEN,,,,,,,,,,2022SS,,0,,FALSE,TRUE,FALSE,FALSE,,,0,0,0,,0,,,0,0,0,,,,,,,,,,,,,0,0,,,,,,0,,0,0,0,0,0,0,0,,,,,,,,,,,,,,
ADELINE-03-BROWN-8.5,,0,BEAST,,BUCKLE FRONT FLAT SANDALS,,,BUCKLE FRONT FLAT SANDALS,,,,,,18.5,0,18.5,0,1,,0,0,ADELINE-03,ADELINE-03-BROWN,0,0,1.9,0,0,0,0,0,0,0,0,,0,,0,,,,,,,,,,,ADELINE-03,,,BROWN,BROWN,,8.5,8.5,,,,,WOMEN,,,,,,,,,,2022SS,,0,,FALSE,TRUE,FALSE,FALSE,,,0,0,0,,0,,,0,0,0,,,,,,,,,,,,,0,0,,,,,,0,,0,0,0,0,0,0,0,,,,,,,,,,,,,,
ADELINE-03-BROWN-9,,0,BEAST,,BUCKLE FRONT FLAT SANDALS,,,BUCKLE FRONT FLAT SANDALS,,,,,,18.5,0,18.5,0,1,,0,0,ADELINE-03,ADELINE-03-BROWN,0,0,1.9,0,0,0,0,0,0,0,0,,0,,0,,,,,,,,,,,ADELINE-03,,,BROWN,BROWN,,9,9,,,,,WOMEN,,,,,,,,,,2022SS,,0,,FALSE,TRUE,FALSE,FALSE,,,0,0,0,,0,,,0,0,0,,,,,,,,,,,,,0,0,,,,,,0,,0,0,0,0,0,0,0,,,,,,,,,,,,,,
ADELINE-03-BROWN-9.5,,0,BEAST,,BUCKLE FRONT FLAT SANDALS,,,BUCKLE FRONT FLAT SANDALS,,,,,,18.5,0,18.5,0,1,,0,0,ADELINE-03,ADELINE-03-BROWN,0,0,1.9,0,0,0,0,0,0,0,0,,0,,0,,,,,,,,,,,ADELINE-03,,,BROWN,BROWN,,9.5,9.5,,,,,WOMEN,,,,,,,,,,2022SS,,0,,FALSE,TRUE,FALSE,FALSE,,,0,0,0,,0,,,0,0,0,,,,,,,,,,,,,0,0,,,,,,0,,0,0,0,0,0,0,0,,,,,,,,,,,,,,
ADELINE-03-BROWN-A12,,0,BEAST,,BUCKLE FRONT FLAT SANDALS,,,BUCKLE FRONT FLAT SANDALS,,,,,,222,0,222,3,1,,0,0,ADELINE-03,ADELINE-03-BROWN,0,0,19,0,0,0,0,0,13,19,19,,0,,0,,,,,,,,,,,ADELINE-03,,,BROWN,BROWN,,,,,,,,WOMEN,,WHOLESALE,,,,,,,,2022SS,,0,,FALSE,TRUE,FALSE,FALSE,,,0,0,0,,0,,,0,0,0,,,,,,,,,,,,,0,0,,,,,A12,12,,0,0,0,0,0,0,0,,,,,,,,,,,,,,
ADELINE-03-BROWN-B12,,0,BEAST,,BUCKLE FRONT FLAT SANDALS,,,BUCKLE FRONT FLAT SANDALS,,,,,,222,0,222,3,1,,0,0,ADELINE-03,ADELINE-03-BROWN,0,0,19,0,0,0,0,0,13,19,19,,0,,0,,,,,,,,,,,ADELINE-03,,,BROWN,BROWN,,,,,,,,WOMEN,,WHOLESALE,,,,,,,,2022SS,,0,,FALSE,TRUE,FALSE,FALSE,,,0,0,0,,0,,,0,0,0,,,,,,,,,,,,,0,0,,,,,B12,12,,0,0,0,0,0,0,0,,,,,,,,,,,,,,
ADELINE-03-BROWN-S,,0,BEAST,,BUCKLE FRONT FLAT SANDALS,,,BUCKLE FRONT FLAT SANDALS,,,,,,222,0,222,3,1,,0,0,ADELINE-03,ADELINE-03-BROWN,0,0,19,0,0,0,0,0,13,19,19,,0,,0,,,,,,,,,,,ADELINE-03,,,BROWN,BROWN,,,,,,,,WOMEN,,,,,,,,,,2022SS,,0,,FALSE,TRUE,FALSE,FALSE,,,0,0,0,,0,,,0,0,0,,,,,,,,,,,,,0,0,,,,,S,1,,0,0,0,0,0,0,0,,,,,,,,,,,,,,
ADELINE-03-GOLD-10,,0,BEAST,,BUCKLE FRONT FLAT SANDALS,,,BUCKLE FRONT FLAT SANDALS,,,,,,18.5,0,18.5,0,1,,0,0,ADELINE-03,ADELINE-03-GOLD,0,0,1.9,0,0,0,0,0,0,0,0,,0,,0,,,,,,,,,,,ADELINE-03,,,GOLD,GOLD,,10,10,,,,,WOMEN,,,,,,,,,,2022SS,,0,,FALSE,TRUE,FALSE,FALSE,,,0,0,0,,0,,,0,0,0,,,,,,,,,,,,,0,0,,,,,,0,,0,0,0,0,0,0,0,,,,,,,,,,,,,,
ADELINE-03-GOLD-11,,0,BEAST,,BUCKLE FRONT FLAT SANDALS,,,BUCKLE FRONT FLAT SANDALS,,,,,,18.5,0,18.5,0,1,,0,0,ADELINE-03,ADELINE-03-GOLD,0,0,1.9,0,0,0,0,0,0,0,0,,0,,0,,,,,,,,,,,ADELINE-03,,,GOLD,GOLD,,11,11,,,,,WOMEN,,,,,,,,,,2022SS,,0,,FALSE,TRUE,FALSE,FALSE,,,0,0,0,,0,,,0,0,0,,,,,,,,,,,,,0,0,,,,,,0,,0,0,0,0,0,0,0,,,,,,,,,,,,,,
ADELINE-03-GOLD-12,,0,BEAST,,BUCKLE FRONT FLAT SANDALS,,,BUCKLE FRONT FLAT SANDALS,,,,,,18.5,0,18.5,0,1,,0,0,ADELINE-03,ADELINE-03-GOLD,0,0,1.9,0,0,0,0,0,0,0,0,,0,,0,,,,,,,,,,,ADELINE-03,,,GOLD,GOLD,,12,12,,,,,WOMEN,,,,,,,,,,2022SS,,0,,FALSE,TRUE,FALSE,FALSE,,,0,0,0,,0,,,0,0,0,,,,,,,,,,,,,0,0,,,,,,0,,0,0,0,0,0,0,0,,,,,,,,,,,,,,
ADELINE-03-GOLD-5,,0,BEAST,,BUCKLE FRONT FLAT SANDALS,,,BUCKLE FRONT FLAT SANDALS,,,,,,18.5,0,18.5,0,1,,0,0,ADELINE-03,ADELINE-03-GOLD,0,0,1.9,0,0,0,0,0,0,0,0,,0,,0,,,,,,,,,,,ADELINE-03,,,GOLD,GOLD,,5,5,,,,,WOMEN,,,,,,,,,,2022SS,,0,,FALSE,TRUE,FALSE,FALSE,,,0,0,0,,0,,,0,0,0,,,,,,,,,,,,,0,0,,,,,,0,,0,0,0,0,0,0,0,,,,,,,,,,,,,,
ADELINE-03-GOLD-5.5,,0,BEAST,,BUCKLE FRONT FLAT SANDALS,,,BUCKLE FRONT FLAT SANDALS,,,,,,18.5,0,18.5,0,1,,0,0,ADELINE-03,ADELINE-03-GOLD,0,0,1.9,0,0,0,0,0,0,0,0,,0,,0,,,,,,,,,,,ADELINE-03,,,GOLD,GOLD,,5.5,5.5,,,,,WOMEN,,,,,,,,,,2022SS,,0,,FALSE,TRUE,FALSE,FALSE,,,0,0,0,,0,,,0,0,0,,,,,,,,,,,,,0,0,,,,,,0,,0,0,0,0,0,0,0,,,,,,,,,,,,,,
ADELINE-03-GOLD-6,,0,BEAST,,BUCKLE FRONT FLAT SANDALS,,,BUCKLE FRONT FLAT SANDALS,,,,,,18.5,0,18.5,0,1,,0,0,ADELINE-03,ADELINE-03-GOLD,0,0,1.9,0,0,0,0,0,0,0,0,,0,,0,,,,,,,,,,,ADELINE-03,,,GOLD,GOLD,,6,6,,,,,WOMEN,,,,,,,,,,2022SS,,0,,FALSE,TRUE,FALSE,FALSE,,,0,0,0,,0,,,0,0,0,,,,,,,,,,,,,0,0,,,,,,0,,0,0,0,0,0,0,0,,,,,,,,,,,,,,
ADELINE-03-GOLD-6.5,,0,BEAST,,BUCKLE FRONT FLAT SANDALS,,,BUCKLE FRONT FLAT SANDALS,,,,,,18.5,0,18.5,0,1,,0,0,ADELINE-03,ADELINE-03-GOLD,0,0,1.9,0,0,0,0,0,0,0,0,,0,,0,,,,,,,,,,,ADELINE-03,,,GOLD,GOLD,,6.5,6.5,,,,,WOMEN,,,,,,,,,,2022SS,,0,,FALSE,TRUE,FALSE,FALSE,,,0,0,0,,0,,,0,0,0,,,,,,,,,,,,,0,0,,,,,,0,,0,0,0,0,0,0,0,,,,,,,,,,,,,,
ADELINE-03-GOLD-7,,0,BEAST,,BUCKLE FRONT FLAT SANDALS,,,BUCKLE FRONT FLAT SANDALS,,,,,,18.5,0,18.5,0,1,,0,0,ADELINE-03,ADELINE-03-GOLD,0,0,1.9,0,0,0,0,0,0,0,0,,0,,0,,,,,,,,,,,ADELINE-03,,,GOLD,GOLD,,7,7,,,,,WOMEN,,,,,,,,,,2022SS,,0,,FALSE,TRUE,FALSE,FALSE,,,0,0,0,,0,,,0,0,0,,,,,,,,,,,,,0,0,,,,,,0,,0,0,0,0,0,0,0,,,,,,,,,,,,,,
ADELINE-03-GOLD-7.5,,0,BEAST,,BUCKLE FRONT FLAT SANDALS,,,BUCKLE FRONT FLAT SANDALS,,,,,,18.5,0,18.5,0,1,,0,0,ADELINE-03,ADELINE-03-GOLD,0,0,1.9,0,0,0,0,0,0,0,0,,0,,0,,,,,,,,,,,ADELINE-03,,,GOLD,GOLD,,7.5,7.5,,,,,WOMEN,,,,,,,,,,2022SS,,0,,FALSE,TRUE,FALSE,FALSE,,,0,0,0,,0,,,0,0,0,,,,,,,,,,,,,0,0,,,,,,0,,0,0,0,0,0,0,0,,,,,,,,,,,,,,
ADELINE-03-GOLD-8,,0,BEAST,,BUCKLE FRONT FLAT SANDALS,,,BUCKLE FRONT FLAT SANDALS,,,,,,18.5,0,18.5,0,1,,0,0,ADELINE-03,ADELINE-03-GOLD,0,0,1.9,0,0,0,0,0,0,0,0,,0,,0,,,,,,,,,,,ADELINE-03,,,GOLD,GOLD,,8,8,,,,,WOMEN,,,,,,,,,,2022SS,,0,,FALSE,TRUE,FALSE,FALSE,,,0,0,0,,0,,,0,0,0,,,,,,,,,,,,,0,0,,,,,,0,,0,0,0,0,0,0,0,,,,,,,,,,,,,,
ADELINE-03-GOLD-8.5,,0,BEAST,,BUCKLE FRONT FLAT SANDALS,,,BUCKLE FRONT FLAT SANDALS,,,,,,18.5,0,18.5,0,1,,0,0,ADELINE-03,ADELINE-03-GOLD,0,0,1.9,0,0,0,0,0,0,0,0,,0,,0,,,,,,,,,,,ADELINE-03,,,GOLD,GOLD,,8.5,8.5,,,,,WOMEN,,,,,,,,,,2022SS,,0,,FALSE,TRUE,FALSE,FALSE,,,0,0,0,,0,,,0,0,0,,,,,,,,,,,,,0,0,,,,,,0,,0,0,0,0,0,0,0,,,,,,,,,,,,,,
ADELINE-03-GOLD-9,,0,BEAST,,BUCKLE FRONT FLAT SANDALS,,,BUCKLE FRONT FLAT SANDALS,,,,,,18.5,0,18.5,0,1,,0,0,ADELINE-03,ADELINE-03-GOLD,0,0,1.9,0,0,0,0,0,0,0,0,,0,,0,,,,,,,,,,,ADELINE-03,,,GOLD,GOLD,,9,9,,,,,WOMEN,,,,,,,,,,2022SS,,0,,FALSE,TRUE,FALSE,FALSE,,,0,0,0,,0,,,0,0,0,,,,,,,,,,,,,0,0,,,,,,0,,0,0,0,0,0,0,0,,,,,,,,,,,,,,
ADELINE-03-GOLD-9.5,,0,BEAST,,BUCKLE FRONT FLAT SANDALS,,,BUCKLE FRONT FLAT SANDALS,,,,,,18.5,0,18.5,0,1,,0,0,ADELINE-03,ADELINE-03-GOLD,0,0,1.9,0,0,0,0,0,0,0,0,,0,,0,,,,,,,,,,,ADELINE-03,,,GOLD,GOLD,,9.5,9.5,,,,,WOMEN,,,,,,,,,,2022SS,,0,,FALSE,TRUE,FALSE,FALSE,,,0,0,0,,0,,,0,0,0,,,,,,,,,,,,,0,0,,,,,,0,,0,0,0,0,0,0,0,,,,,,,,,,,,,,
ADELINE-03-GOLD-A12,,0,BEAST,,BUCKLE FRONT FLAT SANDALS,,,BUCKLE FRONT FLAT SANDALS,,,,,,222,0,222,3,1,,0,0,ADELINE-03,ADELINE-03-GOLD,0,0,19,0,0,0,0,0,13,19,19,,0,,0,,,,,,,,,,,ADELINE-03,,,GOLD,GOLD,,,,,,,,WOMEN,,WHOLESALE,,,,,,,,2022SS,,0,,FALSE,TRUE,FALSE,FALSE,,,0,0,0,,0,,,0,0,0,,,,,,,,,,,,,0,0,,,,,A12,12,,0,0,0,0,0,0,0,,,,,,,,,,,,,,
ADELINE-03-GOLD-B12,,0,BEAST,,BUCKLE FRONT FLAT SANDALS,,,BUCKLE FRONT FLAT SANDALS,,,,,,222,0,222,3,1,,0,0,ADELINE-03,ADELINE-03-GOLD,0,0,19,0,0,0,0,0,13,19,19,,0,,0,,,,,,,,,,,ADELINE-03,,,GOLD,GOLD,,,,,,,,WOMEN,,WHOLESALE,,,,,,,,2022SS,,0,,FALSE,TRUE,FALSE,FALSE,,,0,0,0,,0,,,0,0,0,,,,,,,,,,,,,0,0,,,,,B12,12,,0,0,0,0,0,0,0,,,,,,,,,,,,,,
ADELINE-03-GOLD-S,,0,BEAST,,BUCKLE FRONT FLAT SANDALS,,,BUCKLE FRONT FLAT SANDALS,,,,,,222,0,222,3,1,,0,0,ADELINE-03,ADELINE-03-GOLD,0,0,19,0,0,0,0,0,13,19,19,,0,,0,,,,,,,,,,,ADELINE-03,,,GOLD,GOLD,,,,,,,,WOMEN,,,,,,,,,,2022SS,,0,,FALSE,TRUE,FALSE,FALSE,,,0,0,0,,0,,,0,0,0,,,,,,,,,,,,,0,0,,,,,S,1,,0,0,0,0,0,0,0,,,,,,,,,,,,,,
ADELINE-03-TAUPE-A12,,0,BEAST,,BUCKLE FRONT FLAT SANDALS,,,BUCKLE FRONT FLAT SANDALS,,,,,,222,0,222,3,1,,0,0,ADELINE-03,ADELINE-03-TAUPE,0,0,19,0,0,0,0,0,13,19,19,,0,,0,,,,,,,,,,,ADELINE-03,,,TAUPE,TAUPE,,,,,,,,WOMEN,,WHOLESALE,,,,,,,,2022SS,,0,,FALSE,TRUE,FALSE,FALSE,,,0,0,0,,0,,,0,0,0,,,,,,,,,,,,,0,0,,,,,A12,12,,0,0,0,0,0,0,0,,,,,,,,,,,,,,
ADELINE-03-TAUPE-B12,,0,BEAST,,BUCKLE FRONT FLAT SANDALS,,,BUCKLE FRONT FLAT SANDALS,,,,,,222,0,222,3,1,,0,0,ADELINE-03,ADELINE-03-TAUPE,0,0,19,0,0,0,0,0,13,19,19,,0,,0,,,,,,,,,,,ADELINE-03,,,TAUPE,TAUPE,,,,,,,,WOMEN,,WHOLESALE,,,,,,,,2022SS,,0,,FALSE,TRUE,FALSE,FALSE,,,0,0,0,,0,,,0,0,0,,,,,,,,,,,,,0,0,,,,,B12,12,,0,0,0,0,0,0,0,,,,,,,,,,,,,,
ADELINE-03-TAUPE-S,,0,BEAST,,BUCKLE FRONT FLAT SANDALS,,,BUCKLE FRONT FLAT SANDALS,,,,,,222,0,222,3,1,,0,0,ADELINE-03,ADELINE-03-TAUPE,0,0,19,0,0,0,0,0,13,19,19,,0,,0,,,,,,,,,,,ADELINE-03,,,TAUPE,TAUPE,,,,,,,,WOMEN,,,,,,,,,,2022SS,,0,,FALSE,TRUE,FALSE,FALSE,,,0,0,0,,0,,,0,0,0,,,,,,,,,,,,,0,0,,,,,S,1,,0,0,0,0,0,0,0,,,,,,,,,,,,,,
ADELINE-03-TAUPE-10,,0,BEAST,,BUCKLE FRONT FLAT SANDALS,,,BUCKLE FRONT FLAT SANDALS,,,,,,18.5,0,18.5,0,1,,0,0,ADELINE-03,ADELINE-03-TAUPE,0,0,1.9,0,0,0,0,0,0,0,0,,0,,0,,,,,,,,,,,ADELINE-03,,,TAUPE,TAUPE,,10,10,,,,,WOMEN,,,,,,,,,,2022SS,,0,,FALSE,TRUE,FALSE,FALSE,,,0,0,0,,0,,,0,0,0,,,,,,,,,,,,,0,0,,,,,,0,,0,0,0,0,0,0,0,,,,,,,,,,,,,,
ADELINE-03-TAUPE-11,,0,BEAST,,BUCKLE FRONT FLAT SANDALS,,,BUCKLE FRONT FLAT SANDALS,,,,,,18.5,0,18.5,0,1,,0,0,ADELINE-03,ADELINE-03-TAUPE,0,0,1.9,0,0,0,0,0,0,0,0,,0,,0,,,,,,,,,,,ADELINE-03,,,TAUPE,TAUPE,,11,11,,,,,WOMEN,,,,,,,,,,2022SS,,0,,FALSE,TRUE,FALSE,FALSE,,,0,0,0,,0,,,0,0,0,,,,,,,,,,,,,0,0,,,,,,0,,0,0,0,0,0,0,0,,,,,,,,,,,,,,
ADELINE-03-TAUPE-12,,0,BEAST,,BUCKLE FRONT FLAT SANDALS,,,BUCKLE FRONT FLAT SANDALS,,,,,,18.5,0,18.5,0,1,,0,0,ADELINE-03,ADELINE-03-TAUPE,0,0,1.9,0,0,0,0,0,0,0,0,,0,,0,,,,,,,,,,,ADELINE-03,,,TAUPE,TAUPE,,12,12,,,,,WOMEN,,,,,,,,,,2022SS,,0,,FALSE,TRUE,FALSE,FALSE,,,0,0,0,,0,,,0,0,0,,,,,,,,,,,,,0,0,,,,,,0,,0,0,0,0,0,0,0,,,,,,,,,,,,,,
ADELINE-03-TAUPE-5,,0,BEAST,,BUCKLE FRONT FLAT SANDALS,,,BUCKLE FRONT FLAT SANDALS,,,,,,18.5,0,18.5,0,1,,0,0,ADELINE-03,ADELINE-03-TAUPE,0,0,1.9,0,0,0,0,0,0,0,0,,0,,0,,,,,,,,,,,ADELINE-03,,,TAUPE,TAUPE,,5,5,,,,,WOMEN,,,,,,,,,,2022SS,,0,,FALSE,TRUE,FALSE,FALSE,,,0,0,0,,0,,,0,0,0,,,,,,,,,,,,,0,0,,,,,,0,,0,0,0,0,0,0,0,,,,,,,,,,,,,,
ADELINE-03-TAUPE-5.5,,0,BEAST,,BUCKLE FRONT FLAT SANDALS,,,BUCKLE FRONT FLAT SANDALS,,,,,,18.5,0,18.5,0,1,,0,0,ADELINE-03,ADELINE-03-TAUPE,0,0,1.9,0,0,0,0,0,0,0,0,,0,,0,,,,,,,,,,,ADELINE-03,,,TAUPE,TAUPE,,5.5,5.5,,,,,WOMEN,,,,,,,,,,2022SS,,0,,FALSE,TRUE,FALSE,FALSE,,,0,0,0,,0,,,0,0,0,,,,,,,,,,,,,0,0,,,,,,0,,0,0,0,0,0,0,0,,,,,,,,,,,,,,
ADELINE-03-TAUPE-6,,0,BEAST,,BUCKLE FRONT FLAT SANDALS,,,BUCKLE FRONT FLAT SANDALS,,,,,,18.5,0,18.5,0,1,,0,0,ADELINE-03,ADELINE-03-TAUPE,0,0,1.9,0,0,0,0,0,0,0,0,,0,,0,,,,,,,,,,,ADELINE-03,,,TAUPE,TAUPE,,6,6,,,,,WOMEN,,,,,,,,,,2022SS,,0,,FALSE,TRUE,FALSE,FALSE,,,0,0,0,,0,,,0,0,0,,,,,,,,,,,,,0,0,,,,,,0,,0,0,0,0,0,0,0,,,,,,,,,,,,,,
ADELINE-03-TAUPE-6.5,,0,BEAST,,BUCKLE FRONT FLAT SANDALS,,,BUCKLE FRONT FLAT SANDALS,,,,,,18.5,0,18.5,0,1,,0,0,ADELINE-03,ADELINE-03-TAUPE,0,0,1.9,0,0,0,0,0,0,0,0,,0,,0,,,,,,,,,,,ADELINE-03,,,TAUPE,TAUPE,,6.5,6.5,,,,,WOMEN,,,,,,,,,,2022SS,,0,,FALSE,TRUE,FALSE,FALSE,,,0,0,0,,0,,,0,0,0,,,,,,,,,,,,,0,0,,,,,,0,,0,0,0,0,0,0,0,,,,,,,,,,,,,,
ADELINE-03-TAUPE-7,,0,BEAST,,BUCKLE FRONT FLAT SANDALS,,,BUCKLE FRONT FLAT SANDALS,,,,,,18.5,0,18.5,0,1,,0,0,ADELINE-03,ADELINE-03-TAUPE,0,0,1.9,0,0,0,0,0,0,0,0,,0,,0,,,,,,,,,,,ADELINE-03,,,TAUPE,TAUPE,,7,7,,,,,WOMEN,,,,,,,,,,2022SS,,0,,FALSE,TRUE,FALSE,FALSE,,,0,0,0,,0,,,0,0,0,,,,,,,,,,,,,0,0,,,,,,0,,0,0,0,0,0,0,0,,,,,,,,,,,,,,
ADELINE-03-TAUPE-7.5,,0,BEAST,,BUCKLE FRONT FLAT SANDALS,,,BUCKLE FRONT FLAT SANDALS,,,,,,18.5,0,18.5,0,1,,0,0,ADELINE-03,ADELINE-03-TAUPE,0,0,1.9,0,0,0,0,0,0,0,0,,0,,0,,,,,,,,,,,ADELINE-03,,,TAUPE,TAUPE,,7.5,7.5,,,,,WOMEN,,,,,,,,,,2022SS,,0,,FALSE,TRUE,FALSE,FALSE,,,0,0,0,,0,,,0,0,0,,,,,,,,,,,,,0,0,,,,,,0,,0,0,0,0,0,0,0,,,,,,,,,,,,,,
ADELINE-03-TAUPE-8,,0,BEAST,,BUCKLE FRONT FLAT SANDALS,,,BUCKLE FRONT FLAT SANDALS,,,,,,18.5,0,18.5,0,1,,0,0,ADELINE-03,ADELINE-03-TAUPE,0,0,1.9,0,0,0,0,0,0,0,0,,0,,0,,,,,,,,,,,ADELINE-03,,,TAUPE,TAUPE,,8,8,,,,,WOMEN,,,,,,,,,,2022SS,,0,,FALSE,TRUE,FALSE,FALSE,,,0,0,0,,0,,,0,0,0,,,,,,,,,,,,,0,0,,,,,,0,,0,0,0,0,0,0,0,,,,,,,,,,,,,,
ADELINE-03-TAUPE-8.5,,0,BEAST,,BUCKLE FRONT FLAT SANDALS,,,BUCKLE FRONT FLAT SANDALS,,,,,,18.5,0,18.5,0,1,,0,0,ADELINE-03,ADELINE-03-TAUPE,0,0,1.9,0,0,0,0,0,0,0,0,,0,,0,,,,,,,,,,,ADELINE-03,,,TAUPE,TAUPE,,8.5,8.5,,,,,WOMEN,,,,,,,,,,2022SS,,0,,FALSE,TRUE,FALSE,FALSE,,,0,0,0,,0,,,0,0,0,,,,,,,,,,,,,0,0,,,,,,0,,0,0,0,0,0,0,0,,,,,,,,,,,,,,
ADELINE-03-TAUPE-9,,0,BEAST,,BUCKLE FRONT FLAT SANDALS,,,BUCKLE FRONT FLAT SANDALS,,,,,,18.5,0,18.5,0,1,,0,0,ADELINE-03,ADELINE-03-TAUPE,0,0,1.9,0,0,0,0,0,0,0,0,,0,,0,,,,,,,,,,,ADELINE-03,,,TAUPE,TAUPE,,9,9,,,,,WOMEN,,,,,,,,,,2022SS,,0,,FALSE,TRUE,FALSE,FALSE,,,0,0,0,,0,,,0,0,0,,,,,,,,,,,,,0,0,,,,,,0,,0,0,0,0,0,0,0,,,,,,,,,,,,,,
ADELINE-03-TAUPE-9.5,,0,BEAST,,BUCKLE FRONT FLAT SANDALS,,,BUCKLE FRONT FLAT SANDALS,,,,,,18.5,0,18.5,0,1,,0,0,ADELINE-03,ADELINE-03-TAUPE,0,0,1.9,0,0,0,0,0,0,0,0,,0,,0,,,,,,,,,,,ADELINE-03,,,TAUPE,TAUPE,,9.5,9.5,,,,,WOMEN,,,,,,,,,,2022SS,,0,,FALSE,TRUE,FALSE,FALSE,,,0,0,0,,0,,,0,0,0,,,,,,,,,,,,,0,0,,,,,,0,,0,0,0,0,0,0,0,,,,,,,,,,,,,,
ASTRID-01-BLACK-10,,0,BF,,SLIP ON SNEAKER,,,SLIP ON SNEAKER,,,,,,20.75,0,20.75,0,1,,0,0,ASTRID-01,ASTRID-01-BLACK,0,0.56,2.15,0,0,0,0,0,5,13,7,,0,,0,,,,,,,,,,,ASTRID-01,,,BLACK,BLACK,,10,10,,,,,WOMEN,,,,,,,,,,2022SS,,0,,FALSE,TRUE,FALSE,FALSE,,CASE,0,0,0,,0,,,0,0,0,,,,,,,,,,,,,0,0,,,,,,0,,0,0,0,0,0,0,0,,,,,,,,,,,,,,
ASTRID-01-BLACK-11,,0,BF,,SLIP ON SNEAKER,,,SLIP ON SNEAKER,,,,,,20.75,0,20.75,0,1,,0,0,ASTRID-01,ASTRID-01-BLACK,0,0.56,2.15,0,0,0,0,0,5,13,7,,0,,0,,,,,,,,,,,ASTRID-01,,,BLACK,BLACK,,11,11,,,,,WOMEN,,,,,,,,,,2022SS,,0,,FALSE,TRUE,FALSE,FALSE,,CASE,0,0,0,,0,,,0,0,0,,,,,,,,,,,,,0,0,,,,,,0,,0,0,0,0,0,0,0,,,,,,,,,,,,,,
ASTRID-01-BLACK-12,,0,BF,,SLIP ON SNEAKER,,,SLIP ON SNEAKER,,,,,,20.75,0,20.75,0,1,,0,0,ASTRID-01,ASTRID-01-BLACK,0,0.56,2.15,0,0,0,0,0,5,13,7,,0,,0,,,,,,,,,,,ASTRID-01,,,BLACK,BLACK,,12,12,,,,,WOMEN,,,,,,,,,,2022SS,,0,,FALSE,TRUE,FALSE,FALSE,,CASE,0,0,0,,0,,,0,0,0,,,,,,,,,,,,,0,0,,,,,,0,,0,0,0,0,0,0,0,,,,,,,,,,,,,,
ASTRID-01-BLACK-5,,0,BF,,SLIP ON SNEAKER,,,SLIP ON SNEAKER,,,,,,20.75,0,20.75,0,1,,0,0,ASTRID-01,ASTRID-01-BLACK,0,0.56,2.15,0,0,0,0,0,5,13,7,,0,,0,,,,,,,,,,,ASTRID-01,,,BLACK,BLACK,,5,5,,,,,WOMEN,,,,,,,,,,2022SS,,0,,FALSE,TRUE,FALSE,FALSE,,CASE,0,0,0,,0,,,0,0,0,,,,,,,,,,,,,0,0,,,,,,0,,0,0,0,0,0,0,0,,,,,,,,,,,,,,
ASTRID-01-BLACK-5.5,,0,BF,,SLIP ON SNEAKER,,,SLIP ON SNEAKER,,,,,,20.75,0,20.75,0,1,,0,0,ASTRID-01,ASTRID-01-BLACK,0,0.56,2.15,0,0,0,0,0,5,13,7,,0,,0,,,,,,,,,,,ASTRID-01,,,BLACK,BLACK,,5.5,5.5,,,,,WOMEN,,,,,,,,,,2022SS,,0,,FALSE,TRUE,FALSE,FALSE,,CASE,0,0,0,,0,,,0,0,0,,,,,,,,,,,,,0,0,,,,,,0,,0,0,0,0,0,0,0,,,,,,,,,,,,,,
ASTRID-01-BLACK-6,,0,BF,,SLIP ON SNEAKER,,,SLIP ON SNEAKER,,,,,,20.75,0,20.75,0,1,,0,0,ASTRID-01,ASTRID-01-BLACK,0,0.56,2.15,0,0,0,0,0,5,13,7,,0,,0,,,,,,,,,,,ASTRID-01,,,BLACK,BLACK,,6,6,,,,,WOMEN,,,,,,,,,,2022SS,,0,,FALSE,TRUE,FALSE,FALSE,,CASE,0,0,0,,0,,,0,0,0,,,,,,,,,,,,,0,0,,,,,,0,,0,0,0,0,0,0,0,,,,,,,,,,,,,,
ASTRID-01-BLACK-6.5,,0,BF,,SLIP ON SNEAKER,,,SLIP ON SNEAKER,,,,,,20.75,0,20.75,0,1,,0,0,ASTRID-01,ASTRID-01-BLACK,0,0.56,2.15,0,0,0,0,0,5,13,7,,0,,0,,,,,,,,,,,ASTRID-01,,,BLACK,BLACK,,6.5,6.5,,,,,WOMEN,,,,,,,,,,2022SS,,0,,FALSE,TRUE,FALSE,FALSE,,CASE,0,0,0,,0,,,0,0,0,,,,,,,,,,,,,0,0,,,,,,0,,0,0,0,0,0,0,0,,,,,,,,,,,,,,
ASTRID-01-BLACK-7,,0,BF,,SLIP ON SNEAKER,,,SLIP ON SNEAKER,,,,,,20.75,0,20.75,0,1,,0,0,ASTRID-01,ASTRID-01-BLACK,0,0.56,2.15,0,0,0,0,0,5,13,7,,0,,0,,,,,,,,,,,ASTRID-01,,,BLACK,BLACK,,7,7,,,,,WOMEN,,,,,,,,,,2022SS,,0,,FALSE,TRUE,FALSE,FALSE,,CASE,0,0,0,,0,,,0,0,0,,,,,,,,,,,,,0,0,,,,,,0,,0,0,0,0,0,0,0,,,,,,,,,,,,,,
ASTRID-01-BLACK-7.5,,0,BF,,SLIP ON SNEAKER,,,SLIP ON SNEAKER,,,,,,20.75,0,20.75,0,1,,0,0,ASTRID-01,ASTRID-01-BLACK,0,0.56,2.15,0,0,0,0,0,5,13,7,,0,,0,,,,,,,,,,,ASTRID-01,,,BLACK,BLACK,,7.5,7.5,,,,,WOMEN,,,,,,,,,,2022SS,,0,,FALSE,TRUE,FALSE,FALSE,,CASE,0,0,0,,0,,,0,0,0,,,,,,,,,,,,,0,0,,,,,,0,,0,0,0,0,0,0,0,,,,,,,,,,,,,,
ASTRID-01-BLACK-8,,0,BF,,SLIP ON SNEAKER,,,SLIP ON SNEAKER,,,,,,20.75,0,20.75,0,1,,0,0,ASTRID-01,ASTRID-01-BLACK,0,0.56,2.15,0,0,0,0,0,5,13,7,,0,,0,,,,,,,,,,,ASTRID-01,,,BLACK,BLACK,,8,8,,,,,WOMEN,,,,,,,,,,2022SS,,0,,FALSE,TRUE,FALSE,FALSE,,CASE,0,0,0,,0,,,0,0,0,,,,,,,,,,,,,0,0,,,,,,0,,0,0,0,0,0,0,0,,,,,,,,,,,,,,
ASTRID-01-BLACK-8.5,,0,BF,,SLIP ON SNEAKER,,,SLIP ON SNEAKER,,,,,,20.75,0,20.75,0,1,,0,0,ASTRID-01,ASTRID-01-BLACK,0,0.56,2.15,0,0,0,0,0,5,13,7,,0,,0,,,,,,,,,,,ASTRID-01,,,BLACK,BLACK,,8.5,8.5,,,,,WOMEN,,,,,,,,,,2022SS,,0,,FALSE,TRUE,FALSE,FALSE,,CASE,0,0,0,,0,,,0,0,0,,,,,,,,,,,,,0,0,,,,,,0,,0,0,0,0,0,0,0,,,,,,,,,,,,,,
ASTRID-01-BLACK-9,,0,BF,,SLIP ON SNEAKER,,,SLIP ON SNEAKER,,,,,,20.75,0,20.75,0,1,,0,0,ASTRID-01,ASTRID-01-BLACK,0,0.56,2.15,0,0,0,0,0,5,13,7,,0,,0,,,,,,,,,,,ASTRID-01,,,BLACK,BLACK,,9,9,,,,,WOMEN,,,,,,,,,,2022SS,,0,,FALSE,TRUE,FALSE,FALSE,,CASE,0,0,0,,0,,,0,0,0,,,,,,,,,,,,,0,0,,,,,,0,,0,0,0,0,0,0,0,,,,,,,,,,,,,,
ASTRID-01-BLACK-9.5,,0,BF,,SLIP ON SNEAKER,,,SLIP ON SNEAKER,,,,,,20.75,0,20.75,0,1,,0,0,ASTRID-01,ASTRID-01-BLACK,0,0.56,2.15,0,0,0,0,0,5,13,7,,0,,0,,,,,,,,,,,ASTRID-01,,,BLACK,BLACK,,9.5,9.5,,,,,WOMEN,,,,,,,,,,2022SS,,0,,FALSE,TRUE,FALSE,FALSE,,CASE,0,0,0,,0,,,0,0,0,,,,,,,,,,,,,0,0,,,,,,0,,0,0,0,0,0,0,0,,,,,,,,,,,,,,
ASTRID-01-BLACK-A12,,0,BF,,SLIP ON SNEAKER,,,SLIP ON SNEAKER,,,,,,0,0,0,3,1,,0,0,ASTRID-01,ASTRID-01-BLACK,0,0.56,24,0,0,0,0,0,13,22,18,,0,,0,,,,,,,,,,,ASTRID-01,,,BLACK,BLACK,,,,,,,,WOMEN,,WHOLESALE,,,,,,,,2022SS,,0,,FALSE,TRUE,FALSE,FALSE,,CASE,0,0,0,,0,,,0,0,0,,,,,,,,,,,,,0,0,,,,,A12,12,,0,0,0,0,0,0,0,,,,,,,,,,,,,,
ASTRID-01-BLACK-B12,,0,BF,,SLIP ON SNEAKER,,,SLIP ON SNEAKER,,,,,,0,0,0,3,1,,0,0,ASTRID-01,ASTRID-01-BLACK,0,0.56,24,0,0,0,0,0,13,22,18,,0,,0,,,,,,,,,,,ASTRID-01,,,BLACK,BLACK,,,,,,,,WOMEN,,WHOLESALE,,,,,,,,2022SS,,0,,FALSE,TRUE,FALSE,FALSE,,CASE,0,0,0,,0,,,0,0,0,,,,,,,,,,,,,0,0,,,,,B12,12,,0,0,0,0,0,0,0,,,,,,,,,,,,,,
ASTRID-01-BLACK-S,,0,BF,,SLIP ON SNEAKER,,,SLIP ON SNEAKER,,,,,,0,0,0,3,1,,0,0,ASTRID-01,ASTRID-01-BLACK,0,0.56,24,0,0,0,0,0,13,22,18,,0,,0,,,,,,,,,,,ASTRID-01,,,BLACK,BLACK,,,,,,,,WOMEN,,,,,,,,,,2022SS,,0,,FALSE,TRUE,FALSE,FALSE,,CASE,0,0,0,,0,,,0,0,0,,,,,,,,,,,,,0,0,,,,,S,1,,0,0,0,0,0,0,0,,,,,,,,,,,,,,
ASTRID-01-BLUSH-10,,0,BF,,SLIP ON SNEAKER,,,SLIP ON SNEAKER,,,,,,20.75,0,20.75,0,1,,0,0,ASTRID-01,ASTRID-01-BLUSH,0,0.56,2.15,0,0,0,0,0,5,13,7,,0,,0,,,,,,,,,,,ASTRID-01,,,BLUSH,BLUSH,,10,10,,,,,WOMEN,,,,,,,,,,2022SS,,0,,FALSE,TRUE,FALSE,FALSE,,CASE,0,0,0,,0,,,0,0,0,,,,,,,,,,,,,0,0,,,,,,0,,0,0,0,0,0,0,0,,,,,,,,,,,,,,
ASTRID-01-BLUSH-11,,0,BF,,SLIP ON SNEAKER,,,SLIP ON SNEAKER,,,,,,20.75,0,20.75,0,1,,0,0,ASTRID-01,ASTRID-01-BLUSH,0,0.56,2.15,0,0,0,0,0,5,13,7,,0,,0,,,,,,,,,,,ASTRID-01,,,BLUSH,BLUSH,,11,11,,,,,WOMEN,,,,,,,,,,2022SS,,0,,FALSE,TRUE,FALSE,FALSE,,CASE,0,0,0,,0,,,0,0,0,,,,,,,,,,,,,0,0,,,,,,0,,0,0,0,0,0,0,0,,,,,,,,,,,,,,
ASTRID-01-BLUSH-12,,0,BF,,SLIP ON SNEAKER,,,SLIP ON SNEAKER,,,,,,20.75,0,20.75,0,1,,0,0,ASTRID-01,ASTRID-01-BLUSH,0,0.56,2.15,0,0,0,0,0,5,13,7,,0,,0,,,,,,,,,,,ASTRID-01,,,BLUSH,BLUSH,,12,12,,,,,WOMEN,,,,,,,,,,2022SS,,0,,FALSE,TRUE,FALSE,FALSE,,CASE,0,0,0,,0,,,0,0,0,,,,,,,,,,,,,0,0,,,,,,0,,0,0,0,0,0,0,0,,,,,,,,,,,,,,
ASTRID-01-BLUSH-5,,0,BF,,SLIP ON SNEAKER,,,SLIP ON SNEAKER,,,,,,20.75,0,20.75,0,1,,0,0,ASTRID-01,ASTRID-01-BLUSH,0,0.56,2.15,0,0,0,0,0,5,13,7,,0,,0,,,,,,,,,,,ASTRID-01,,,BLUSH,BLUSH,,5,5,,,,,WOMEN,,,,,,,,,,2022SS,,0,,FALSE,TRUE,FALSE,FALSE,,CASE,0,0,0,,0,,,0,0,0,,,,,,,,,,,,,0,0,,,,,,0,,0,0,0,0,0,0,0,,,,,,,,,,,,,,
ASTRID-01-BLUSH-5.5,,0,BF,,SLIP ON SNEAKER,,,SLIP ON SNEAKER,,,,,,20.75,0,20.75,0,1,,0,0,ASTRID-01,ASTRID-01-BLUSH,0,0.56,2.15,0,0,0,0,0,5,13,7,,0,,0,,,,,,,,,,,ASTRID-01,,,BLUSH,BLUSH,,5.5,5.5,,,,,WOMEN,,,,,,,,,,2022SS,,0,,FALSE,TRUE,FALSE,FALSE,,CASE,0,0,0,,0,,,0,0,0,,,,,,,,,,,,,0,0,,,,,,0,,0,0,0,0,0,0,0,,,,,,,,,,,,,,
ASTRID-01-BLUSH-6,,0,BF,,SLIP ON SNEAKER,,,SLIP ON SNEAKER,,,,,,20.75,0,20.75,0,1,,0,0,ASTRID-01,ASTRID-01-BLUSH,0,0.56,2.15,0,0,0,0,0,5,13,7,,0,,0,,,,,,,,,,,ASTRID-01,,,BLUSH,BLUSH,,6,6,,,,,WOMEN,,,,,,,,,,2022SS,,0,,FALSE,TRUE,FALSE,FALSE,,CASE,0,0,0,,0,,,0,0,0,,,,,,,,,,,,,0,0,,,,,,0,,0,0,0,0,0,0,0,,,,,,,,,,,,,,
ASTRID-01-BLUSH-6.5,,0,BF,,SLIP ON SNEAKER,,,SLIP ON SNEAKER,,,,,,20.75,0,20.75,0,1,,0,0,ASTRID-01,ASTRID-01-BLUSH,0,0.56,2.15,0,0,0,0,0,5,13,7,,0,,0,,,,,,,,,,,ASTRID-01,,,BLUSH,BLUSH,,6.5,6.5,,,,,WOMEN,,,,,,,,,,2022SS,,0,,FALSE,TRUE,FALSE,FALSE,,CASE,0,0,0,,0,,,0,0,0,,,,,,,,,,,,,0,0,,,,,,0,,0,0,0,0,0,0,0,,,,,,,,,,,,,,
ASTRID-01-BLUSH-7,,0,BF,,SLIP ON SNEAKER,,,SLIP ON SNEAKER,,,,,,20.75,0,20.75,0,1,,0,0,ASTRID-01,ASTRID-01-BLUSH,0,0.56,2.15,0,0,0,0,0,5,13,7,,0,,0,,,,,,,,,,,ASTRID-01,,,BLUSH,BLUSH,,7,7,,,,,WOMEN,,,,,,,,,,2022SS,,0,,FALSE,TRUE,FALSE,FALSE,,CASE,0,0,0,,0,,,0,0,0,,,,,,,,,,,,,0,0,,,,,,0,,0,0,0,0,0,0,0,,,,,,,,,,,,,,
ASTRID-01-BLUSH-7.5,,0,BF,,SLIP ON SNEAKER,,,SLIP ON SNEAKER,,,,,,20.75,0,20.75,0,1,,0,0,ASTRID-01,ASTRID-01-BLUSH,0,0.56,2.15,0,0,0,0,0,5,13,7,,0,,0,,,,,,,,,,,ASTRID-01,,,BLUSH,BLUSH,,7.5,7.5,,,,,WOMEN,,,,,,,,,,2022SS,,0,,FALSE,TRUE,FALSE,FALSE,,CASE,0,0,0,,0,,,0,0,0,,,,,,,,,,,,,0,0,,,,,,0,,0,0,0,0,0,0,0,,,,,,,,,,,,,,
ASTRID-01-BLUSH-8,,0,BF,,SLIP ON SNEAKER,,,SLIP ON SNEAKER,,,,,,20.75,0,20.75,0,1,,0,0,ASTRID-01,ASTRID-01-BLUSH,0,0.56,2.15,0,0,0,0,0,5,13,7,,0,,0,,,,,,,,,,,ASTRID-01,,,BLUSH,BLUSH,,8,8,,,,,WOMEN,,,,,,,,,,2022SS,,0,,FALSE,TRUE,FALSE,FALSE,,CASE,0,0,0,,0,,,0,0,0,,,,,,,,,,,,,0,0,,,,,,0,,0,0,0,0,0,0,0,,,,,,,,,,,,,,
ASTRID-01-BLUSH-8.5,,0,BF,,SLIP ON SNEAKER,,,SLIP ON SNEAKER,,,,,,20.75,0,20.75,0,1,,0,0,ASTRID-01,ASTRID-01-BLUSH,0,0.56,2.15,0,0,0,0,0,5,13,7,,0,,0,,,,,,,,,,,ASTRID-01,,,BLUSH,BLUSH,,8.5,8.5,,,,,WOMEN,,,,,,,,,,2022SS,,0,,FALSE,TRUE,FALSE,FALSE,,CASE,0,0,0,,0,,,0,0,0,,,,,,,,,,,,,0,0,,,,,,0,,0,0,0,0,0,0,0,,,,,,,,,,,,,,
ASTRID-01-BLUSH-9,,0,BF,,SLIP ON SNEAKER,,,SLIP ON SNEAKER,,,,,,20.75,0,20.75,0,1,,0,0,ASTRID-01,ASTRID-01-BLUSH,0,0.56,2.15,0,0,0,0,0,5,13,7,,0,,0,,,,,,,,,,,ASTRID-01,,,BLUSH,BLUSH,,9,9,,,,,WOMEN,,,,,,,,,,2022SS,,0,,FALSE,TRUE,FALSE,FALSE,,CASE,0,0,0,,0,,,0,0,0,,,,,,,,,,,,,0,0,,,,,,0,,0,0,0,0,0,0,0,,,,,,,,,,,,,,
ASTRID-01-BLUSH-9.5,,0,BF,,SLIP ON SNEAKER,,,SLIP ON SNEAKER,,,,,,20.75,0,20.75,0,1,,0,0,ASTRID-01,ASTRID-01-BLUSH,0,0.56,2.15,0,0,0,0,0,5,13,7,,0,,0,,,,,,,,,,,ASTRID-01,,,BLUSH,BLUSH,,9.5,9.5,,,,,WOMEN,,,,,,,,,,2022SS,,0,,FALSE,TRUE,FALSE,FALSE,,CASE,0,0,0,,0,,,0,0,0,,,,,,,,,,,,,0,0,,,,,,0,,0,0,0,0,0,0,0,,,,,,,,,,,,,,
ASTRID-01-BLUSH-A12,,0,BF,,SLIP ON SNEAKER,,,SLIP ON SNEAKER,,,,,,0,0,0,3,1,,0,0,ASTRID-01,ASTRID-01-BLUSH,0,0.56,24,0,0,0,0,0,13,22,18,,0,,0,,,,,,,,,,,ASTRID-01,,,BLUSH,BLUSH,,,,,,,,WOMEN,,WHOLESALE,,,,,,,,2022SS,,0,,FALSE,TRUE,FALSE,FALSE,,CASE,0,0,0,,0,,,0,0,0,,,,,,,,,,,,,0,0,,,,,A12,12,,0,0,0,0,0,0,0,,,,,,,,,,,,,,
ASTRID-01-BLUSH-B12,,0,BF,,SLIP ON SNEAKER,,,SLIP ON SNEAKER,,,,,,0,0,0,3,1,,0,0,ASTRID-01,ASTRID-01-BLUSH,0,0.56,24,0,0,0,0,0,13,22,18,,0,,0,,,,,,,,,,,ASTRID-01,,,BLUSH,BLUSH,,,,,,,,WOMEN,,WHOLESALE,,,,,,,,2022SS,,0,,FALSE,TRUE,FALSE,FALSE,,CASE,0,0,0,,0,,,0,0,0,,,,,,,,,,,,,0,0,,,,,B12,12,,0,0,0,0,0,0,0,,,,,,,,,,,,,,
ASTRID-01-BLUSH-S,,0,BF,,SLIP ON SNEAKER,,,SLIP ON SNEAKER,,,,,,0,0,0,3,1,,0,0,ASTRID-01,ASTRID-01-BLUSH,0,0.56,24,0,0,0,0,0,13,22,18,,0,,0,,,,,,,,,,,ASTRID-01,,,BLUSH,BLUSH,,,,,,,,WOMEN,,,,,,,,,,2022SS,,0,,FALSE,TRUE,FALSE,FALSE,,CASE,0,0,0,,0,,,0,0,0,,,,,,,,,,,,,0,0,,,,,S,1,,0,0,0,0,0,0,0,,,,,,,,,,,,,,
ASTRID-01-GREY-10,,0,BF,,SLIP ON SNEAKER,,,SLIP ON SNEAKER,,,,,,20.75,0,20.75,0,1,,0,0,ASTRID-01,ASTRID-01-GREY,0,0.56,2.15,0,0,0,0,0,5,13,7,,0,,0,,,,,,,,,,,ASTRID-01,,,GREY,GREY,,10,10,,,,,WOMEN,,,,,,,,,,2022SS,,0,,FALSE,TRUE,FALSE,FALSE,,CASE,0,0,0,,0,,,0,0,0,,,,,,,,,,,,,0,0,,,,,,0,,0,0,0,0,0,0,0,,,,,,,,,,,,,,
ASTRID-01-GREY-11,,0,BF,,SLIP ON SNEAKER,,,SLIP ON SNEAKER,,,,,,20.75,0,20.75,0,1,,0,0,ASTRID-01,ASTRID-01-GREY,0,0.56,2.15,0,0,0,0,0,5,13,7,,0,,0,,,,,,,,,,,ASTRID-01,,,GREY,GREY,,11,11,,,,,WOMEN,,,,,,,,,,2022SS,,0,,FALSE,TRUE,FALSE,FALSE,,CASE,0,0,0,,0,,,0,0,0,,,,,,,,,,,,,0,0,,,,,,0,,0,0,0,0,0,0,0,,,,,,,,,,,,,,
ASTRID-01-GREY-12,,0,BF,,SLIP ON SNEAKER,,,SLIP ON SNEAKER,,,,,,20.75,0,20.75,0,1,,0,0,ASTRID-01,ASTRID-01-GREY,0,0.56,2.15,0,0,0,0,0,5,13,7,,0,,0,,,,,,,,,,,ASTRID-01,,,GREY,GREY,,12,12,,,,,WOMEN,,,,,,,,,,2022SS,,0,,FALSE,TRUE,FALSE,FALSE,,CASE,0,0,0,,0,,,0,0,0,,,,,,,,,,,,,0,0,,,,,,0,,0,0,0,0,0,0,0,,,,,,,,,,,,,,
ASTRID-01-GREY-5,,0,BF,,SLIP ON SNEAKER,,,SLIP ON SNEAKER,,,,,,20.75,0,20.75,0,1,,0,0,ASTRID-01,ASTRID-01-GREY,0,0.56,2.15,0,0,0,0,0,5,13,7,,0,,0,,,,,,,,,,,ASTRID-01,,,GREY,GREY,,5,5,,,,,WOMEN,,,,,,,,,,2022SS,,0,,FALSE,TRUE,FALSE,FALSE,,CASE,0,0,0,,0,,,0,0,0,,,,,,,,,,,,,0,0,,,,,,0,,0,0,0,0,0,0,0,,,,,,,,,,,,,,
ASTRID-01-GREY-5.5,,0,BF,,SLIP ON SNEAKER,,,SLIP ON SNEAKER,,,,,,20.75,0,20.75,0,1,,0,0,ASTRID-01,ASTRID-01-GREY,0,0.56,2.15,0,0,0,0,0,5,13,7,,0,,0,,,,,,,,,,,ASTRID-01,,,GREY,GREY,,5.5,5.5,,,,,WOMEN,,,,,,,,,,2022SS,,0,,FALSE,TRUE,FALSE,FALSE,,CASE,0,0,0,,0,,,0,0,0,,,,,,,,,,,,,0,0,,,,,,0,,0,0,0,0,0,0,0,,,,,,,,,,,,,,
ASTRID-01-GREY-6,,0,BF,,SLIP ON SNEAKER,,,SLIP ON SNEAKER,,,,,,20.75,0,20.75,0,1,,0,0,ASTRID-01,ASTRID-01-GREY,0,0.56,2.15,0,0,0,0,0,5,13,7,,0,,0,,,,,,,,,,,ASTRID-01,,,GREY,GREY,,6,6,,,,,WOMEN,,,,,,,,,,2022SS,,0,,FALSE,TRUE,FALSE,FALSE,,CASE,0,0,0,,0,,,0,0,0,,,,,,,,,,,,,0,0,,,,,,0,,0,0,0,0,0,0,0,,,,,,,,,,,,,,
ASTRID-01-GREY-6.5,,0,BF,,SLIP ON SNEAKER,,,SLIP ON SNEAKER,,,,,,20.75,0,20.75,0,1,,0,0,ASTRID-01,ASTRID-01-GREY,0,0.56,2.15,0,0,0,0,0,5,13,7,,0,,0,,,,,,,,,,,ASTRID-01,,,GREY,GREY,,6.5,6.5,,,,,WOMEN,,,,,,,,,,2022SS,,0,,FALSE,TRUE,FALSE,FALSE,,CASE,0,0,0,,0,,,0,0,0,,,,,,,,,,,,,0,0,,,,,,0,,0,0,0,0,0,0,0,,,,,,,,,,,,,,
ASTRID-01-GREY-7,,0,BF,,SLIP ON SNEAKER,,,SLIP ON SNEAKER,,,,,,20.75,0,20.75,0,1,,0,0,ASTRID-01,ASTRID-01-GREY,0,0.56,2.15,0,0,0,0,0,5,13,7,,0,,0,,,,,,,,,,,ASTRID-01,,,GREY,GREY,,7,7,,,,,WOMEN,,,,,,,,,,2022SS,,0,,FALSE,TRUE,FALSE,FALSE,,CASE,0,0,0,,0,,,0,0,0,,,,,,,,,,,,,0,0,,,,,,0,,0,0,0,0,0,0,0,,,,,,,,,,,,,,
ASTRID-01-GREY-7.5,,0,BF,,SLIP ON SNEAKER,,,SLIP ON SNEAKER,,,,,,20.75,0,20.75,0,1,,0,0,ASTRID-01,ASTRID-01-GREY,0,0.56,2.15,0,0,0,0,0,5,13,7,,0,,0,,,,,,,,,,,ASTRID-01,,,GREY,GREY,,7.5,7.5,,,,,WOMEN,,,,,,,,,,2022SS,,0,,FALSE,TRUE,FALSE,FALSE,,CASE,0,0,0,,0,,,0,0,0,,,,,,,,,,,,,0,0,,,,,,0,,0,0,0,0,0,0,0,,,,,,,,,,,,,,
ASTRID-01-GREY-8,,0,BF,,SLIP ON SNEAKER,,,SLIP ON SNEAKER,,,,,,20.75,0,20.75,0,1,,0,0,ASTRID-01,ASTRID-01-GREY,0,0.56,2.15,0,0,0,0,0,5,13,7,,0,,0,,,,,,,,,,,ASTRID-01,,,GREY,GREY,,8,8,,,,,WOMEN,,,,,,,,,,2022SS,,0,,FALSE,TRUE,FALSE,FALSE,,CASE,0,0,0,,0,,,0,0,0,,,,,,,,,,,,,0,0,,,,,,0,,0,0,0,0,0,0,0,,,,,,,,,,,,,,
ASTRID-01-GREY-8.5,,0,BF,,SLIP ON SNEAKER,,,SLIP ON SNEAKER,,,,,,20.75,0,20.75,0,1,,0,0,ASTRID-01,ASTRID-01-GREY,0,0.56,2.15,0,0,0,0,0,5,13,7,,0,,0,,,,,,,,,,,ASTRID-01,,,GREY,GREY,,8.5,8.5,,,,,WOMEN,,,,,,,,,,2022SS,,0,,FALSE,TRUE,FALSE,FALSE,,CASE,0,0,0,,0,,,0,0,0,,,,,,,,,,,,,0,0,,,,,,0,,0,0,0,0,0,0,0,,,,,,,,,,,,,,
ASTRID-01-GREY-9,,0,BF,,SLIP ON SNEAKER,,,SLIP ON SNEAKER,,,,,,20.75,0,20.75,0,1,,0,0,ASTRID-01,ASTRID-01-GREY,0,0.56,2.15,0,0,0,0,0,5,13,7,,0,,0,,,,,,,,,,,ASTRID-01,,,GREY,GREY,,9,9,,,,,WOMEN,,,,,,,,,,2022SS,,0,,FALSE,TRUE,FALSE,FALSE,,CASE,0,0,0,,0,,,0,0,0,,,,,,,,,,,,,0,0,,,,,,0,,0,0,0,0,0,0,0,,,,,,,,,,,,,,
ASTRID-01-GREY-9.5,,0,BF,,SLIP ON SNEAKER,,,SLIP ON SNEAKER,,,,,,20.75,0,20.75,0,1,,0,0,ASTRID-01,ASTRID-01-GREY,0,0.56,2.15,0,0,0,0,0,5,13,7,,0,,0,,,,,,,,,,,ASTRID-01,,,GREY,GREY,,9.5,9.5,,,,,WOMEN,,,,,,,,,,2022SS,,0,,FALSE,TRUE,FALSE,FALSE,,CASE,0,0,0,,0,,,0,0,0,,,,,,,,,,,,,0,0,,,,,,0,,0,0,0,0,0,0,0,,,,,,,,,,,,,,
ASTRID-01-GREY-A12,,0,BF,,SLIP ON SNEAKER,,,SLIP ON SNEAKER,,,,,,0,0,0,3,1,,0,0,ASTRID-01,ASTRID-01-GREY,0,0.56,24,0,0,0,0,0,13,22,18,,0,,0,,,,,,,,,,,ASTRID-01,,,GREY,GREY,,,,,,,,WOMEN,,WHOLESALE,,,,,,,,2022SS,,0,,FALSE,TRUE,FALSE,FALSE,,CASE,0,0,0,,0,,,0,0,0,,,,,,,,,,,,,0,0,,,,,A12,12,,0,0,0,0,0,0,0,,,,,,,,,,,,,,
ASTRID-01-GREY-B12,,0,BF,,SLIP ON SNEAKER,,,SLIP ON SNEAKER,,,,,,0,0,0,3,1,,0,0,ASTRID-01,ASTRID-01-GREY,0,0.56,24,0,0,0,0,0,13,22,18,,0,,0,,,,,,,,,,,ASTRID-01,,,GREY,GREY,,,,,,,,WOMEN,,WHOLESALE,,,,,,,,2022SS,,0,,FALSE,TRUE,FALSE,FALSE,,CASE,0,0,0,,0,,,0,0,0,,,,,,,,,,,,,0,0,,,,,B12,12,,0,0,0,0,0,0,0,,,,,,,,,,,,,,
ASTRID-01-GREY-S,,0,BF,,SLIP ON SNEAKER,,,SLIP ON SNEAKER,,,,,,0,0,0,3,1,,0,0,ASTRID-01,ASTRID-01-GREY,0,0.56,24,0,0,0,0,0,13,22,18,,0,,0,,,,,,,,,,,ASTRID-01,,,GREY,GREY,,,,,,,,WOMEN,,,,,,,,,,2022SS,,0,,FALSE,TRUE,FALSE,FALSE,,CASE,0,0,0,,0,,,0,0,0,,,,,,,,,,,,,0,0,,,,,S,1,,0,0,0,0,0,0,0,,,,,,,,,,,,,,
ASTRID-01-NUDE-10,,0,BF,,SLIP ON SNEAKER,,,SLIP ON SNEAKER,,,,,,20.75,0,20.75,0,1,,0,0,ASTRID-01,ASTRID-01-NUDE,0,0.56,2.15,0,0,0,0,0,5,13,7,,0,,0,,,,,,,,,,,ASTRID-01,,,NUDE,NUDE,,10,10,,,,,WOMEN,,,,,,,,,,2022SS,,0,,FALSE,TRUE,FALSE,FALSE,,CASE,0,0,0,,0,,,0,0,0,,,,,,,,,,,,,0,0,,,,,,0,,0,0,0,0,0,0,0,,,,,,,,,,,,,,
ASTRID-01-NUDE-11,,0,BF,,SLIP ON SNEAKER,,,SLIP ON SNEAKER,,,,,,20.75,0,20.75,0,1,,0,0,ASTRID-01,ASTRID-01-NUDE,0,0.56,2.15,0,0,0,0,0,5,13,7,,0,,0,,,,,,,,,,,ASTRID-01,,,NUDE,NUDE,,11,11,,,,,WOMEN,,,,,,,,,,2022SS,,0,,FALSE,TRUE,FALSE,FALSE,,CASE,0,0,0,,0,,,0,0,0,,,,,,,,,,,,,0,0,,,,,,0,,0,0,0,0,0,0,0,,,,,,,,,,,,,,
ASTRID-01-NUDE-12,,0,BF,,SLIP ON SNEAKER,,,SLIP ON SNEAKER,,,,,,20.75,0,20.75,0,1,,0,0,ASTRID-01,ASTRID-01-NUDE,0,0.56,2.15,0,0,0,0,0,5,13,7,,0,,0,,,,,,,,,,,ASTRID-01,,,NUDE,NUDE,,12,12,,,,,WOMEN,,,,,,,,,,2022SS,,0,,FALSE,TRUE,FALSE,FALSE,,CASE,0,0,0,,0,,,0,0,0,,,,,,,,,,,,,0,0,,,,,,0,,0,0,0,0,0,0,0,,,,,,,,,,,,,,
ASTRID-01-NUDE-5,,0,BF,,SLIP ON SNEAKER,,,SLIP ON SNEAKER,,,,,,20.75,0,20.75,0,1,,0,0,ASTRID-01,ASTRID-01-NUDE,0,0.56,2.15,0,0,0,0,0,5,13,7,,0,,0,,,,,,,,,,,ASTRID-01,,,NUDE,NUDE,,5,5,,,,,WOMEN,,,,,,,,,,2022SS,,0,,FALSE,TRUE,FALSE,FALSE,,CASE,0,0,0,,0,,,0,0,0,,,,,,,,,,,,,0,0,,,,,,0,,0,0,0,0,0,0,0,,,,,,,,,,,,,,
ASTRID-01-NUDE-5.5,,0,BF,,SLIP ON SNEAKER,,,SLIP ON SNEAKER,,,,,,20.75,0,20.75,0,1,,0,0,ASTRID-01,ASTRID-01-NUDE,0,0.56,2.15,0,0,0,0,0,5,13,7,,0,,0,,,,,,,,,,,ASTRID-01,,,NUDE,NUDE,,5.5,5.5,,,,,WOMEN,,,,,,,,,,2022SS,,0,,FALSE,TRUE,FALSE,FALSE,,CASE,0,0,0,,0,,,0,0,0,,,,,,,,,,,,,0,0,,,,,,0,,0,0,0,0,0,0,0,,,,,,,,,,,,,,
ASTRID-01-NUDE-6,,0,BF,,SLIP ON SNEAKER,,,SLIP ON SNEAKER,,,,,,20.75,0,20.75,0,1,,0,0,ASTRID-01,ASTRID-01-NUDE,0,0.56,2.15,0,0,0,0,0,5,13,7,,0,,0,,,,,,,,,,,ASTRID-01,,,NUDE,NUDE,,6,6,,,,,WOMEN,,,,,,,,,,2022SS,,0,,FALSE,TRUE,FALSE,FALSE,,CASE,0,0,0,,0,,,0,0,0,,,,,,,,,,,,,0,0,,,,,,0,,0,0,0,0,0,0,0,,,,,,,,,,,,,,
ASTRID-01-NUDE-6.5,,0,BF,,SLIP ON SNEAKER,,,SLIP ON SNEAKER,,,,,,20.75,0,20.75,0,1,,0,0,ASTRID-01,ASTRID-01-NUDE,0,0.56,2.15,0,0,0,0,0,5,13,7,,0,,0,,,,,,,,,,,ASTRID-01,,,NUDE,NUDE,,6.5,6.5,,,,,WOMEN,,,,,,,,,,2022SS,,0,,FALSE,TRUE,FALSE,FALSE,,CASE,0,0,0,,0,,,0,0,0,,,,,,,,,,,,,0,0,,,,,,0,,0,0,0,0,0,0,0,,,,,,,,,,,,,,
ASTRID-01-NUDE-7,,0,BF,,SLIP ON SNEAKER,,,SLIP ON SNEAKER,,,,,,20.75,0,20.75,0,1,,0,0,ASTRID-01,ASTRID-01-NUDE,0,0.56,2.15,0,0,0,0,0,5,13,7,,0,,0,,,,,,,,,,,ASTRID-01,,,NUDE,NUDE,,7,7,,,,,WOMEN,,,,,,,,,,2022SS,,0,,FALSE,TRUE,FALSE,FALSE,,CASE,0,0,0,,0,,,0,0,0,,,,,,,,,,,,,0,0,,,,,,0,,0,0,0,0,0,0,0,,,,,,,,,,,,,,
ASTRID-01-NUDE-7.5,,0,BF,,SLIP ON SNEAKER,,,SLIP ON SNEAKER,,,,,,20.75,0,20.75,0,1,,0,0,ASTRID-01,ASTRID-01-NUDE,0,0.56,2.15,0,0,0,0,0,5,13,7,,0,,0,,,,,,,,,,,ASTRID-01,,,NUDE,NUDE,,7.5,7.5,,,,,WOMEN,,,,,,,,,,2022SS,,0,,FALSE,TRUE,FALSE,FALSE,,CASE,0,0,0,,0,,,0,0,0,,,,,,,,,,,,,0,0,,,,,,0,,0,0,0,0,0,0,0,,,,,,,,,,,,,,
ASTRID-01-NUDE-8,,0,BF,,SLIP ON SNEAKER,,,SLIP ON SNEAKER,,,,,,20.75,0,20.75,0,1,,0,0,ASTRID-01,ASTRID-01-NUDE,0,0.56,2.15,0,0,0,0,0,5,13,7,,0,,0,,,,,,,,,,,ASTRID-01,,,NUDE,NUDE,,8,8,,,,,WOMEN,,,,,,,,,,2022SS,,0,,FALSE,TRUE,FALSE,FALSE,,CASE,0,0,0,,0,,,0,0,0,,,,,,,,,,,,,0,0,,,,,,0,,0,0,0,0,0,0,0,,,,,,,,,,,,,,
ASTRID-01-NUDE-8.5,,0,BF,,SLIP ON SNEAKER,,,SLIP ON SNEAKER,,,,,,20.75,0,20.75,0,1,,0,0,ASTRID-01,ASTRID-01-NUDE,0,0.56,2.15,0,0,0,0,0,5,13,7,,0,,0,,,,,,,,,,,ASTRID-01,,,NUDE,NUDE,,8.5,8.5,,,,,WOMEN,,,,,,,,,,2022SS,,0,,FALSE,TRUE,FALSE,FALSE,,CASE,0,0,0,,0,,,0,0,0,,,,,,,,,,,,,0,0,,,,,,0,,0,0,0,0,0,0,0,,,,,,,,,,,,,,
ASTRID-01-NUDE-9,,0,BF,,SLIP ON SNEAKER,,,SLIP ON SNEAKER,,,,,,20.75,0,20.75,0,1,,0,0,ASTRID-01,ASTRID-01-NUDE,0,0.56,2.15,0,0,0,0,0,5,13,7,,0,,0,,,,,,,,,,,ASTRID-01,,,NUDE,NUDE,,9,9,,,,,WOMEN,,,,,,,,,,2022SS,,0,,FALSE,TRUE,FALSE,FALSE,,CASE,0,0,0,,0,,,0,0,0,,,,,,,,,,,,,0,0,,,,,,0,,0,0,0,0,0,0,0,,,,,,,,,,,,,,
ASTRID-01-NUDE-9.5,,0,BF,,SLIP ON SNEAKER,,,SLIP ON SNEAKER,,,,,,20.75,0,20.75,0,1,,0,0,ASTRID-01,ASTRID-01-NUDE,0,0.56,2.15,0,0,0,0,0,5,13,7,,0,,0,,,,,,,,,,,ASTRID-01,,,NUDE,NUDE,,9.5,9.5,,,,,WOMEN,,,,,,,,,,2022SS,,0,,FALSE,TRUE,FALSE,FALSE,,CASE,0,0,0,,0,,,0,0,0,,,,,,,,,,,,,0,0,,,,,,0,,0,0,0,0,0,0,0,,,,,,,,,,,,,,
ASTRID-01-NUDE-A12,,0,BF,,SLIP ON SNEAKER,,,SLIP ON SNEAKER,,,,,,0,0,0,3,1,,0,0,ASTRID-01,ASTRID-01-NUDE,0,0.56,24,0,0,0,0,0,13,22,18,,0,,0,,,,,,,,,,,ASTRID-01,,,NUDE,NUDE,,,,,,,,WOMEN,,WHOLESALE,,,,,,,,2022SS,,0,,FALSE,TRUE,FALSE,FALSE,,CASE,0,0,0,,0,,,0,0,0,,,,,,,,,,,,,0,0,,,,,A12,12,,0,0,0,0,0,0,0,,,,,,,,,,,,,,
ASTRID-01-NUDE-B12,,0,BF,,SLIP ON SNEAKER,,,SLIP ON SNEAKER,,,,,,0,0,0,3,1,,0,0,ASTRID-01,ASTRID-01-NUDE,0,0.56,24,0,0,0,0,0,13,22,18,,0,,0,,,,,,,,,,,ASTRID-01,,,NUDE,NUDE,,,,,,,,WOMEN,,WHOLESALE,,,,,,,,2022SS,,0,,FALSE,TRUE,FALSE,FALSE,,CASE,0,0,0,,0,,,0,0,0,,,,,,,,,,,,,0,0,,,,,B12,12,,0,0,0,0,0,0,0,,,,,,,,,,,,,,
ASTRID-01-NUDE-S,,0,BF,,SLIP ON SNEAKER,,,SLIP ON SNEAKER,,,,,,0,0,0,3,1,,0,0,ASTRID-01,ASTRID-01-NUDE,0,0.56,24,0,0,0,0,0,13,22,18,,0,,0,,,,,,,,,,,ASTRID-01,,,NUDE,NUDE,,,,,,,,WOMEN,,,,,,,,,,2022SS,,0,,FALSE,TRUE,FALSE,FALSE,,CASE,0,0,0,,0,,,0,0,0,,,,,,,,,,,,,0,0,,,,,S,1,,0,0,0,0,0,0,0,,,,,,,,,,,,,,
AUSTIN-06-BLACK-10,,0,,,SNEAKER,,,SNEAKER,,,,,,10,0,10,0,1,,0,0,AUSTIN-06,AUSTIN-06-BLACK,0,0,1.65,0,0,0,0,0,4,8,12,,0,,0,,,,,,,,,,,AUSTIN-06,,,BLACK,BLACK,,10,10,,,,,WOMEN,,,,,,,,,,2022SSFW,,0,,FALSE,TRUE,FALSE,FALSE,,,0,0,0,,0,,YK,0,0,0,,,,,,,,,,,,,0,0,,,,,,0,,0,0,0,0,0,0,0,,,,,,,,,,,,,,
AUSTIN-06-BLACK-11,,0,,,SNEAKER,,,SNEAKER,,,,,,10,0,10,0,1,,0,0,AUSTIN-06,AUSTIN-06-BLACK,0,0,1.65,0,0,0,0,0,4,8,12,,0,,0,,,,,,,,,,,AUSTIN-06,,,BLACK,BLACK,,11,11,,,,,WOMEN,,,,,,,,,,2022SSFW,,0,,FALSE,TRUE,FALSE,FALSE,,,0,0,0,,0,,YK,0,0,0,,,,,,,,,,,,,0,0,,,,,,0,,0,0,0,0,0,0,0,,,,,,,,,,,,,,
AUSTIN-06-BLACK-12,,0,,,SNEAKER,,,SNEAKER,,,,,,10,0,10,0,1,,0,0,AUSTIN-06,AUSTIN-06-BLACK,0,0,1.65,0,0,0,0,0,4,8,12,,0,,0,,,,,,,,,,,AUSTIN-06,,,BLACK,BLACK,,12,12,,,,,WOMEN,,,,,,,,,,2022SSFW,,0,,FALSE,TRUE,FALSE,FALSE,,,0,0,0,,0,,YK,0,0,0,,,,,,,,,,,,,0,0,,,,,,0,,0,0,0,0,0,0,0,,,,,,,,,,,,,,
AUSTIN-06-BLACK-5,,0,,,SNEAKER,,,SNEAKER,,,,,,10,0,10,0,1,,0,0,AUSTIN-06,AUSTIN-06-BLACK,0,0,1.65,0,0,0,0,0,4,8,12,,0,,0,,,,,,,,,,,AUSTIN-06,,,BLACK,BLACK,,5,5,,,,,WOMEN,,,,,,,,,,2022SSFW,,0,,FALSE,TRUE,FALSE,FALSE,,,0,0,0,,0,,YK,0,0,0,,,,,,,,,,,,,0,0,,,,,,0,,0,0,0,0,0,0,0,,,,,,,,,,,,,,
AUSTIN-06-BLACK-5.5,,0,,,SNEAKER,,,SNEAKER,,,,,,10,0,10,0,1,,0,0,AUSTIN-06,AUSTIN-06-BLACK,0,0,1.65,0,0,0,0,0,4,8,12,,0,,0,,,,,,,,,,,AUSTIN-06,,,BLACK,BLACK,,5.5,5.5,,,,,WOMEN,,,,,,,,,,2022SSFW,,0,,FALSE,TRUE,FALSE,FALSE,,,0,0,0,,0,,YK,0,0,0,,,,,,,,,,,,,0,0,,,,,,0,,0,0,0,0,0,0,0,,,,,,,,,,,,,,
AUSTIN-06-BLACK-6,,0,,,SNEAKER,,,SNEAKER,,,,,,10,0,10,0,1,,0,0,AUSTIN-06,AUSTIN-06-BLACK,0,0,1.65,0,0,0,0,0,4,8,12,,0,,0,,,,,,,,,,,AUSTIN-06,,,BLACK,BLACK,,6,6,,,,,WOMEN,,,,,,,,,,2022SSFW,,0,,FALSE,TRUE,FALSE,FALSE,,,0,0,0,,0,,YK,0,0,0,,,,,,,,,,,,,0,0,,,,,,0,,0,0,0,0,0,0,0,,,,,,,,,,,,,,
AUSTIN-06-BLACK-6.5,,0,,,SNEAKER,,,SNEAKER,,,,,,10,0,10,0,1,,0,0,AUSTIN-06,AUSTIN-06-BLACK,0,0,1.65,0,0,0,0,0,4,8,12,,0,,0,,,,,,,,,,,AUSTIN-06,,,BLACK,BLACK,,6.5,6.5,,,,,WOMEN,,,,,,,,,,2022SSFW,,0,,FALSE,TRUE,FALSE,FALSE,,,0,0,0,,0,,YK,0,0,0,,,,,,,,,,,,,0,0,,,,,,0,,0,0,0,0,0,0,0,,,,,,,,,,,,,,
AUSTIN-06-BLACK-7,,0,,,SNEAKER,,,SNEAKER,,,,,,10,0,10,0,1,,0,0,AUSTIN-06,AUSTIN-06-BLACK,0,0,1.65,0,0,0,0,0,4,8,12,,0,,0,,,,,,,,,,,AUSTIN-06,,,BLACK,BLACK,,7,7,,,,,WOMEN,,,,,,,,,,2022SSFW,,0,,FALSE,TRUE,FALSE,FALSE,,,0,0,0,,0,,YK,0,0,0,,,,,,,,,,,,,0,0,,,,,,0,,0,0,0,0,0,0,0,,,,,,,,,,,,,,
AUSTIN-06-BLACK-7.5,,0,,,SNEAKER,,,SNEAKER,,,,,,10,0,10,0,1,,0,0,AUSTIN-06,AUSTIN-06-BLACK,0,0,1.65,0,0,0,0,0,4,8,12,,0,,0,,,,,,,,,,,AUSTIN-06,,,BLACK,BLACK,,7.5,7.5,,,,,WOMEN,,,,,,,,,,2022SSFW,,0,,FALSE,TRUE,FALSE,FALSE,,,0,0,0,,0,,YK,0,0,0,,,,,,,,,,,,,0,0,,,,,,0,,0,0,0,0,0,0,0,,,,,,,,,,,,,,
AUSTIN-06-BLACK-8,,0,,,SNEAKER,,,SNEAKER,,,,,,10,0,10,0,1,,0,0,AUSTIN-06,AUSTIN-06-BLACK,0,0,1.65,0,0,0,0,0,4,8,12,,0,,0,,,,,,,,,,,AUSTIN-06,,,BLACK,BLACK,,8,8,,,,,WOMEN,,,,,,,,,,2022SSFW,,0,,FALSE,TRUE,FALSE,FALSE,,,0,0,0,,0,,YK,0,0,0,,,,,,,,,,,,,0,0,,,,,,0,,0,0,0,0,0,0,0,,,,,,,,,,,,,,
AUSTIN-06-BLACK-8.5,,0,,,SNEAKER,,,SNEAKER,,,,,,10,0,10,0,1,,0,0,AUSTIN-06,AUSTIN-06-BLACK,0,0,1.65,0,0,0,0,0,4,8,12,,0,,0,,,,,,,,,,,AUSTIN-06,,,BLACK,BLACK,,8.5,8.5,,,,,WOMEN,,,,,,,,,,2022SSFW,,0,,FALSE,TRUE,FALSE,FALSE,,,0,0,0,,0,,YK,0,0,0,,,,,,,,,,,,,0,0,,,,,,0,,0,0,0,0,0,0,0,,,,,,,,,,,,,,
AUSTIN-06-BLACK-9,,0,,,SNEAKER,,,SNEAKER,,,,,,10,0,10,0,1,,0,0,AUSTIN-06,AUSTIN-06-BLACK,0,0,1.65,0,0,0,0,0,4,8,12,,0,,0,,,,,,,,,,,AUSTIN-06,,,BLACK,BLACK,,9,9,,,,,WOMEN,,,,,,,,,,2022SSFW,,0,,FALSE,TRUE,FALSE,FALSE,,,0,0,0,,0,,YK,0,0,0,,,,,,,,,,,,,0,0,,,,,,0,,0,0,0,0,0,0,0,,,,,,,,,,,,,,
AUSTIN-06-BLACK-9.5,,0,,,SNEAKER,,,SNEAKER,,,,,,10,0,10,0,1,,0,0,AUSTIN-06,AUSTIN-06-BLACK,0,0,1.65,0,0,0,0,0,4,8,12,,0,,0,,,,,,,,,,,AUSTIN-06,,,BLACK,BLACK,,9.5,9.5,,,,,WOMEN,,,,,,,,,,2022SSFW,,0,,FALSE,TRUE,FALSE,FALSE,,,0,0,0,,0,,YK,0,0,0,,,,,,,,,,,,,0,0,,,,,,0,,0,0,0,0,0,0,0,,,,,,,,,,,,,,
AUSTIN-06-BLACK-A12,,0,,,SNEAKER,,,SNEAKER,,,,,,120,0,120,3,1,,0,0,AUSTIN-06,AUSTIN-06-BLACK,0,0,22,0,0,0,0,0,13,26,15,,0,,0,,,,,,,,,,,AUSTIN-06,,,BLACK,BLACK,,,,,,,,WOMEN,,WHOLESALE,,,,,,,,2022SSFW,,0,,FALSE,TRUE,FALSE,FALSE,,,0,0,0,,0,,YK,0,0,0,,,,,,,,,,,,,0,0,,,,,A12,12,,0,0,0,0,0,0,0,,,,,,,,,,,,,,
AUSTIN-06-BLACK-B12,,0,,,SNEAKER,,,SNEAKER,,,,,,120,0,120,3,1,,0,0,AUSTIN-06,AUSTIN-06-BLACK,0,0,22,0,0,0,0,0,13,26,15,,0,,0,,,,,,,,,,,AUSTIN-06,,,BLACK,BLACK,,,,,,,,WOMEN,,WHOLESALE,,,,,,,,2022SSFW,,0,,FALSE,TRUE,FALSE,FALSE,,,0,0,0,,0,,YK,0,0,0,,,,,,,,,,,,,0,0,,,,,B12,12,,0,0,0,0,0,0,0,,,,,,,,,,,,,,
AUSTIN-06-BLACK-S,,0,,,SNEAKER,,,SNEAKER,,,,,,120,0,120,3,1,,0,0,AUSTIN-06,AUSTIN-06-BLACK,0,0,22,0,0,0,0,0,13,26,15,,0,,0,,,,,,,,,,,AUSTIN-06,,,BLACK,BLACK,,,,,,,,WOMEN,,,,,,,,,,2022SSFW,,0,,FALSE,TRUE,FALSE,FALSE,,,0,0,0,,0,,YK,0,0,0,,,,,,,,,,,,,0,0,,,,,S,1,,0,0,0,0,0,0,0,,,,,,,,,,,,,,
AUSTIN-06-BLUSH-10,,0,,,SNEAKER,,,SNEAKER,,,,,,10,0,10,0,1,,0,0,AUSTIN-06,AUSTIN-06-BLUSH,0,0,1.65,0,0,0,0,0,4,8,12,,0,,0,,,,,,,,,,,AUSTIN-06,,,BLUSH,BLUSH,,10,10,,,,,WOMEN,,,,,,,,,,2022SSFW,,0,,FALSE,TRUE,FALSE,FALSE,,,0,0,0,,0,,YK,0,0,0,,,,,,,,,,,,,0,0,,,,,,0,,0,0,0,0,0,0,0,,,,,,,,,,,,,,
AUSTIN-06-BLUSH-11,,0,,,SNEAKER,,,SNEAKER,,,,,,10,0,10,0,1,,0,0,AUSTIN-06,AUSTIN-06-BLUSH,0,0,1.65,0,0,0,0,0,4,8,12,,0,,0,,,,,,,,,,,AUSTIN-06,,,BLUSH,BLUSH,,11,11,,,,,WOMEN,,,,,,,,,,2022SSFW,,0,,FALSE,TRUE,FALSE,FALSE,,,0,0,0,,0,,YK,0,0,0,,,,,,,,,,,,,0,0,,,,,,0,,0,0,0,0,0,0,0,,,,,,,,,,,,,,
AUSTIN-06-BLUSH-12,,0,,,SNEAKER,,,SNEAKER,,,,,,10,0,10,0,1,,0,0,AUSTIN-06,AUSTIN-06-BLUSH,0,0,1.65,0,0,0,0,0,4,8,12,,0,,0,,,,,,,,,,,AUSTIN-06,,,BLUSH,BLUSH,,12,12,,,,,WOMEN,,,,,,,,,,2022SSFW,,0,,FALSE,TRUE,FALSE,FALSE,,,0,0,0,,0,,YK,0,0,0,,,,,,,,,,,,,0,0,,,,,,0,,0,0,0,0,0,0,0,,,,,,,,,,,,,,
AUSTIN-06-BLUSH-5,,0,,,SNEAKER,,,SNEAKER,,,,,,10,0,10,0,1,,0,0,AUSTIN-06,AUSTIN-06-BLUSH,0,0,1.65,0,0,0,0,0,4,8,12,,0,,0,,,,,,,,,,,AUSTIN-06,,,BLUSH,BLUSH,,5,5,,,,,WOMEN,,,,,,,,,,2022SSFW,,0,,FALSE,TRUE,FALSE,FALSE,,,0,0,0,,0,,YK,0,0,0,,,,,,,,,,,,,0,0,,,,,,0,,0,0,0,0,0,0,0,,,,,,,,,,,,,,
AUSTIN-06-BLUSH-5.5,,0,,,SNEAKER,,,SNEAKER,,,,,,10,0,10,0,1,,0,0,AUSTIN-06,AUSTIN-06-BLUSH,0,0,1.65,0,0,0,0,0,4,8,12,,0,,0,,,,,,,,,,,AUSTIN-06,,,BLUSH,BLUSH,,5.5,5.5,,,,,WOMEN,,,,,,,,,,2022SSFW,,0,,FALSE,TRUE,FALSE,FALSE,,,0,0,0,,0,,YK,0,0,0,,,,,,,,,,,,,0,0,,,,,,0,,0,0,0,0,0,0,0,,,,,,,,,,,,,,
AUSTIN-06-BLUSH-6,,0,,,SNEAKER,,,SNEAKER,,,,,,10,0,10,0,1,,0,0,AUSTIN-06,AUSTIN-06-BLUSH,0,0,1.65,0,0,0,0,0,4,8,12,,0,,0,,,,,,,,,,,AUSTIN-06,,,BLUSH,BLUSH,,6,6,,,,,WOMEN,,,,,,,,,,2022SSFW,,0,,FALSE,TRUE,FALSE,FALSE,,,0,0,0,,0,,YK,0,0,0,,,,,,,,,,,,,0,0,,,,,,0,,0,0,0,0,0,0,0,,,,,,,,,,,,,,
AUSTIN-06-BLUSH-6.5,,0,,,SNEAKER,,,SNEAKER,,,,,,10,0,10,0,1,,0,0,AUSTIN-06,AUSTIN-06-BLUSH,0,0,1.65,0,0,0,0,0,4,8,12,,0,,0,,,,,,,,,,,AUSTIN-06,,,BLUSH,BLUSH,,6.5,6.5,,,,,WOMEN,,,,,,,,,,2022SSFW,,0,,FALSE,TRUE,FALSE,FALSE,,,0,0,0,,0,,YK,0,0,0,,,,,,,,,,,,,0,0,,,,,,0,,0,0,0,0,0,0,0,,,,,,,,,,,,,,
AUSTIN-06-BLUSH-7,,0,,,SNEAKER,,,SNEAKER,,,,,,10,0,10,0,1,,0,0,AUSTIN-06,AUSTIN-06-BLUSH,0,0,1.65,0,0,0,0,0,4,8,12,,0,,0,,,,,,,,,,,AUSTIN-06,,,BLUSH,BLUSH,,7,7,,,,,WOMEN,,,,,,,,,,2022SSFW,,0,,FALSE,TRUE,FALSE,FALSE,,,0,0,0,,0,,YK,0,0,0,,,,,,,,,,,,,0,0,,,,,,0,,0,0,0,0,0,0,0,,,,,,,,,,,,,,
AUSTIN-06-BLUSH-7.5,,0,,,SNEAKER,,,SNEAKER,,,,,,10,0,10,0,1,,0,0,AUSTIN-06,AUSTIN-06-BLUSH,0,0,1.65,0,0,0,0,0,4,8,12,,0,,0,,,,,,,,,,,AUSTIN-06,,,BLUSH,BLUSH,,7.5,7.5,,,,,WOMEN,,,,,,,,,,2022SSFW,,0,,FALSE,TRUE,FALSE,FALSE,,,0,0,0,,0,,YK,0,0,0,,,,,,,,,,,,,0,0,,,,,,0,,0,0,0,0,0,0,0,,,,,,,,,,,,,,
AUSTIN-06-BLUSH-8,,0,,,SNEAKER,,,SNEAKER,,,,,,10,0,10,0,1,,0,0,AUSTIN-06,AUSTIN-06-BLUSH,0,0,1.65,0,0,0,0,0,4,8,12,,0,,0,,,,,,,,,,,AUSTIN-06,,,BLUSH,BLUSH,,8,8,,,,,WOMEN,,,,,,,,,,2022SSFW,,0,,FALSE,TRUE,FALSE,FALSE,,,0,0,0,,0,,YK,0,0,0,,,,,,,,,,,,,0,0,,,,,,0,,0,0,0,0,0,0,0,,,,,,,,,,,,,,
AUSTIN-06-BLUSH-8.5,,0,,,SNEAKER,,,SNEAKER,,,,,,10,0,10,0,1,,0,0,AUSTIN-06,AUSTIN-06-BLUSH,0,0,1.65,0,0,0,0,0,4,8,12,,0,,0,,,,,,,,,,,AUSTIN-06,,,BLUSH,BLUSH,,8.5,8.5,,,,,WOMEN,,,,,,,,,,2022SSFW,,0,,FALSE,TRUE,FALSE,FALSE,,,0,0,0,,0,,YK,0,0,0,,,,,,,,,,,,,0,0,,,,,,0,,0,0,0,0,0,0,0,,,,,,,,,,,,,,
AUSTIN-06-BLUSH-9,,0,,,SNEAKER,,,SNEAKER,,,,,,10,0,10,0,1,,0,0,AUSTIN-06,AUSTIN-06-BLUSH,0,0,1.65,0,0,0,0,0,4,8,12,,0,,0,,,,,,,,,,,AUSTIN-06,,,BLUSH,BLUSH,,9,9,,,,,WOMEN,,,,,,,,,,2022SSFW,,0,,FALSE,TRUE,FALSE,FALSE,,,0,0,0,,0,,YK,0,0,0,,,,,,,,,,,,,0,0,,,,,,0,,0,0,0,0,0,0,0,,,,,,,,,,,,,,
AUSTIN-06-BLUSH-9.5,,0,,,SNEAKER,,,SNEAKER,,,,,,10,0,10,0,1,,0,0,AUSTIN-06,AUSTIN-06-BLUSH,0,0,1.65,0,0,0,0,0,4,8,12,,0,,0,,,,,,,,,,,AUSTIN-06,,,BLUSH,BLUSH,,9.5,9.5,,,,,WOMEN,,,,,,,,,,2022SSFW,,0,,FALSE,TRUE,FALSE,FALSE,,,0,0,0,,0,,YK,0,0,0,,,,,,,,,,,,,0,0,,,,,,0,,0,0,0,0,0,0,0,,,,,,,,,,,,,,
AUSTIN-06-BLUSH-A12,,0,,,SNEAKER,,,SNEAKER,,,,,,120,0,120,3,1,,0,0,AUSTIN-06,AUSTIN-06-BLUSH,0,0,22,0,0,0,0,0,13,26,15,,0,,0,,,,,,,,,,,AUSTIN-06,,,BLUSH,BLUSH,,,,,,,,WOMEN,,WHOLESALE,,,,,,,,2022SSFW,,0,,FALSE,TRUE,FALSE,FALSE,,,0,0,0,,0,,YK,0,0,0,,,,,,,,,,,,,0,0,,,,,A12,12,,0,0,0,0,0,0,0,,,,,,,,,,,,,,
AUSTIN-06-BLUSH-B12,,0,,,SNEAKER,,,SNEAKER,,,,,,120,0,120,3,1,,0,0,AUSTIN-06,AUSTIN-06-BLUSH,0,0,22,0,0,0,0,0,13,26,15,,0,,0,,,,,,,,,,,AUSTIN-06,,,BLUSH,BLUSH,,,,,,,,WOMEN,,WHOLESALE,,,,,,,,2022SSFW,,0,,FALSE,TRUE,FALSE,FALSE,,,0,0,0,,0,,YK,0,0,0,,,,,,,,,,,,,0,0,,,,,B12,12,,0,0,0,0,0,0,0,,,,,,,,,,,,,,
AUSTIN-06-BLUSH-S,,0,,,SNEAKER,,,SNEAKER,,,,,,120,0,120,3,1,,0,0,AUSTIN-06,AUSTIN-06-BLUSH,0,0,22,0,0,0,0,0,13,26,15,,0,,0,,,,,,,,,,,AUSTIN-06,,,BLUSH,BLUSH,,,,,,,,WOMEN,,,,,,,,,,2022SSFW,,0,,FALSE,TRUE,FALSE,FALSE,,,0,0,0,,0,,YK,0,0,0,,,,,,,,,,,,,0,0,,,,,S,1,,0,0,0,0,0,0,0,,,,,,,,,,,,,,
AUSTIN-06-CAMEL-10,,0,,,SNEAKER,,,SNEAKER,,,,,,10,0,10,0,1,,0,0,AUSTIN-06,AUSTIN-06-CAMEL,0,0,1.65,0,0,0,0,0,4,8,12,,0,,0,,,,,,,,,,,AUSTIN-06,,,CAMEL,CAMEL,,10,10,,,,,WOMEN,,,,,,,,,,2022SSFW,,0,,FALSE,TRUE,FALSE,FALSE,,,0,0,0,,0,,YK,0,0,0,,,,,,,,,,,,,0,0,,,,,,0,,0,0,0,0,0,0,0,,,,,,,,,,,,,,
AUSTIN-06-CAMEL-11,,0,,,SNEAKER,,,SNEAKER,,,,,,10,0,10,0,1,,0,0,AUSTIN-06,AUSTIN-06-CAMEL,0,0,1.65,0,0,0,0,0,4,8,12,,0,,0,,,,,,,,,,,AUSTIN-06,,,CAMEL,CAMEL,,11,11,,,,,WOMEN,,,,,,,,,,2022SSFW,,0,,FALSE,TRUE,FALSE,FALSE,,,0,0,0,,0,,YK,0,0,0,,,,,,,,,,,,,0,0,,,,,,0,,0,0,0,0,0,0,0,,,,,,,,,,,,,,
AUSTIN-06-CAMEL-12,,0,,,SNEAKER,,,SNEAKER,,,,,,10,0,10,0,1,,0,0,AUSTIN-06,AUSTIN-06-CAMEL,0,0,1.65,0,0,0,0,0,4,8,12,,0,,0,,,,,,,,,,,AUSTIN-06,,,CAMEL,CAMEL,,12,12,,,,,WOMEN,,,,,,,,,,2022SSFW,,0,,FALSE,TRUE,FALSE,FALSE,,,0,0,0,,0,,YK,0,0,0,,,,,,,,,,,,,0,0,,,,,,0,,0,0,0,0,0,0,0,,,,,,,,,,,,,,
AUSTIN-06-CAMEL-5,,0,,,SNEAKER,,,SNEAKER,,,,,,10,0,10,0,1,,0,0,AUSTIN-06,AUSTIN-06-CAMEL,0,0,1.65,0,0,0,0,0,4,8,12,,0,,0,,,,,,,,,,,AUSTIN-06,,,CAMEL,CAMEL,,5,5,,,,,WOMEN,,,,,,,,,,2022SSFW,,0,,FALSE,TRUE,FALSE,FALSE,,,0,0,0,,0,,YK,0,0,0,,,,,,,,,,,,,0,0,,,,,,0,,0,0,0,0,0,0,0,,,,,,,,,,,,,,
AUSTIN-06-CAMEL-5.5,,0,,,SNEAKER,,,SNEAKER,,,,,,10,0,10,0,1,,0,0,AUSTIN-06,AUSTIN-06-CAMEL,0,0,1.65,0,0,0,0,0,4,8,12,,0,,0,,,,,,,,,,,AUSTIN-06,,,CAMEL,CAMEL,,5.5,5.5,,,,,WOMEN,,,,,,,,,,2022SSFW,,0,,FALSE,TRUE,FALSE,FALSE,,,0,0,0,,0,,YK,0,0,0,,,,,,,,,,,,,0,0,,,,,,0,,0,0,0,0,0,0,0,,,,,,,,,,,,,,
AUSTIN-06-CAMEL-6,,0,,,SNEAKER,,,SNEAKER,,,,,,10,0,10,0,1,,0,0,AUSTIN-06,AUSTIN-06-CAMEL,0,0,1.65,0,0,0,0,0,4,8,12,,0,,0,,,,,,,,,,,AUSTIN-06,,,CAMEL,CAMEL,,6,6,,,,,WOMEN,,,,,,,,,,2022SSFW,,0,,FALSE,TRUE,FALSE,FALSE,,,0,0,0,,0,,YK,0,0,0,,,,,,,,,,,,,0,0,,,,,,0,,0,0,0,0,0,0,0,,,,,,,,,,,,,,
AUSTIN-06-CAMEL-6.5,,0,,,SNEAKER,,,SNEAKER,,,,,,10,0,10,0,1,,0,0,AUSTIN-06,AUSTIN-06-CAMEL,0,0,1.65,0,0,0,0,0,4,8,12,,0,,0,,,,,,,,,,,AUSTIN-06,,,CAMEL,CAMEL,,6.5,6.5,,,,,WOMEN,,,,,,,,,,2022SSFW,,0,,FALSE,TRUE,FALSE,FALSE,,,0,0,0,,0,,YK,0,0,0,,,,,,,,,,,,,0,0,,,,,,0,,0,0,0,0,0,0,0,,,,,,,,,,,,,,
AUSTIN-06-CAMEL-7,,0,,,SNEAKER,,,SNEAKER,,,,,,10,0,10,0,1,,0,0,AUSTIN-06,AUSTIN-06-CAMEL,0,0,1.65,0,0,0,0,0,4,8,12,,0,,0,,,,,,,,,,,AUSTIN-06,,,CAMEL,CAMEL,,7,7,,,,,WOMEN,,,,,,,,,,2022SSFW,,0,,FALSE,TRUE,FALSE,FALSE,,,0,0,0,,0,,YK,0,0,0,,,,,,,,,,,,,0,0,,,,,,0,,0,0,0,0,0,0,0,,,,,,,,,,,,,,
AUSTIN-06-CAMEL-7.5,,0,,,SNEAKER,,,SNEAKER,,,,,,10,0,10,0,1,,0,0,AUSTIN-06,AUSTIN-06-CAMEL,0,0,1.65,0,0,0,0,0,4,8,12,,0,,0,,,,,,,,,,,AUSTIN-06,,,CAMEL,CAMEL,,7.5,7.5,,,,,WOMEN,,,,,,,,,,2022SSFW,,0,,FALSE,TRUE,FALSE,FALSE,,,0,0,0,,0,,YK,0,0,0,,,,,,,,,,,,,0,0,,,,,,0,,0,0,0,0,0,0,0,,,,,,,,,,,,,,
AUSTIN-06-CAMEL-8,,0,,,SNEAKER,,,SNEAKER,,,,,,10,0,10,0,1,,0,0,AUSTIN-06,AUSTIN-06-CAMEL,0,0,1.65,0,0,0,0,0,4,8,12,,0,,0,,,,,,,,,,,AUSTIN-06,,,CAMEL,CAMEL,,8,8,,,,,WOMEN,,,,,,,,,,2022SSFW,,0,,FALSE,TRUE,FALSE,FALSE,,,0,0,0,,0,,YK,0,0,0,,,,,,,,,,,,,0,0,,,,,,0,,0,0,0,0,0,0,0,,,,,,,,,,,,,,
AUSTIN-06-CAMEL-8.5,,0,,,SNEAKER,,,SNEAKER,,,,,,10,0,10,0,1,,0,0,AUSTIN-06,AUSTIN-06-CAMEL,0,0,1.65,0,0,0,0,0,4,8,12,,0,,0,,,,,,,,,,,AUSTIN-06,,,CAMEL,CAMEL,,8.5,8.5,,,,,WOMEN,,,,,,,,,,2022SSFW,,0,,FALSE,TRUE,FALSE,FALSE,,,0,0,0,,0,,YK,0,0,0,,,,,,,,,,,,,0,0,,,,,,0,,0,0,0,0,0,0,0,,,,,,,,,,,,,,
AUSTIN-06-CAMEL-9,,0,,,SNEAKER,,,SNEAKER,,,,,,10,0,10,0,1,,0,0,AUSTIN-06,AUSTIN-06-CAMEL,0,0,1.65,0,0,0,0,0,4,8,12,,0,,0,,,,,,,,,,,AUSTIN-06,,,CAMEL,CAMEL,,9,9,,,,,WOMEN,,,,,,,,,,2022SSFW,,0,,FALSE,TRUE,FALSE,FALSE,,,0,0,0,,0,,YK,0,0,0,,,,,,,,,,,,,0,0,,,,,,0,,0,0,0,0,0,0,0,,,,,,,,,,,,,,
AUSTIN-06-CAMEL-9.5,,0,,,SNEAKER,,,SNEAKER,,,,,,10,0,10,0,1,,0,0,AUSTIN-06,AUSTIN-06-CAMEL,0,0,1.65,0,0,0,0,0,4,8,12,,0,,0,,,,,,,,,,,AUSTIN-06,,,CAMEL,CAMEL,,9.5,9.5,,,,,WOMEN,,,,,,,,,,2022SSFW,,0,,FALSE,TRUE,FALSE,FALSE,,,0,0,0,,0,,YK,0,0,0,,,,,,,,,,,,,0,0,,,,,,0,,0,0,0,0,0,0,0,,,,,,,,,,,,,,
AUSTIN-06-CAMEL-A12,,0,,,SNEAKER,,,SNEAKER,,,,,,120,0,120,3,1,,0,0,AUSTIN-06,AUSTIN-06-CAMEL,0,0,22,0,0,0,0,0,13,26,15,,0,,0,,,,,,,,,,,AUSTIN-06,,,CAMEL,CAMEL,,,,,,,,WOMEN,,WHOLESALE,,,,,,,,2022SSFW,,0,,FALSE,TRUE,FALSE,FALSE,,,0,0,0,,0,,YK,0,0,0,,,,,,,,,,,,,0,0,,,,,A12,12,,0,0,0,0,0,0,0,,,,,,,,,,,,,,
AUSTIN-06-CAMEL-B12,,0,,,SNEAKER,,,SNEAKER,,,,,,120,0,120,3,1,,0,0,AUSTIN-06,AUSTIN-06-CAMEL,0,0,22,0,0,0,0,0,13,26,15,,0,,0,,,,,,,,,,,AUSTIN-06,,,CAMEL,CAMEL,,,,,,,,WOMEN,,WHOLESALE,,,,,,,,2022SSFW,,0,,FALSE,TRUE,FALSE,FALSE,,,0,0,0,,0,,YK,0,0,0,,,,,,,,,,,,,0,0,,,,,B12,12,,0,0,0,0,0,0,0,,,,,,,,,,,,,,
AUSTIN-06-CAMEL-S,,0,,,SNEAKER,,,SNEAKER,,,,,,120,0,120,3,1,,0,0,AUSTIN-06,AUSTIN-06-CAMEL,0,0,22,0,0,0,0,0,13,26,15,,0,,0,,,,,,,,,,,AUSTIN-06,,,CAMEL,CAMEL,,,,,,,,WOMEN,,,,,,,,,,2022SSFW,,0,,FALSE,TRUE,FALSE,FALSE,,,0,0,0,,0,,YK,0,0,0,,,,,,,,,,,,,0,0,,,,,S,1,,0,0,0,0,0,0,0,,,,,,,,,,,,,,
AUSTIN-06-NUDE-10,,0,,,SNEAKER,,,SNEAKER,,,,,,10,0,10,0,1,,0,0,AUSTIN-06,AUSTIN-06-NUDE,0,0,1.65,0,0,0,0,0,4,8,12,,0,,0,,,,,,,,,,,AUSTIN-06,,,NUDE,NUDE,,10,10,,,,,WOMEN,,,,,,,,,,2022SSFW,,0,,FALSE,TRUE,FALSE,FALSE,,,0,0,0,,0,,YK,0,0,0,,,,,,,,,,,,,0,0,,,,,,0,,0,0,0,0,0,0,0,,,,,,,,,,,,,,
AUSTIN-06-NUDE-11,,0,,,SNEAKER,,,SNEAKER,,,,,,10,0,10,0,1,,0,0,AUSTIN-06,AUSTIN-06-NUDE,0,0,1.65,0,0,0,0,0,4,8,12,,0,,0,,,,,,,,,,,AUSTIN-06,,,NUDE,NUDE,,11,11,,,,,WOMEN,,,,,,,,,,2022SSFW,,0,,FALSE,TRUE,FALSE,FALSE,,,0,0,0,,0,,YK,0,0,0,,,,,,,,,,,,,0,0,,,,,,0,,0,0,0,0,0,0,0,,,,,,,,,,,,,,
AUSTIN-06-NUDE-12,,0,,,SNEAKER,,,SNEAKER,,,,,,10,0,10,0,1,,0,0,AUSTIN-06,AUSTIN-06-NUDE,0,0,1.65,0,0,0,0,0,4,8,12,,0,,0,,,,,,,,,,,AUSTIN-06,,,NUDE,NUDE,,12,12,,,,,WOMEN,,,,,,,,,,2022SSFW,,0,,FALSE,TRUE,FALSE,FALSE,,,0,0,0,,0,,YK,0,0,0,,,,,,,,,,,,,0,0,,,,,,0,,0,0,0,0,0,0,0,,,,,,,,,,,,,,
AUSTIN-06-NUDE-5,,0,,,SNEAKER,,,SNEAKER,,,,,,10,0,10,0,1,,0,0,AUSTIN-06,AUSTIN-06-NUDE,0,0,1.65,0,0,0,0,0,4,8,12,,0,,0,,,,,,,,,,,AUSTIN-06,,,NUDE,NUDE,,5,5,,,,,WOMEN,,,,,,,,,,2022SSFW,,0,,FALSE,TRUE,FALSE,FALSE,,,0,0,0,,0,,YK,0,0,0,,,,,,,,,,,,,0,0,,,,,,0,,0,0,0,0,0,0,0,,,,,,,,,,,,,,
AUSTIN-06-NUDE-5.5,,0,,,SNEAKER,,,SNEAKER,,,,,,10,0,10,0,1,,0,0,AUSTIN-06,AUSTIN-06-NUDE,0,0,1.65,0,0,0,0,0,4,8,12,,0,,0,,,,,,,,,,,AUSTIN-06,,,NUDE,NUDE,,5.5,5.5,,,,,WOMEN,,,,,,,,,,2022SSFW,,0,,FALSE,TRUE,FALSE,FALSE,,,0,0,0,,0,,YK,0,0,0,,,,,,,,,,,,,0,0,,,,,,0,,0,0,0,0,0,0,0,,,,,,,,,,,,,,
AUSTIN-06-NUDE-6,,0,,,SNEAKER,,,SNEAKER,,,,,,10,0,10,0,1,,0,0,AUSTIN-06,AUSTIN-06-NUDE,0,0,1.65,0,0,0,0,0,4,8,12,,0,,0,,,,,,,,,,,AUSTIN-06,,,NUDE,NUDE,,6,6,,,,,WOMEN,,,,,,,,,,2022SSFW,,0,,FALSE,TRUE,FALSE,FALSE,,,0,0,0,,0,,YK,0,0,0,,,,,,,,,,,,,0,0,,,,,,0,,0,0,0,0,0,0,0,,,,,,,,,,,,,,
AUSTIN-06-NUDE-6.5,,0,,,SNEAKER,,,SNEAKER,,,,,,10,0,10,0,1,,0,0,AUSTIN-06,AUSTIN-06-NUDE,0,0,1.65,0,0,0,0,0,4,8,12,,0,,0,,,,,,,,,,,AUSTIN-06,,,NUDE,NUDE,,6.5,6.5,,,,,WOMEN,,,,,,,,,,2022SSFW,,0,,FALSE,TRUE,FALSE,FALSE,,,0,0,0,,0,,YK,0,0,0,,,,,,,,,,,,,0,0,,,,,,0,,0,0,0,0,0,0,0,,,,,,,,,,,,,,
AUSTIN-06-NUDE-7,,0,,,SNEAKER,,,SNEAKER,,,,,,10,0,10,0,1,,0,0,AUSTIN-06,AUSTIN-06-NUDE,0,0,1.65,0,0,0,0,0,4,8,12,,0,,0,,,,,,,,,,,AUSTIN-06,,,NUDE,NUDE,,7,7,,,,,WOMEN,,,,,,,,,,2022SSFW,,0,,FALSE,TRUE,FALSE,FALSE,,,0,0,0,,0,,YK,0,0,0,,,,,,,,,,,,,0,0,,,,,,0,,0,0,0,0,0,0,0,,,,,,,,,,,,,,
AUSTIN-06-NUDE-7.5,,0,,,SNEAKER,,,SNEAKER,,,,,,10,0,10,0,1,,0,0,AUSTIN-06,AUSTIN-06-NUDE,0,0,1.65,0,0,0,0,0,4,8,12,,0,,0,,,,,,,,,,,AUSTIN-06,,,NUDE,NUDE,,7.5,7.5,,,,,WOMEN,,,,,,,,,,2022SSFW,,0,,FALSE,TRUE,FALSE,FALSE,,,0,0,0,,0,,YK,0,0,0,,,,,,,,,,,,,0,0,,,,,,0,,0,0,0,0,0,0,0,,,,,,,,,,,,,,
AUSTIN-06-NUDE-8,,0,,,SNEAKER,,,SNEAKER,,,,,,10,0,10,0,1,,0,0,AUSTIN-06,AUSTIN-06-NUDE,0,0,1.65,0,0,0,0,0,4,8,12,,0,,0,,,,,,,,,,,AUSTIN-06,,,NUDE,NUDE,,8,8,,,,,WOMEN,,,,,,,,,,2022SSFW,,0,,FALSE,TRUE,FALSE,FALSE,,,0,0,0,,0,,YK,0,0,0,,,,,,,,,,,,,0,0,,,,,,0,,0,0,0,0,0,0,0,,,,,,,,,,,,,,
AUSTIN-06-NUDE-8.5,,0,,,SNEAKER,,,SNEAKER,,,,,,10,0,10,0,1,,0,0,AUSTIN-06,AUSTIN-06-NUDE,0,0,1.65,0,0,0,0,0,4,8,12,,0,,0,,,,,,,,,,,AUSTIN-06,,,NUDE,NUDE,,8.5,8.5,,,,,WOMEN,,,,,,,,,,2022SSFW,,0,,FALSE,TRUE,FALSE,FALSE,,,0,0,0,,0,,YK,0,0,0,,,,,,,,,,,,,0,0,,,,,,0,,0,0,0,0,0,0,0,,,,,,,,,,,,,,
AUSTIN-06-NUDE-9,,0,,,SNEAKER,,,SNEAKER,,,,,,10,0,10,0,1,,0,0,AUSTIN-06,AUSTIN-06-NUDE,0,0,1.65,0,0,0,0,0,4,8,12,,0,,0,,,,,,,,,,,AUSTIN-06,,,NUDE,NUDE,,9,9,,,,,WOMEN,,,,,,,,,,2022SSFW,,0,,FALSE,TRUE,FALSE,FALSE,,,0,0,0,,0,,YK,0,0,0,,,,,,,,,,,,,0,0,,,,,,0,,0,0,0,0,0,0,0,,,,,,,,,,,,,,
AUSTIN-06-NUDE-9.5,,0,,,SNEAKER,,,SNEAKER,,,,,,10,0,10,0,1,,0,0,AUSTIN-06,AUSTIN-06-NUDE,0,0,1.65,0,0,0,0,0,4,8,12,,0,,0,,,,,,,,,,,AUSTIN-06,,,NUDE,NUDE,,9.5,9.5,,,,,WOMEN,,,,,,,,,,2022SSFW,,0,,FALSE,TRUE,FALSE,FALSE,,,0,0,0,,0,,YK,0,0,0,,,,,,,,,,,,,0,0,,,,,,0,,0,0,0,0,0,0,0,,,,,,,,,,,,,,
AUSTIN-06-NUDE-A12,,0,,,SNEAKER,,,SNEAKER,,,,,,120,0,120,3,1,,0,0,AUSTIN-06,AUSTIN-06-NUDE,0,0,22,0,0,0,0,0,13,26,15,,0,,0,,,,,,,,,,,AUSTIN-06,,,NUDE,NUDE,,,,,,,,WOMEN,,WHOLESALE,,,,,,,,2022SSFW,,0,,FALSE,TRUE,FALSE,FALSE,,,0,0,0,,0,,YK,0,0,0,,,,,,,,,,,,,0,0,,,,,A12,12,,0,0,0,0,0,0,0,,,,,,,,,,,,,,
AUSTIN-06-NUDE-B12,,0,,,SNEAKER,,,SNEAKER,,,,,,120,0,120,3,1,,0,0,AUSTIN-06,AUSTIN-06-NUDE,0,0,22,0,0,0,0,0,13,26,15,,0,,0,,,,,,,,,,,AUSTIN-06,,,NUDE,NUDE,,,,,,,,WOMEN,,WHOLESALE,,,,,,,,2022SSFW,,0,,FALSE,TRUE,FALSE,FALSE,,,0,0,0,,0,,YK,0,0,0,,,,,,,,,,,,,0,0,,,,,B12,12,,0,0,0,0,0,0,0,,,,,,,,,,,,,,
AUSTIN-06-NUDE-S,,0,,,SNEAKER,,,SNEAKER,,,,,,120,0,120,3,1,,0,0,AUSTIN-06,AUSTIN-06-NUDE,0,0,22,0,0,0,0,0,13,26,15,,0,,0,,,,,,,,,,,AUSTIN-06,,,NUDE,NUDE,,,,,,,,WOMEN,,,,,,,,,,2022SSFW,,0,,FALSE,TRUE,FALSE,FALSE,,,0,0,0,,0,,YK,0,0,0,,,,,,,,,,,,,0,0,,,,,S,1,,0,0,0,0,0,0,0,,,,,,,,,,,,,,
AUSTIN-06-WHITE-A12,,0,,,SNEAKER,,,SNEAKER,,,,,,120,0,120,3,1,,0,0,AUSTIN-06,AUSTIN-06-WHITE,0,0,22,0,0,0,0,0,13,26,15,,0,,0,,,,,,,,,,,AUSTIN-06,,,WHITE,WHITE,,,,,,,,WOMEN,,WHOLESALE,,,,,,,,2022SSFW,,0,,FALSE,TRUE,FALSE,FALSE,,,0,0,0,,0,,YK,0,0,0,,,,,,,,,,,,,0,0,,,,,A12,12,,0,0,0,0,0,0,0,,,,,,,,,,,,,,
AUSTIN-06-WHITE-B12,,0,,,SNEAKER,,,SNEAKER,,,,,,120,0,120,3,1,,0,0,AUSTIN-06,AUSTIN-06-WHITE,0,0,22,0,0,0,0,0,13,26,15,,0,,0,,,,,,,,,,,AUSTIN-06,,,WHITE,WHITE,,,,,,,,WOMEN,,WHOLESALE,,,,,,,,2022SSFW,,0,,FALSE,TRUE,FALSE,FALSE,,,0,0,0,,0,,YK,0,0,0,,,,,,,,,,,,,0,0,,,,,B12,12,,0,0,0,0,0,0,0,,,,,,,,,,,,,,
AUSTIN-06-WHITE-S,,0,,,SNEAKER,,,SNEAKER,,,,,,120,0,120,3,1,,0,0,AUSTIN-06,AUSTIN-06-WHITE,0,0,22,0,0,0,0,0,13,26,15,,0,,0,,,,,,,,,,,AUSTIN-06,,,WHITE,WHITE,,,,,,,,WOMEN,,,,,,,,,,2022SSFW,,0,,FALSE,TRUE,FALSE,FALSE,,,0,0,0,,0,,YK,0,0,0,,,,,,,,,,,,,0,0,,,,,S,1,,0,0,0,0,0,0,0,,,,,,,,,,,,,,
AUSTIN-06-WHITE-10,,0,,,SNEAKER,,,SNEAKER,,,,,,10,0,10,0,1,,0,0,AUSTIN-06,AUSTIN-06-WHITE,0,0,1.65,0,0,0,0,0,4,8,12,,0,,0,,,,,,,,,,,AUSTIN-06,,,WHITE,WHITE,,10,10,,,,,WOMEN,,,,,,,,,,2022SSFW,,0,,FALSE,TRUE,FALSE,FALSE,,,0,0,0,,0,,YK,0,0,0,,,,,,,,,,,,,0,0,,,,,,0,,0,0,0,0,0,0,0,,,,,,,,,,,,,,
AUSTIN-06-WHITE-11,,0,,,SNEAKER,,,SNEAKER,,,,,,10,0,10,0,1,,0,0,AUSTIN-06,AUSTIN-06-WHITE,0,0,1.65,0,0,0,0,0,4,8,12,,0,,0,,,,,,,,,,,AUSTIN-06,,,WHITE,WHITE,,11,11,,,,,WOMEN,,,,,,,,,,2022SSFW,,0,,FALSE,TRUE,FALSE,FALSE,,,0,0,0,,0,,YK,0,0,0,,,,,,,,,,,,,0,0,,,,,,0,,0,0,0,0,0,0,0,,,,,,,,,,,,,,
AUSTIN-06-WHITE-12,,0,,,SNEAKER,,,SNEAKER,,,,,,10,0,10,0,1,,0,0,AUSTIN-06,AUSTIN-06-WHITE,0,0,1.65,0,0,0,0,0,4,8,12,,0,,0,,,,,,,,,,,AUSTIN-06,,,WHITE,WHITE,,12,12,,,,,WOMEN,,,,,,,,,,2022SSFW,,0,,FALSE,TRUE,FALSE,FALSE,,,0,0,0,,0,,YK,0,0,0,,,,,,,,,,,,,0,0,,,,,,0,,0,0,0,0,0,0,0,,,,,,,,,,,,,,
AUSTIN-06-WHITE-5,,0,,,SNEAKER,,,SNEAKER,,,,,,10,0,10,0,1,,0,0,AUSTIN-06,AUSTIN-06-WHITE,0,0,1.65,0,0,0,0,0,4,8,12,,0,,0,,,,,,,,,,,AUSTIN-06,,,WHITE,WHITE,,5,5,,,,,WOMEN,,,,,,,,,,2022SSFW,,0,,FALSE,TRUE,FALSE,FALSE,,,0,0,0,,0,,YK,0,0,0,,,,,,,,,,,,,0,0,,,,,,0,,0,0,0,0,0,0,0,,,,,,,,,,,,,,
AUSTIN-06-WHITE-5.5,,0,,,SNEAKER,,,SNEAKER,,,,,,10,0,10,0,1,,0,0,AUSTIN-06,AUSTIN-06-WHITE,0,0,1.65,0,0,0,0,0,4,8,12,,0,,0,,,,,,,,,,,AUSTIN-06,,,WHITE,WHITE,,5.5,5.5,,,,,WOMEN,,,,,,,,,,2022SSFW,,0,,FALSE,TRUE,FALSE,FALSE,,,0,0,0,,0,,YK,0,0,0,,,,,,,,,,,,,0,0,,,,,,0,,0,0,0,0,0,0,0,,,,,,,,,,,,,,
AUSTIN-06-WHITE-6,,0,,,SNEAKER,,,SNEAKER,,,,,,10,0,10,0,1,,0,0,AUSTIN-06,AUSTIN-06-WHITE,0,0,1.65,0,0,0,0,0,4,8,12,,0,,0,,,,,,,,,,,AUSTIN-06,,,WHITE,WHITE,,6,6,,,,,WOMEN,,,,,,,,,,2022SSFW,,0,,FALSE,TRUE,FALSE,FALSE,,,0,0,0,,0,,YK,0,0,0,,,,,,,,,,,,,0,0,,,,,,0,,0,0,0,0,0,0,0,,,,,,,,,,,,,,
AUSTIN-06-WHITE-6.5,,0,,,SNEAKER,,,SNEAKER,,,,,,10,0,10,0,1,,0,0,AUSTIN-06,AUSTIN-06-WHITE,0,0,1.65,0,0,0,0,0,4,8,12,,0,,0,,,,,,,,,,,AUSTIN-06,,,WHITE,WHITE,,6.5,6.5,,,,,WOMEN,,,,,,,,,,2022SSFW,,0,,FALSE,TRUE,FALSE,FALSE,,,0,0,0,,0,,YK,0,0,0,,,,,,,,,,,,,0,0,,,,,,0,,0,0,0,0,0,0,0,,,,,,,,,,,,,,
AUSTIN-06-WHITE-7,,0,,,SNEAKER,,,SNEAKER,,,,,,10,0,10,0,1,,0,0,AUSTIN-06,AUSTIN-06-WHITE,0,0,1.65,0,0,0,0,0,4,8,12,,0,,0,,,,,,,,,,,AUSTIN-06,,,WHITE,WHITE,,7,7,,,,,WOMEN,,,,,,,,,,2022SSFW,,0,,FALSE,TRUE,FALSE,FALSE,,,0,0,0,,0,,YK,0,0,0,,,,,,,,,,,,,0,0,,,,,,0,,0,0,0,0,0,0,0,,,,,,,,,,,,,,
AUSTIN-06-WHITE-7.5,,0,,,SNEAKER,,,SNEAKER,,,,,,10,0,10,0,1,,0,0,AUSTIN-06,AUSTIN-06-WHITE,0,0,1.65,0,0,0,0,0,4,8,12,,0,,0,,,,,,,,,,,AUSTIN-06,,,WHITE,WHITE,,7.5,7.5,,,,,WOMEN,,,,,,,,,,2022SSFW,,0,,FALSE,TRUE,FALSE,FALSE,,,0,0,0,,0,,YK,0,0,0,,,,,,,,,,,,,0,0,,,,,,0,,0,0,0,0,0,0,0,,,,,,,,,,,,,,
AUSTIN-06-WHITE-8,,0,,,SNEAKER,,,SNEAKER,,,,,,10,0,10,0,1,,0,0,AUSTIN-06,AUSTIN-06-WHITE,0,0,1.65,0,0,0,0,0,4,8,12,,0,,0,,,,,,,,,,,AUSTIN-06,,,WHITE,WHITE,,8,8,,,,,WOMEN,,,,,,,,,,2022SSFW,,0,,FALSE,TRUE,FALSE,FALSE,,,0,0,0,,0,,YK,0,0,0,,,,,,,,,,,,,0,0,,,,,,0,,0,0,0,0,0,0,0,,,,,,,,,,,,,,
AUSTIN-06-WHITE-8.5,,0,,,SNEAKER,,,SNEAKER,,,,,,10,0,10,0,1,,0,0,AUSTIN-06,AUSTIN-06-WHITE,0,0,1.65,0,0,0,0,0,4,8,12,,0,,0,,,,,,,,,,,AUSTIN-06,,,WHITE,WHITE,,8.5,8.5,,,,,WOMEN,,,,,,,,,,2022SSFW,,0,,FALSE,TRUE,FALSE,FALSE,,,0,0,0,,0,,YK,0,0,0,,,,,,,,,,,,,0,0,,,,,,0,,0,0,0,0,0,0,0,,,,,,,,,,,,,,
AUSTIN-06-WHITE-9,,0,,,SNEAKER,,,SNEAKER,,,,,,10,0,10,0,1,,0,0,AUSTIN-06,AUSTIN-06-WHITE,0,0,1.65,0,0,0,0,0,4,8,12,,0,,0,,,,,,,,,,,AUSTIN-06,,,WHITE,WHITE,,9,9,,,,,WOMEN,,,,,,,,,,2022SSFW,,0,,FALSE,TRUE,FALSE,FALSE,,,0,0,0,,0,,YK,0,0,0,,,,,,,,,,,,,0,0,,,,,,0,,0,0,0,0,0,0,0,,,,,,,,,,,,,,
AUSTIN-06-WHITE-9.5,,0,,,SNEAKER,,,SNEAKER,,,,,,10,0,10,0,1,,0,0,AUSTIN-06,AUSTIN-06-WHITE,0,0,1.65,0,0,0,0,0,4,8,12,,0,,0,,,,,,,,,,,AUSTIN-06,,,WHITE,WHITE,,9.5,9.5,,,,,WOMEN,,,,,,,,,,2022SSFW,,0,,FALSE,TRUE,FALSE,FALSE,,,0,0,0,,0,,YK,0,0,0,,,,,,,,,,,,,0,0,,,,,,0,,0,0,0,0,0,0,0,,,,,,,,,,,,,,
AVIANA-06-BEIGE-10,,0,,,FUR SLIPPER,,,FUR SLIPPER,,,,,,16.25,0,16.25,0,1,,0,0,AVIANA-06,AVIANA-06-BEIGE,0,0,1.3,0,0,0,0,0,5,5,12,,0,,0,,,,,,,,,,,AVIANA-06,,,BEIGE,BEIGE,,10,10,,,,,WOMEN,,,,,,,,,,2022SS,,0,,FALSE,TRUE,FALSE,FALSE,,,0,0,0,,0,,,0,0,0,,,,,,,,,,,,,0,0,,,,,,0,,0,0,0,0,0,0,0,,,,,,,,,,,,,,
AVIANA-06-BEIGE-11,,0,,,FUR SLIPPER,,,FUR SLIPPER,,,,,,16.25,0,16.25,0,1,,0,0,AVIANA-06,AVIANA-06-BEIGE,0,0,1.3,0,0,0,0,0,5,5,12,,0,,0,,,,,,,,,,,AVIANA-06,,,BEIGE,BEIGE,,11,11,,,,,WOMEN,,,,,,,,,,2022SS,,0,,FALSE,TRUE,FALSE,FALSE,,,0,0,0,,0,,,0,0,0,,,,,,,,,,,,,0,0,,,,,,0,,0,0,0,0,0,0,0,,,,,,,,,,,,,,
AVIANA-06-BEIGE-12,,0,,,FUR SLIPPER,,,FUR SLIPPER,,,,,,16.25,0,16.25,0,1,,0,0,AVIANA-06,AVIANA-06-BEIGE,0,0,1.3,0,0,0,0,0,5,5,12,,0,,0,,,,,,,,,,,AVIANA-06,,,BEIGE,BEIGE,,12,12,,,,,WOMEN,,,,,,,,,,2022SS,,0,,FALSE,TRUE,FALSE,FALSE,,,0,0,0,,0,,,0,0,0,,,,,,,,,,,,,0,0,,,,,,0,,0,0,0,0,0,0,0,,,,,,,,,,,,,,
AVIANA-06-BEIGE-5,,0,,,FUR SLIPPER,,,FUR SLIPPER,,,,,,16.25,0,16.25,0,1,,0,0,AVIANA-06,AVIANA-06-BEIGE,0,0,1.3,0,0,0,0,0,5,5,12,,0,,0,,,,,,,,,,,AVIANA-06,,,BEIGE,BEIGE,,5,5,,,,,WOMEN,,,,,,,,,,2022SS,,0,,FALSE,TRUE,FALSE,FALSE,,,0,0,0,,0,,,0,0,0,,,,,,,,,,,,,0,0,,,,,,0,,0,0,0,0,0,0,0,,,,,,,,,,,,,,
AVIANA-06-BEIGE-5.5,,0,,,FUR SLIPPER,,,FUR SLIPPER,,,,,,16.25,0,16.25,0,1,,0,0,AVIANA-06,AVIANA-06-BEIGE,0,0,1.3,0,0,0,0,0,5,5,12,,0,,0,,,,,,,,,,,AVIANA-06,,,BEIGE,BEIGE,,5.5,5.5,,,,,WOMEN,,,,,,,,,,2022SS,,0,,FALSE,TRUE,FALSE,FALSE,,,0,0,0,,0,,,0,0,0,,,,,,,,,,,,,0,0,,,,,,0,,0,0,0,0,0,0,0,,,,,,,,,,,,,,
AVIANA-06-BEIGE-6,,0,,,FUR SLIPPER,,,FUR SLIPPER,,,,,,16.25,0,16.25,0,1,,0,0,AVIANA-06,AVIANA-06-BEIGE,0,0,1.3,0,0,0,0,0,5,5,12,,0,,0,,,,,,,,,,,AVIANA-06,,,BEIGE,BEIGE,,6,6,,,,,WOMEN,,,,,,,,,,2022SS,,0,,FALSE,TRUE,FALSE,FALSE,,,0,0,0,,0,,,0,0,0,,,,,,,,,,,,,0,0,,,,,,0,,0,0,0,0,0,0,0,,,,,,,,,,,,,,
AVIANA-06-BEIGE-6.5,,0,,,FUR SLIPPER,,,FUR SLIPPER,,,,,,16.25,0,16.25,0,1,,0,0,AVIANA-06,AVIANA-06-BEIGE,0,0,1.3,0,0,0,0,0,5,5,12,,0,,0,,,,,,,,,,,AVIANA-06,,,BEIGE,BEIGE,,6.5,6.5,,,,,WOMEN,,,,,,,,,,2022SS,,0,,FALSE,TRUE,FALSE,FALSE,,,0,0,0,,0,,,0,0,0,,,,,,,,,,,,,0,0,,,,,,0,,0,0,0,0,0,0,0,,,,,,,,,,,,,,
AVIANA-06-BEIGE-7,,0,,,FUR SLIPPER,,,FUR SLIPPER,,,,,,16.25,0,16.25,0,1,,0,0,AVIANA-06,AVIANA-06-BEIGE,0,0,1.3,0,0,0,0,0,5,5,12,,0,,0,,,,,,,,,,,AVIANA-06,,,BEIGE,BEIGE,,7,7,,,,,WOMEN,,,,,,,,,,2022SS,,0,,FALSE,TRUE,FALSE,FALSE,,,0,0,0,,0,,,0,0,0,,,,,,,,,,,,,0,0,,,,,,0,,0,0,0,0,0,0,0,,,,,,,,,,,,,,
AVIANA-06-BEIGE-7.5,,0,,,FUR SLIPPER,,,FUR SLIPPER,,,,,,16.25,0,16.25,0,1,,0,0,AVIANA-06,AVIANA-06-BEIGE,0,0,1.3,0,0,0,0,0,5,5,12,,0,,0,,,,,,,,,,,AVIANA-06,,,BEIGE,BEIGE,,7.5,7.5,,,,,WOMEN,,,,,,,,,,2022SS,,0,,FALSE,TRUE,FALSE,FALSE,,,0,0,0,,0,,,0,0,0,,,,,,,,,,,,,0,0,,,,,,0,,0,0,0,0,0,0,0,,,,,,,,,,,,,,
AVIANA-06-BEIGE-8,,0,,,FUR SLIPPER,,,FUR SLIPPER,,,,,,16.25,0,16.25,0,1,,0,0,AVIANA-06,AVIANA-06-BEIGE,0,0,1.3,0,0,0,0,0,5,5,12,,0,,0,,,,,,,,,,,AVIANA-06,,,BEIGE,BEIGE,,8,8,,,,,WOMEN,,,,,,,,,,2022SS,,0,,FALSE,TRUE,FALSE,FALSE,,,0,0,0,,0,,,0,0,0,,,,,,,,,,,,,0,0,,,,,,0,,0,0,0,0,0,0,0,,,,,,,,,,,,,,
AVIANA-06-BEIGE-8.5,,0,,,FUR SLIPPER,,,FUR SLIPPER,,,,,,16.25,0,16.25,0,1,,0,0,AVIANA-06,AVIANA-06-BEIGE,0,0,1.3,0,0,0,0,0,5,5,12,,0,,0,,,,,,,,,,,AVIANA-06,,,BEIGE,BEIGE,,8.5,8.5,,,,,WOMEN,,,,,,,,,,2022SS,,0,,FALSE,TRUE,FALSE,FALSE,,,0,0,0,,0,,,0,0,0,,,,,,,,,,,,,0,0,,,,,,0,,0,0,0,0,0,0,0,,,,,,,,,,,,,,
AVIANA-06-BEIGE-9,,0,,,FUR SLIPPER,,,FUR SLIPPER,,,,,,16.25,0,16.25,0,1,,0,0,AVIANA-06,AVIANA-06-BEIGE,0,0,1.3,0,0,0,0,0,5,5,12,,0,,0,,,,,,,,,,,AVIANA-06,,,BEIGE,BEIGE,,9,9,,,,,WOMEN,,,,,,,,,,2022SS,,0,,FALSE,TRUE,FALSE,FALSE,,,0,0,0,,0,,,0,0,0,,,,,,,,,,,,,0,0,,,,,,0,,0,0,0,0,0,0,0,,,,,,,,,,,,,,
AVIANA-06-BEIGE-9.5,,0,,,FUR SLIPPER,,,FUR SLIPPER,,,,,,16.25,0,16.25,0,1,,0,0,AVIANA-06,AVIANA-06-BEIGE,0,0,1.3,0,0,0,0,0,5,5,12,,0,,0,,,,,,,,,,,AVIANA-06,,,BEIGE,BEIGE,,9.5,9.5,,,,,WOMEN,,,,,,,,,,2022SS,,0,,FALSE,TRUE,FALSE,FALSE,,,0,0,0,,0,,,0,0,0,,,,,,,,,,,,,0,0,,,,,,0,,0,0,0,0,0,0,0,,,,,,,,,,,,,,
AVIANA-06-BEIGE-A12,,0,,,FUR SLIPPER,,,FUR SLIPPER,,,,,,0,0,0,3,1,,0,0,AVIANA-06,AVIANA-06-BEIGE,0,0,20,0,0,0,0,0,12,20,16,,0,,0,,,,,,,,,,,AVIANA-06,,,BEIGE,BEIGE,,,,,,,,WOMEN,,WHOLESALE,,,,,,,,2022SS,,0,,FALSE,TRUE,FALSE,FALSE,,,0,0,0,,0,,,0,0,0,,,,,,,,,,,,,0,0,,,,,A12,12,,0,0,0,0,0,0,0,,,,,,,,,,,,,,
AVIANA-06-BEIGE-B12,,0,,,FUR SLIPPER,,,FUR SLIPPER,,,,,,0,0,0,3,1,,0,0,AVIANA-06,AVIANA-06-BEIGE,0,0,20,0,0,0,0,0,12,20,16,,0,,0,,,,,,,,,,,AVIANA-06,,,BEIGE,BEIGE,,,,,,,,WOMEN,,WHOLESALE,,,,,,,,2022SS,,0,,FALSE,TRUE,FALSE,FALSE,,,0,0,0,,0,,,0,0,0,,,,,,,,,,,,,0,0,,,,,B12,12,,0,0,0,0,0,0,0,,,,,,,,,,,,,,
AVIANA-06-BEIGE-S,,0,,,FUR SLIPPER,,,FUR SLIPPER,,,,,,0,0,0,3,1,,0,0,AVIANA-06,AVIANA-06-BEIGE,0,0,20,0,0,0,0,0,12,20,16,,0,,0,,,,,,,,,,,AVIANA-06,,,BEIGE,BEIGE,,,,,,,,WOMEN,,,,,,,,,,2022SS,,0,,FALSE,TRUE,FALSE,FALSE,,,0,0,0,,0,,,0,0,0,,,,,,,,,,,,,0,0,,,,,S,1,,0,0,0,0,0,0,0,,,,,,,,,,,,,,
AVIANA-06-BLACK-10,,0,,,FUR SLIPPER,,,FUR SLIPPER,,,,,,16.25,0,16.25,0,1,,0,0,AVIANA-06,AVIANA-06-BLACK,0,0,1.3,0,0,0,0,0,5,5,12,,0,,0,,,,,,,,,,,AVIANA-06,,,BLACK,BLACK,,10,10,,,,,WOMEN,,,,,,,,,,2022SS,,0,,FALSE,TRUE,FALSE,FALSE,,,0,0,0,,0,,,0,0,0,,,,,,,,,,,,,0,0,,,,,,0,,0,0,0,0,0,0,0,,,,,,,,,,,,,,
AVIANA-06-BLACK-11,,0,,,FUR SLIPPER,,,FUR SLIPPER,,,,,,16.25,0,16.25,0,1,,0,0,AVIANA-06,AVIANA-06-BLACK,0,0,1.3,0,0,0,0,0,5,5,12,,0,,0,,,,,,,,,,,AVIANA-06,,,BLACK,BLACK,,11,11,,,,,WOMEN,,,,,,,,,,2022SS,,0,,FALSE,TRUE,FALSE,FALSE,,,0,0,0,,0,,,0,0,0,,,,,,,,,,,,,0,0,,,,,,0,,0,0,0,0,0,0,0,,,,,,,,,,,,,,
AVIANA-06-BLACK-12,,0,,,FUR SLIPPER,,,FUR SLIPPER,,,,,,16.25,0,16.25,0,1,,0,0,AVIANA-06,AVIANA-06-BLACK,0,0,1.3,0,0,0,0,0,5,5,12,,0,,0,,,,,,,,,,,AVIANA-06,,,BLACK,BLACK,,12,12,,,,,WOMEN,,,,,,,,,,2022SS,,0,,FALSE,TRUE,FALSE,FALSE,,,0,0,0,,0,,,0,0,0,,,,,,,,,,,,,0,0,,,,,,0,,0,0,0,0,0,0,0,,,,,,,,,,,,,,
AVIANA-06-BLACK-5,,0,,,FUR SLIPPER,,,FUR SLIPPER,,,,,,16.25,0,16.25,0,1,,0,0,AVIANA-06,AVIANA-06-BLACK,0,0,1.3,0,0,0,0,0,5,5,12,,0,,0,,,,,,,,,,,AVIANA-06,,,BLACK,BLACK,,5,5,,,,,WOMEN,,,,,,,,,,2022SS,,0,,FALSE,TRUE,FALSE,FALSE,,,0,0,0,,0,,,0,0,0,,,,,,,,,,,,,0,0,,,,,,0,,0,0,0,0,0,0,0,,,,,,,,,,,,,,
AVIANA-06-BLACK-5.5,,0,,,FUR SLIPPER,,,FUR SLIPPER,,,,,,16.25,0,16.25,0,1,,0,0,AVIANA-06,AVIANA-06-BLACK,0,0,1.3,0,0,0,0,0,5,5,12,,0,,0,,,,,,,,,,,AVIANA-06,,,BLACK,BLACK,,5.5,5.5,,,,,WOMEN,,,,,,,,,,2022SS,,0,,FALSE,TRUE,FALSE,FALSE,,,0,0,0,,0,,,0,0,0,,,,,,,,,,,,,0,0,,,,,,0,,0,0,0,0,0,0,0,,,,,,,,,,,,,,
AVIANA-06-BLACK-6,,0,,,FUR SLIPPER,,,FUR SLIPPER,,,,,,16.25,0,16.25,0,1,,0,0,AVIANA-06,AVIANA-06-BLACK,0,0,1.3,0,0,0,0,0,5,5,12,,0,,0,,,,,,,,,,,AVIANA-06,,,BLACK,BLACK,,6,6,,,,,WOMEN,,,,,,,,,,2022SS,,0,,FALSE,TRUE,FALSE,FALSE,,,0,0,0,,0,,,0,0,0,,,,,,,,,,,,,0,0,,,,,,0,,0,0,0,0,0,0,0,,,,,,,,,,,,,,
AVIANA-06-BLACK-6.5,,0,,,FUR SLIPPER,,,FUR SLIPPER,,,,,,16.25,0,16.25,0,1,,0,0,AVIANA-06,AVIANA-06-BLACK,0,0,1.3,0,0,0,0,0,5,5,12,,0,,0,,,,,,,,,,,AVIANA-06,,,BLACK,BLACK,,6.5,6.5,,,,,WOMEN,,,,,,,,,,2022SS,,0,,FALSE,TRUE,FALSE,FALSE,,,0,0,0,,0,,,0,0,0,,,,,,,,,,,,,0,0,,,,,,0,,0,0,0,0,0,0,0,,,,,,,,,,,,,,
AVIANA-06-BLACK-7,,0,,,FUR SLIPPER,,,FUR SLIPPER,,,,,,16.25,0,16.25,0,1,,0,0,AVIANA-06,AVIANA-06-BLACK,0,0,1.3,0,0,0,0,0,5,5,12,,0,,0,,,,,,,,,,,AVIANA-06,,,BLACK,BLACK,,7,7,,,,,WOMEN,,,,,,,,,,2022SS,,0,,FALSE,TRUE,FALSE,FALSE,,,0,0,0,,0,,,0,0,0,,,,,,,,,,,,,0,0,,,,,,0,,0,0,0,0,0,0,0,,,,,,,,,,,,,,
AVIANA-06-BLACK-7.5,,0,,,FUR SLIPPER,,,FUR SLIPPER,,,,,,16.25,0,16.25,0,1,,0,0,AVIANA-06,AVIANA-06-BLACK,0,0,1.3,0,0,0,0,0,5,5,12,,0,,0,,,,,,,,,,,AVIANA-06,,,BLACK,BLACK,,7.5,7.5,,,,,WOMEN,,,,,,,,,,2022SS,,0,,FALSE,TRUE,FALSE,FALSE,,,0,0,0,,0,,,0,0,0,,,,,,,,,,,,,0,0,,,,,,0,,0,0,0,0,0,0,0,,,,,,,,,,,,,,
AVIANA-06-BLACK-8,,0,,,FUR SLIPPER,,,FUR SLIPPER,,,,,,16.25,0,16.25,0,1,,0,0,AVIANA-06,AVIANA-06-BLACK,0,0,1.3,0,0,0,0,0,5,5,12,,0,,0,,,,,,,,,,,AVIANA-06,,,BLACK,BLACK,,8,8,,,,,WOMEN,,,,,,,,,,2022SS,,0,,FALSE,TRUE,FALSE,FALSE,,,0,0,0,,0,,,0,0,0,,,,,,,,,,,,,0,0,,,,,,0,,0,0,0,0,0,0,0,,,,,,,,,,,,,,
AVIANA-06-BLACK-8.5,,0,,,FUR SLIPPER,,,FUR SLIPPER,,,,,,16.25,0,16.25,0,1,,0,0,AVIANA-06,AVIANA-06-BLACK,0,0,1.3,0,0,0,0,0,5,5,12,,0,,0,,,,,,,,,,,AVIANA-06,,,BLACK,BLACK,,8.5,8.5,,,,,WOMEN,,,,,,,,,,2022SS,,0,,FALSE,TRUE,FALSE,FALSE,,,0,0,0,,0,,,0,0,0,,,,,,,,,,,,,0,0,,,,,,0,,0,0,0,0,0,0,0,,,,,,,,,,,,,,
AVIANA-06-BLACK-9,,0,,,FUR SLIPPER,,,FUR SLIPPER,,,,,,16.25,0,16.25,0,1,,0,0,AVIANA-06,AVIANA-06-BLACK,0,0,1.3,0,0,0,0,0,5,5,12,,0,,0,,,,,,,,,,,AVIANA-06,,,BLACK,BLACK,,9,9,,,,,WOMEN,,,,,,,,,,2022SS,,0,,FALSE,TRUE,FALSE,FALSE,,,0,0,0,,0,,,0,0,0,,,,,,,,,,,,,0,0,,,,,,0,,0,0,0,0,0,0,0,,,,,,,,,,,,,,
AVIANA-06-BLACK-9.5,,0,,,FUR SLIPPER,,,FUR SLIPPER,,,,,,16.25,0,16.25,0,1,,0,0,AVIANA-06,AVIANA-06-BLACK,0,0,1.3,0,0,0,0,0,5,5,12,,0,,0,,,,,,,,,,,AVIANA-06,,,BLACK,BLACK,,9.5,9.5,,,,,WOMEN,,,,,,,,,,2022SS,,0,,FALSE,TRUE,FALSE,FALSE,,,0,0,0,,0,,,0,0,0,,,,,,,,,,,,,0,0,,,,,,0,,0,0,0,0,0,0,0,,,,,,,,,,,,,,
AVIANA-06-BLACK-A12,,0,,,FUR SLIPPER,,,FUR SLIPPER,,,,,,0,0,0,3,1,,0,0,AVIANA-06,AVIANA-06-BLACK,0,0,20,0,0,0,0,0,12,20,16,,0,,0,,,,,,,,,,,AVIANA-06,,,BLACK,BLACK,,,,,,,,WOMEN,,WHOLESALE,,,,,,,,2022SS,,0,,FALSE,TRUE,FALSE,FALSE,,,0,0,0,,0,,,0,0,0,,,,,,,,,,,,,0,0,,,,,A12,12,,0,0,0,0,0,0,0,,,,,,,,,,,,,,
AVIANA-06-BLACK-B12,,0,,,FUR SLIPPER,,,FUR SLIPPER,,,,,,0,0,0,3,1,,0,0,AVIANA-06,AVIANA-06-BLACK,0,0,20,0,0,0,0,0,12,20,16,,0,,0,,,,,,,,,,,AVIANA-06,,,BLACK,BLACK,,,,,,,,WOMEN,,WHOLESALE,,,,,,,,2022SS,,0,,FALSE,TRUE,FALSE,FALSE,,,0,0,0,,0,,,0,0,0,,,,,,,,,,,,,0,0,,,,,B12,12,,0,0,0,0,0,0,0,,,,,,,,,,,,,,
AVIANA-06-BLACK-S,,0,,,FUR SLIPPER,,,FUR SLIPPER,,,,,,0,0,0,3,1,,0,0,AVIANA-06,AVIANA-06-BLACK,0,0,20,0,0,0,0,0,12,20,16,,0,,0,,,,,,,,,,,AVIANA-06,,,BLACK,BLACK,,,,,,,,WOMEN,,,,,,,,,,2022SS,,0,,FALSE,TRUE,FALSE,FALSE,,,0,0,0,,0,,,0,0,0,,,,,,,,,,,,,0,0,,,,,S,1,,0,0,0,0,0,0,0,,,,,,,,,,,,,,
AVIANA-06-PINK-10,,0,,,FUR SLIPPER,,,FUR SLIPPER,,,,,,16.25,0,16.25,0,1,,0,0,AVIANA-06,AVIANA-06-PINK,0,0,1.3,0,0,0,0,0,5,5,12,,0,,0,,,,,,,,,,,AVIANA-06,,,PINK,PINK,,10,10,,,,,WOMEN,,,,,,,,,,2022SS,,0,,FALSE,TRUE,FALSE,FALSE,,,0,0,0,,0,,,0,0,0,,,,,,,,,,,,,0,0,,,,,,0,,0,0,0,0,0,0,0,,,,,,,,,,,,,,
AVIANA-06-PINK-11,,0,,,FUR SLIPPER,,,FUR SLIPPER,,,,,,16.25,0,16.25,0,1,,0,0,AVIANA-06,AVIANA-06-PINK,0,0,1.3,0,0,0,0,0,5,5,12,,0,,0,,,,,,,,,,,AVIANA-06,,,PINK,PINK,,11,11,,,,,WOMEN,,,,,,,,,,2022SS,,0,,FALSE,TRUE,FALSE,FALSE,,,0,0,0,,0,,,0,0,0,,,,,,,,,,,,,0,0,,,,,,0,,0,0,0,0,0,0,0,,,,,,,,,,,,,,
AVIANA-06-PINK-12,,0,,,FUR SLIPPER,,,FUR SLIPPER,,,,,,16.25,0,16.25,0,1,,0,0,AVIANA-06,AVIANA-06-PINK,0,0,1.3,0,0,0,0,0,5,5,12,,0,,0,,,,,,,,,,,AVIANA-06,,,PINK,PINK,,12,12,,,,,WOMEN,,,,,,,,,,2022SS,,0,,FALSE,TRUE,FALSE,FALSE,,,0,0,0,,0,,,0,0,0,,,,,,,,,,,,,0,0,,,,,,0,,0,0,0,0,0,0,0,,,,,,,,,,,,,,
AVIANA-06-PINK-5,,0,,,FUR SLIPPER,,,FUR SLIPPER,,,,,,16.25,0,16.25,0,1,,0,0,AVIANA-06,AVIANA-06-PINK,0,0,1.3,0,0,0,0,0,5,5,12,,0,,0,,,,,,,,,,,AVIANA-06,,,PINK,PINK,,5,5,,,,,WOMEN,,,,,,,,,,2022SS,,0,,FALSE,TRUE,FALSE,FALSE,,,0,0,0,,0,,,0,0,0,,,,,,,,,,,,,0,0,,,,,,0,,0,0,0,0,0,0,0,,,,,,,,,,,,,,
AVIANA-06-PINK-5.5,,0,,,FUR SLIPPER,,,FUR SLIPPER,,,,,,16.25,0,16.25,0,1,,0,0,AVIANA-06,AVIANA-06-PINK,0,0,1.3,0,0,0,0,0,5,5,12,,0,,0,,,,,,,,,,,AVIANA-06,,,PINK,PINK,,5.5,5.5,,,,,WOMEN,,,,,,,,,,2022SS,,0,,FALSE,TRUE,FALSE,FALSE,,,0,0,0,,0,,,0,0,0,,,,,,,,,,,,,0,0,,,,,,0,,0,0,0,0,0,0,0,,,,,,,,,,,,,,
AVIANA-06-PINK-6,,0,,,FUR SLIPPER,,,FUR SLIPPER,,,,,,16.25,0,16.25,0,1,,0,0,AVIANA-06,AVIANA-06-PINK,0,0,1.3,0,0,0,0,0,5,5,12,,0,,0,,,,,,,,,,,AVIANA-06,,,PINK,PINK,,6,6,,,,,WOMEN,,,,,,,,,,2022SS,,0,,FALSE,TRUE,FALSE,FALSE,,,0,0,0,,0,,,0,0,0,,,,,,,,,,,,,0,0,,,,,,0,,0,0,0,0,0,0,0,,,,,,,,,,,,,,
AVIANA-06-PINK-6.5,,0,,,FUR SLIPPER,,,FUR SLIPPER,,,,,,16.25,0,16.25,0,1,,0,0,AVIANA-06,AVIANA-06-PINK,0,0,1.3,0,0,0,0,0,5,5,12,,0,,0,,,,,,,,,,,AVIANA-06,,,PINK,PINK,,6.5,6.5,,,,,WOMEN,,,,,,,,,,2022SS,,0,,FALSE,TRUE,FALSE,FALSE,,,0,0,0,,0,,,0,0,0,,,,,,,,,,,,,0,0,,,,,,0,,0,0,0,0,0,0,0,,,,,,,,,,,,,,
AVIANA-06-PINK-7,,0,,,FUR SLIPPER,,,FUR SLIPPER,,,,,,16.25,0,16.25,0,1,,0,0,AVIANA-06,AVIANA-06-PINK,0,0,1.3,0,0,0,0,0,5,5,12,,0,,0,,,,,,,,,,,AVIANA-06,,,PINK,PINK,,7,7,,,,,WOMEN,,,,,,,,,,2022SS,,0,,FALSE,TRUE,FALSE,FALSE,,,0,0,0,,0,,,0,0,0,,,,,,,,,,,,,0,0,,,,,,0,,0,0,0,0,0,0,0,,,,,,,,,,,,,,
AVIANA-06-PINK-7.5,,0,,,FUR SLIPPER,,,FUR SLIPPER,,,,,,16.25,0,16.25,0,1,,0,0,AVIANA-06,AVIANA-06-PINK,0,0,1.3,0,0,0,0,0,5,5,12,,0,,0,,,,,,,,,,,AVIANA-06,,,PINK,PINK,,7.5,7.5,,,,,WOMEN,,,,,,,,,,2022SS,,0,,FALSE,TRUE,FALSE,FALSE,,,0,0,0,,0,,,0,0,0,,,,,,,,,,,,,0,0,,,,,,0,,0,0,0,0,0,0,0,,,,,,,,,,,,,,
AVIANA-06-PINK-8,,0,,,FUR SLIPPER,,,FUR SLIPPER,,,,,,16.25,0,16.25,0,1,,0,0,AVIANA-06,AVIANA-06-PINK,0,0,1.3,0,0,0,0,0,5,5,12,,0,,0,,,,,,,,,,,AVIANA-06,,,PINK,PINK,,8,8,,,,,WOMEN,,,,,,,,,,2022SS,,0,,FALSE,TRUE,FALSE,FALSE,,,0,0,0,,0,,,0,0,0,,,,,,,,,,,,,0,0,,,,,,0,,0,0,0,0,0,0,0,,,,,,,,,,,,,,
AVIANA-06-PINK-8.5,,0,,,FUR SLIPPER,,,FUR SLIPPER,,,,,,16.25,0,16.25,0,1,,0,0,AVIANA-06,AVIANA-06-PINK,0,0,1.3,0,0,0,0,0,5,5,12,,0,,0,,,,,,,,,,,AVIANA-06,,,PINK,PINK,,8.5,8.5,,,,,WOMEN,,,,,,,,,,2022SS,,0,,FALSE,TRUE,FALSE,FALSE,,,0,0,0,,0,,,0,0,0,,,,,,,,,,,,,0,0,,,,,,0,,0,0,0,0,0,0,0,,,,,,,,,,,,,,
AVIANA-06-PINK-9,,0,,,FUR SLIPPER,,,FUR SLIPPER,,,,,,16.25,0,16.25,0,1,,0,0,AVIANA-06,AVIANA-06-PINK,0,0,1.3,0,0,0,0,0,5,5,12,,0,,0,,,,,,,,,,,AVIANA-06,,,PINK,PINK,,9,9,,,,,WOMEN,,,,,,,,,,2022SS,,0,,FALSE,TRUE,FALSE,FALSE,,,0,0,0,,0,,,0,0,0,,,,,,,,,,,,,0,0,,,,,,0,,0,0,0,0,0,0,0,,,,,,,,,,,,,,
AVIANA-06-PINK-9.5,,0,,,FUR SLIPPER,,,FUR SLIPPER,,,,,,16.25,0,16.25,0,1,,0,0,AVIANA-06,AVIANA-06-PINK,0,0,1.3,0,0,0,0,0,5,5,12,,0,,0,,,,,,,,,,,AVIANA-06,,,PINK,PINK,,9.5,9.5,,,,,WOMEN,,,,,,,,,,2022SS,,0,,FALSE,TRUE,FALSE,FALSE,,,0,0,0,,0,,,0,0,0,,,,,,,,,,,,,0,0,,,,,,0,,0,0,0,0,0,0,0,,,,,,,,,,,,,,
AVIANA-06-PINK-A12,,0,,,FUR SLIPPER,,,FUR SLIPPER,,,,,,0,0,0,3,1,,0,0,AVIANA-06,AVIANA-06-PINK,0,0,20,0,0,0,0,0,12,20,16,,0,,0,,,,,,,,,,,AVIANA-06,,,PINK,PINK,,,,,,,,WOMEN,,WHOLESALE,,,,,,,,2022SS,,0,,FALSE,TRUE,FALSE,FALSE,,,0,0,0,,0,,,0,0,0,,,,,,,,,,,,,0,0,,,,,A12,12,,0,0,0,0,0,0,0,,,,,,,,,,,,,,
AVIANA-06-PINK-B12,,0,,,FUR SLIPPER,,,FUR SLIPPER,,,,,,0,0,0,3,1,,0,0,AVIANA-06,AVIANA-06-PINK,0,0,20,0,0,0,0,0,12,20,16,,0,,0,,,,,,,,,,,AVIANA-06,,,PINK,PINK,,,,,,,,WOMEN,,WHOLESALE,,,,,,,,2022SS,,0,,FALSE,TRUE,FALSE,FALSE,,,0,0,0,,0,,,0,0,0,,,,,,,,,,,,,0,0,,,,,B12,12,,0,0,0,0,0,0,0,,,,,,,,,,,,,,
AVIANA-06-PINK-S,,0,,,FUR SLIPPER,,,FUR SLIPPER,,,,,,0,0,0,3,1,,0,0,AVIANA-06,AVIANA-06-PINK,0,0,20,0,0,0,0,0,12,20,16,,0,,0,,,,,,,,,,,AVIANA-06,,,PINK,PINK,,,,,,,,WOMEN,,,,,,,,,,2022SS,,0,,FALSE,TRUE,FALSE,FALSE,,,0,0,0,,0,,,0,0,0,,,,,,,,,,,,,0,0,,,,,S,1,,0,0,0,0,0,0,0,,,,,,,,,,,,,,
AVIANA-06-WHITE-10,,0,,,FUR SLIPPER,,,FUR SLIPPER,,,,,,16.25,0,16.25,0,1,,0,0,AVIANA-06,AVIANA-06-WHITE,0,0,1.3,0,0,0,0,0,5,5,12,,0,,0,,,,,,,,,,,AVIANA-06,,,WHITE,WHITE,,10,10,,,,,WOMEN,,,,,,,,,,2022SS,,0,,FALSE,TRUE,FALSE,FALSE,,,0,0,0,,0,,,0,0,0,,,,,,,,,,,,,0,0,,,,,,0,,0,0,0,0,0,0,0,,,,,,,,,,,,,,
AVIANA-06-WHITE-11,,0,,,FUR SLIPPER,,,FUR SLIPPER,,,,,,16.25,0,16.25,0,1,,0,0,AVIANA-06,AVIANA-06-WHITE,0,0,1.3,0,0,0,0,0,5,5,12,,0,,0,,,,,,,,,,,AVIANA-06,,,WHITE,WHITE,,11,11,,,,,WOMEN,,,,,,,,,,2022SS,,0,,FALSE,TRUE,FALSE,FALSE,,,0,0,0,,0,,,0,0,0,,,,,,,,,,,,,0,0,,,,,,0,,0,0,0,0,0,0,0,,,,,,,,,,,,,,
AVIANA-06-WHITE-12,,0,,,FUR SLIPPER,,,FUR SLIPPER,,,,,,16.25,0,16.25,0,1,,0,0,AVIANA-06,AVIANA-06-WHITE,0,0,1.3,0,0,0,0,0,5,5,12,,0,,0,,,,,,,,,,,AVIANA-06,,,WHITE,WHITE,,12,12,,,,,WOMEN,,,,,,,,,,2022SS,,0,,FALSE,TRUE,FALSE,FALSE,,,0,0,0,,0,,,0,0,0,,,,,,,,,,,,,0,0,,,,,,0,,0,0,0,0,0,0,0,,,,,,,,,,,,,,
AVIANA-06-WHITE-5,,0,,,FUR SLIPPER,,,FUR SLIPPER,,,,,,16.25,0,16.25,0,1,,0,0,AVIANA-06,AVIANA-06-WHITE,0,0,1.3,0,0,0,0,0,5,5,12,,0,,0,,,,,,,,,,,AVIANA-06,,,WHITE,WHITE,,5,5,,,,,WOMEN,,,,,,,,,,2022SS,,0,,FALSE,TRUE,FALSE,FALSE,,,0,0,0,,0,,,0,0,0,,,,,,,,,,,,,0,0,,,,,,0,,0,0,0,0,0,0,0,,,,,,,,,,,,,,
AVIANA-06-WHITE-5.5,,0,,,FUR SLIPPER,,,FUR SLIPPER,,,,,,16.25,0,16.25,0,1,,0,0,AVIANA-06,AVIANA-06-WHITE,0,0,1.3,0,0,0,0,0,5,5,12,,0,,0,,,,,,,,,,,AVIANA-06,,,WHITE,WHITE,,5.5,5.5,,,,,WOMEN,,,,,,,,,,2022SS,,0,,FALSE,TRUE,FALSE,FALSE,,,0,0,0,,0,,,0,0,0,,,,,,,,,,,,,0,0,,,,,,0,,0,0,0,0,0,0,0,,,,,,,,,,,,,,
AVIANA-06-WHITE-6,,0,,,FUR SLIPPER,,,FUR SLIPPER,,,,,,16.25,0,16.25,0,1,,0,0,AVIANA-06,AVIANA-06-WHITE,0,0,1.3,0,0,0,0,0,5,5,12,,0,,0,,,,,,,,,,,AVIANA-06,,,WHITE,WHITE,,6,6,,,,,WOMEN,,,,,,,,,,2022SS,,0,,FALSE,TRUE,FALSE,FALSE,,,0,0,0,,0,,,0,0,0,,,,,,,,,,,,,0,0,,,,,,0,,0,0,0,0,0,0,0,,,,,,,,,,,,,,
AVIANA-06-WHITE-6.5,,0,,,FUR SLIPPER,,,FUR SLIPPER,,,,,,16.25,0,16.25,0,1,,0,0,AVIANA-06,AVIANA-06-WHITE,0,0,1.3,0,0,0,0,0,5,5,12,,0,,0,,,,,,,,,,,AVIANA-06,,,WHITE,WHITE,,6.5,6.5,,,,,WOMEN,,,,,,,,,,2022SS,,0,,FALSE,TRUE,FALSE,FALSE,,,0,0,0,,0,,,0,0,0,,,,,,,,,,,,,0,0,,,,,,0,,0,0,0,0,0,0,0,,,,,,,,,,,,,,
AVIANA-06-WHITE-7,,0,,,FUR SLIPPER,,,FUR SLIPPER,,,,,,16.25,0,16.25,0,1,,0,0,AVIANA-06,AVIANA-06-WHITE,0,0,1.3,0,0,0,0,0,5,5,12,,0,,0,,,,,,,,,,,AVIANA-06,,,WHITE,WHITE,,7,7,,,,,WOMEN,,,,,,,,,,2022SS,,0,,FALSE,TRUE,FALSE,FALSE,,,0,0,0,,0,,,0,0,0,,,,,,,,,,,,,0,0,,,,,,0,,0,0,0,0,0,0,0,,,,,,,,,,,,,,
AVIANA-06-WHITE-7.5,,0,,,FUR SLIPPER,,,FUR SLIPPER,,,,,,16.25,0,16.25,0,1,,0,0,AVIANA-06,AVIANA-06-WHITE,0,0,1.3,0,0,0,0,0,5,5,12,,0,,0,,,,,,,,,,,AVIANA-06,,,WHITE,WHITE,,7.5,7.5,,,,,WOMEN,,,,,,,,,,2022SS,,0,,FALSE,TRUE,FALSE,FALSE,,,0,0,0,,0,,,0,0,0,,,,,,,,,,,,,0,0,,,,,,0,,0,0,0,0,0,0,0,,,,,,,,,,,,,,
AVIANA-06-WHITE-8,,0,,,FUR SLIPPER,,,FUR SLIPPER,,,,,,16.25,0,16.25,0,1,,0,0,AVIANA-06,AVIANA-06-WHITE,0,0,1.3,0,0,0,0,0,5,5,12,,0,,0,,,,,,,,,,,AVIANA-06,,,WHITE,WHITE,,8,8,,,,,WOMEN,,,,,,,,,,2022SS,,0,,FALSE,TRUE,FALSE,FALSE,,,0,0,0,,0,,,0,0,0,,,,,,,,,,,,,0,0,,,,,,0,,0,0,0,0,0,0,0,,,,,,,,,,,,,,
AVIANA-06-WHITE-8.5,,0,,,FUR SLIPPER,,,FUR SLIPPER,,,,,,16.25,0,16.25,0,1,,0,0,AVIANA-06,AVIANA-06-WHITE,0,0,1.3,0,0,0,0,0,5,5,12,,0,,0,,,,,,,,,,,AVIANA-06,,,WHITE,WHITE,,8.5,8.5,,,,,WOMEN,,,,,,,,,,2022SS,,0,,FALSE,TRUE,FALSE,FALSE,,,0,0,0,,0,,,0,0,0,,,,,,,,,,,,,0,0,,,,,,0,,0,0,0,0,0,0,0,,,,,,,,,,,,,,
AVIANA-06-WHITE-9,,0,,,FUR SLIPPER,,,FUR SLIPPER,,,,,,16.25,0,16.25,0,1,,0,0,AVIANA-06,AVIANA-06-WHITE,0,0,1.3,0,0,0,0,0,5,5,12,,0,,0,,,,,,,,,,,AVIANA-06,,,WHITE,WHITE,,9,9,,,,,WOMEN,,,,,,,,,,2022SS,,0,,FALSE,TRUE,FALSE,FALSE,,,0,0,0,,0,,,0,0,0,,,,,,,,,,,,,0,0,,,,,,0,,0,0,0,0,0,0,0,,,,,,,,,,,,,,
AVIANA-06-WHITE-9.5,,0,,,FUR SLIPPER,,,FUR SLIPPER,,,,,,16.25,0,16.25,0,1,,0,0,AVIANA-06,AVIANA-06-WHITE,0,0,1.3,0,0,0,0,0,5,5,12,,0,,0,,,,,,,,,,,AVIANA-06,,,WHITE,WHITE,,9.5,9.5,,,,,WOMEN,,,,,,,,,,2022SS,,0,,FALSE,TRUE,FALSE,FALSE,,,0,0,0,,0,,,0,0,0,,,,,,,,,,,,,0,0,,,,,,0,,0,0,0,0,0,0,0,,,,,,,,,,,,,,
AVIANA-06-WHITE-A12,,0,,,FUR SLIPPER,,,FUR SLIPPER,,,,,,0,0,0,3,1,,0,0,AVIANA-06,AVIANA-06-WHITE,0,0,20,0,0,0,0,0,12,20,16,,0,,0,,,,,,,,,,,AVIANA-06,,,WHITE,WHITE,,,,,,,,WOMEN,,WHOLESALE,,,,,,,,2022SS,,0,,FALSE,TRUE,FALSE,FALSE,,,0,0,0,,0,,,0,0,0,,,,,,,,,,,,,0,0,,,,,A12,12,,0,0,0,0,0,0,0,,,,,,,,,,,,,,
AVIANA-06-WHITE-B12,,0,,,FUR SLIPPER,,,FUR SLIPPER,,,,,,0,0,0,3,1,,0,0,AVIANA-06,AVIANA-06-WHITE,0,0,20,0,0,0,0,0,12,20,16,,0,,0,,,,,,,,,,,AVIANA-06,,,WHITE,WHITE,,,,,,,,WOMEN,,WHOLESALE,,,,,,,,2022SS,,0,,FALSE,TRUE,FALSE,FALSE,,,0,0,0,,0,,,0,0,0,,,,,,,,,,,,,0,0,,,,,B12,12,,0,0,0,0,0,0,0,,,,,,,,,,,,,,
AVIANA-06-WHITE-S,,0,,,FUR SLIPPER,,,FUR SLIPPER,,,,,,0,0,0,3,1,,0,0,AVIANA-06,AVIANA-06-WHITE,0,0,20,0,0,0,0,0,12,20,16,,0,,0,,,,,,,,,,,AVIANA-06,,,WHITE,WHITE,,,,,,,,WOMEN,,,,,,,,,,2022SS,,0,,FALSE,TRUE,FALSE,FALSE,,,0,0,0,,0,,,0,0,0,,,,,,,,,,,,,0,0,,,,,S,1,,0,0,0,0,0,0,0,,,,,,,,,,,,,,
CAMILA-06-BLACK-10,,0,CB,,COSS FRONT SLIP ON SLIDES,,,COSS FRONT SLIP ON SLIDES,,,,,,8,0,8,0,1,,0,0,CAMILA-06,CAMILA-06-BLACK,0,0.56,1.58,0,0,0,0,0,5,7,12,,0,,0,,,,,,,,,,,CAMILA-06,,,BLACK,BLACK,,10,10,,,,,WOMEN,,,,,,,,,,2022SS,,0,,FALSE,TRUE,FALSE,FALSE,,CASE,0,0,0,,0,,TF,0,0,0,,,,,,,,,,,,,0,0,,,,,,0,,0,0,0,0,0,0,0,,,,,,,,,,,,,,
CAMILA-06-BLACK-11,,0,CB,,COSS FRONT SLIP ON SLIDES,,,COSS FRONT SLIP ON SLIDES,,,,,,8,0,8,0,1,,0,0,CAMILA-06,CAMILA-06-BLACK,0,0.56,1.58,0,0,0,0,0,5,7,12,,0,,0,,,,,,,,,,,CAMILA-06,,,BLACK,BLACK,,11,11,,,,,WOMEN,,,,,,,,,,2022SS,,0,,FALSE,TRUE,FALSE,FALSE,,CASE,0,0,0,,0,,TF,0,0,0,,,,,,,,,,,,,0,0,,,,,,0,,0,0,0,0,0,0,0,,,,,,,,,,,,,,
CAMILA-06-BLACK-12,,0,CB,,COSS FRONT SLIP ON SLIDES,,,COSS FRONT SLIP ON SLIDES,,,,,,8,0,8,0,1,,0,0,CAMILA-06,CAMILA-06-BLACK,0,0.56,1.58,0,0,0,0,0,5,7,12,,0,,0,,,,,,,,,,,CAMILA-06,,,BLACK,BLACK,,12,12,,,,,WOMEN,,,,,,,,,,2022SS,,0,,FALSE,TRUE,FALSE,FALSE,,CASE,0,0,0,,0,,TF,0,0,0,,,,,,,,,,,,,0,0,,,,,,0,,0,0,0,0,0,0,0,,,,,,,,,,,,,,
CAMILA-06-BLACK-5,,0,CB,,COSS FRONT SLIP ON SLIDES,,,COSS FRONT SLIP ON SLIDES,,,,,,8,0,8,0,1,,0,0,CAMILA-06,CAMILA-06-BLACK,0,0.56,1.58,0,0,0,0,0,5,7,12,,0,,0,,,,,,,,,,,CAMILA-06,,,BLACK,BLACK,,5,5,,,,,WOMEN,,,,,,,,,,2022SS,,0,,FALSE,TRUE,FALSE,FALSE,,CASE,0,0,0,,0,,TF,0,0,0,,,,,,,,,,,,,0,0,,,,,,0,,0,0,0,0,0,0,0,,,,,,,,,,,,,,
CAMILA-06-BLACK-5.5,,0,CB,,COSS FRONT SLIP ON SLIDES,,,COSS FRONT SLIP ON SLIDES,,,,,,8,0,8,0,1,,0,0,CAMILA-06,CAMILA-06-BLACK,0,0.56,1.58,0,0,0,0,0,5,7,12,,0,,0,,,,,,,,,,,CAMILA-06,,,BLACK,BLACK,,5.5,5.5,,,,,WOMEN,,,,,,,,,,2022SS,,0,,FALSE,TRUE,FALSE,FALSE,,CASE,0,0,0,,0,,TF,0,0,0,,,,,,,,,,,,,0,0,,,,,,0,,0,0,0,0,0,0,0,,,,,,,,,,,,,,
CAMILA-06-BLACK-6,,0,CB,,COSS FRONT SLIP ON SLIDES,,,COSS FRONT SLIP ON SLIDES,,,,,,8,0,8,0,1,,0,0,CAMILA-06,CAMILA-06-BLACK,0,0.56,1.58,0,0,0,0,0,5,7,12,,0,,0,,,,,,,,,,,CAMILA-06,,,BLACK,BLACK,,6,6,,,,,WOMEN,,,,,,,,,,2022SS,,0,,FALSE,TRUE,FALSE,FALSE,,CASE,0,0,0,,0,,TF,0,0,0,,,,,,,,,,,,,0,0,,,,,,0,,0,0,0,0,0,0,0,,,,,,,,,,,,,,
CAMILA-06-BLACK-6.5,,0,CB,,COSS FRONT SLIP ON SLIDES,,,COSS FRONT SLIP ON SLIDES,,,,,,8,0,8,0,1,,0,0,CAMILA-06,CAMILA-06-BLACK,0,0.56,1.58,0,0,0,0,0,5,7,12,,0,,0,,,,,,,,,,,CAMILA-06,,,BLACK,BLACK,,6.5,6.5,,,,,WOMEN,,,,,,,,,,2022SS,,0,,FALSE,TRUE,FALSE,FALSE,,CASE,0,0,0,,0,,TF,0,0,0,,,,,,,,,,,,,0,0,,,,,,0,,0,0,0,0,0,0,0,,,,,,,,,,,,,,
CAMILA-06-BLACK-7,,0,CB,,COSS FRONT SLIP ON SLIDES,,,COSS FRONT SLIP ON SLIDES,,,,,,8,0,8,0,1,,0,0,CAMILA-06,CAMILA-06-BLACK,0,0.56,1.58,0,0,0,0,0,5,7,12,,0,,0,,,,,,,,,,,CAMILA-06,,,BLACK,BLACK,,7,7,,,,,WOMEN,,,,,,,,,,2022SS,,0,,FALSE,TRUE,FALSE,FALSE,,CASE,0,0,0,,0,,TF,0,0,0,,,,,,,,,,,,,0,0,,,,,,0,,0,0,0,0,0,0,0,,,,,,,,,,,,,,
CAMILA-06-BLACK-7.5,,0,CB,,COSS FRONT SLIP ON SLIDES,,,COSS FRONT SLIP ON SLIDES,,,,,,8,0,8,0,1,,0,0,CAMILA-06,CAMILA-06-BLACK,0,0.56,1.58,0,0,0,0,0,5,7,12,,0,,0,,,,,,,,,,,CAMILA-06,,,BLACK,BLACK,,7.5,7.5,,,,,WOMEN,,,,,,,,,,2022SS,,0,,FALSE,TRUE,FALSE,FALSE,,CASE,0,0,0,,0,,TF,0,0,0,,,,,,,,,,,,,0,0,,,,,,0,,0,0,0,0,0,0,0,,,,,,,,,,,,,,
CAMILA-06-BLACK-8,,0,CB,,COSS FRONT SLIP ON SLIDES,,,COSS FRONT SLIP ON SLIDES,,,,,,8,0,8,0,1,,0,0,CAMILA-06,CAMILA-06-BLACK,0,0.56,1.58,0,0,0,0,0,5,7,12,,0,,0,,,,,,,,,,,CAMILA-06,,,BLACK,BLACK,,8,8,,,,,WOMEN,,,,,,,,,,2022SS,,0,,FALSE,TRUE,FALSE,FALSE,,CASE,0,0,0,,0,,TF,0,0,0,,,,,,,,,,,,,0,0,,,,,,0,,0,0,0,0,0,0,0,,,,,,,,,,,,,,
CAMILA-06-BLACK-8.5,,0,CB,,COSS FRONT SLIP ON SLIDES,,,COSS FRONT SLIP ON SLIDES,,,,,,8,0,8,0,1,,0,0,CAMILA-06,CAMILA-06-BLACK,0,0.56,1.58,0,0,0,0,0,5,7,12,,0,,0,,,,,,,,,,,CAMILA-06,,,BLACK,BLACK,,8.5,8.5,,,,,WOMEN,,,,,,,,,,2022SS,,0,,FALSE,TRUE,FALSE,FALSE,,CASE,0,0,0,,0,,TF,0,0,0,,,,,,,,,,,,,0,0,,,,,,0,,0,0,0,0,0,0,0,,,,,,,,,,,,,,
CAMILA-06-BLACK-9,,0,CB,,COSS FRONT SLIP ON SLIDES,,,COSS FRONT SLIP ON SLIDES,,,,,,8,0,8,0,1,,0,0,CAMILA-06,CAMILA-06-BLACK,0,0.56,1.58,0,0,0,0,0,5,7,12,,0,,0,,,,,,,,,,,CAMILA-06,,,BLACK,BLACK,,9,9,,,,,WOMEN,,,,,,,,,,2022SS,,0,,FALSE,TRUE,FALSE,FALSE,,CASE,0,0,0,,0,,TF,0,0,0,,,,,,,,,,,,,0,0,,,,,,0,,0,0,0,0,0,0,0,,,,,,,,,,,,,,
CAMILA-06-BLACK-9.5,,0,CB,,COSS FRONT SLIP ON SLIDES,,,COSS FRONT SLIP ON SLIDES,,,,,,8,0,8,0,1,,0,0,CAMILA-06,CAMILA-06-BLACK,0,0.56,1.58,0,0,0,0,0,5,7,12,,0,,0,,,,,,,,,,,CAMILA-06,,,BLACK,BLACK,,9.5,9.5,,,,,WOMEN,,,,,,,,,,2022SS,,0,,FALSE,TRUE,FALSE,FALSE,,CASE,0,0,0,,0,,TF,0,0,0,,,,,,,,,,,,,0,0,,,,,,0,,0,0,0,0,0,0,0,,,,,,,,,,,,,,
CAMILA-06-BLACK-A12,,0,CB,,COSS FRONT SLIP ON SLIDES,,,COSS FRONT SLIP ON SLIDES,,,,,,96,0,96,3,1,,0,0,CAMILA-06,CAMILA-06-BLACK,0,0.56,22,0,0,0,0,0,14,20,20,,0,,0,,,,,,,,,,,CAMILA-06,,,BLACK,BLACK,,,,,,,,WOMEN,,WHOLESALE,,,,,,,,2022SS,,0,,FALSE,TRUE,FALSE,FALSE,,CASE,0,0,0,,0,,TF,0,0,0,,,,,,,,,,,,,0,0,,,,,A12,12,,0,0,0,0,0,0,0,,,,,,,,,,,,,,
CAMILA-06-BLACK-B12,,0,CB,,COSS FRONT SLIP ON SLIDES,,,COSS FRONT SLIP ON SLIDES,,,,,,96,0,96,3,1,,0,0,CAMILA-06,CAMILA-06-BLACK,0,0.56,22,0,0,0,0,0,14,20,20,,0,,0,,,,,,,,,,,CAMILA-06,,,BLACK,BLACK,,,,,,,,WOMEN,,WHOLESALE,,,,,,,,2022SS,,0,,FALSE,TRUE,FALSE,FALSE,,CASE,0,0,0,,0,,TF,0,0,0,,,,,,,,,,,,,0,0,,,,,B12,12,,0,0,0,0,0,0,0,,,,,,,,,,,,,,
CAMILA-06-BLACK-S,,0,CB,,COSS FRONT SLIP ON SLIDES,,,COSS FRONT SLIP ON SLIDES,,,,,,96,0,96,3,1,,0,0,CAMILA-06,CAMILA-06-BLACK,0,0.56,22,0,0,0,0,0,14,20,20,,0,,0,,,,,,,,,,,CAMILA-06,,,BLACK,BLACK,,,,,,,,WOMEN,,,,,,,,,,2022SS,,0,,FALSE,TRUE,FALSE,FALSE,,CASE,0,0,0,,0,,TF,0,0,0,,,,,,,,,,,,,0,0,,,,,S,1,,0,0,0,0,0,0,0,,,,,,,,,,,,,,
CAMILA-06-GREEN-10,,0,CB,,COSS FRONT SLIP ON SLIDES,,,COSS FRONT SLIP ON SLIDES,,,,,,8,0,8,0,1,,0,0,CAMILA-06,CAMILA-06-GREEN,0,0.56,1.58,0,0,0,0,0,5,7,12,,0,,0,,,,,,,,,,,CAMILA-06,,,GREEN,GREEN,,10,10,,,,,WOMEN,,,,,,,,,,2022SS,,0,,FALSE,TRUE,FALSE,FALSE,,CASE,0,0,0,,0,,TF,0,0,0,,,,,,,,,,,,,0,0,,,,,,0,,0,0,0,0,0,0,0,,,,,,,,,,,,,,
CAMILA-06-GREEN-11,,0,CB,,COSS FRONT SLIP ON SLIDES,,,COSS FRONT SLIP ON SLIDES,,,,,,8,0,8,0,1,,0,0,CAMILA-06,CAMILA-06-GREEN,0,0.56,1.58,0,0,0,0,0,5,7,12,,0,,0,,,,,,,,,,,CAMILA-06,,,GREEN,GREEN,,11,11,,,,,WOMEN,,,,,,,,,,2022SS,,0,,FALSE,TRUE,FALSE,FALSE,,CASE,0,0,0,,0,,TF,0,0,0,,,,,,,,,,,,,0,0,,,,,,0,,0,0,0,0,0,0,0,,,,,,,,,,,,,,
CAMILA-06-GREEN-12,,0,CB,,COSS FRONT SLIP ON SLIDES,,,COSS FRONT SLIP ON SLIDES,,,,,,8,0,8,0,1,,0,0,CAMILA-06,CAMILA-06-GREEN,0,0.56,1.58,0,0,0,0,0,5,7,12,,0,,0,,,,,,,,,,,CAMILA-06,,,GREEN,GREEN,,12,12,,,,,WOMEN,,,,,,,,,,2022SS,,0,,FALSE,TRUE,FALSE,FALSE,,CASE,0,0,0,,0,,TF,0,0,0,,,,,,,,,,,,,0,0,,,,,,0,,0,0,0,0,0,0,0,,,,,,,,,,,,,,
CAMILA-06-GREEN-5,,0,CB,,COSS FRONT SLIP ON SLIDES,,,COSS FRONT SLIP ON SLIDES,,,,,,8,0,8,0,1,,0,0,CAMILA-06,CAMILA-06-GREEN,0,0.56,1.58,0,0,0,0,0,5,7,12,,0,,0,,,,,,,,,,,CAMILA-06,,,GREEN,GREEN,,5,5,,,,,WOMEN,,,,,,,,,,2022SS,,0,,FALSE,TRUE,FALSE,FALSE,,CASE,0,0,0,,0,,TF,0,0,0,,,,,,,,,,,,,0,0,,,,,,0,,0,0,0,0,0,0,0,,,,,,,,,,,,,,
CAMILA-06-GREEN-5.5,,0,CB,,COSS FRONT SLIP ON SLIDES,,,COSS FRONT SLIP ON SLIDES,,,,,,8,0,8,0,1,,0,0,CAMILA-06,CAMILA-06-GREEN,0,0.56,1.58,0,0,0,0,0,5,7,12,,0,,0,,,,,,,,,,,CAMILA-06,,,GREEN,GREEN,,5.5,5.5,,,,,WOMEN,,,,,,,,,,2022SS,,0,,FALSE,TRUE,FALSE,FALSE,,CASE,0,0,0,,0,,TF,0,0,0,,,,,,,,,,,,,0,0,,,,,,0,,0,0,0,0,0,0,0,,,,,,,,,,,,,,
CAMILA-06-GREEN-6,,0,CB,,COSS FRONT SLIP ON SLIDES,,,COSS FRONT SLIP ON SLIDES,,,,,,8,0,8,0,1,,0,0,CAMILA-06,CAMILA-06-GREEN,0,0.56,1.58,0,0,0,0,0,5,7,12,,0,,0,,,,,,,,,,,CAMILA-06,,,GREEN,GREEN,,6,6,,,,,WOMEN,,,,,,,,,,2022SS,,0,,FALSE,TRUE,FALSE,FALSE,,CASE,0,0,0,,0,,TF,0,0,0,,,,,,,,,,,,,0,0,,,,,,0,,0,0,0,0,0,0,0,,,,,,,,,,,,,,
CAMILA-06-GREEN-6.5,,0,CB,,COSS FRONT SLIP ON SLIDES,,,COSS FRONT SLIP ON SLIDES,,,,,,8,0,8,0,1,,0,0,CAMILA-06,CAMILA-06-GREEN,0,0.56,1.58,0,0,0,0,0,5,7,12,,0,,0,,,,,,,,,,,CAMILA-06,,,GREEN,GREEN,,6.5,6.5,,,,,WOMEN,,,,,,,,,,2022SS,,0,,FALSE,TRUE,FALSE,FALSE,,CASE,0,0,0,,0,,TF,0,0,0,,,,,,,,,,,,,0,0,,,,,,0,,0,0,0,0,0,0,0,,,,,,,,,,,,,,
CAMILA-06-GREEN-7,,0,CB,,COSS FRONT SLIP ON SLIDES,,,COSS FRONT SLIP ON SLIDES,,,,,,8,0,8,0,1,,0,0,CAMILA-06,CAMILA-06-GREEN,0,0.56,1.58,0,0,0,0,0,5,7,12,,0,,0,,,,,,,,,,,CAMILA-06,,,GREEN,GREEN,,7,7,,,,,WOMEN,,,,,,,,,,2022SS,,0,,FALSE,TRUE,FALSE,FALSE,,CASE,0,0,0,,0,,TF,0,0,0,,,,,,,,,,,,,0,0,,,,,,0,,0,0,0,0,0,0,0,,,,,,,,,,,,,,
CAMILA-06-GREEN-7.5,,0,CB,,COSS FRONT SLIP ON SLIDES,,,COSS FRONT SLIP ON SLIDES,,,,,,8,0,8,0,1,,0,0,CAMILA-06,CAMILA-06-GREEN,0,0.56,1.58,0,0,0,0,0,5,7,12,,0,,0,,,,,,,,,,,CAMILA-06,,,GREEN,GREEN,,7.5,7.5,,,,,WOMEN,,,,,,,,,,2022SS,,0,,FALSE,TRUE,FALSE,FALSE,,CASE,0,0,0,,0,,TF,0,0,0,,,,,,,,,,,,,0,0,,,,,,0,,0,0,0,0,0,0,0,,,,,,,,,,,,,,
CAMILA-06-GREEN-8,,0,CB,,COSS FRONT SLIP ON SLIDES,,,COSS FRONT SLIP ON SLIDES,,,,,,8,0,8,0,1,,0,0,CAMILA-06,CAMILA-06-GREEN,0,0.56,1.58,0,0,0,0,0,5,7,12,,0,,0,,,,,,,,,,,CAMILA-06,,,GREEN,GREEN,,8,8,,,,,WOMEN,,,,,,,,,,2022SS,,0,,FALSE,TRUE,FALSE,FALSE,,CASE,0,0,0,,0,,TF,0,0,0,,,,,,,,,,,,,0,0,,,,,,0,,0,0,0,0,0,0,0,,,,,,,,,,,,,,
CAMILA-06-GREEN-8.5,,0,CB,,COSS FRONT SLIP ON SLIDES,,,COSS FRONT SLIP ON SLIDES,,,,,,8,0,8,0,1,,0,0,CAMILA-06,CAMILA-06-GREEN,0,0.56,1.58,0,0,0,0,0,5,7,12,,0,,0,,,,,,,,,,,CAMILA-06,,,GREEN,GREEN,,8.5,8.5,,,,,WOMEN,,,,,,,,,,2022SS,,0,,FALSE,TRUE,FALSE,FALSE,,CASE,0,0,0,,0,,TF,0,0,0,,,,,,,,,,,,,0,0,,,,,,0,,0,0,0,0,0,0,0,,,,,,,,,,,,,,
CAMILA-06-GREEN-9,,0,CB,,COSS FRONT SLIP ON SLIDES,,,COSS FRONT SLIP ON SLIDES,,,,,,8,0,8,0,1,,0,0,CAMILA-06,CAMILA-06-GREEN,0,0.56,1.58,0,0,0,0,0,5,7,12,,0,,0,,,,,,,,,,,CAMILA-06,,,GREEN,GREEN,,9,9,,,,,WOMEN,,,,,,,,,,2022SS,,0,,FALSE,TRUE,FALSE,FALSE,,CASE,0,0,0,,0,,TF,0,0,0,,,,,,,,,,,,,0,0,,,,,,0,,0,0,0,0,0,0,0,,,,,,,,,,,,,,
CAMILA-06-GREEN-9.5,,0,CB,,COSS FRONT SLIP ON SLIDES,,,COSS FRONT SLIP ON SLIDES,,,,,,8,0,8,0,1,,0,0,CAMILA-06,CAMILA-06-GREEN,0,0.56,1.58,0,0,0,0,0,5,7,12,,0,,0,,,,,,,,,,,CAMILA-06,,,GREEN,GREEN,,9.5,9.5,,,,,WOMEN,,,,,,,,,,2022SS,,0,,FALSE,TRUE,FALSE,FALSE,,CASE,0,0,0,,0,,TF,0,0,0,,,,,,,,,,,,,0,0,,,,,,0,,0,0,0,0,0,0,0,,,,,,,,,,,,,,
CAMILA-06-GREEN-A12,,0,CB,,COSS FRONT SLIP ON SLIDES,,,COSS FRONT SLIP ON SLIDES,,,,,,96,0,96,3,1,,0,0,CAMILA-06,CAMILA-06-GREEN,0,0.56,22,0,0,0,0,0,14,20,20,,0,,0,,,,,,,,,,,CAMILA-06,,,GREEN,GREEN,,,,,,,,WOMEN,,WHOLESALE,,,,,,,,2022SS,,0,,FALSE,TRUE,FALSE,FALSE,,CASE,0,0,0,,0,,TF,0,0,0,,,,,,,,,,,,,0,0,,,,,A12,12,,0,0,0,0,0,0,0,,,,,,,,,,,,,,
CAMILA-06-GREEN-B12,,0,CB,,COSS FRONT SLIP ON SLIDES,,,COSS FRONT SLIP ON SLIDES,,,,,,96,0,96,3,1,,0,0,CAMILA-06,CAMILA-06-GREEN,0,0.56,22,0,0,0,0,0,14,20,20,,0,,0,,,,,,,,,,,CAMILA-06,,,GREEN,GREEN,,,,,,,,WOMEN,,WHOLESALE,,,,,,,,2022SS,,0,,FALSE,TRUE,FALSE,FALSE,,CASE,0,0,0,,0,,TF,0,0,0,,,,,,,,,,,,,0,0,,,,,B12,12,,0,0,0,0,0,0,0,,,,,,,,,,,,,,
CAMILA-06-GREEN-S,,0,CB,,COSS FRONT SLIP ON SLIDES,,,COSS FRONT SLIP ON SLIDES,,,,,,96,0,96,3,1,,0,0,CAMILA-06,CAMILA-06-GREEN,0,0.56,22,0,0,0,0,0,14,20,20,,0,,0,,,,,,,,,,,CAMILA-06,,,GREEN,GREEN,,,,,,,,WOMEN,,,,,,,,,,2022SS,,0,,FALSE,TRUE,FALSE,FALSE,,CASE,0,0,0,,0,,TF,0,0,0,,,,,,,,,,,,,0,0,,,,,S,1,,0,0,0,0,0,0,0,,,,,,,,,,,,,,
CAMILA-06-LILAC-10,,0,CB,,COSS FRONT SLIP ON SLIDES,,,COSS FRONT SLIP ON SLIDES,,,,,,8,0,8,0,1,,0,0,CAMILA-06,CAMILA-06-LILAC,0,0.56,1.58,0,0,0,0,0,5,7,12,,0,,0,,,,,,,,,,,CAMILA-06,,,LILAC,LILAC,,10,10,,,,,WOMEN,,,,,,,,,,2022SS,,0,,FALSE,TRUE,FALSE,FALSE,,CASE,0,0,0,,0,,TF,0,0,0,,,,,,,,,,,,,0,0,,,,,,0,,0,0,0,0,0,0,0,,,,,,,,,,,,,,
CAMILA-06-LILAC-11,,0,CB,,COSS FRONT SLIP ON SLIDES,,,COSS FRONT SLIP ON SLIDES,,,,,,8,0,8,0,1,,0,0,CAMILA-06,CAMILA-06-LILAC,0,0.56,1.58,0,0,0,0,0,5,7,12,,0,,0,,,,,,,,,,,CAMILA-06,,,LILAC,LILAC,,11,11,,,,,WOMEN,,,,,,,,,,2022SS,,0,,FALSE,TRUE,FALSE,FALSE,,CASE,0,0,0,,0,,TF,0,0,0,,,,,,,,,,,,,0,0,,,,,,0,,0,0,0,0,0,0,0,,,,,,,,,,,,,,
CAMILA-06-LILAC-12,,0,CB,,COSS FRONT SLIP ON SLIDES,,,COSS FRONT SLIP ON SLIDES,,,,,,8,0,8,0,1,,0,0,CAMILA-06,CAMILA-06-LILAC,0,0.56,1.58,0,0,0,0,0,5,7,12,,0,,0,,,,,,,,,,,CAMILA-06,,,LILAC,LILAC,,12,12,,,,,WOMEN,,,,,,,,,,2022SS,,0,,FALSE,TRUE,FALSE,FALSE,,CASE,0,0,0,,0,,TF,0,0,0,,,,,,,,,,,,,0,0,,,,,,0,,0,0,0,0,0,0,0,,,,,,,,,,,,,,
CAMILA-06-LILAC-5,,0,CB,,COSS FRONT SLIP ON SLIDES,,,COSS FRONT SLIP ON SLIDES,,,,,,8,0,8,0,1,,0,0,CAMILA-06,CAMILA-06-LILAC,0,0.56,1.58,0,0,0,0,0,5,7,12,,0,,0,,,,,,,,,,,CAMILA-06,,,LILAC,LILAC,,5,5,,,,,WOMEN,,,,,,,,,,2022SS,,0,,FALSE,TRUE,FALSE,FALSE,,CASE,0,0,0,,0,,TF,0,0,0,,,,,,,,,,,,,0,0,,,,,,0,,0,0,0,0,0,0,0,,,,,,,,,,,,,,
CAMILA-06-LILAC-5.5,,0,CB,,COSS FRONT SLIP ON SLIDES,,,COSS FRONT SLIP ON SLIDES,,,,,,8,0,8,0,1,,0,0,CAMILA-06,CAMILA-06-LILAC,0,0.56,1.58,0,0,0,0,0,5,7,12,,0,,0,,,,,,,,,,,CAMILA-06,,,LILAC,LILAC,,5.5,5.5,,,,,WOMEN,,,,,,,,,,2022SS,,0,,FALSE,TRUE,FALSE,FALSE,,CASE,0,0,0,,0,,TF,0,0,0,,,,,,,,,,,,,0,0,,,,,,0,,0,0,0,0,0,0,0,,,,,,,,,,,,,,
CAMILA-06-LILAC-6,,0,CB,,COSS FRONT SLIP ON SLIDES,,,COSS FRONT SLIP ON SLIDES,,,,,,8,0,8,0,1,,0,0,CAMILA-06,CAMILA-06-LILAC,0,0.56,1.58,0,0,0,0,0,5,7,12,,0,,0,,,,,,,,,,,CAMILA-06,,,LILAC,LILAC,,6,6,,,,,WOMEN,,,,,,,,,,2022SS,,0,,FALSE,TRUE,FALSE,FALSE,,CASE,0,0,0,,0,,TF,0,0,0,,,,,,,,,,,,,0,0,,,,,,0,,0,0,0,0,0,0,0,,,,,,,,,,,,,,
CAMILA-06-LILAC-6.5,,0,CB,,COSS FRONT SLIP ON SLIDES,,,COSS FRONT SLIP ON SLIDES,,,,,,8,0,8,0,1,,0,0,CAMILA-06,CAMILA-06-LILAC,0,0.56,1.58,0,0,0,0,0,5,7,12,,0,,0,,,,,,,,,,,CAMILA-06,,,LILAC,LILAC,,6.5,6.5,,,,,WOMEN,,,,,,,,,,2022SS,,0,,FALSE,TRUE,FALSE,FALSE,,CASE,0,0,0,,0,,TF,0,0,0,,,,,,,,,,,,,0,0,,,,,,0,,0,0,0,0,0,0,0,,,,,,,,,,,,,,
CAMILA-06-LILAC-7,,0,CB,,COSS FRONT SLIP ON SLIDES,,,COSS FRONT SLIP ON SLIDES,,,,,,8,0,8,0,1,,0,0,CAMILA-06,CAMILA-06-LILAC,0,0.56,1.58,0,0,0,0,0,5,7,12,,0,,0,,,,,,,,,,,CAMILA-06,,,LILAC,LILAC,,7,7,,,,,WOMEN,,,,,,,,,,2022SS,,0,,FALSE,TRUE,FALSE,FALSE,,CASE,0,0,0,,0,,TF,0,0,0,,,,,,,,,,,,,0,0,,,,,,0,,0,0,0,0,0,0,0,,,,,,,,,,,,,,
CAMILA-06-LILAC-7.5,,0,CB,,COSS FRONT SLIP ON SLIDES,,,COSS FRONT SLIP ON SLIDES,,,,,,8,0,8,0,1,,0,0,CAMILA-06,CAMILA-06-LILAC,0,0.56,1.58,0,0,0,0,0,5,7,12,,0,,0,,,,,,,,,,,CAMILA-06,,,LILAC,LILAC,,7.5,7.5,,,,,WOMEN,,,,,,,,,,2022SS,,0,,FALSE,TRUE,FALSE,FALSE,,CASE,0,0,0,,0,,TF,0,0,0,,,,,,,,,,,,,0,0,,,,,,0,,0,0,0,0,0,0,0,,,,,,,,,,,,,,
CAMILA-06-LILAC-8,,0,CB,,COSS FRONT SLIP ON SLIDES,,,COSS FRONT SLIP ON SLIDES,,,,,,8,0,8,0,1,,0,0,CAMILA-06,CAMILA-06-LILAC,0,0.56,1.58,0,0,0,0,0,5,7,12,,0,,0,,,,,,,,,,,CAMILA-06,,,LILAC,LILAC,,8,8,,,,,WOMEN,,,,,,,,,,2022SS,,0,,FALSE,TRUE,FALSE,FALSE,,CASE,0,0,0,,0,,TF,0,0,0,,,,,,,,,,,,,0,0,,,,,,0,,0,0,0,0,0,0,0,,,,,,,,,,,,,,
CAMILA-06-LILAC-8.5,,0,CB,,COSS FRONT SLIP ON SLIDES,,,COSS FRONT SLIP ON SLIDES,,,,,,8,0,8,0,1,,0,0,CAMILA-06,CAMILA-06-LILAC,0,0.56,1.58,0,0,0,0,0,5,7,12,,0,,0,,,,,,,,,,,CAMILA-06,,,LILAC,LILAC,,8.5,8.5,,,,,WOMEN,,,,,,,,,,2022SS,,0,,FALSE,TRUE,FALSE,FALSE,,CASE,0,0,0,,0,,TF,0,0,0,,,,,,,,,,,,,0,0,,,,,,0,,0,0,0,0,0,0,0,,,,,,,,,,,,,,
CAMILA-06-LILAC-9,,0,CB,,COSS FRONT SLIP ON SLIDES,,,COSS FRONT SLIP ON SLIDES,,,,,,8,0,8,0,1,,0,0,CAMILA-06,CAMILA-06-LILAC,0,0.56,1.58,0,0,0,0,0,5,7,12,,0,,0,,,,,,,,,,,CAMILA-06,,,LILAC,LILAC,,9,9,,,,,WOMEN,,,,,,,,,,2022SS,,0,,FALSE,TRUE,FALSE,FALSE,,CASE,0,0,0,,0,,TF,0,0,0,,,,,,,,,,,,,0,0,,,,,,0,,0,0,0,0,0,0,0,,,,,,,,,,,,,,
CAMILA-06-LILAC-9.5,,0,CB,,COSS FRONT SLIP ON SLIDES,,,COSS FRONT SLIP ON SLIDES,,,,,,8,0,8,0,1,,0,0,CAMILA-06,CAMILA-06-LILAC,0,0.56,1.58,0,0,0,0,0,5,7,12,,0,,0,,,,,,,,,,,CAMILA-06,,,LILAC,LILAC,,9.5,9.5,,,,,WOMEN,,,,,,,,,,2022SS,,0,,FALSE,TRUE,FALSE,FALSE,,CASE,0,0,0,,0,,TF,0,0,0,,,,,,,,,,,,,0,0,,,,,,0,,0,0,0,0,0,0,0,,,,,,,,,,,,,,
CAMILA-06-LILAC-A12,,0,CB,,COSS FRONT SLIP ON SLIDES,,,COSS FRONT SLIP ON SLIDES,,,,,,96,0,96,3,1,,0,0,CAMILA-06,CAMILA-06-LILAC,0,0.56,22,0,0,0,0,0,14,20,20,,0,,0,,,,,,,,,,,CAMILA-06,,,LILAC,LILAC,,,,,,,,WOMEN,,WHOLESALE,,,,,,,,2022SS,,0,,FALSE,TRUE,FALSE,FALSE,,CASE,0,0,0,,0,,TF,0,0,0,,,,,,,,,,,,,0,0,,,,,A12,12,,0,0,0,0,0,0,0,,,,,,,,,,,,,,
CAMILA-06-LILAC-B12,,0,CB,,COSS FRONT SLIP ON SLIDES,,,COSS FRONT SLIP ON SLIDES,,,,,,96,0,96,3,1,,0,0,CAMILA-06,CAMILA-06-LILAC,0,0.56,22,0,0,0,0,0,14,20,20,,0,,0,,,,,,,,,,,CAMILA-06,,,LILAC,LILAC,,,,,,,,WOMEN,,WHOLESALE,,,,,,,,2022SS,,0,,FALSE,TRUE,FALSE,FALSE,,CASE,0,0,0,,0,,TF,0,0,0,,,,,,,,,,,,,0,0,,,,,B12,12,,0,0,0,0,0,0,0,,,,,,,,,,,,,,
CAMILA-06-LILAC-S,,0,CB,,COSS FRONT SLIP ON SLIDES,,,COSS FRONT SLIP ON SLIDES,,,,,,96,0,96,3,1,,0,0,CAMILA-06,CAMILA-06-LILAC,0,0.56,22,0,0,0,0,0,14,20,20,,0,,0,,,,,,,,,,,CAMILA-06,,,LILAC,LILAC,,,,,,,,WOMEN,,,,,,,,,,2022SS,,0,,FALSE,TRUE,FALSE,FALSE,,CASE,0,0,0,,0,,TF,0,0,0,,,,,,,,,,,,,0,0,,,,,S,1,,0,0,0,0,0,0,0,,,,,,,,,,,,,,
CAMILA-06-NUDE-10,,0,CB,,COSS FRONT SLIP ON SLIDES,,,COSS FRONT SLIP ON SLIDES,,,,,,8,0,8,0,1,,0,0,CAMILA-06,CAMILA-06-NUDE,0,0.56,1.58,0,0,0,0,0,5,7,12,,0,,0,,,,,,,,,,,CAMILA-06,,,NUDE,NUDE,,10,10,,,,,WOMEN,,,,,,,,,,2022SS,,0,,FALSE,TRUE,FALSE,FALSE,,CASE,0,0,0,,0,,TF,0,0,0,,,,,,,,,,,,,0,0,,,,,,0,,0,0,0,0,0,0,0,,,,,,,,,,,,,,
CAMILA-06-NUDE-11,,0,CB,,COSS FRONT SLIP ON SLIDES,,,COSS FRONT SLIP ON SLIDES,,,,,,8,0,8,0,1,,0,0,CAMILA-06,CAMILA-06-NUDE,0,0.56,1.58,0,0,0,0,0,5,7,12,,0,,0,,,,,,,,,,,CAMILA-06,,,NUDE,NUDE,,11,11,,,,,WOMEN,,,,,,,,,,2022SS,,0,,FALSE,TRUE,FALSE,FALSE,,CASE,0,0,0,,0,,TF,0,0,0,,,,,,,,,,,,,0,0,,,,,,0,,0,0,0,0,0,0,0,,,,,,,,,,,,,,
CAMILA-06-NUDE-12,,0,CB,,COSS FRONT SLIP ON SLIDES,,,COSS FRONT SLIP ON SLIDES,,,,,,8,0,8,0,1,,0,0,CAMILA-06,CAMILA-06-NUDE,0,0.56,1.58,0,0,0,0,0,5,7,12,,0,,0,,,,,,,,,,,CAMILA-06,,,NUDE,NUDE,,12,12,,,,,WOMEN,,,,,,,,,,2022SS,,0,,FALSE,TRUE,FALSE,FALSE,,CASE,0,0,0,,0,,TF,0,0,0,,,,,,,,,,,,,0,0,,,,,,0,,0,0,0,0,0,0,0,,,,,,,,,,,,,,
CAMILA-06-NUDE-5,,0,CB,,COSS FRONT SLIP ON SLIDES,,,COSS FRONT SLIP ON SLIDES,,,,,,8,0,8,0,1,,0,0,CAMILA-06,CAMILA-06-NUDE,0,0.56,1.58,0,0,0,0,0,5,7,12,,0,,0,,,,,,,,,,,CAMILA-06,,,NUDE,NUDE,,5,5,,,,,WOMEN,,,,,,,,,,2022SS,,0,,FALSE,TRUE,FALSE,FALSE,,CASE,0,0,0,,0,,TF,0,0,0,,,,,,,,,,,,,0,0,,,,,,0,,0,0,0,0,0,0,0,,,,,,,,,,,,,,
CAMILA-06-NUDE-5.5,,0,CB,,COSS FRONT SLIP ON SLIDES,,,COSS FRONT SLIP ON SLIDES,,,,,,8,0,8,0,1,,0,0,CAMILA-06,CAMILA-06-NUDE,0,0.56,1.58,0,0,0,0,0,5,7,12,,0,,0,,,,,,,,,,,CAMILA-06,,,NUDE,NUDE,,5.5,5.5,,,,,WOMEN,,,,,,,,,,2022SS,,0,,FALSE,TRUE,FALSE,FALSE,,CASE,0,0,0,,0,,TF,0,0,0,,,,,,,,,,,,,0,0,,,,,,0,,0,0,0,0,0,0,0,,,,,,,,,,,,,,
CAMILA-06-NUDE-6,,0,CB,,COSS FRONT SLIP ON SLIDES,,,COSS FRONT SLIP ON SLIDES,,,,,,8,0,8,0,1,,0,0,CAMILA-06,CAMILA-06-NUDE,0,0.56,1.58,0,0,0,0,0,5,7,12,,0,,0,,,,,,,,,,,CAMILA-06,,,NUDE,NUDE,,6,6,,,,,WOMEN,,,,,,,,,,2022SS,,0,,FALSE,TRUE,FALSE,FALSE,,CASE,0,0,0,,0,,TF,0,0,0,,,,,,,,,,,,,0,0,,,,,,0,,0,0,0,0,0,0,0,,,,,,,,,,,,,,
CAMILA-06-NUDE-6.5,,0,CB,,COSS FRONT SLIP ON SLIDES,,,COSS FRONT SLIP ON SLIDES,,,,,,8,0,8,0,1,,0,0,CAMILA-06,CAMILA-06-NUDE,0,0.56,1.58,0,0,0,0,0,5,7,12,,0,,0,,,,,,,,,,,CAMILA-06,,,NUDE,NUDE,,6.5,6.5,,,,,WOMEN,,,,,,,,,,2022SS,,0,,FALSE,TRUE,FALSE,FALSE,,CASE,0,0,0,,0,,TF,0,0,0,,,,,,,,,,,,,0,0,,,,,,0,,0,0,0,0,0,0,0,,,,,,,,,,,,,,
CAMILA-06-NUDE-7,,0,CB,,COSS FRONT SLIP ON SLIDES,,,COSS FRONT SLIP ON SLIDES,,,,,,8,0,8,0,1,,0,0,CAMILA-06,CAMILA-06-NUDE,0,0.56,1.58,0,0,0,0,0,5,7,12,,0,,0,,,,,,,,,,,CAMILA-06,,,NUDE,NUDE,,7,7,,,,,WOMEN,,,,,,,,,,2022SS,,0,,FALSE,TRUE,FALSE,FALSE,,CASE,0,0,0,,0,,TF,0,0,0,,,,,,,,,,,,,0,0,,,,,,0,,0,0,0,0,0,0,0,,,,,,,,,,,,,,
CAMILA-06-NUDE-7.5,,0,CB,,COSS FRONT SLIP ON SLIDES,,,COSS FRONT SLIP ON SLIDES,,,,,,8,0,8,0,1,,0,0,CAMILA-06,CAMILA-06-NUDE,0,0.56,1.58,0,0,0,0,0,5,7,12,,0,,0,,,,,,,,,,,CAMILA-06,,,NUDE,NUDE,,7.5,7.5,,,,,WOMEN,,,,,,,,,,2022SS,,0,,FALSE,TRUE,FALSE,FALSE,,CASE,0,0,0,,0,,TF,0,0,0,,,,,,,,,,,,,0,0,,,,,,0,,0,0,0,0,0,0,0,,,,,,,,,,,,,,
CAMILA-06-NUDE-8,,0,CB,,COSS FRONT SLIP ON SLIDES,,,COSS FRONT SLIP ON SLIDES,,,,,,8,0,8,0,1,,0,0,CAMILA-06,CAMILA-06-NUDE,0,0.56,1.58,0,0,0,0,0,5,7,12,,0,,0,,,,,,,,,,,CAMILA-06,,,NUDE,NUDE,,8,8,,,,,WOMEN,,,,,,,,,,2022SS,,0,,FALSE,TRUE,FALSE,FALSE,,CASE,0,0,0,,0,,TF,0,0,0,,,,,,,,,,,,,0,0,,,,,,0,,0,0,0,0,0,0,0,,,,,,,,,,,,,,
CAMILA-06-NUDE-8.5,,0,CB,,COSS FRONT SLIP ON SLIDES,,,COSS FRONT SLIP ON SLIDES,,,,,,8,0,8,0,1,,0,0,CAMILA-06,CAMILA-06-NUDE,0,0.56,1.58,0,0,0,0,0,5,7,12,,0,,0,,,,,,,,,,,CAMILA-06,,,NUDE,NUDE,,8.5,8.5,,,,,WOMEN,,,,,,,,,,2022SS,,0,,FALSE,TRUE,FALSE,FALSE,,CASE,0,0,0,,0,,TF,0,0,0,,,,,,,,,,,,,0,0,,,,,,0,,0,0,0,0,0,0,0,,,,,,,,,,,,,,
CAMILA-06-NUDE-9,,0,CB,,COSS FRONT SLIP ON SLIDES,,,COSS FRONT SLIP ON SLIDES,,,,,,8,0,8,0,1,,0,0,CAMILA-06,CAMILA-06-NUDE,0,0.56,1.58,0,0,0,0,0,5,7,12,,0,,0,,,,,,,,,,,CAMILA-06,,,NUDE,NUDE,,9,9,,,,,WOMEN,,,,,,,,,,2022SS,,0,,FALSE,TRUE,FALSE,FALSE,,CASE,0,0,0,,0,,TF,0,0,0,,,,,,,,,,,,,0,0,,,,,,0,,0,0,0,0,0,0,0,,,,,,,,,,,,,,
CAMILA-06-NUDE-9.5,,0,CB,,COSS FRONT SLIP ON SLIDES,,,COSS FRONT SLIP ON SLIDES,,,,,,8,0,8,0,1,,0,0,CAMILA-06,CAMILA-06-NUDE,0,0.56,1.58,0,0,0,0,0,5,7,12,,0,,0,,,,,,,,,,,CAMILA-06,,,NUDE,NUDE,,9.5,9.5,,,,,WOMEN,,,,,,,,,,2022SS,,0,,FALSE,TRUE,FALSE,FALSE,,CASE,0,0,0,,0,,TF,0,0,0,,,,,,,,,,,,,0,0,,,,,,0,,0,0,0,0,0,0,0,,,,,,,,,,,,,,
CAMILA-06-NUDE-A12,,0,CB,,COSS FRONT SLIP ON SLIDES,,,COSS FRONT SLIP ON SLIDES,,,,,,96,0,96,3,1,,0,0,CAMILA-06,CAMILA-06-NUDE,0,0.56,22,0,0,0,0,0,14,20,20,,0,,0,,,,,,,,,,,CAMILA-06,,,NUDE,NUDE,,,,,,,,WOMEN,,WHOLESALE,,,,,,,,2022SS,,0,,FALSE,TRUE,FALSE,FALSE,,CASE,0,0,0,,0,,TF,0,0,0,,,,,,,,,,,,,0,0,,,,,A12,12,,0,0,0,0,0,0,0,,,,,,,,,,,,,,
CAMILA-06-NUDE-B12,,0,CB,,COSS FRONT SLIP ON SLIDES,,,COSS FRONT SLIP ON SLIDES,,,,,,96,0,96,3,1,,0,0,CAMILA-06,CAMILA-06-NUDE,0,0.56,22,0,0,0,0,0,14,20,20,,0,,0,,,,,,,,,,,CAMILA-06,,,NUDE,NUDE,,,,,,,,WOMEN,,WHOLESALE,,,,,,,,2022SS,,0,,FALSE,TRUE,FALSE,FALSE,,CASE,0,0,0,,0,,TF,0,0,0,,,,,,,,,,,,,0,0,,,,,B12,12,,0,0,0,0,0,0,0,,,,,,,,,,,,,,
CAMILA-06-NUDE-S,,0,CB,,COSS FRONT SLIP ON SLIDES,,,COSS FRONT SLIP ON SLIDES,,,,,,96,0,96,3,1,,0,0,CAMILA-06,CAMILA-06-NUDE,0,0.56,22,0,0,0,0,0,14,20,20,,0,,0,,,,,,,,,,,CAMILA-06,,,NUDE,NUDE,,,,,,,,WOMEN,,,,,,,,,,2022SS,,0,,FALSE,TRUE,FALSE,FALSE,,CASE,0,0,0,,0,,TF,0,0,0,,,,,,,,,,,,,0,0,,,,,S,1,,0,0,0,0,0,0,0,,,,,,,,,,,,,,
CAMILA-06-TAUPE-10,,0,CB,,COSS FRONT SLIP ON SLIDES,,,COSS FRONT SLIP ON SLIDES,,,,,,8,0,8,0,1,,0,0,CAMILA-06,CAMILA-06-TAUPE,0,0.56,1.58,0,0,0,0,0,5,7,12,,0,,0,,,,,,,,,,,CAMILA-06,,,TAUPE,TAUPE,,10,10,,,,,WOMEN,,,,,,,,,,2022SS,,0,,FALSE,TRUE,FALSE,FALSE,,CASE,0,0,0,,0,,TF,0,0,0,,,,,,,,,,,,,0,0,,,,,,0,,0,0,0,0,0,0,0,,,,,,,,,,,,,,
CAMILA-06-TAUPE-11,,0,CB,,COSS FRONT SLIP ON SLIDES,,,COSS FRONT SLIP ON SLIDES,,,,,,8,0,8,0,1,,0,0,CAMILA-06,CAMILA-06-TAUPE,0,0.56,1.58,0,0,0,0,0,5,7,12,,0,,0,,,,,,,,,,,CAMILA-06,,,TAUPE,TAUPE,,11,11,,,,,WOMEN,,,,,,,,,,2022SS,,0,,FALSE,TRUE,FALSE,FALSE,,CASE,0,0,0,,0,,TF,0,0,0,,,,,,,,,,,,,0,0,,,,,,0,,0,0,0,0,0,0,0,,,,,,,,,,,,,,
CAMILA-06-TAUPE-12,,0,CB,,COSS FRONT SLIP ON SLIDES,,,COSS FRONT SLIP ON SLIDES,,,,,,8,0,8,0,1,,0,0,CAMILA-06,CAMILA-06-TAUPE,0,0.56,1.58,0,0,0,0,0,5,7,12,,0,,0,,,,,,,,,,,CAMILA-06,,,TAUPE,TAUPE,,12,12,,,,,WOMEN,,,,,,,,,,2022SS,,0,,FALSE,TRUE,FALSE,FALSE,,CASE,0,0,0,,0,,TF,0,0,0,,,,,,,,,,,,,0,0,,,,,,0,,0,0,0,0,0,0,0,,,,,,,,,,,,,,
CAMILA-06-TAUPE-5,,0,CB,,COSS FRONT SLIP ON SLIDES,,,COSS FRONT SLIP ON SLIDES,,,,,,8,0,8,0,1,,0,0,CAMILA-06,CAMILA-06-TAUPE,0,0.56,1.58,0,0,0,0,0,5,7,12,,0,,0,,,,,,,,,,,CAMILA-06,,,TAUPE,TAUPE,,5,5,,,,,WOMEN,,,,,,,,,,2022SS,,0,,FALSE,TRUE,FALSE,FALSE,,CASE,0,0,0,,0,,TF,0,0,0,,,,,,,,,,,,,0,0,,,,,,0,,0,0,0,0,0,0,0,,,,,,,,,,,,,,
CAMILA-06-TAUPE-5.5,,0,CB,,COSS FRONT SLIP ON SLIDES,,,COSS FRONT SLIP ON SLIDES,,,,,,8,0,8,0,1,,0,0,CAMILA-06,CAMILA-06-TAUPE,0,0.56,1.58,0,0,0,0,0,5,7,12,,0,,0,,,,,,,,,,,CAMILA-06,,,TAUPE,TAUPE,,5.5,5.5,,,,,WOMEN,,,,,,,,,,2022SS,,0,,FALSE,TRUE,FALSE,FALSE,,CASE,0,0,0,,0,,TF,0,0,0,,,,,,,,,,,,,0,0,,,,,,0,,0,0,0,0,0,0,0,,,,,,,,,,,,,,
CAMILA-06-TAUPE-6,,0,CB,,COSS FRONT SLIP ON SLIDES,,,COSS FRONT SLIP ON SLIDES,,,,,,8,0,8,0,1,,0,0,CAMILA-06,CAMILA-06-TAUPE,0,0.56,1.58,0,0,0,0,0,5,7,12,,0,,0,,,,,,,,,,,CAMILA-06,,,TAUPE,TAUPE,,6,6,,,,,WOMEN,,,,,,,,,,2022SS,,0,,FALSE,TRUE,FALSE,FALSE,,CASE,0,0,0,,0,,TF,0,0,0,,,,,,,,,,,,,0,0,,,,,,0,,0,0,0,0,0,0,0,,,,,,,,,,,,,,
CAMILA-06-TAUPE-6.5,,0,CB,,COSS FRONT SLIP ON SLIDES,,,COSS FRONT SLIP ON SLIDES,,,,,,8,0,8,0,1,,0,0,CAMILA-06,CAMILA-06-TAUPE,0,0.56,1.58,0,0,0,0,0,5,7,12,,0,,0,,,,,,,,,,,CAMILA-06,,,TAUPE,TAUPE,,6.5,6.5,,,,,WOMEN,,,,,,,,,,2022SS,,0,,FALSE,TRUE,FALSE,FALSE,,CASE,0,0,0,,0,,TF,0,0,0,,,,,,,,,,,,,0,0,,,,,,0,,0,0,0,0,0,0,0,,,,,,,,,,,,,,
CAMILA-06-TAUPE-7,,0,CB,,COSS FRONT SLIP ON SLIDES,,,COSS FRONT SLIP ON SLIDES,,,,,,8,0,8,0,1,,0,0,CAMILA-06,CAMILA-06-TAUPE,0,0.56,1.58,0,0,0,0,0,5,7,12,,0,,0,,,,,,,,,,,CAMILA-06,,,TAUPE,TAUPE,,7,7,,,,,WOMEN,,,,,,,,,,2022SS,,0,,FALSE,TRUE,FALSE,FALSE,,CASE,0,0,0,,0,,TF,0,0,0,,,,,,,,,,,,,0,0,,,,,,0,,0,0,0,0,0,0,0,,,,,,,,,,,,,,
CAMILA-06-TAUPE-7.5,,0,CB,,COSS FRONT SLIP ON SLIDES,,,COSS FRONT SLIP ON SLIDES,,,,,,8,0,8,0,1,,0,0,CAMILA-06,CAMILA-06-TAUPE,0,0.56,1.58,0,0,0,0,0,5,7,12,,0,,0,,,,,,,,,,,CAMILA-06,,,TAUPE,TAUPE,,7.5,7.5,,,,,WOMEN,,,,,,,,,,2022SS,,0,,FALSE,TRUE,FALSE,FALSE,,CASE,0,0,0,,0,,TF,0,0,0,,,,,,,,,,,,,0,0,,,,,,0,,0,0,0,0,0,0,0,,,,,,,,,,,,,,
CAMILA-06-TAUPE-8,,0,CB,,COSS FRONT SLIP ON SLIDES,,,COSS FRONT SLIP ON SLIDES,,,,,,8,0,8,0,1,,0,0,CAMILA-06,CAMILA-06-TAUPE,0,0.56,1.58,0,0,0,0,0,5,7,12,,0,,0,,,,,,,,,,,CAMILA-06,,,TAUPE,TAUPE,,8,8,,,,,WOMEN,,,,,,,,,,2022SS,,0,,FALSE,TRUE,FALSE,FALSE,,CASE,0,0,0,,0,,TF,0,0,0,,,,,,,,,,,,,0,0,,,,,,0,,0,0,0,0,0,0,0,,,,,,,,,,,,,,
CAMILA-06-TAUPE-8.5,,0,CB,,COSS FRONT SLIP ON SLIDES,,,COSS FRONT SLIP ON SLIDES,,,,,,8,0,8,0,1,,0,0,CAMILA-06,CAMILA-06-TAUPE,0,0.56,1.58,0,0,0,0,0,5,7,12,,0,,0,,,,,,,,,,,CAMILA-06,,,TAUPE,TAUPE,,8.5,8.5,,,,,WOMEN,,,,,,,,,,2022SS,,0,,FALSE,TRUE,FALSE,FALSE,,CASE,0,0,0,,0,,TF,0,0,0,,,,,,,,,,,,,0,0,,,,,,0,,0,0,0,0,0,0,0,,,,,,,,,,,,,,
CAMILA-06-TAUPE-9,,0,CB,,COSS FRONT SLIP ON SLIDES,,,COSS FRONT SLIP ON SLIDES,,,,,,8,0,8,0,1,,0,0,CAMILA-06,CAMILA-06-TAUPE,0,0.56,1.58,0,0,0,0,0,5,7,12,,0,,0,,,,,,,,,,,CAMILA-06,,,TAUPE,TAUPE,,9,9,,,,,WOMEN,,,,,,,,,,2022SS,,0,,FALSE,TRUE,FALSE,FALSE,,CASE,0,0,0,,0,,TF,0,0,0,,,,,,,,,,,,,0,0,,,,,,0,,0,0,0,0,0,0,0,,,,,,,,,,,,,,
CAMILA-06-TAUPE-9.5,,0,CB,,COSS FRONT SLIP ON SLIDES,,,COSS FRONT SLIP ON SLIDES,,,,,,8,0,8,0,1,,0,0,CAMILA-06,CAMILA-06-TAUPE,0,0.56,1.58,0,0,0,0,0,5,7,12,,0,,0,,,,,,,,,,,CAMILA-06,,,TAUPE,TAUPE,,9.5,9.5,,,,,WOMEN,,,,,,,,,,2022SS,,0,,FALSE,TRUE,FALSE,FALSE,,CASE,0,0,0,,0,,TF,0,0,0,,,,,,,,,,,,,0,0,,,,,,0,,0,0,0,0,0,0,0,,,,,,,,,,,,,,
CAMILA-06-TAUPE-A12,,0,CB,,COSS FRONT SLIP ON SLIDES,,,COSS FRONT SLIP ON SLIDES,,,,,,96,0,96,3,1,,0,0,CAMILA-06,CAMILA-06-TAUPE,0,0.56,22,0,0,0,0,0,14,20,20,,0,,0,,,,,,,,,,,CAMILA-06,,,TAUPE,TAUPE,,,,,,,,WOMEN,,WHOLESALE,,,,,,,,2022SS,,0,,FALSE,TRUE,FALSE,FALSE,,CASE,0,0,0,,0,,TF,0,0,0,,,,,,,,,,,,,0,0,,,,,A12,12,,0,0,0,0,0,0,0,,,,,,,,,,,,,,
CAMILA-06-TAUPE-B12,,0,CB,,COSS FRONT SLIP ON SLIDES,,,COSS FRONT SLIP ON SLIDES,,,,,,96,0,96,3,1,,0,0,CAMILA-06,CAMILA-06-TAUPE,0,0.56,22,0,0,0,0,0,14,20,20,,0,,0,,,,,,,,,,,CAMILA-06,,,TAUPE,TAUPE,,,,,,,,WOMEN,,WHOLESALE,,,,,,,,2022SS,,0,,FALSE,TRUE,FALSE,FALSE,,CASE,0,0,0,,0,,TF,0,0,0,,,,,,,,,,,,,0,0,,,,,B12,12,,0,0,0,0,0,0,0,,,,,,,,,,,,,,
CAMILA-06-TAUPE-S,,0,CB,,COSS FRONT SLIP ON SLIDES,,,COSS FRONT SLIP ON SLIDES,,,,,,96,0,96,3,1,,0,0,CAMILA-06,CAMILA-06-TAUPE,0,0.56,22,0,0,0,0,0,14,20,20,,0,,0,,,,,,,,,,,CAMILA-06,,,TAUPE,TAUPE,,,,,,,,WOMEN,,,,,,,,,,2022SS,,0,,FALSE,TRUE,FALSE,FALSE,,CASE,0,0,0,,0,,TF,0,0,0,,,,,,,,,,,,,0,0,,,,,S,1,,0,0,0,0,0,0,0,,,,,,,,,,,,,,
CORA-01-BLK-A12,,0,,,CROSS FRONT SANDAL,,,CROSS FRONT SANDAL,,,,,,129,0,129,3,1,,0,0,CORA-01,CORA-01-BLK,0,0,13,0,0,0,0,0,13,17,13,,0,,0,,,,,,,,,,,CORA-01,,,BLK,BLK,,,,,,,,WOMEN,,WHOLESALE,,,,,,,,,,0,,FALSE,TRUE,FALSE,FALSE,,,0,0,0,,0,,,0,0,0,,,,,,,,,,,,,0,0,,,,,A12,12,,0,0,0,0,0,0,0,,,,,,,,,,,,,,
CORA-01-BLK-B12,,0,,,CROSS FRONT SANDAL,,,CROSS FRONT SANDAL,,,,,,129,0,129,3,1,,0,0,CORA-01,CORA-01-BLK,0,0,13,0,0,0,0,0,13,17,13,,0,,0,,,,,,,,,,,CORA-01,,,BLK,BLK,,,,,,,,WOMEN,,WHOLESALE,,,,,,,,,,0,,FALSE,TRUE,FALSE,FALSE,,,0,0,0,,0,,,0,0,0,,,,,,,,,,,,,0,0,,,,,B12,12,,0,0,0,0,0,0,0,,,,,,,,,,,,,,
CORA-01-BLK-S,,0,,,CROSS FRONT SANDAL,,,CROSS FRONT SANDAL,,,,,,129,0,129,3,1,,0,0,CORA-01,CORA-01-BLK,0,0,13,0,0,0,0,0,13,17,13,,0,,0,,,,,,,,,,,CORA-01,,,BLK,BLK,,,,,,,,WOMEN,,,,,,,,,,,,0,,FALSE,TRUE,FALSE,FALSE,,,0,0,0,,0,,,0,0,0,,,,,,,,,,,,,0,0,,,,,S,1,,0,0,0,0,0,0,0,,,,,,,,,,,,,,
CORA-01-BLK-10,,0,,,CROSS FRONT SANDAL,,,CROSS FRONT SANDAL,,,,,,10.75,0,10.75,0,1,,0,0,CORA-01,CORA-01-BLK,0,0,0.9,0,0,0,0,0,4,11,4,,0,,0,,,,,,,,,,,CORA-01,,,BLK,BLK,,10,10,,,,,WOMEN,,,,,,,,,,,,0,,FALSE,TRUE,FALSE,FALSE,,,0,0,0,,0,,,0,0,0,,,,,,,,,,,,,0,0,,,,,,0,,0,0,0,0,0,0,0,,,,,,,,,,,,,,
CORA-01-BLK-11,,0,,,CROSS FRONT SANDAL,,,CROSS FRONT SANDAL,,,,,,10.75,0,10.75,0,1,,0,0,CORA-01,CORA-01-BLK,0,0,0.9,0,0,0,0,0,4,11,4,,0,,0,,,,,,,,,,,CORA-01,,,BLK,BLK,,11,11,,,,,WOMEN,,,,,,,,,,,,0,,FALSE,TRUE,FALSE,FALSE,,,0,0,0,,0,,,0,0,0,,,,,,,,,,,,,0,0,,,,,,0,,0,0,0,0,0,0,0,,,,,,,,,,,,,,
CORA-01-BLK-12,,0,,,CROSS FRONT SANDAL,,,CROSS FRONT SANDAL,,,,,,10.75,0,10.75,0,1,,0,0,CORA-01,CORA-01-BLK,0,0,0.9,0,0,0,0,0,4,11,4,,0,,0,,,,,,,,,,,CORA-01,,,BLK,BLK,,12,12,,,,,WOMEN,,,,,,,,,,,,0,,FALSE,TRUE,FALSE,FALSE,,,0,0,0,,0,,,0,0,0,,,,,,,,,,,,,0,0,,,,,,0,,0,0,0,0,0,0,0,,,,,,,,,,,,,,
CORA-01-BLK-5,,0,,,CROSS FRONT SANDAL,,,CROSS FRONT SANDAL,,,,,,10.75,0,10.75,0,1,,0,0,CORA-01,CORA-01-BLK,0,0,0.9,0,0,0,0,0,4,11,4,,0,,0,,,,,,,,,,,CORA-01,,,BLK,BLK,,5,5,,,,,WOMEN,,,,,,,,,,,,0,,FALSE,TRUE,FALSE,FALSE,,,0,0,0,,0,,,0,0,0,,,,,,,,,,,,,0,0,,,,,,0,,0,0,0,0,0,0,0,,,,,,,,,,,,,,
CORA-01-BLK-5.5,,0,,,CROSS FRONT SANDAL,,,CROSS FRONT SANDAL,,,,,,10.75,0,10.75,0,1,,0,0,CORA-01,CORA-01-BLK,0,0,0.9,0,0,0,0,0,4,11,4,,0,,0,,,,,,,,,,,CORA-01,,,BLK,BLK,,5.5,5.5,,,,,WOMEN,,,,,,,,,,,,0,,FALSE,TRUE,FALSE,FALSE,,,0,0,0,,0,,,0,0,0,,,,,,,,,,,,,0,0,,,,,,0,,0,0,0,0,0,0,0,,,,,,,,,,,,,,
CORA-01-BLK-6,,0,,,CROSS FRONT SANDAL,,,CROSS FRONT SANDAL,,,,,,10.75,0,10.75,0,1,,0,0,CORA-01,CORA-01-BLK,0,0,0.9,0,0,0,0,0,4,11,4,,0,,0,,,,,,,,,,,CORA-01,,,BLK,BLK,,6,6,,,,,WOMEN,,,,,,,,,,,,0,,FALSE,TRUE,FALSE,FALSE,,,0,0,0,,0,,,0,0,0,,,,,,,,,,,,,0,0,,,,,,0,,0,0,0,0,0,0,0,,,,,,,,,,,,,,
CORA-01-BLK-6.5,,0,,,CROSS FRONT SANDAL,,,CROSS FRONT SANDAL,,,,,,10.75,0,10.75,0,1,,0,0,CORA-01,CORA-01-BLK,0,0,0.9,0,0,0,0,0,4,11,4,,0,,0,,,,,,,,,,,CORA-01,,,BLK,BLK,,6.5,6.5,,,,,WOMEN,,,,,,,,,,,,0,,FALSE,TRUE,FALSE,FALSE,,,0,0,0,,0,,,0,0,0,,,,,,,,,,,,,0,0,,,,,,0,,0,0,0,0,0,0,0,,,,,,,,,,,,,,
CORA-01-BLK-7,,0,,,CROSS FRONT SANDAL,,,CROSS FRONT SANDAL,,,,,,10.75,0,10.75,0,1,,0,0,CORA-01,CORA-01-BLK,0,0,0.9,0,0,0,0,0,4,11,4,,0,,0,,,,,,,,,,,CORA-01,,,BLK,BLK,,7,7,,,,,WOMEN,,,,,,,,,,,,0,,FALSE,TRUE,FALSE,FALSE,,,0,0,0,,0,,,0,0,0,,,,,,,,,,,,,0,0,,,,,,0,,0,0,0,0,0,0,0,,,,,,,,,,,,,,
CORA-01-BLK-7.5,,0,,,CROSS FRONT SANDAL,,,CROSS FRONT SANDAL,,,,,,10.75,0,10.75,0,1,,0,0,CORA-01,CORA-01-BLK,0,0,0.9,0,0,0,0,0,4,11,4,,0,,0,,,,,,,,,,,CORA-01,,,BLK,BLK,,7.5,7.5,,,,,WOMEN,,,,,,,,,,,,0,,FALSE,TRUE,FALSE,FALSE,,,0,0,0,,0,,,0,0,0,,,,,,,,,,,,,0,0,,,,,,0,,0,0,0,0,0,0,0,,,,,,,,,,,,,,
CORA-01-BLK-8,,0,,,CROSS FRONT SANDAL,,,CROSS FRONT SANDAL,,,,,,10.75,0,10.75,0,1,,0,0,CORA-01,CORA-01-BLK,0,0,0.9,0,0,0,0,0,4,11,4,,0,,0,,,,,,,,,,,CORA-01,,,BLK,BLK,,8,8,,,,,WOMEN,,,,,,,,,,,,0,,FALSE,TRUE,FALSE,FALSE,,,0,0,0,,0,,,0,0,0,,,,,,,,,,,,,0,0,,,,,,0,,0,0,0,0,0,0,0,,,,,,,,,,,,,,
CORA-01-BLK-8.5,,0,,,CROSS FRONT SANDAL,,,CROSS FRONT SANDAL,,,,,,10.75,0,10.75,0,1,,0,0,CORA-01,CORA-01-BLK,0,0,0.9,0,0,0,0,0,4,11,4,,0,,0,,,,,,,,,,,CORA-01,,,BLK,BLK,,8.5,8.5,,,,,WOMEN,,,,,,,,,,,,0,,FALSE,TRUE,FALSE,FALSE,,,0,0,0,,0,,,0,0,0,,,,,,,,,,,,,0,0,,,,,,0,,0,0,0,0,0,0,0,,,,,,,,,,,,,,
CORA-01-BLK-9,,0,,,CROSS FRONT SANDAL,,,CROSS FRONT SANDAL,,,,,,10.75,0,10.75,0,1,,0,0,CORA-01,CORA-01-BLK,0,0,0.9,0,0,0,0,0,4,11,4,,0,,0,,,,,,,,,,,CORA-01,,,BLK,BLK,,9,9,,,,,WOMEN,,,,,,,,,,,,0,,FALSE,TRUE,FALSE,FALSE,,,0,0,0,,0,,,0,0,0,,,,,,,,,,,,,0,0,,,,,,0,,0,0,0,0,0,0,0,,,,,,,,,,,,,,
CORA-01-BLK-9.5,,0,,,CROSS FRONT SANDAL,,,CROSS FRONT SANDAL,,,,,,10.75,0,10.75,0,1,,0,0,CORA-01,CORA-01-BLK,0,0,0.9,0,0,0,0,0,4,11,4,,0,,0,,,,,,,,,,,CORA-01,,,BLK,BLK,,9.5,9.5,,,,,WOMEN,,,,,,,,,,,,0,,FALSE,TRUE,FALSE,FALSE,,,0,0,0,,0,,,0,0,0,,,,,,,,,,,,,0,0,,,,,,0,,0,0,0,0,0,0,0,,,,,,,,,,,,,,
CORA-01-CAME-A12,,0,,,CROSS FRONT SANDAL,,,CROSS FRONT SANDAL,,,,,,129,0,129,3,1,,0,0,CORA-01,CORA-01-CAME,0,0,13,0,0,0,0,0,13,17,13,,0,,0,,,,,,,,,,,CORA-01,,,CAME,CAME,,,,,,,,WOMEN,,WHOLESALE,,,,,,,,,,0,,FALSE,TRUE,FALSE,FALSE,,,0,0,0,,0,,,0,0,0,,,,,,,,,,,,,0,0,,,,,A12,12,,0,0,0,0,0,0,0,,,,,,,,,,,,,,
CORA-01-CAME-B12,,0,,,CROSS FRONT SANDAL,,,CROSS FRONT SANDAL,,,,,,129,0,129,3,1,,0,0,CORA-01,CORA-01-CAME,0,0,13,0,0,0,0,0,13,17,13,,0,,0,,,,,,,,,,,CORA-01,,,CAME,CAME,,,,,,,,WOMEN,,WHOLESALE,,,,,,,,,,0,,FALSE,TRUE,FALSE,FALSE,,,0,0,0,,0,,,0,0,0,,,,,,,,,,,,,0,0,,,,,B12,12,,0,0,0,0,0,0,0,,,,,,,,,,,,,,
CORA-01-CAME-S,,0,,,CROSS FRONT SANDAL,,,CROSS FRONT SANDAL,,,,,,129,0,129,3,1,,0,0,CORA-01,CORA-01-CAME,0,0,13,0,0,0,0,0,13,17,13,,0,,0,,,,,,,,,,,CORA-01,,,CAME,CAME,,,,,,,,WOMEN,,,,,,,,,,,,0,,FALSE,TRUE,FALSE,FALSE,,,0,0,0,,0,,,0,0,0,,,,,,,,,,,,,0,0,,,,,S,1,,0,0,0,0,0,0,0,,,,,,,,,,,,,,
CORA-01-CAME-10,,0,,,CROSS FRONT SANDAL,,,CROSS FRONT SANDAL,,,,,,10.75,0,10.75,0,1,,0,0,CORA-01,CORA-01-CAME,0,0,0.9,0,0,0,0,0,4,11,4,,0,,0,,,,,,,,,,,CORA-01,,,CAME,CAME,,10,10,,,,,WOMEN,,,,,,,,,,,,0,,FALSE,TRUE,FALSE,FALSE,,,0,0,0,,0,,,0,0,0,,,,,,,,,,,,,0,0,,,,,,0,,0,0,0,0,0,0,0,,,,,,,,,,,,,,
CORA-01-CAME-11,,0,,,CROSS FRONT SANDAL,,,CROSS FRONT SANDAL,,,,,,10.75,0,10.75,0,1,,0,0,CORA-01,CORA-01-CAME,0,0,0.9,0,0,0,0,0,4,11,4,,0,,0,,,,,,,,,,,CORA-01,,,CAME,CAME,,11,11,,,,,WOMEN,,,,,,,,,,,,0,,FALSE,TRUE,FALSE,FALSE,,,0,0,0,,0,,,0,0,0,,,,,,,,,,,,,0,0,,,,,,0,,0,0,0,0,0,0,0,,,,,,,,,,,,,,
CORA-01-CAME-12,,0,,,CROSS FRONT SANDAL,,,CROSS FRONT SANDAL,,,,,,10.75,0,10.75,0,1,,0,0,CORA-01,CORA-01-CAME,0,0,0.9,0,0,0,0,0,4,11,4,,0,,0,,,,,,,,,,,CORA-01,,,CAME,CAME,,12,12,,,,,WOMEN,,,,,,,,,,,,0,,FALSE,TRUE,FALSE,FALSE,,,0,0,0,,0,,,0,0,0,,,,,,,,,,,,,0,0,,,,,,0,,0,0,0,0,0,0,0,,,,,,,,,,,,,,
CORA-01-CAME-5,,0,,,CROSS FRONT SANDAL,,,CROSS FRONT SANDAL,,,,,,10.75,0,10.75,0,1,,0,0,CORA-01,CORA-01-CAME,0,0,0.9,0,0,0,0,0,4,11,4,,0,,0,,,,,,,,,,,CORA-01,,,CAME,CAME,,5,5,,,,,WOMEN,,,,,,,,,,,,0,,FALSE,TRUE,FALSE,FALSE,,,0,0,0,,0,,,0,0,0,,,,,,,,,,,,,0,0,,,,,,0,,0,0,0,0,0,0,0,,,,,,,,,,,,,,
CORA-01-CAME-5.5,,0,,,CROSS FRONT SANDAL,,,CROSS FRONT SANDAL,,,,,,10.75,0,10.75,0,1,,0,0,CORA-01,CORA-01-CAME,0,0,0.9,0,0,0,0,0,4,11,4,,0,,0,,,,,,,,,,,CORA-01,,,CAME,CAME,,5.5,5.5,,,,,WOMEN,,,,,,,,,,,,0,,FALSE,TRUE,FALSE,FALSE,,,0,0,0,,0,,,0,0,0,,,,,,,,,,,,,0,0,,,,,,0,,0,0,0,0,0,0,0,,,,,,,,,,,,,,
CORA-01-CAME-6,,0,,,CROSS FRONT SANDAL,,,CROSS FRONT SANDAL,,,,,,10.75,0,10.75,0,1,,0,0,CORA-01,CORA-01-CAME,0,0,0.9,0,0,0,0,0,4,11,4,,0,,0,,,,,,,,,,,CORA-01,,,CAME,CAME,,6,6,,,,,WOMEN,,,,,,,,,,,,0,,FALSE,TRUE,FALSE,FALSE,,,0,0,0,,0,,,0,0,0,,,,,,,,,,,,,0,0,,,,,,0,,0,0,0,0,0,0,0,,,,,,,,,,,,,,
CORA-01-CAME-6.5,,0,,,CROSS FRONT SANDAL,,,CROSS FRONT SANDAL,,,,,,10.75,0,10.75,0,1,,0,0,CORA-01,CORA-01-CAME,0,0,0.9,0,0,0,0,0,4,11,4,,0,,0,,,,,,,,,,,CORA-01,,,CAME,CAME,,6.5,6.5,,,,,WOMEN,,,,,,,,,,,,0,,FALSE,TRUE,FALSE,FALSE,,,0,0,0,,0,,,0,0,0,,,,,,,,,,,,,0,0,,,,,,0,,0,0,0,0,0,0,0,,,,,,,,,,,,,,
CORA-01-CAME-7,,0,,,CROSS FRONT SANDAL,,,CROSS FRONT SANDAL,,,,,,10.75,0,10.75,0,1,,0,0,CORA-01,CORA-01-CAME,0,0,0.9,0,0,0,0,0,4,11,4,,0,,0,,,,,,,,,,,CORA-01,,,CAME,CAME,,7,7,,,,,WOMEN,,,,,,,,,,,,0,,FALSE,TRUE,FALSE,FALSE,,,0,0,0,,0,,,0,0,0,,,,,,,,,,,,,0,0,,,,,,0,,0,0,0,0,0,0,0,,,,,,,,,,,,,,
CORA-01-CAME-7.5,,0,,,CROSS FRONT SANDAL,,,CROSS FRONT SANDAL,,,,,,10.75,0,10.75,0,1,,0,0,CORA-01,CORA-01-CAME,0,0,0.9,0,0,0,0,0,4,11,4,,0,,0,,,,,,,,,,,CORA-01,,,CAME,CAME,,7.5,7.5,,,,,WOMEN,,,,,,,,,,,,0,,FALSE,TRUE,FALSE,FALSE,,,0,0,0,,0,,,0,0,0,,,,,,,,,,,,,0,0,,,,,,0,,0,0,0,0,0,0,0,,,,,,,,,,,,,,
CORA-01-CAME-8,,0,,,CROSS FRONT SANDAL,,,CROSS FRONT SANDAL,,,,,,10.75,0,10.75,0,1,,0,0,CORA-01,CORA-01-CAME,0,0,0.9,0,0,0,0,0,4,11,4,,0,,0,,,,,,,,,,,CORA-01,,,CAME,CAME,,8,8,,,,,WOMEN,,,,,,,,,,,,0,,FALSE,TRUE,FALSE,FALSE,,,0,0,0,,0,,,0,0,0,,,,,,,,,,,,,0,0,,,,,,0,,0,0,0,0,0,0,0,,,,,,,,,,,,,,
CORA-01-CAME-8.5,,0,,,CROSS FRONT SANDAL,,,CROSS FRONT SANDAL,,,,,,10.75,0,10.75,0,1,,0,0,CORA-01,CORA-01-CAME,0,0,0.9,0,0,0,0,0,4,11,4,,0,,0,,,,,,,,,,,CORA-01,,,CAME,CAME,,8.5,8.5,,,,,WOMEN,,,,,,,,,,,,0,,FALSE,TRUE,FALSE,FALSE,,,0,0,0,,0,,,0,0,0,,,,,,,,,,,,,0,0,,,,,,0,,0,0,0,0,0,0,0,,,,,,,,,,,,,,
CORA-01-CAME-9,,0,,,CROSS FRONT SANDAL,,,CROSS FRONT SANDAL,,,,,,10.75,0,10.75,0,1,,0,0,CORA-01,CORA-01-CAME,0,0,0.9,0,0,0,0,0,4,11,4,,0,,0,,,,,,,,,,,CORA-01,,,CAME,CAME,,9,9,,,,,WOMEN,,,,,,,,,,,,0,,FALSE,TRUE,FALSE,FALSE,,,0,0,0,,0,,,0,0,0,,,,,,,,,,,,,0,0,,,,,,0,,0,0,0,0,0,0,0,,,,,,,,,,,,,,
CORA-01-CAME-9.5,,0,,,CROSS FRONT SANDAL,,,CROSS FRONT SANDAL,,,,,,10.75,0,10.75,0,1,,0,0,CORA-01,CORA-01-CAME,0,0,0.9,0,0,0,0,0,4,11,4,,0,,0,,,,,,,,,,,CORA-01,,,CAME,CAME,,9.5,9.5,,,,,WOMEN,,,,,,,,,,,,0,,FALSE,TRUE,FALSE,FALSE,,,0,0,0,,0,,,0,0,0,,,,,,,,,,,,,0,0,,,,,,0,,0,0,0,0,0,0,0,,,,,,,,,,,,,,
CORA-01-FUCH-A12,,0,,,CROSS FRONT SANDAL,,,CROSS FRONT SANDAL,,,,,,129,0,129,3,1,,0,0,CORA-01,CORA-01-FUCH,0,0,13,0,0,0,0,0,13,17,13,,0,,0,,,,,,,,,,,CORA-01,,,FUCH,FUCH,,,,,,,,WOMEN,,WHOLESALE,,,,,,,,,,0,,FALSE,TRUE,FALSE,FALSE,,,0,0,0,,0,,,0,0,0,,,,,,,,,,,,,0,0,,,,,A12,12,,0,0,0,0,0,0,0,,,,,,,,,,,,,,
CORA-01-FUCH-B12,,0,,,CROSS FRONT SANDAL,,,CROSS FRONT SANDAL,,,,,,129,0,129,3,1,,0,0,CORA-01,CORA-01-FUCH,0,0,13,0,0,0,0,0,13,17,13,,0,,0,,,,,,,,,,,CORA-01,,,FUCH,FUCH,,,,,,,,WOMEN,,WHOLESALE,,,,,,,,,,0,,FALSE,TRUE,FALSE,FALSE,,,0,0,0,,0,,,0,0,0,,,,,,,,,,,,,0,0,,,,,B12,12,,0,0,0,0,0,0,0,,,,,,,,,,,,,,
CORA-01-FUCH-S,,0,,,CROSS FRONT SANDAL,,,CROSS FRONT SANDAL,,,,,,129,0,129,3,1,,0,0,CORA-01,CORA-01-FUCH,0,0,13,0,0,0,0,0,13,17,13,,0,,0,,,,,,,,,,,CORA-01,,,FUCH,FUCH,,,,,,,,WOMEN,,,,,,,,,,,,0,,FALSE,TRUE,FALSE,FALSE,,,0,0,0,,0,,,0,0,0,,,,,,,,,,,,,0,0,,,,,S,1,,0,0,0,0,0,0,0,,,,,,,,,,,,,,
CORA-01-FUCH-10,,0,,,CROSS FRONT SANDAL,,,CROSS FRONT SANDAL,,,,,,10.75,0,10.75,0,1,,0,0,CORA-01,CORA-01-FUCH,0,0,0.9,0,0,0,0,0,4,11,4,,0,,0,,,,,,,,,,,CORA-01,,,FUCH,FUCH,,10,10,,,,,WOMEN,,,,,,,,,,,,0,,FALSE,TRUE,FALSE,FALSE,,,0,0,0,,0,,,0,0,0,,,,,,,,,,,,,0,0,,,,,,0,,0,0,0,0,0,0,0,,,,,,,,,,,,,,
CORA-01-FUCH-11,,0,,,CROSS FRONT SANDAL,,,CROSS FRONT SANDAL,,,,,,10.75,0,10.75,0,1,,0,0,CORA-01,CORA-01-FUCH,0,0,0.9,0,0,0,0,0,4,11,4,,0,,0,,,,,,,,,,,CORA-01,,,FUCH,FUCH,,11,11,,,,,WOMEN,,,,,,,,,,,,0,,FALSE,TRUE,FALSE,FALSE,,,0,0,0,,0,,,0,0,0,,,,,,,,,,,,,0,0,,,,,,0,,0,0,0,0,0,0,0,,,,,,,,,,,,,,
CORA-01-FUCH-12,,0,,,CROSS FRONT SANDAL,,,CROSS FRONT SANDAL,,,,,,10.75,0,10.75,0,1,,0,0,CORA-01,CORA-01-FUCH,0,0,0.9,0,0,0,0,0,4,11,4,,0,,0,,,,,,,,,,,CORA-01,,,FUCH,FUCH,,12,12,,,,,WOMEN,,,,,,,,,,,,0,,FALSE,TRUE,FALSE,FALSE,,,0,0,0,,0,,,0,0,0,,,,,,,,,,,,,0,0,,,,,,0,,0,0,0,0,0,0,0,,,,,,,,,,,,,,
CORA-01-FUCH-5,,0,,,CROSS FRONT SANDAL,,,CROSS FRONT SANDAL,,,,,,10.75,0,10.75,0,1,,0,0,CORA-01,CORA-01-FUCH,0,0,0.9,0,0,0,0,0,4,11,4,,0,,0,,,,,,,,,,,CORA-01,,,FUCH,FUCH,,5,5,,,,,WOMEN,,,,,,,,,,,,0,,FALSE,TRUE,FALSE,FALSE,,,0,0,0,,0,,,0,0,0,,,,,,,,,,,,,0,0,,,,,,0,,0,0,0,0,0,0,0,,,,,,,,,,,,,,
CORA-01-FUCH-5.5,,0,,,CROSS FRONT SANDAL,,,CROSS FRONT SANDAL,,,,,,10.75,0,10.75,0,1,,0,0,CORA-01,CORA-01-FUCH,0,0,0.9,0,0,0,0,0,4,11,4,,0,,0,,,,,,,,,,,CORA-01,,,FUCH,FUCH,,5.5,5.5,,,,,WOMEN,,,,,,,,,,,,0,,FALSE,TRUE,FALSE,FALSE,,,0,0,0,,0,,,0,0,0,,,,,,,,,,,,,0,0,,,,,,0,,0,0,0,0,0,0,0,,,,,,,,,,,,,,
CORA-01-FUCH-6,,0,,,CROSS FRONT SANDAL,,,CROSS FRONT SANDAL,,,,,,10.75,0,10.75,0,1,,0,0,CORA-01,CORA-01-FUCH,0,0,0.9,0,0,0,0,0,4,11,4,,0,,0,,,,,,,,,,,CORA-01,,,FUCH,FUCH,,6,6,,,,,WOMEN,,,,,,,,,,,,0,,FALSE,TRUE,FALSE,FALSE,,,0,0,0,,0,,,0,0,0,,,,,,,,,,,,,0,0,,,,,,0,,0,0,0,0,0,0,0,,,,,,,,,,,,,,
CORA-01-FUCH-6.5,,0,,,CROSS FRONT SANDAL,,,CROSS FRONT SANDAL,,,,,,10.75,0,10.75,0,1,,0,0,CORA-01,CORA-01-FUCH,0,0,0.9,0,0,0,0,0,4,11,4,,0,,0,,,,,,,,,,,CORA-01,,,FUCH,FUCH,,6.5,6.5,,,,,WOMEN,,,,,,,,,,,,0,,FALSE,TRUE,FALSE,FALSE,,,0,0,0,,0,,,0,0,0,,,,,,,,,,,,,0,0,,,,,,0,,0,0,0,0,0,0,0,,,,,,,,,,,,,,
CORA-01-FUCH-7,,0,,,CROSS FRONT SANDAL,,,CROSS FRONT SANDAL,,,,,,10.75,0,10.75,0,1,,0,0,CORA-01,CORA-01-FUCH,0,0,0.9,0,0,0,0,0,4,11,4,,0,,0,,,,,,,,,,,CORA-01,,,FUCH,FUCH,,7,7,,,,,WOMEN,,,,,,,,,,,,0,,FALSE,TRUE,FALSE,FALSE,,,0,0,0,,0,,,0,0,0,,,,,,,,,,,,,0,0,,,,,,0,,0,0,0,0,0,0,0,,,,,,,,,,,,,,
CORA-01-FUCH-7.5,,0,,,CROSS FRONT SANDAL,,,CROSS FRONT SANDAL,,,,,,10.75,0,10.75,0,1,,0,0,CORA-01,CORA-01-FUCH,0,0,0.9,0,0,0,0,0,4,11,4,,0,,0,,,,,,,,,,,CORA-01,,,FUCH,FUCH,,7.5,7.5,,,,,WOMEN,,,,,,,,,,,,0,,FALSE,TRUE,FALSE,FALSE,,,0,0,0,,0,,,0,0,0,,,,,,,,,,,,,0,0,,,,,,0,,0,0,0,0,0,0,0,,,,,,,,,,,,,,
CORA-01-FUCH-8,,0,,,CROSS FRONT SANDAL,,,CROSS FRONT SANDAL,,,,,,10.75,0,10.75,0,1,,0,0,CORA-01,CORA-01-FUCH,0,0,0.9,0,0,0,0,0,4,11,4,,0,,0,,,,,,,,,,,CORA-01,,,FUCH,FUCH,,8,8,,,,,WOMEN,,,,,,,,,,,,0,,FALSE,TRUE,FALSE,FALSE,,,0,0,0,,0,,,0,0,0,,,,,,,,,,,,,0,0,,,,,,0,,0,0,0,0,0,0,0,,,,,,,,,,,,,,
CORA-01-FUCH-8.5,,0,,,CROSS FRONT SANDAL,,,CROSS FRONT SANDAL,,,,,,10.75,0,10.75,0,1,,0,0,CORA-01,CORA-01-FUCH,0,0,0.9,0,0,0,0,0,4,11,4,,0,,0,,,,,,,,,,,CORA-01,,,FUCH,FUCH,,8.5,8.5,,,,,WOMEN,,,,,,,,,,,,0,,FALSE,TRUE,FALSE,FALSE,,,0,0,0,,0,,,0,0,0,,,,,,,,,,,,,0,0,,,,,,0,,0,0,0,0,0,0,0,,,,,,,,,,,,,,
CORA-01-FUCH-9,,0,,,CROSS FRONT SANDAL,,,CROSS FRONT SANDAL,,,,,,10.75,0,10.75,0,1,,0,0,CORA-01,CORA-01-FUCH,0,0,0.9,0,0,0,0,0,4,11,4,,0,,0,,,,,,,,,,,CORA-01,,,FUCH,FUCH,,9,9,,,,,WOMEN,,,,,,,,,,,,0,,FALSE,TRUE,FALSE,FALSE,,,0,0,0,,0,,,0,0,0,,,,,,,,,,,,,0,0,,,,,,0,,0,0,0,0,0,0,0,,,,,,,,,,,,,,
CORA-01-FUCH-9.5,,0,,,CROSS FRONT SANDAL,,,CROSS FRONT SANDAL,,,,,,10.75,0,10.75,0,1,,0,0,CORA-01,CORA-01-FUCH,0,0,0.9,0,0,0,0,0,4,11,4,,0,,0,,,,,,,,,,,CORA-01,,,FUCH,FUCH,,9.5,9.5,,,,,WOMEN,,,,,,,,,,,,0,,FALSE,TRUE,FALSE,FALSE,,,0,0,0,,0,,,0,0,0,,,,,,,,,,,,,0,0,,,,,,0,,0,0,0,0,0,0,0,,,,,,,,,,,,,,
CORA-01-LEOP-A12,,0,,,CROSS FRONT SANDAL,,,CROSS FRONT SANDAL,,,,,,129,0,129,3,1,,0,0,CORA-01,CORA-01-LEOP,0,0,13,0,0,0,0,0,13,17,13,,0,,0,,,,,,,,,,,CORA-01,,,LEOP,LEOP,,,,,,,,WOMEN,,WHOLESALE,,,,,,,,,,0,,FALSE,TRUE,FALSE,FALSE,,,0,0,0,,0,,,0,0,0,,,,,,,,,,,,,0,0,,,,,A12,12,,0,0,0,0,0,0,0,,,,,,,,,,,,,,
CORA-01-LEOP-B12,,0,,,CROSS FRONT SANDAL,,,CROSS FRONT SANDAL,,,,,,129,0,129,3,1,,0,0,CORA-01,CORA-01-LEOP,0,0,13,0,0,0,0,0,13,17,13,,0,,0,,,,,,,,,,,CORA-01,,,LEOP,LEOP,,,,,,,,WOMEN,,WHOLESALE,,,,,,,,,,0,,FALSE,TRUE,FALSE,FALSE,,,0,0,0,,0,,,0,0,0,,,,,,,,,,,,,0,0,,,,,B12,12,,0,0,0,0,0,0,0,,,,,,,,,,,,,,
CORA-01-LEOP-S,,0,,,CROSS FRONT SANDAL,,,CROSS FRONT SANDAL,,,,,,129,0,129,3,1,,0,0,CORA-01,CORA-01-LEOP,0,0,13,0,0,0,0,0,13,17,13,,0,,0,,,,,,,,,,,CORA-01,,,LEOP,LEOP,,,,,,,,WOMEN,,,,,,,,,,,,0,,FALSE,TRUE,FALSE,FALSE,,,0,0,0,,0,,,0,0,0,,,,,,,,,,,,,0,0,,,,,S,1,,0,0,0,0,0,0,0,,,,,,,,,,,,,,
CORA-01-LEOP-10,,0,,,CROSS FRONT SANDAL,,,CROSS FRONT SANDAL,,,,,,10.75,0,10.75,0,1,,0,0,CORA-01,CORA-01-LEOP,0,0,0.9,0,0,0,0,0,4,11,4,,0,,0,,,,,,,,,,,CORA-01,,,LEOP,LEOP,,10,10,,,,,WOMEN,,,,,,,,,,,,0,,FALSE,TRUE,FALSE,FALSE,,,0,0,0,,0,,,0,0,0,,,,,,,,,,,,,0,0,,,,,,0,,0,0,0,0,0,0,0,,,,,,,,,,,,,,
CORA-01-LEOP-11,,0,,,CROSS FRONT SANDAL,,,CROSS FRONT SANDAL,,,,,,10.75,0,10.75,0,1,,0,0,CORA-01,CORA-01-LEOP,0,0,0.9,0,0,0,0,0,4,11,4,,0,,0,,,,,,,,,,,CORA-01,,,LEOP,LEOP,,11,11,,,,,WOMEN,,,,,,,,,,,,0,,FALSE,TRUE,FALSE,FALSE,,,0,0,0,,0,,,0,0,0,,,,,,,,,,,,,0,0,,,,,,0,,0,0,0,0,0,0,0,,,,,,,,,,,,,,
CORA-01-LEOP-12,,0,,,CROSS FRONT SANDAL,,,CROSS FRONT SANDAL,,,,,,10.75,0,10.75,0,1,,0,0,CORA-01,CORA-01-LEOP,0,0,0.9,0,0,0,0,0,4,11,4,,0,,0,,,,,,,,,,,CORA-01,,,LEOP,LEOP,,12,12,,,,,WOMEN,,,,,,,,,,,,0,,FALSE,TRUE,FALSE,FALSE,,,0,0,0,,0,,,0,0,0,,,,,,,,,,,,,0,0,,,,,,0,,0,0,0,0,0,0,0,,,,,,,,,,,,,,
CORA-01-LEOP-5,,0,,,CROSS FRONT SANDAL,,,CROSS FRONT SANDAL,,,,,,10.75,0,10.75,0,1,,0,0,CORA-01,CORA-01-LEOP,0,0,0.9,0,0,0,0,0,4,11,4,,0,,0,,,,,,,,,,,CORA-01,,,LEOP,LEOP,,5,5,,,,,WOMEN,,,,,,,,,,,,0,,FALSE,TRUE,FALSE,FALSE,,,0,0,0,,0,,,0,0,0,,,,,,,,,,,,,0,0,,,,,,0,,0,0,0,0,0,0,0,,,,,,,,,,,,,,
CORA-01-LEOP-5.5,,0,,,CROSS FRONT SANDAL,,,CROSS FRONT SANDAL,,,,,,10.75,0,10.75,0,1,,0,0,CORA-01,CORA-01-LEOP,0,0,0.9,0,0,0,0,0,4,11,4,,0,,0,,,,,,,,,,,CORA-01,,,LEOP,LEOP,,5.5,5.5,,,,,WOMEN,,,,,,,,,,,,0,,FALSE,TRUE,FALSE,FALSE,,,0,0,0,,0,,,0,0,0,,,,,,,,,,,,,0,0,,,,,,0,,0,0,0,0,0,0,0,,,,,,,,,,,,,,
CORA-01-LEOP-6,,0,,,CROSS FRONT SANDAL,,,CROSS FRONT SANDAL,,,,,,10.75,0,10.75,0,1,,0,0,CORA-01,CORA-01-LEOP,0,0,0.9,0,0,0,0,0,4,11,4,,0,,0,,,,,,,,,,,CORA-01,,,LEOP,LEOP,,6,6,,,,,WOMEN,,,,,,,,,,,,0,,FALSE,TRUE,FALSE,FALSE,,,0,0,0,,0,,,0,0,0,,,,,,,,,,,,,0,0,,,,,,0,,0,0,0,0,0,0,0,,,,,,,,,,,,,,
CORA-01-LEOP-6.5,,0,,,CROSS FRONT SANDAL,,,CROSS FRONT SANDAL,,,,,,10.75,0,10.75,0,1,,0,0,CORA-01,CORA-01-LEOP,0,0,0.9,0,0,0,0,0,4,11,4,,0,,0,,,,,,,,,,,CORA-01,,,LEOP,LEOP,,6.5,6.5,,,,,WOMEN,,,,,,,,,,,,0,,FALSE,TRUE,FALSE,FALSE,,,0,0,0,,0,,,0,0,0,,,,,,,,,,,,,0,0,,,,,,0,,0,0,0,0,0,0,0,,,,,,,,,,,,,,
CORA-01-LEOP-7,,0,,,CROSS FRONT SANDAL,,,CROSS FRONT SANDAL,,,,,,10.75,0,10.75,0,1,,0,0,CORA-01,CORA-01-LEOP,0,0,0.9,0,0,0,0,0,4,11,4,,0,,0,,,,,,,,,,,CORA-01,,,LEOP,LEOP,,7,7,,,,,WOMEN,,,,,,,,,,,,0,,FALSE,TRUE,FALSE,FALSE,,,0,0,0,,0,,,0,0,0,,,,,,,,,,,,,0,0,,,,,,0,,0,0,0,0,0,0,0,,,,,,,,,,,,,,
CORA-01-LEOP-7.5,,0,,,CROSS FRONT SANDAL,,,CROSS FRONT SANDAL,,,,,,10.75,0,10.75,0,1,,0,0,CORA-01,CORA-01-LEOP,0,0,0.9,0,0,0,0,0,4,11,4,,0,,0,,,,,,,,,,,CORA-01,,,LEOP,LEOP,,7.5,7.5,,,,,WOMEN,,,,,,,,,,,,0,,FALSE,TRUE,FALSE,FALSE,,,0,0,0,,0,,,0,0,0,,,,,,,,,,,,,0,0,,,,,,0,,0,0,0,0,0,0,0,,,,,,,,,,,,,,
CORA-01-LEOP-8,,0,,,CROSS FRONT SANDAL,,,CROSS FRONT SANDAL,,,,,,10.75,0,10.75,0,1,,0,0,CORA-01,CORA-01-LEOP,0,0,0.9,0,0,0,0,0,4,11,4,,0,,0,,,,,,,,,,,CORA-01,,,LEOP,LEOP,,8,8,,,,,WOMEN,,,,,,,,,,,,0,,FALSE,TRUE,FALSE,FALSE,,,0,0,0,,0,,,0,0,0,,,,,,,,,,,,,0,0,,,,,,0,,0,0,0,0,0,0,0,,,,,,,,,,,,,,
CORA-01-LEOP-8.5,,0,,,CROSS FRONT SANDAL,,,CROSS FRONT SANDAL,,,,,,10.75,0,10.75,0,1,,0,0,CORA-01,CORA-01-LEOP,0,0,0.9,0,0,0,0,0,4,11,4,,0,,0,,,,,,,,,,,CORA-01,,,LEOP,LEOP,,8.5,8.5,,,,,WOMEN,,,,,,,,,,,,0,,FALSE,TRUE,FALSE,FALSE,,,0,0,0,,0,,,0,0,0,,,,,,,,,,,,,0,0,,,,,,0,,0,0,0,0,0,0,0,,,,,,,,,,,,,,
CORA-01-LEOP-9,,0,,,CROSS FRONT SANDAL,,,CROSS FRONT SANDAL,,,,,,10.75,0,10.75,0,1,,0,0,CORA-01,CORA-01-LEOP,0,0,0.9,0,0,0,0,0,4,11,4,,0,,0,,,,,,,,,,,CORA-01,,,LEOP,LEOP,,9,9,,,,,WOMEN,,,,,,,,,,,,0,,FALSE,TRUE,FALSE,FALSE,,,0,0,0,,0,,,0,0,0,,,,,,,,,,,,,0,0,,,,,,0,,0,0,0,0,0,0,0,,,,,,,,,,,,,,
CORA-01-LEOP-9.5,,0,,,CROSS FRONT SANDAL,,,CROSS FRONT SANDAL,,,,,,10.75,0,10.75,0,1,,0,0,CORA-01,CORA-01-LEOP,0,0,0.9,0,0,0,0,0,4,11,4,,0,,0,,,,,,,,,,,CORA-01,,,LEOP,LEOP,,9.5,9.5,,,,,WOMEN,,,,,,,,,,,,0,,FALSE,TRUE,FALSE,FALSE,,,0,0,0,,0,,,0,0,0,,,,,,,,,,,,,0,0,,,,,,0,,0,0,0,0,0,0,0,,,,,,,,,,,,,,
CORA-01-TAUP-A12,,0,,,CROSS FRONT SANDAL,,,CROSS FRONT SANDAL,,,,,,129,0,129,3,1,,0,0,CORA-01,CORA-01-TAUP,0,0,13,0,0,0,0,0,13,17,13,,0,,0,,,,,,,,,,,CORA-01,,,TAUP,TAUP,,,,,,,,WOMEN,,WHOLESALE,,,,,,,,,,0,,FALSE,TRUE,FALSE,FALSE,,,0,0,0,,0,,,0,0,0,,,,,,,,,,,,,0,0,,,,,A12,12,,0,0,0,0,0,0,0,,,,,,,,,,,,,,
CORA-01-TAUP-B12,,0,,,CROSS FRONT SANDAL,,,CROSS FRONT SANDAL,,,,,,129,0,129,3,1,,0,0,CORA-01,CORA-01-TAUP,0,0,13,0,0,0,0,0,13,17,13,,0,,0,,,,,,,,,,,CORA-01,,,TAUP,TAUP,,,,,,,,WOMEN,,WHOLESALE,,,,,,,,,,0,,FALSE,TRUE,FALSE,FALSE,,,0,0,0,,0,,,0,0,0,,,,,,,,,,,,,0,0,,,,,B12,12,,0,0,0,0,0,0,0,,,,,,,,,,,,,,
CORA-01-TAUP-S,,0,,,CROSS FRONT SANDAL,,,CROSS FRONT SANDAL,,,,,,129,0,129,3,1,,0,0,CORA-01,CORA-01-TAUP,0,0,13,0,0,0,0,0,13,17,13,,0,,0,,,,,,,,,,,CORA-01,,,TAUP,TAUP,,,,,,,,WOMEN,,,,,,,,,,,,0,,FALSE,TRUE,FALSE,FALSE,,,0,0,0,,0,,,0,0,0,,,,,,,,,,,,,0,0,,,,,S,1,,0,0,0,0,0,0,0,,,,,,,,,,,,,,
CORA-01-TAUP-10,,0,,,CROSS FRONT SANDAL,,,CROSS FRONT SANDAL,,,,,,10.75,0,10.75,0,1,,0,0,CORA-01,CORA-01-TAUP,0,0,0.9,0,0,0,0,0,4,11,4,,0,,0,,,,,,,,,,,CORA-01,,,TAUP,TAUP,,10,10,,,,,WOMEN,,,,,,,,,,,,0,,FALSE,TRUE,FALSE,FALSE,,,0,0,0,,0,,,0,0,0,,,,,,,,,,,,,0,0,,,,,,0,,0,0,0,0,0,0,0,,,,,,,,,,,,,,
CORA-01-TAUP-11,,0,,,CROSS FRONT SANDAL,,,CROSS FRONT SANDAL,,,,,,10.75,0,10.75,0,1,,0,0,CORA-01,CORA-01-TAUP,0,0,0.9,0,0,0,0,0,4,11,4,,0,,0,,,,,,,,,,,CORA-01,,,TAUP,TAUP,,11,11,,,,,WOMEN,,,,,,,,,,,,0,,FALSE,TRUE,FALSE,FALSE,,,0,0,0,,0,,,0,0,0,,,,,,,,,,,,,0,0,,,,,,0,,0,0,0,0,0,0,0,,,,,,,,,,,,,,
CORA-01-TAUP-12,,0,,,CROSS FRONT SANDAL,,,CROSS FRONT SANDAL,,,,,,10.75,0,10.75,0,1,,0,0,CORA-01,CORA-01-TAUP,0,0,0.9,0,0,0,0,0,4,11,4,,0,,0,,,,,,,,,,,CORA-01,,,TAUP,TAUP,,12,12,,,,,WOMEN,,,,,,,,,,,,0,,FALSE,TRUE,FALSE,FALSE,,,0,0,0,,0,,,0,0,0,,,,,,,,,,,,,0,0,,,,,,0,,0,0,0,0,0,0,0,,,,,,,,,,,,,,
CORA-01-TAUP-5,,0,,,CROSS FRONT SANDAL,,,CROSS FRONT SANDAL,,,,,,10.75,0,10.75,0,1,,0,0,CORA-01,CORA-01-TAUP,0,0,0.9,0,0,0,0,0,4,11,4,,0,,0,,,,,,,,,,,CORA-01,,,TAUP,TAUP,,5,5,,,,,WOMEN,,,,,,,,,,,,0,,FALSE,TRUE,FALSE,FALSE,,,0,0,0,,0,,,0,0,0,,,,,,,,,,,,,0,0,,,,,,0,,0,0,0,0,0,0,0,,,,,,,,,,,,,,
CORA-01-TAUP-5.5,,0,,,CROSS FRONT SANDAL,,,CROSS FRONT SANDAL,,,,,,10.75,0,10.75,0,1,,0,0,CORA-01,CORA-01-TAUP,0,0,0.9,0,0,0,0,0,4,11,4,,0,,0,,,,,,,,,,,CORA-01,,,TAUP,TAUP,,5.5,5.5,,,,,WOMEN,,,,,,,,,,,,0,,FALSE,TRUE,FALSE,FALSE,,,0,0,0,,0,,,0,0,0,,,,,,,,,,,,,0,0,,,,,,0,,0,0,0,0,0,0,0,,,,,,,,,,,,,,
CORA-01-TAUP-6,,0,,,CROSS FRONT SANDAL,,,CROSS FRONT SANDAL,,,,,,10.75,0,10.75,0,1,,0,0,CORA-01,CORA-01-TAUP,0,0,0.9,0,0,0,0,0,4,11,4,,0,,0,,,,,,,,,,,CORA-01,,,TAUP,TAUP,,6,6,,,,,WOMEN,,,,,,,,,,,,0,,FALSE,TRUE,FALSE,FALSE,,,0,0,0,,0,,,0,0,0,,,,,,,,,,,,,0,0,,,,,,0,,0,0,0,0,0,0,0,,,,,,,,,,,,,,
CORA-01-TAUP-6.5,,0,,,CROSS FRONT SANDAL,,,CROSS FRONT SANDAL,,,,,,10.75,0,10.75,0,1,,0,0,CORA-01,CORA-01-TAUP,0,0,0.9,0,0,0,0,0,4,11,4,,0,,0,,,,,,,,,,,CORA-01,,,TAUP,TAUP,,6.5,6.5,,,,,WOMEN,,,,,,,,,,,,0,,FALSE,TRUE,FALSE,FALSE,,,0,0,0,,0,,,0,0,0,,,,,,,,,,,,,0,0,,,,,,0,,0,0,0,0,0,0,0,,,,,,,,,,,,,,
CORA-01-TAUP-7,,0,,,CROSS FRONT SANDAL,,,CROSS FRONT SANDAL,,,,,,10.75,0,10.75,0,1,,0,0,CORA-01,CORA-01-TAUP,0,0,0.9,0,0,0,0,0,4,11,4,,0,,0,,,,,,,,,,,CORA-01,,,TAUP,TAUP,,7,7,,,,,WOMEN,,,,,,,,,,,,0,,FALSE,TRUE,FALSE,FALSE,,,0,0,0,,0,,,0,0,0,,,,,,,,,,,,,0,0,,,,,,0,,0,0,0,0,0,0,0,,,,,,,,,,,,,,
CORA-01-TAUP-7.5,,0,,,CROSS FRONT SANDAL,,,CROSS FRONT SANDAL,,,,,,10.75,0,10.75,0,1,,0,0,CORA-01,CORA-01-TAUP,0,0,0.9,0,0,0,0,0,4,11,4,,0,,0,,,,,,,,,,,CORA-01,,,TAUP,TAUP,,7.5,7.5,,,,,WOMEN,,,,,,,,,,,,0,,FALSE,TRUE,FALSE,FALSE,,,0,0,0,,0,,,0,0,0,,,,,,,,,,,,,0,0,,,,,,0,,0,0,0,0,0,0,0,,,,,,,,,,,,,,
CORA-01-TAUP-8,,0,,,CROSS FRONT SANDAL,,,CROSS FRONT SANDAL,,,,,,10.75,0,10.75,0,1,,0,0,CORA-01,CORA-01-TAUP,0,0,0.9,0,0,0,0,0,4,11,4,,0,,0,,,,,,,,,,,CORA-01,,,TAUP,TAUP,,8,8,,,,,WOMEN,,,,,,,,,,,,0,,FALSE,TRUE,FALSE,FALSE,,,0,0,0,,0,,,0,0,0,,,,,,,,,,,,,0,0,,,,,,0,,0,0,0,0,0,0,0,,,,,,,,,,,,,,
CORA-01-TAUP-8.5,,0,,,CROSS FRONT SANDAL,,,CROSS FRONT SANDAL,,,,,,10.75,0,10.75,0,1,,0,0,CORA-01,CORA-01-TAUP,0,0,0.9,0,0,0,0,0,4,11,4,,0,,0,,,,,,,,,,,CORA-01,,,TAUP,TAUP,,8.5,8.5,,,,,WOMEN,,,,,,,,,,,,0,,FALSE,TRUE,FALSE,FALSE,,,0,0,0,,0,,,0,0,0,,,,,,,,,,,,,0,0,,,,,,0,,0,0,0,0,0,0,0,,,,,,,,,,,,,,
CORA-01-TAUP-9,,0,,,CROSS FRONT SANDAL,,,CROSS FRONT SANDAL,,,,,,10.75,0,10.75,0,1,,0,0,CORA-01,CORA-01-TAUP,0,0,0.9,0,0,0,0,0,4,11,4,,0,,0,,,,,,,,,,,CORA-01,,,TAUP,TAUP,,9,9,,,,,WOMEN,,,,,,,,,,,,0,,FALSE,TRUE,FALSE,FALSE,,,0,0,0,,0,,,0,0,0,,,,,,,,,,,,,0,0,,,,,,0,,0,0,0,0,0,0,0,,,,,,,,,,,,,,
CORA-01-TAUP-9.5,,0,,,CROSS FRONT SANDAL,,,CROSS FRONT SANDAL,,,,,,10.75,0,10.75,0,1,,0,0,CORA-01,CORA-01-TAUP,0,0,0.9,0,0,0,0,0,4,11,4,,0,,0,,,,,,,,,,,CORA-01,,,TAUP,TAUP,,9.5,9.5,,,,,WOMEN,,,,,,,,,,,,0,,FALSE,TRUE,FALSE,FALSE,,,0,0,0,,0,,,0,0,0,,,,,,,,,,,,,0,0,,,,,,0,,0,0,0,0,0,0,0,,,,,,,,,,,,,,
CORA-01-YLW-10,,0,,,CROSS FRONT SANDAL,,,CROSS FRONT SANDAL,,,,,,10.75,0,10.75,0,1,,0,0,CORA-01,CORA-01-YLW,0,0,0.9,0,0,0,0,0,4,11,4,,0,,0,,,,,,,,,,,CORA-01,,,YLW,YLW,,10,10,,,,,WOMEN,,,,,,,,,,,,0,,FALSE,TRUE,FALSE,FALSE,,,0,0,0,,0,,,0,0,0,,,,,,,,,,,,,0,0,,,,,,0,,0,0,0,0,0,0,0,,,,,,,,,,,,,,
CORA-01-YLW-11,,0,,,CROSS FRONT SANDAL,,,CROSS FRONT SANDAL,,,,,,10.75,0,10.75,0,1,,0,0,CORA-01,CORA-01-YLW,0,0,0.9,0,0,0,0,0,4,11,4,,0,,0,,,,,,,,,,,CORA-01,,,YLW,YLW,,11,11,,,,,WOMEN,,,,,,,,,,,,0,,FALSE,TRUE,FALSE,FALSE,,,0,0,0,,0,,,0,0,0,,,,,,,,,,,,,0,0,,,,,,0,,0,0,0,0,0,0,0,,,,,,,,,,,,,,
CORA-01-YLW-12,,0,,,CROSS FRONT SANDAL,,,CROSS FRONT SANDAL,,,,,,10.75,0,10.75,0,1,,0,0,CORA-01,CORA-01-YLW,0,0,0.9,0,0,0,0,0,4,11,4,,0,,0,,,,,,,,,,,CORA-01,,,YLW,YLW,,12,12,,,,,WOMEN,,,,,,,,,,,,0,,FALSE,TRUE,FALSE,FALSE,,,0,0,0,,0,,,0,0,0,,,,,,,,,,,,,0,0,,,,,,0,,0,0,0,0,0,0,0,,,,,,,,,,,,,,
CORA-01-YLW-5,,0,,,CROSS FRONT SANDAL,,,CROSS FRONT SANDAL,,,,,,10.75,0,10.75,0,1,,0,0,CORA-01,CORA-01-YLW,0,0,0.9,0,0,0,0,0,4,11,4,,0,,0,,,,,,,,,,,CORA-01,,,YLW,YLW,,5,5,,,,,WOMEN,,,,,,,,,,,,0,,FALSE,TRUE,FALSE,FALSE,,,0,0,0,,0,,,0,0,0,,,,,,,,,,,,,0,0,,,,,,0,,0,0,0,0,0,0,0,,,,,,,,,,,,,,
CORA-01-YLW-5.5,,0,,,CROSS FRONT SANDAL,,,CROSS FRONT SANDAL,,,,,,10.75,0,10.75,0,1,,0,0,CORA-01,CORA-01-YLW,0,0,0.9,0,0,0,0,0,4,11,4,,0,,0,,,,,,,,,,,CORA-01,,,YLW,YLW,,5.5,5.5,,,,,WOMEN,,,,,,,,,,,,0,,FALSE,TRUE,FALSE,FALSE,,,0,0,0,,0,,,0,0,0,,,,,,,,,,,,,0,0,,,,,,0,,0,0,0,0,0,0,0,,,,,,,,,,,,,,
CORA-01-YLW-6,,0,,,CROSS FRONT SANDAL,,,CROSS FRONT SANDAL,,,,,,10.75,0,10.75,0,1,,0,0,CORA-01,CORA-01-YLW,0,0,0.9,0,0,0,0,0,4,11,4,,0,,0,,,,,,,,,,,CORA-01,,,YLW,YLW,,6,6,,,,,WOMEN,,,,,,,,,,,,0,,FALSE,TRUE,FALSE,FALSE,,,0,0,0,,0,,,0,0,0,,,,,,,,,,,,,0,0,,,,,,0,,0,0,0,0,0,0,0,,,,,,,,,,,,,,
CORA-01-YLW-6.5,,0,,,CROSS FRONT SANDAL,,,CROSS FRONT SANDAL,,,,,,10.75,0,10.75,0,1,,0,0,CORA-01,CORA-01-YLW,0,0,0.9,0,0,0,0,0,4,11,4,,0,,0,,,,,,,,,,,CORA-01,,,YLW,YLW,,6.5,6.5,,,,,WOMEN,,,,,,,,,,,,0,,FALSE,TRUE,FALSE,FALSE,,,0,0,0,,0,,,0,0,0,,,,,,,,,,,,,0,0,,,,,,0,,0,0,0,0,0,0,0,,,,,,,,,,,,,,
CORA-01-YLW-7,,0,,,CROSS FRONT SANDAL,,,CROSS FRONT SANDAL,,,,,,10.75,0,10.75,0,1,,0,0,CORA-01,CORA-01-YLW,0,0,0.9,0,0,0,0,0,4,11,4,,0,,0,,,,,,,,,,,CORA-01,,,YLW,YLW,,7,7,,,,,WOMEN,,,,,,,,,,,,0,,FALSE,TRUE,FALSE,FALSE,,,0,0,0,,0,,,0,0,0,,,,,,,,,,,,,0,0,,,,,,0,,0,0,0,0,0,0,0,,,,,,,,,,,,,,
CORA-01-YLW-7.5,,0,,,CROSS FRONT SANDAL,,,CROSS FRONT SANDAL,,,,,,10.75,0,10.75,0,1,,0,0,CORA-01,CORA-01-YLW,0,0,0.9,0,0,0,0,0,4,11,4,,0,,0,,,,,,,,,,,CORA-01,,,YLW,YLW,,7.5,7.5,,,,,WOMEN,,,,,,,,,,,,0,,FALSE,TRUE,FALSE,FALSE,,,0,0,0,,0,,,0,0,0,,,,,,,,,,,,,0,0,,,,,,0,,0,0,0,0,0,0,0,,,,,,,,,,,,,,
CORA-01-YLW-8,,0,,,CROSS FRONT SANDAL,,,CROSS FRONT SANDAL,,,,,,10.75,0,10.75,0,1,,0,0,CORA-01,CORA-01-YLW,0,0,0.9,0,0,0,0,0,4,11,4,,0,,0,,,,,,,,,,,CORA-01,,,YLW,YLW,,8,8,,,,,WOMEN,,,,,,,,,,,,0,,FALSE,TRUE,FALSE,FALSE,,,0,0,0,,0,,,0,0,0,,,,,,,,,,,,,0,0,,,,,,0,,0,0,0,0,0,0,0,,,,,,,,,,,,,,
CORA-01-YLW-8.5,,0,,,CROSS FRONT SANDAL,,,CROSS FRONT SANDAL,,,,,,10.75,0,10.75,0,1,,0,0,CORA-01,CORA-01-YLW,0,0,0.9,0,0,0,0,0,4,11,4,,0,,0,,,,,,,,,,,CORA-01,,,YLW,YLW,,8.5,8.5,,,,,WOMEN,,,,,,,,,,,,0,,FALSE,TRUE,FALSE,FALSE,,,0,0,0,,0,,,0,0,0,,,,,,,,,,,,,0,0,,,,,,0,,0,0,0,0,0,0,0,,,,,,,,,,,,,,
CORA-01-YLW-9,,0,,,CROSS FRONT SANDAL,,,CROSS FRONT SANDAL,,,,,,10.75,0,10.75,0,1,,0,0,CORA-01,CORA-01-YLW,0,0,0.9,0,0,0,0,0,4,11,4,,0,,0,,,,,,,,,,,CORA-01,,,YLW,YLW,,9,9,,,,,WOMEN,,,,,,,,,,,,0,,FALSE,TRUE,FALSE,FALSE,,,0,0,0,,0,,,0,0,0,,,,,,,,,,,,,0,0,,,,,,0,,0,0,0,0,0,0,0,,,,,,,,,,,,,,
CORA-01-YLW-9.5,,0,,,CROSS FRONT SANDAL,,,CROSS FRONT SANDAL,,,,,,10.75,0,10.75,0,1,,0,0,CORA-01,CORA-01-YLW,0,0,0.9,0,0,0,0,0,4,11,4,,0,,0,,,,,,,,,,,CORA-01,,,YLW,YLW,,9.5,9.5,,,,,WOMEN,,,,,,,,,,,,0,,FALSE,TRUE,FALSE,FALSE,,,0,0,0,,0,,,0,0,0,,,,,,,,,,,,,0,0,,,,,,0,,0,0,0,0,0,0,0,,,,,,,,,,,,,,
CORA-01-YLW-A12,,0,,,CROSS FRONT SANDAL,,,CROSS FRONT SANDAL,,,,,,129,0,129,3,1,,0,0,CORA-01,CORA-01-YLW,0,0,13,0,0,0,0,0,13,17,13,,0,,0,,,,,,,,,,,CORA-01,,,YLW,YLW,,,,,,,,WOMEN,,WHOLESALE,,,,,,,,,,0,,FALSE,TRUE,FALSE,FALSE,,,0,0,0,,0,,,0,0,0,,,,,,,,,,,,,0,0,,,,,A12,12,,0,0,0,0,0,0,0,,,,,,,,,,,,,,
CORA-01-YLW-B12,,0,,,CROSS FRONT SANDAL,,,CROSS FRONT SANDAL,,,,,,129,0,129,3,1,,0,0,CORA-01,CORA-01-YLW,0,0,13,0,0,0,0,0,13,17,13,,0,,0,,,,,,,,,,,CORA-01,,,YLW,YLW,,,,,,,,WOMEN,,WHOLESALE,,,,,,,,,,0,,FALSE,TRUE,FALSE,FALSE,,,0,0,0,,0,,,0,0,0,,,,,,,,,,,,,0,0,,,,,B12,12,,0,0,0,0,0,0,0,,,,,,,,,,,,,,
CORA-01-YLW-S,,0,,,CROSS FRONT SANDAL,,,CROSS FRONT SANDAL,,,,,,129,0,129,3,1,,0,0,CORA-01,CORA-01-YLW,0,0,13,0,0,0,0,0,13,17,13,,0,,0,,,,,,,,,,,CORA-01,,,YLW,YLW,,,,,,,,WOMEN,,,,,,,,,,,,0,,FALSE,TRUE,FALSE,FALSE,,,0,0,0,,0,,,0,0,0,,,,,,,,,,,,,0,0,,,,,S,1,,0,0,0,0,0,0,0,,,,,,,,,,,,,,
