OrderNumber,OrderType,OrderStatus,OrderDate,ShipDate,DueDate,BillDate,EtaArrivalDate,EarliestShipDate,LatestShipDate,SignatureFlag,CustomerCode,CustomerName,Terms,TermsDays,Currency,SubTotalAmount,SalesAmount,TotalAmount,TaxableAmount,NonTaxableAmount,TaxRate,TaxAmount,DiscountRate,DiscountAmount,ShippingAmount,ShippingTaxAmount,MiscAmount,MiscTaxAmount,ChargeAndAllowanceAmount,ChannelAmount,PaidAmount,CreditAmount,Balance,DepositAmount,SalesRep,SalesRep2,SalesRep3,SalesRep4,CommissionRate,CommissionRate2,CommissionRate3,CommissionRate4,TotalWeight,ActualWeight,CancelCode,SalesDivision,CustomerSource,Fulfillment Status,Financial Status,AmountRefunded,IsEdi,ShippingCarrier,ShippingClass,MainTrackingNumber,MainReturnTrackingNumber,ChannelNum,ChannelAccountNum,ChannelOrderID,SecondaryChannelOrderID,ShippingAccount,RefNum,CustomerPoNum,Carton,EndBuyerUserID,EndBuyerName,EndBuyerEmail,ShipToName,ShipToFirstName,ShipToLastName,ShipToCompany,ShipToAddressLine1,ShipToAddressLine2,ShipToAddressLine3,ShipToCity,ShipToState,ShipToPostalCode,ShipToCounty,ShipToCountry,ShipToEmail,ShipToDaytimePhone,BillToName,BillToCompany,BillToAddressLine1,BillToAddressLine2,BillToAddressLine3,BillToCity,BillToState,BillToPostalCode,BillToCounty,BillToCountry,BillToEmail,BillToDaytimePhone,Notes,ShippingCode,WarehouseCode,ShipmentID,DepartmentCode,DivisionCode,Seq,ItemDate,SKU,UPC,CustomerSKU,SKUTitle,LotNum,Description,UOM,PackType,PackQty,PackPrice,OrderPack,ShipPack,CancelledPack,OpenPack,OrderQty,ShipQty,CancelledQty,OpenQty,PriceRule,Price,DiscountPrice,ExtAmount,ItemTotalAmount,ShipAmount,CancelledAmount,OpenAmount,Stockable,Taxable,Costable,IsProfit,LotInDate,LotExpDate,DBChannelOrderLineRowID,ItemShippingAmount,ShippingCost,ItemTaxAmount,ItemShippingTaxAmount,ItemDiscountRate,ItemDiscountAmount,ItemNotes,ItemCancelCode,Lineitem fulfillment status,Lineitem taxable,ChannelItemID,EAN,MPN,ExternalBarcode,PodInfo
SO2026-000001,1,4,2026-02-26,2026-02-26,2026-02-28,2026-02-27,,,,,JCPenney,JCPenney,,30,USD,168.50,168.50,173.99,0.00,168.50,0,0.00,0,0.00,5.49,0.00,,,,,173.99,,0.00,,,,,,,,,,,,,,,Shipped,Paid,,,,,,,30007,10575,30007-2026-000001,,,,,,,,,JCPenney Shipping,Alex Reed,Zane Holt,JCPenney Stores,213 Gateway Rd,Dock 13,Retail ship location,San Diego,CA,92106,San Diego,USA,ship-jcpenney@example.com,(619) 555-2206,,,,,,,,,,,,,,,,,,,1,2026-02-26,CORA-01-YLW-5,,,CROSS FRONT SANDAL,,,EA,,,,,,,,2,0,,2,,10.75,10.75,21.50,21.50,0.00,,21.50,Y,N,Y,Y,,,,,,,,,,,,Shipped,N,,,,,
SO2026-000001,1,4,2026-02-26,2026-02-26,2026-02-28,2026-02-27,,,,,JCPenney,JCPenney,,30,USD,168.50,168.50,173.99,0.00,168.50,0,0.00,0,0.00,5.49,0.00,,,,,173.99,,0.00,,,,,,,,,,,,,,,Shipped,Paid,,,,,,,30007,10575,30007-2026-000001,,,,,,,,,JCPenney Shipping,Alex Reed,Zane Holt,JCPenney Stores,213 Gateway Rd,Dock 13,Retail ship location,San Diego,CA,92106,San Diego,USA,ship-jcpenney@example.com,(619) 555-2206,,,,,,,,,,,,,,,,,,,2,2026-02-26,FD3601033-3022FROZENPD-L-STD,809666343823,,Jay-Low Tencel Denim Shirtdress - Chiffon Collar and Tie Sleeve,,,EA,,,,,,,,3,0,,3,,49.00,49.00,147.00,147.00,0.00,,147.00,Y,N,Y,Y,,,,,,,,,,,,Shipped,N,,,,,
SO2026-000002,1,4,2026-02-24,2026-02-24,2026-02-28,2026-02-26,,,,,Etsy-VS,Etsy VS,,60,USD,182.00,182.00,187.02,0.00,182.00,0,0.00,0,0.00,5.02,0.00,,,,,187.02,,0.00,,,,,,,,,,,,,,,Shipped,Paid,,,,,,,10008,10572,10008-2026-000002,,,,,,,,,Etsy VS Shipping,Jamie Clark,Soren Vale,Etsy VS Marketplace,206 Pacific Hwy,Dock 6,Seasonal ship location,Los Angeles,CA,90004,Los Angeles,USA,ship-etsy-vs@example.com,(213) 555-1506,,,,,,,,,,,,,,,,,,,1,2026-02-24,FA13512DM-1847DPOCN-32-32,809666865103,,Angie Stud Bling Pocket Low Rise Skinny Jeans,,,EA,,,,,,,,2,0,,2,,34.00,34.00,68.00,68.00,0.00,,68.00,Y,N,Y,Y,,,,,,,,,,,,Shipped,N,,,,,
SO2026-000002,1,4,2026-02-24,2026-02-24,2026-02-28,2026-02-26,,,,,Etsy-VS,Etsy VS,,60,USD,182.00,182.00,187.02,0.00,182.00,0,0.00,0,0.00,5.02,0.00,,,,,187.02,,0.00,,,,,,,,,,,,,,,Shipped,Paid,,,,,,,10008,10572,10008-2026-000002,,,,,,,,,Etsy VS Shipping,Jamie Clark,Soren Vale,Etsy VS Marketplace,206 Pacific Hwy,Dock 6,Seasonal ship location,Los Angeles,CA,90004,Los Angeles,USA,ship-etsy-vs@example.com,(213) 555-1506,,,,,,,,,,,,,,,,,,,2,2026-02-24,AUSTIN-06-CAMEL-7,,,SNEAKER,,,EA,,,,,,,,4,0,,4,,10.00,10.00,40.00,40.00,0.00,,40.00,Y,N,Y,Y,,,,,,,,,,,,Shipped,N,,,,,
SO2026-000002,1,4,2026-02-24,2026-02-24,2026-02-28,2026-02-26,,,,,Etsy-VS,Etsy VS,,60,USD,182.00,182.00,187.02,0.00,182.00,0,0.00,0,0.00,5.02,0.00,,,,,187.02,,0.00,,,,,,,,,,,,,,,Shipped,Paid,,,,,,,10008,10572,10008-2026-000002,,,,,,,,,Etsy VS Shipping,Jamie Clark,Soren Vale,Etsy VS Marketplace,206 Pacific Hwy,Dock 6,Seasonal ship location,Los Angeles,CA,90004,Los Angeles,USA,ship-etsy-vs@example.com,(213) 555-1506,,,,,,,,,,,,,,,,,,,3,2026-02-24,ADELINE-03-BROWN-8.5,,,BUCKLE FRONT FLAT SANDALS,,,EA,,,,,,,,4,0,,4,,18.50,18.50,74.00,74.00,0.00,,74.00,Y,N,Y,Y,,,,,,,,,,,,Shipped,N,,,,,
SO2026-000003,1,4,2026-01-23,2026-01-23,2026-02-22,2026-01-23,,,,,AMZ-eCom,AMZ eCom,,30,USD,248.50,248.50,257.73,0.00,248.50,0,0.00,0,0.00,9.23,0.00,,,,,257.73,,0.00,,,,,,,,,,,,,,,Shipped,Paid,,,,,,,10001,10565,10001-2026-000003,,,,,,,,,AMZ eCom Shipping,Alex Reed,Nora Lane,AMZ eCom Retail,201 Harbor Ave,Dock 1,Main ship location,Los Angeles,CA,90002,Los Angeles,USA,ship-amz-ecom@example.com,(213) 555-1006,,,,,,,,,,,,,,,,,,,1,2026-01-23,ADELINE-03-GOLD-9,,,BUCKLE FRONT FLAT SANDALS,,,EA,,,,,,,,3,0,,3,,18.50,18.50,55.50,55.50,0.00,,55.50,Y,N,Y,Y,,,,,,,,,,,,Shipped,N,,,,,
SO2026-000003,1,4,2026-01-23,2026-01-23,2026-02-22,2026-01-23,,,,,AMZ-eCom,AMZ eCom,,30,USD,248.50,248.50,257.73,0.00,248.50,0,0.00,0,0.00,9.23,0.00,,,,,257.73,,0.00,,,,,,,,,,,,,,,Shipped,Paid,,,,,,,10001,10565,10001-2026-000003,,,,,,,,,AMZ eCom Shipping,Alex Reed,Nora Lane,AMZ eCom Retail,201 Harbor Ave,Dock 1,Main ship location,Los Angeles,CA,90002,Los Angeles,USA,ship-amz-ecom@example.com,(213) 555-1006,,,,,,,,,,,,,,,,,,,2,2026-01-23,ADELINE-03-BLACK-7.5,,,BUCKLE FRONT FLAT SANDALS,,,EA,,,,,,,,2,0,,2,,18.50,18.50,37.00,37.00,0.00,,37.00,Y,N,Y,Y,,,,,,,,,,,,Shipped,N,,,,,
SO2026-000003,1,4,2026-01-23,2026-01-23,2026-02-22,2026-01-23,,,,,AMZ-eCom,AMZ eCom,,30,USD,248.50,248.50,257.73,0.00,248.50,0,0.00,0,0.00,9.23,0.00,,,,,257.73,,0.00,,,,,,,,,,,,,,,Shipped,Paid,,,,,,,10001,10565,10001-2026-000003,,,,,,,,,AMZ eCom Shipping,Alex Reed,Nora Lane,AMZ eCom Retail,201 Harbor Ave,Dock 1,Main ship location,Los Angeles,CA,90002,Los Angeles,USA,ship-amz-ecom@example.com,(213) 555-1006,,,,,,,,,,,,,,,,,,,3,2026-01-23,FA16105WV-MIDNIGHTCAMO,,,Woven chiffon palazzo pant with elastic waist. Side entry pockets. Lined with a jersey short.,,,EA,,,,,,,,4,0,,4,,39.00,39.00,156.00,156.00,0.00,,156.00,Y,N,Y,Y,,,,,,,,,,,,Shipped,N,,,,,
SO2026-000004,1,4,2026-01-06,2026-01-10,2026-02-05,2026-01-06,,,,,Magento,Magento,,30,USD,129.00,129.00,145.93,0.00,129.00,0,0.00,0,0.00,16.93,0.00,,,,,145.93,,0.00,,,,,,,,,,,,,,,Shipped,Paid,,,,,,,20003,10581,20003-2026-000004,,,,,,,,,Magento Shipping,Morgan Lee,Cora Knox,Magento Platform,216 Century Blvd,Dock 16,Platform ship location,Los Angeles,CA,90008,Los Angeles,USA,ship-magento@example.com,(213) 555-2506,,,,,,,,,,,,,,,,,,,1,2026-01-06,CORA-01-YLW-B12,,,CROSS FRONT SANDAL,,,EA,,,,,,,,1,0,,1,,129.00,129.00,129.00,129.00,0.00,,129.00,Y,N,Y,Y,,,,,,,,,,,,Shipped,N,,,,,
SO2026-000005,1,4,2026-02-02,2026-02-02,2026-02-28,2026-02-03,,,,,Etsy-LS,Etsy LS,,45,USD,196.00,196.00,197.42,0.00,196.00,0,0.00,0,0.00,1.42,0.00,,,,,197.42,,0.00,,,,,,,,,,,,,,,Shipped,Paid,,,,,,,10008,10571,10008-2026-000005,,,,,,,,,Etsy LS Shipping,Alex Reed,Rhea Moss,Etsy LS Marketplace,205 Mission St,Dock 5,Marketplace ship location,San Francisco,CA,94103,San Francisco,USA,ship-etsy-ls@example.com,(415) 555-1406,,,,,,,,,,,,,,,,,,,1,2026-02-02,FD9801506P-BLACKBROWN-3X-STD,809666394986,,Natalia Leopard Print Button-up Wrap Dress,,,EA,,,,,,,,4,0,,4,,49.00,49.00,196.00,196.00,0.00,,196.00,Y,N,Y,Y,,,,,,,,,,,,Shipped,N,,,,,
SO2026-000006,1,4,2026-02-16,2026-02-20,2026-02-28,2026-02-17,,,,,Etsy-LS,Etsy LS,,45,USD,63.75,63.75,63.75,0.00,63.75,0,0.00,0,0.00,0.00,0.00,,,,,63.75,,0.00,,,,,,,,,,,,,,,Shipped,Paid,,,,,,,10008,10571,10008-2026-000006,,,,,,,,,Etsy LS Shipping,Alex Reed,Rhea Moss,Etsy LS Marketplace,205 Mission St,Dock 5,Marketplace ship location,San Francisco,CA,94103,San Francisco,USA,ship-etsy-ls@example.com,(415) 555-1406,,,,,,,,,,,,,,,,,,,1,2026-02-16,CORA-01-YLW-8.5,,,CROSS FRONT SANDAL,,,EA,,,,,,,,4,0,,4,,10.75,10.75,43.00,43.00,0.00,,43.00,Y,N,Y,Y,,,,,,,,,,,,Shipped,N,,,,,
SO2026-000006,1,4,2026-02-16,2026-02-20,2026-02-28,2026-02-17,,,,,Etsy-LS,Etsy LS,,45,USD,63.75,63.75,63.75,0.00,63.75,0,0.00,0,0.00,0.00,0.00,,,,,63.75,,0.00,,,,,,,,,,,,,,,Shipped,Paid,,,,,,,10008,10571,10008-2026-000006,,,,,,,,,Etsy LS Shipping,Alex Reed,Rhea Moss,Etsy LS Marketplace,205 Mission St,Dock 5,Marketplace ship location,San Francisco,CA,94103,San Francisco,USA,ship-etsy-ls@example.com,(415) 555-1406,,,,,,,,,,,,,,,,,,,2,2026-02-16,ASTRID-01-BLUSH-11,,,SLIP ON SNEAKER,,,EA,,,,,,,,1,0,,1,,20.75,20.75,20.75,20.75,0.00,,20.75,Y,N,Y,Y,,,,,,,,,,,,Shipped,N,,,,,
SO2026-000007,1,4,2026-02-16,2026-02-18,2026-02-28,2026-02-18,,,,,Mirakl-HudsonsB,Mirakl HudsonsB,,60,USD,125.50,125.50,125.76,0.00,125.50,0,0.00,0,0.00,0.26,0.00,,,,,125.76,,0.00,,,,,,,,,,,,,,,Shipped,Paid,,,,,,,10005,10577,10005-2026-000007,,,,,,,,,Mirakl HudsonsB Shipping,Morgan Lee,Yara Glenn,Mirakl HudsonsB Network,212 Quail Hill Pkwy,Dock 12,Network ship location,Irvine,CA,92607,Orange,USA,ship-mirakl-hudsonsb@example.com,(949) 555-2106,,,,,,,,,,,,,,,,,,,1,2026-02-16,FA16023WV-SMOKELEOPARD-M-STD,809666395891,,Olivia Smoke Leopard Print Kimono Wrap Maxi Dress,,,EA,,,,,,,,2,0,,2,,40.00,40.00,80.00,80.00,0.00,,80.00,Y,N,Y,Y,,,,,,,,,,,,Shipped,N,,,,,
SO2026-000007,1,4,2026-02-16,2026-02-18,2026-02-28,2026-02-18,,,,,Mirakl-HudsonsB,Mirakl HudsonsB,,60,USD,125.50,125.50,125.76,0.00,125.50,0,0.00,0,0.00,0.26,0.00,,,,,125.76,,0.00,,,,,,,,,,,,,,,Shipped,Paid,,,,,,,10005,10577,10005-2026-000007,,,,,,,,,Mirakl HudsonsB Shipping,Morgan Lee,Yara Glenn,Mirakl HudsonsB Network,212 Quail Hill Pkwy,Dock 12,Network ship location,Irvine,CA,92607,Orange,USA,ship-mirakl-hudsonsb@example.com,(949) 555-2106,,,,,,,,,,,,,,,,,,,2,2026-02-16,CORA-01-YLW-11,,,CROSS FRONT SANDAL,,,EA,,,,,,,,2,0,,2,,10.75,10.75,21.50,21.50,0.00,,21.50,Y,N,Y,Y,,,,,,,,,,,,Shipped,N,,,,,
SO2026-000007,1,4,2026-02-16,2026-02-18,2026-02-28,2026-02-18,,,,,Mirakl-HudsonsB,Mirakl HudsonsB,,60,USD,125.50,125.50,125.76,0.00,125.50,0,0.00,0,0.00,0.26,0.00,,,,,125.76,,0.00,,,,,,,,,,,,,,,Shipped,Paid,,,,,,,10005,10577,10005-2026-000007,,,,,,,,,Mirakl HudsonsB Shipping,Morgan Lee,Yara Glenn,Mirakl HudsonsB Network,212 Quail Hill Pkwy,Dock 12,Network ship location,Irvine,CA,92607,Orange,USA,ship-mirakl-hudsonsb@example.com,(949) 555-2106,,,,,,,,,,,,,,,,,,,3,2026-02-16,CAMILA-06-TAUPE-8,,,COSS FRONT SLIP ON SLIDES,,,EA,,,,,,,,3,0,,3,,8.00,8.00,24.00,24.00,0.00,,24.00,Y,N,Y,Y,,,,,,,,,,,,Shipped,N,,,,,
SO2026-000008,1,4,2026-02-05,2026-02-09,2026-02-28,2026-02-06,,,,,AMZ-eCom,AMZ eCom,,30,USD,191.00,191.00,195.66,0.00,191.00,0,0.00,0,0.00,4.66,0.00,,,,,195.66,,0.00,,,,,,,,,,,,,,,Shipped,Paid,,,,,,,10001,10565,10001-2026-000008,,,,,,,,,AMZ eCom Shipping,Alex Reed,Nora Lane,AMZ eCom Retail,201 Harbor Ave,Dock 1,Main ship location,Los Angeles,CA,90002,Los Angeles,USA,ship-amz-ecom@example.com,(213) 555-1006,,,,,,,,,,,,,,,,,,,1,2026-02-05,F13031C-1742VNTGST-30-STD,809666255102,,Cayden Vintage Beujolias Corduroy Skinny Jeans,,,EA,,,,,,,,2,0,,2,,34.00,34.00,68.00,68.00,0.00,,68.00,Y,N,Y,Y,,,,,,,,,,,,Shipped,N,,,,,
SO2026-000008,1,4,2026-02-05,2026-02-09,2026-02-28,2026-02-06,,,,,AMZ-eCom,AMZ eCom,,30,USD,191.00,191.00,195.66,0.00,191.00,0,0.00,0,0.00,4.66,0.00,,,,,195.66,,0.00,,,,,,,,,,,,,,,Shipped,Paid,,,,,,,10001,10565,10001-2026-000008,,,,,,,,,AMZ eCom Shipping,Alex Reed,Nora Lane,AMZ eCom Retail,201 Harbor Ave,Dock 1,Main ship location,Los Angeles,CA,90002,Los Angeles,USA,ship-amz-ecom@example.com,(213) 555-1006,,,,,,,,,,,,,,,,,,,2,2026-02-05,ASTRID-01-NUDE-7,,,SLIP ON SNEAKER,,,EA,,,,,,,,4,0,,4,,20.75,20.75,83.00,83.00,0.00,,83.00,Y,N,Y,Y,,,,,,,,,,,,Shipped,N,,,,,
SO2026-000008,1,4,2026-02-05,2026-02-09,2026-02-28,2026-02-06,,,,,AMZ-eCom,AMZ eCom,,30,USD,191.00,191.00,195.66,0.00,191.00,0,0.00,0,0.00,4.66,0.00,,,,,195.66,,0.00,,,,,,,,,,,,,,,Shipped,Paid,,,,,,,10001,10565,10001-2026-000008,,,,,,,,,AMZ eCom Shipping,Alex Reed,Nora Lane,AMZ eCom Retail,201 Harbor Ave,Dock 1,Main ship location,Los Angeles,CA,90002,Los Angeles,USA,ship-amz-ecom@example.com,(213) 555-1006,,,,,,,,,,,,,,,,,,,3,2026-02-05,AUSTIN-06-WHITE-7.5,,,SNEAKER,,,EA,,,,,,,,4,0,,4,,10.00,10.00,40.00,40.00,0.00,,40.00,Y,N,Y,Y,,,,,,,,,,,,Shipped,N,,,,,
SO2026-000009,1,4,2026-01-19,2026-01-20,2026-02-18,2026-01-19,,,,,AMZ-eCom,AMZ eCom,,30,USD,173.00,173.00,189.75,0.00,173.00,0,0.00,0,0.00,16.75,0.00,,,,,189.75,,0.00,,,,,,,,,,,,,,,Shipped,Paid,,,,,,,10001,10565,10001-2026-000009,,,,,,,,,AMZ eCom Shipping,Alex Reed,Nora Lane,AMZ eCom Retail,201 Harbor Ave,Dock 1,Main ship location,Los Angeles,CA,90002,Los Angeles,USA,ship-amz-ecom@example.com,(213) 555-1006,,,,,,,,,,,,,,,,,,,1,2026-01-19,FA13501DM-RINSEWSFT-28-30,809666858310,,Maya Basic Dark Handsand Wash Midrise Skinny Jeans,,,EA,,,,,,,,2,0,,2,,34.00,34.00,68.00,68.00,0.00,,68.00,Y,N,Y,Y,,,,,,,,,,,,Shipped,N,,,,,
SO2026-000009,1,4,2026-01-19,2026-01-20,2026-02-18,2026-01-19,,,,,AMZ-eCom,AMZ eCom,,30,USD,173.00,173.00,189.75,0.00,173.00,0,0.00,0,0.00,16.75,0.00,,,,,189.75,,0.00,,,,,,,,,,,,,,,Shipped,Paid,,,,,,,10001,10565,10001-2026-000009,,,,,,,,,AMZ eCom Shipping,Alex Reed,Nora Lane,AMZ eCom Retail,201 Harbor Ave,Dock 1,Main ship location,Los Angeles,CA,90002,Los Angeles,USA,ship-amz-ecom@example.com,(213) 555-1006,,,,,,,,,,,,,,,,,,,2,2026-01-19,F13031C-1742VNTGCO,,,Five-pocket stretch woven corduroy skinny pants with wine stitching and copper hardware.,,,EA,,,,,,,,2,0,,2,,34.00,34.00,68.00,68.00,0.00,,68.00,Y,N,Y,Y,,,,,,,,,,,,Shipped,N,,,,,
SO2026-000009,1,4,2026-01-19,2026-01-20,2026-02-18,2026-01-19,,,,,AMZ-eCom,AMZ eCom,,30,USD,173.00,173.00,189.75,0.00,173.00,0,0.00,0,0.00,16.75,0.00,,,,,189.75,,0.00,,,,,,,,,,,,,,,Shipped,Paid,,,,,,,10001,10565,10001-2026-000009,,,,,,,,,AMZ eCom Shipping,Alex Reed,Nora Lane,AMZ eCom Retail,201 Harbor Ave,Dock 1,Main ship location,Los Angeles,CA,90002,Los Angeles,USA,ship-amz-ecom@example.com,(213) 555-1006,,,,,,,,,,,,,,,,,,,3,2026-01-19,ADELINE-03-BLACK-7,,,BUCKLE FRONT FLAT SANDALS,,,EA,,,,,,,,2,0,,2,,18.50,18.50,37.00,37.00,0.00,,37.00,Y,N,Y,Y,,,,,,,,,,,,Shipped,N,,,,,
SO2026-000010,1,4,2026-01-05,2026-01-09,2026-02-04,2026-01-07,,,,,eBay,eBay,,30,USD,32.00,32.00,48.89,0.00,32.00,0,0.00,0,0.00,16.89,0.00,,,,,48.89,,0.00,,,,,,,,,,,,,,,Shipped,Paid,,,,,,,10004,10570,10004-2026-000010,,,,,,,,,eBay Shipping,Morgan Lee,Quentin Hale,eBay Commerce,204 Fulfillment Ave,Dock 4,Standard ship location,San Jose,CA,95111,Santa Clara,USA,ship-ebay@example.com,(408) 555-1306,,,,,,,,,,,,,,,,,,,1,2026-01-05,CAMILA-06-LILAC-9.5,,,COSS FRONT SLIP ON SLIDES,,,EA,,,,,,,,4,0,,4,,8.00,8.00,32.00,32.00,0.00,,32.00,Y,N,Y,Y,,,,,,,,,,,,Shipped,N,,,,,
SO2026-000011,1,4,2026-02-12,2026-02-12,2026-02-28,2026-02-14,,,,,eBay,eBay,,30,USD,238.00,238.00,238.26,0.00,238.00,0,0.00,0,0.00,0.26,0.00,,,,,238.26,,0.00,,,,,,,,,,,,,,,Shipped,Paid,,,,,,,10004,10570,10004-2026-000011,,,,,,,,,eBay Shipping,Morgan Lee,Quentin Hale,eBay Commerce,204 Fulfillment Ave,Dock 4,Standard ship location,San Jose,CA,95111,Santa Clara,USA,ship-ebay@example.com,(408) 555-1306,,,,,,,,,,,,,,,,,,,1,2026-02-12,CAMILA-06-TAUPE-A12,,,COSS FRONT SLIP ON SLIDES,,,EA,,,,,,,,1,0,,1,,96.00,96.00,96.00,96.00,0.00,,96.00,Y,N,Y,Y,,,,,,,,,,,,Shipped,N,,,,,
SO2026-000011,1,4,2026-02-12,2026-02-12,2026-02-28,2026-02-14,,,,,eBay,eBay,,30,USD,238.00,238.00,238.26,0.00,238.00,0,0.00,0,0.00,0.26,0.00,,,,,238.26,,0.00,,,,,,,,,,,,,,,Shipped,Paid,,,,,,,10004,10570,10004-2026-000011,,,,,,,,,eBay Shipping,Morgan Lee,Quentin Hale,eBay Commerce,204 Fulfillment Ave,Dock 4,Standard ship location,San Jose,CA,95111,Santa Clara,USA,ship-ebay@example.com,(408) 555-1306,,,,,,,,,,,,,,,,,,,2,2026-02-12,AUSTIN-06-CAMEL-10,,,SNEAKER,,,EA,,,,,,,,4,0,,4,,10.00,10.00,40.00,40.00,0.00,,40.00,Y,N,Y,Y,,,,,,,,,,,,Shipped,N,,,,,
SO2026-000011,1,4,2026-02-12,2026-02-12,2026-02-28,2026-02-14,,,,,eBay,eBay,,30,USD,238.00,238.00,238.26,0.00,238.00,0,0.00,0,0.00,0.26,0.00,,,,,238.26,,0.00,,,,,,,,,,,,,,,Shipped,Paid,,,,,,,10004,10570,10004-2026-000011,,,,,,,,,eBay Shipping,Morgan Lee,Quentin Hale,eBay Commerce,204 Fulfillment Ave,Dock 4,Standard ship location,San Jose,CA,95111,Santa Clara,USA,ship-ebay@example.com,(408) 555-1306,,,,,,,,,,,,,,,,,,,3,2026-02-12,FA13512DM-1847DPOCN-30-32,809666865080,,Angie Stud Bling Pocket Low Rise Skinny Jeans,,,EA,,,,,,,,3,0,,3,,34.00,34.00,102.00,102.00,0.00,,102.00,Y,N,Y,Y,,,,,,,,,,,,Shipped,N,,,,,
SO2026-000012,1,4,2026-01-04,2026-01-04,2026-02-28,2026-01-06,,,,,Squarespace,Squarespace,,60,USD,78.50,78.50,83.29,0.00,78.50,0,0.00,0,0.00,4.79,0.00,,,,,83.29,,0.00,,,,,,,,,,,,,,,Shipped,Paid,,,,,,,20006,10582,20006-2026-000012,,,,,,,,,Squarespace Shipping,Jamie Clark,Elin Marsh,Squarespace Digital,218 Camino Del Rio,Dock 18,Digital ship location,San Diego,CA,92108,San Diego,USA,ship-squarespace@example.com,(619) 555-2706,,,,,,,,,,,,,,,,,,,1,2026-01-04,ADELINE-03-BLACK-10,,,BUCKLE FRONT FLAT SANDALS,,,EA,,,,,,,,3,0,,3,,18.50,18.50,55.50,55.50,0.00,,55.50,Y,N,Y,Y,,,,,,,,,,,,Shipped,N,,,,,
SO2026-000012,1,4,2026-01-04,2026-01-04,2026-02-28,2026-01-06,,,,,Squarespace,Squarespace,,60,USD,78.50,78.50,83.29,0.00,78.50,0,0.00,0,0.00,4.79,0.00,,,,,83.29,,0.00,,,,,,,,,,,,,,,Shipped,Paid,,,,,,,20006,10582,20006-2026-000012,,,,,,,,,Squarespace Shipping,Jamie Clark,Elin Marsh,Squarespace Digital,218 Camino Del Rio,Dock 18,Digital ship location,San Diego,CA,92108,San Diego,USA,ship-squarespace@example.com,(619) 555-2706,,,,,,,,,,,,,,,,,,,2,2026-01-04,ADELINE-02-BLACK-8.5,,,WOVEN SLIDE SANDAL,,,EA,,,,,,,,2,0,,2,,11.50,11.50,23.00,23.00,0.00,,23.00,Y,N,Y,Y,,,,,,,,,,,,Shipped,N,,,,,
SO2026-000013,1,4,2026-01-15,2026-01-15,2026-02-28,2026-01-16,,,,,Veeqo-Amazon,Veeqo Amazon,,45,USD,64.50,64.50,69.57,0.00,64.50,0,0.00,0,0.00,5.07,0.00,,,,,69.57,,0.00,,,,,,,,,,,,,,,Shipped,Paid,,,,,,,10016,10579,10016-2026-000013,,,,,,,,,Veeqo Amazon Shipping,Jamie Clark,Owen Pike,Veeqo Amazon Retail,202 Distribution Way,Dock 2,Regional ship location,Irvine,CA,92603,Orange,USA,ship-veeqo-amazon@example.com,(949) 555-1106,,,,,,,,,,,,,,,,,,,1,2026-01-15,CORA-01-LEOP-5,,,CROSS FRONT SANDAL,,,EA,,,,,,,,3,0,,3,,10.75,10.75,32.25,32.25,0.00,,32.25,Y,N,Y,Y,,,,,,,,,,,,Shipped,N,,,,,
SO2026-000013,1,4,2026-01-15,2026-01-15,2026-02-28,2026-01-16,,,,,Veeqo-Amazon,Veeqo Amazon,,45,USD,64.50,64.50,69.57,0.00,64.50,0,0.00,0,0.00,5.07,0.00,,,,,69.57,,0.00,,,,,,,,,,,,,,,Shipped,Paid,,,,,,,10016,10579,10016-2026-000013,,,,,,,,,Veeqo Amazon Shipping,Jamie Clark,Owen Pike,Veeqo Amazon Retail,202 Distribution Way,Dock 2,Regional ship location,Irvine,CA,92603,Orange,USA,ship-veeqo-amazon@example.com,(949) 555-1106,,,,,,,,,,,,,,,,,,,2,2026-01-15,CORA-01-BLK-10,,,CROSS FRONT SANDAL,,,EA,,,,,,,,3,0,,3,,10.75,10.75,32.25,32.25,0.00,,32.25,Y,N,Y,Y,,,,,,,,,,,,Shipped,N,,,,,
SO2026-000014,1,4,2026-02-22,2026-02-25,2026-02-28,2026-02-23,,,,,AMZ-eCom,AMZ eCom,,30,USD,34.00,34.00,47.81,0.00,34.00,0,0.00,0,0.00,13.81,0.00,,,,,47.81,,0.00,,,,,,,,,,,,,,,Shipped,Paid,,,,,,,10001,10565,10001-2026-000014,,,,,,,,,AMZ eCom Shipping,Alex Reed,Nora Lane,AMZ eCom Retail,201 Harbor Ave,Dock 1,Main ship location,Los Angeles,CA,90002,Los Angeles,USA,ship-amz-ecom@example.com,(213) 555-1006,,,,,,,,,,,,,,,,,,,1,2026-02-22,FA13512DM-1847DPOCN-27-30,809666864908,,Angie Stud Bling Pocket Low Rise Skinny Jeans,,,EA,,,,,,,,1,0,,1,,34.00,34.00,34.00,34.00,0.00,,34.00,Y,N,Y,Y,,,,,,,,,,,,Shipped,N,,,,,
SO2026-000015,1,4,2026-01-17,2026-01-21,2026-02-28,2026-01-19,,,,,Shopify,Shopify,,45,USD,124.00,124.00,127.32,0.00,124.00,0,0.00,0,0.00,3.32,0.00,,,,,127.32,,0.00,,,,,,,,,,,,,,,Shipped,Paid,,,,,,,20001,10580,20001-2026-000015,,,,,,,,,Shopify Shipping,Alex Reed,Dario Lowe,Shopify Commerce,217 Barranca Pkwy,Dock 17,Commerce ship location,Irvine,CA,92609,Orange,USA,ship-shopify@example.com,(949) 555-2606,,,,,,,,,,,,,,,,,,,1,2026-01-17,AUSTIN-06-BLUSH-7.5,,,SNEAKER,,,EA,,,,,,,,2,0,,2,,10.00,10.00,20.00,20.00,0.00,,20.00,Y,N,Y,Y,,,,,,,,,,,,Shipped,N,,,,,
SO2026-000015,1,4,2026-01-17,2026-01-21,2026-02-28,2026-01-19,,,,,Shopify,Shopify,,45,USD,124.00,124.00,127.32,0.00,124.00,0,0.00,0,0.00,3.32,0.00,,,,,127.32,,0.00,,,,,,,,,,,,,,,Shipped,Paid,,,,,,,20001,10580,20001-2026-000015,,,,,,,,,Shopify Shipping,Alex Reed,Dario Lowe,Shopify Commerce,217 Barranca Pkwy,Dock 17,Commerce ship location,Irvine,CA,92609,Orange,USA,ship-shopify@example.com,(949) 555-2606,,,,,,,,,,,,,,,,,,,2,2026-01-17,ADELINE-03-BLUE-6.5,,,BUCKLE FRONT FLAT SANDALS,,,EA,,,,,,,,4,0,,4,,18.50,18.50,74.00,74.00,0.00,,74.00,Y,N,Y,Y,,,,,,,,,,,,Shipped,N,,,,,
SO2026-000015,1,4,2026-01-17,2026-01-21,2026-02-28,2026-01-19,,,,,Shopify,Shopify,,45,USD,124.00,124.00,127.32,0.00,124.00,0,0.00,0,0.00,3.32,0.00,,,,,127.32,,0.00,,,,,,,,,,,,,,,Shipped,Paid,,,,,,,20001,10580,20001-2026-000015,,,,,,,,,Shopify Shipping,Alex Reed,Dario Lowe,Shopify Commerce,217 Barranca Pkwy,Dock 17,Commerce ship location,Irvine,CA,92609,Orange,USA,ship-shopify@example.com,(949) 555-2606,,,,,,,,,,,,,,,,,,,3,2026-01-17,AUSTIN-06-BLACK-8,,,SNEAKER,,,EA,,,,,,,,3,0,,3,,10.00,10.00,30.00,30.00,0.00,,30.00,Y,N,Y,Y,,,,,,,,,,,,Shipped,N,,,,,
SO2026-000016,1,4,2026-02-25,2026-02-27,2026-02-28,2026-02-26,,,,,JCPenney,JCPenney,,30,USD,137.00,137.00,142.03,0.00,137.00,0,0.00,0,0.00,5.03,0.00,,,,,142.03,,0.00,,,,,,,,,,,,,,,Shipped,Paid,,,,,,,30007,10575,30007-2026-000016,,,,,,,,,JCPenney Shipping,Alex Reed,Zane Holt,JCPenney Stores,213 Gateway Rd,Dock 13,Retail ship location,San Diego,CA,92106,San Diego,USA,ship-jcpenney@example.com,(619) 555-2206,,,,,,,,,,,,,,,,,,,1,2026-02-25,AUSTIN-06-BLUSH-11,,,SNEAKER,,,EA,,,,,,,,4,0,,4,,10.00,10.00,40.00,40.00,0.00,,40.00,Y,N,Y,Y,,,,,,,,,,,,Shipped,N,,,,,
SO2026-000016,1,4,2026-02-25,2026-02-27,2026-02-28,2026-02-26,,,,,JCPenney,JCPenney,,30,USD,137.00,137.00,142.03,0.00,137.00,0,0.00,0,0.00,5.03,0.00,,,,,142.03,,0.00,,,,,,,,,,,,,,,Shipped,Paid,,,,,,,30007,10575,30007-2026-000016,,,,,,,,,JCPenney Shipping,Alex Reed,Zane Holt,JCPenney Stores,213 Gateway Rd,Dock 13,Retail ship location,San Diego,CA,92106,San Diego,USA,ship-jcpenney@example.com,(619) 555-2206,,,,,,,,,,,,,,,,,,,2,2026-02-25,AVIANA-06-WHITE-7.5,,,FUR SLIPPER,,,EA,,,,,,,,4,0,,4,,16.25,16.25,65.00,65.00,0.00,,65.00,Y,N,Y,Y,,,,,,,,,,,,Shipped,N,,,,,
SO2026-000016,1,4,2026-02-25,2026-02-27,2026-02-28,2026-02-26,,,,,JCPenney,JCPenney,,30,USD,137.00,137.00,142.03,0.00,137.00,0,0.00,0,0.00,5.03,0.00,,,,,142.03,,0.00,,,,,,,,,,,,,,,Shipped,Paid,,,,,,,30007,10575,30007-2026-000016,,,,,,,,,JCPenney Shipping,Alex Reed,Zane Holt,JCPenney Stores,213 Gateway Rd,Dock 13,Retail ship location,San Diego,CA,92106,San Diego,USA,ship-jcpenney@example.com,(619) 555-2206,,,,,,,,,,,,,,,,,,,3,2026-02-25,CAMILA-06-GREEN-5,,,COSS FRONT SLIP ON SLIDES,,,EA,,,,,,,,4,0,,4,,8.00,8.00,32.00,32.00,0.00,,32.00,Y,N,Y,Y,,,,,,,,,,,,Shipped,N,,,,,
SO2026-000017,1,4,2026-02-04,2026-02-07,2026-02-28,2026-02-05,,,,,Squarespace,Squarespace,,60,USD,32.50,32.50,45.30,0.00,32.50,0,0.00,0,0.00,12.80,0.00,,,,,45.30,,0.00,,,,,,,,,,,,,,,Shipped,Paid,,,,,,,20006,10582,20006-2026-000017,,,,,,,,,Squarespace Shipping,Jamie Clark,Elin Marsh,Squarespace Digital,218 Camino Del Rio,Dock 18,Digital ship location,San Diego,CA,92108,San Diego,USA,ship-squarespace@example.com,(619) 555-2706,,,,,,,,,,,,,,,,,,,1,2026-02-04,AVIANA-06-WHITE-9,,,FUR SLIPPER,,,EA,,,,,,,,2,0,,2,,16.25,16.25,32.50,32.50,0.00,,32.50,Y,N,Y,Y,,,,,,,,,,,,Shipped,N,,,,,
SO2026-000018,1,4,2026-01-01,2026-01-06,2026-01-31,2026-01-02,,,,,JCPenney,JCPenney,,30,USD,48.75,48.75,54.49,0.00,48.75,0,0.00,0,0.00,5.74,0.00,,,,,54.49,,0.00,,,,,,,,,,,,,,,Shipped,Paid,,,,,,,30007,10575,30007-2026-000018,,,,,,,,,JCPenney Shipping,Alex Reed,Zane Holt,JCPenney Stores,213 Gateway Rd,Dock 13,Retail ship location,San Diego,CA,92106,San Diego,USA,ship-jcpenney@example.com,(619) 555-2206,,,,,,,,,,,,,,,,,,,1,2026-01-01,AVIANA-06-BLACK-5,,,FUR SLIPPER,,,EA,,,,,,,,3,0,,3,,16.25,16.25,48.75,48.75,0.00,,48.75,Y,N,Y,Y,,,,,,,,,,,,Shipped,N,,,,,
SO2026-000019,1,4,2026-02-28,2026-02-28,2026-02-28,2026-02-28,,,,,Etsy-VS,Etsy VS,,60,USD,83.00,83.00,95.20,0.00,83.00,0,0.00,0,0.00,12.20,0.00,,,,,95.20,,0.00,,,,,,,,,,,,,,,Shipped,Paid,,,,,,,10008,10572,10008-2026-000019,,,,,,,,,Etsy VS Shipping,Jamie Clark,Soren Vale,Etsy VS Marketplace,206 Pacific Hwy,Dock 6,Seasonal ship location,Los Angeles,CA,90004,Los Angeles,USA,ship-etsy-vs@example.com,(213) 555-1506,,,,,,,,,,,,,,,,,,,1,2026-02-28,FD3601033-3022FROZENPD-M-STD,809666343816,,Jay-Low Tencel Denim Shirtdress - Chiffon Collar and Tie Sleeve,,,EA,,,,,,,,1,0,,1,,49.00,49.00,49.00,49.00,0.00,,49.00,Y,N,Y,Y,,,,,,,,,,,,Shipped,N,,,,,
SO2026-000019,1,4,2026-02-28,2026-02-28,2026-02-28,2026-02-28,,,,,Etsy-VS,Etsy VS,,60,USD,83.00,83.00,95.20,0.00,83.00,0,0.00,0,0.00,12.20,0.00,,,,,95.20,,0.00,,,,,,,,,,,,,,,Shipped,Paid,,,,,,,10008,10572,10008-2026-000019,,,,,,,,,Etsy VS Shipping,Jamie Clark,Soren Vale,Etsy VS Marketplace,206 Pacific Hwy,Dock 6,Seasonal ship location,Los Angeles,CA,90004,Los Angeles,USA,ship-etsy-vs@example.com,(213) 555-1506,,,,,,,,,,,,,,,,,,,2,2026-02-28,FA13501DM-1464KINGSC-26-30,809666852448,,Maya Basic Dark Handsand Wash Midrise Skinny Jeans,,,EA,,,,,,,,1,0,,1,,34.00,34.00,34.00,34.00,0.00,,34.00,Y,N,Y,Y,,,,,,,,,,,,Shipped,N,,,,,
SO2026-000020,1,4,2026-02-13,2026-02-14,2026-02-28,2026-02-14,,,,,Squarespace,Squarespace,,60,USD,419.25,419.25,436.59,0.00,419.25,0,0.00,0,0.00,17.34,0.00,,,,,436.59,,0.00,,,,,,,,,,,,,,,Shipped,Paid,,,,,,,20006,10582,20006-2026-000020,,,,,,,,,Squarespace Shipping,Jamie Clark,Elin Marsh,Squarespace Digital,218 Camino Del Rio,Dock 18,Digital ship location,San Diego,CA,92108,San Diego,USA,ship-squarespace@example.com,(619) 555-2706,,,,,,,,,,,,,,,,,,,1,2026-02-13,CORA-01-LEOP-A12,,,CROSS FRONT SANDAL,,,EA,,,,,,,,3,0,,3,,129.00,129.00,387.00,387.00,0.00,,387.00,Y,N,Y,Y,,,,,,,,,,,,Shipped,N,,,,,
SO2026-000020,1,4,2026-02-13,2026-02-14,2026-02-28,2026-02-14,,,,,Squarespace,Squarespace,,60,USD,419.25,419.25,436.59,0.00,419.25,0,0.00,0,0.00,17.34,0.00,,,,,436.59,,0.00,,,,,,,,,,,,,,,Shipped,Paid,,,,,,,20006,10582,20006-2026-000020,,,,,,,,,Squarespace Shipping,Jamie Clark,Elin Marsh,Squarespace Digital,218 Camino Del Rio,Dock 18,Digital ship location,San Diego,CA,92108,San Diego,USA,ship-squarespace@example.com,(619) 555-2706,,,,,,,,,,,,,,,,,,,2,2026-02-13,CORA-01-FUCH-5,,,CROSS FRONT SANDAL,,,EA,,,,,,,,3,0,,3,,10.75,10.75,32.25,32.25,0.00,,32.25,Y,N,Y,Y,,,,,,,,,,,,Shipped,N,,,,,
SO2026-000021,1,4,2026-01-02,2026-01-03,2026-02-01,2026-01-03,,,,,Magento,Magento,,30,USD,150.00,150.00,163.33,0.00,150.00,0,0.00,0,0.00,13.33,0.00,,,,,163.33,,0.00,,,,,,,,,,,,,,,Shipped,Paid,,,,,,,20003,10581,20003-2026-000021,,,,,,,,,Magento Shipping,Morgan Lee,Cora Knox,Magento Platform,216 Century Blvd,Dock 16,Platform ship location,Los Angeles,CA,90008,Los Angeles,USA,ship-magento@example.com,(213) 555-2506,,,,,,,,,,,,,,,,,,,1,2026-01-02,ADELINE-03-BLUE-9.5,,,BUCKLE FRONT FLAT SANDALS,,,EA,,,,,,,,3,0,,3,,18.50,18.50,55.50,55.50,0.00,,55.50,Y,N,Y,Y,,,,,,,,,,,,Shipped,N,,,,,
SO2026-000021,1,4,2026-01-02,2026-01-03,2026-02-01,2026-01-03,,,,,Magento,Magento,,30,USD,150.00,150.00,163.33,0.00,150.00,0,0.00,0,0.00,13.33,0.00,,,,,163.33,,0.00,,,,,,,,,,,,,,,Shipped,Paid,,,,,,,20003,10581,20003-2026-000021,,,,,,,,,Magento Shipping,Morgan Lee,Cora Knox,Magento Platform,216 Century Blvd,Dock 16,Platform ship location,Los Angeles,CA,90008,Los Angeles,USA,ship-magento@example.com,(213) 555-2506,,,,,,,,,,,,,,,,,,,2,2026-01-02,CORA-01-LEOP-6,,,CROSS FRONT SANDAL,,,EA,,,,,,,,3,0,,3,,10.75,10.75,32.25,32.25,0.00,,32.25,Y,N,Y,Y,,,,,,,,,,,,Shipped,N,,,,,
SO2026-000021,1,4,2026-01-02,2026-01-03,2026-02-01,2026-01-03,,,,,Magento,Magento,,30,USD,150.00,150.00,163.33,0.00,150.00,0,0.00,0,0.00,13.33,0.00,,,,,163.33,,0.00,,,,,,,,,,,,,,,Shipped,Paid,,,,,,,20003,10581,20003-2026-000021,,,,,,,,,Magento Shipping,Morgan Lee,Cora Knox,Magento Platform,216 Century Blvd,Dock 16,Platform ship location,Los Angeles,CA,90008,Los Angeles,USA,ship-magento@example.com,(213) 555-2506,,,,,,,,,,,,,,,,,,,3,2026-01-02,ASTRID-01-GREY-12,,,SLIP ON SNEAKER,,,EA,,,,,,,,3,0,,3,,20.75,20.75,62.25,62.25,0.00,,62.25,Y,N,Y,Y,,,,,,,,,,,,Shipped,N,,,,,
SO2026-000022,1,4,2026-01-25,2026-01-26,2026-02-28,2026-01-26,,,,,Walmart-eComm,Walmart eComm,,45,USD,305.50,305.50,321.71,0.00,305.50,0,0.00,0,0.00,16.21,0.00,,,,,321.71,,0.00,,,,,,,,,,,,,,,Shipped,Paid,,,,,,,10002,10566,10002-2026-000022,,,,,,,,,Walmart eComm Shipping,Morgan Lee,Gavin Orr,Walmart eComm Retail,220 Townsend St,Dock 20,National ship location,San Francisco,CA,94109,San Francisco,USA,ship-walmart-ecomm@example.com,(415) 555-2906,,,,,,,,,,,,,,,,,,,1,2026-01-25,ADELINE-02-PINK-6,,,WOVEN SLIDE SANDAL,,,EA,,,,,,,,1,0,,1,,11.50,11.50,11.50,11.50,0.00,,11.50,Y,N,Y,Y,,,,,,,,,,,,Shipped,N,,,,,
SO2026-000022,1,4,2026-01-25,2026-01-26,2026-02-28,2026-01-26,,,,,Walmart-eComm,Walmart eComm,,45,USD,305.50,305.50,321.71,0.00,305.50,0,0.00,0,0.00,16.21,0.00,,,,,321.71,,0.00,,,,,,,,,,,,,,,Shipped,Paid,,,,,,,10002,10566,10002-2026-000022,,,,,,,,,Walmart eComm Shipping,Morgan Lee,Gavin Orr,Walmart eComm Retail,220 Townsend St,Dock 20,National ship location,San Francisco,CA,94109,San Francisco,USA,ship-walmart-ecomm@example.com,(415) 555-2906,,,,,,,,,,,,,,,,,,,2,2026-01-25,CAMILA-06-LILAC-S,,,COSS FRONT SLIP ON SLIDES,,,EA,,,,,,,,2,0,,2,,96.00,96.00,192.00,192.00,0.00,,192.00,Y,N,Y,Y,,,,,,,,,,,,Shipped,N,,,,,
SO2026-000022,1,4,2026-01-25,2026-01-26,2026-02-28,2026-01-26,,,,,Walmart-eComm,Walmart eComm,,45,USD,305.50,305.50,321.71,0.00,305.50,0,0.00,0,0.00,16.21,0.00,,,,,321.71,,0.00,,,,,,,,,,,,,,,Shipped,Paid,,,,,,,10002,10566,10002-2026-000022,,,,,,,,,Walmart eComm Shipping,Morgan Lee,Gavin Orr,Walmart eComm Retail,220 Townsend St,Dock 20,National ship location,San Francisco,CA,94109,San Francisco,USA,ship-walmart-ecomm@example.com,(415) 555-2906,,,,,,,,,,,,,,,,,,,3,2026-01-25,FA13501DM-1464KINGSC-30-32,809666852783,,Maya Basic Dark Handsand Wash Midrise Skinny Jeans,,,EA,,,,,,,,3,0,,3,,34.00,34.00,102.00,102.00,0.00,,102.00,Y,N,Y,Y,,,,,,,,,,,,Shipped,N,,,,,
SO2026-000023,1,4,2026-01-23,2026-01-23,2026-02-28,2026-01-24,,,,,Mirakl-HudsonsB,Mirakl HudsonsB,,60,USD,167.50,167.50,167.50,0.00,167.50,0,0.00,0,0.00,0.00,0.00,,,,,167.50,,0.00,,,,,,,,,,,,,,,Shipped,Paid,,,,,,,10005,10577,10005-2026-000023,,,,,,,,,Mirakl HudsonsB Shipping,Morgan Lee,Yara Glenn,Mirakl HudsonsB Network,212 Quail Hill Pkwy,Dock 12,Network ship location,Irvine,CA,92607,Orange,USA,ship-mirakl-hudsonsb@example.com,(949) 555-2106,,,,,,,,,,,,,,,,,,,1,2026-01-23,ADELINE-02-BLACK-5.5,,,WOVEN SLIDE SANDAL,,,EA,,,,,,,,1,0,,1,,11.50,11.50,11.50,11.50,0.00,,11.50,Y,N,Y,Y,,,,,,,,,,,,Shipped,N,,,,,
SO2026-000023,1,4,2026-01-23,2026-01-23,2026-02-28,2026-01-24,,,,,Mirakl-HudsonsB,Mirakl HudsonsB,,60,USD,167.50,167.50,167.50,0.00,167.50,0,0.00,0,0.00,0.00,0.00,,,,,167.50,,0.00,,,,,,,,,,,,,,,Shipped,Paid,,,,,,,10005,10577,10005-2026-000023,,,,,,,,,Mirakl HudsonsB Shipping,Morgan Lee,Yara Glenn,Mirakl HudsonsB Network,212 Quail Hill Pkwy,Dock 12,Network ship location,Irvine,CA,92607,Orange,USA,ship-mirakl-hudsonsb@example.com,(949) 555-2106,,,,,,,,,,,,,,,,,,,2,2026-01-23,FA16023WV-SMOKEYROSE-M-STD,809666901146,,Olivia Gray Floral Print Kimono Chiffon Wrap Maxi Dress,,,EA,,,,,,,,4,0,,4,,39.00,39.00,156.00,156.00,0.00,,156.00,Y,N,Y,Y,,,,,,,,,,,,Shipped,N,,,,,
SO2026-000024,1,4,2026-01-02,2026-01-03,2026-02-01,2026-01-04,,,,,Magento,Magento,,30,USD,231.00,231.00,242.93,0.00,231.00,0,0.00,0,0.00,11.93,0.00,,,,,242.93,,0.00,,,,,,,,,,,,,,,Shipped,Paid,,,,,,,20003,10581,20003-2026-000024,,,,,,,,,Magento Shipping,Morgan Lee,Cora Knox,Magento Platform,216 Century Blvd,Dock 16,Platform ship location,Los Angeles,CA,90008,Los Angeles,USA,ship-magento@example.com,(213) 555-2506,,,,,,,,,,,,,,,,,,,1,2026-01-02,F13031C-1742VNTGBJ-29-STD,809666254822,,Cayden Vintage Beujolias Corduroy Skinny Jeans,,,EA,,,,,,,,4,0,,4,,34.00,34.00,136.00,136.00,0.00,,136.00,Y,N,Y,Y,,,,,,,,,,,,Shipped,N,,,,,
SO2026-000024,1,4,2026-01-02,2026-01-03,2026-02-01,2026-01-04,,,,,Magento,Magento,,30,USD,231.00,231.00,242.93,0.00,231.00,0,0.00,0,0.00,11.93,0.00,,,,,242.93,,0.00,,,,,,,,,,,,,,,Shipped,Paid,,,,,,,20003,10581,20003-2026-000024,,,,,,,,,Magento Shipping,Morgan Lee,Cora Knox,Magento Platform,216 Century Blvd,Dock 16,Platform ship location,Los Angeles,CA,90008,Los Angeles,USA,ship-magento@example.com,(213) 555-2506,,,,,,,,,,,,,,,,,,,2,2026-01-02,FD9801506P-GINGER-1X-STD,809666395341,,Natalia Solid Button-Up Wrap Lantern Sleeve Dress,,,EA,,,,,,,,1,0,,1,,49.00,49.00,49.00,49.00,0.00,,49.00,Y,N,Y,Y,,,,,,,,,,,,Shipped,N,,,,,
SO2026-000024,1,4,2026-01-02,2026-01-03,2026-02-01,2026-01-04,,,,,Magento,Magento,,30,USD,231.00,231.00,242.93,0.00,231.00,0,0.00,0,0.00,11.93,0.00,,,,,242.93,,0.00,,,,,,,,,,,,,,,Shipped,Paid,,,,,,,20003,10581,20003-2026-000024,,,,,,,,,Magento Shipping,Morgan Lee,Cora Knox,Magento Platform,216 Century Blvd,Dock 16,Platform ship location,Los Angeles,CA,90008,Los Angeles,USA,ship-magento@example.com,(213) 555-2506,,,,,,,,,,,,,,,,,,,3,2026-01-02,ADELINE-02-CAMEL-9,,,WOVEN SLIDE SANDAL,,,EA,,,,,,,,4,0,,4,,11.50,11.50,46.00,46.00,0.00,,46.00,Y,N,Y,Y,,,,,,,,,,,,Shipped,N,,,,,
SO2026-000025,1,4,2026-02-12,2026-02-12,2026-02-28,2026-02-12,,,,,Squarespace,Squarespace,,60,USD,92.00,92.00,108.43,0.00,92.00,0,0.00,0,0.00,16.43,0.00,,,,,108.43,,0.00,,,,,,,,,,,,,,,Shipped,Paid,,,,,,,20006,10582,20006-2026-000025,,,,,,,,,Squarespace Shipping,Jamie Clark,Elin Marsh,Squarespace Digital,218 Camino Del Rio,Dock 18,Digital ship location,San Diego,CA,92108,San Diego,USA,ship-squarespace@example.com,(619) 555-2706,,,,,,,,,,,,,,,,,,,1,2026-02-12,FA16023WV-SLATE-S-STD,809666901092,,Olivia Slate Blue Chiffon Kimono Wrap Dress,,,EA,,,,,,,,1,0,,1,,39.00,39.00,39.00,39.00,0.00,,39.00,Y,N,Y,Y,,,,,,,,,,,,Shipped,N,,,,,
SO2026-000025,1,4,2026-02-12,2026-02-12,2026-02-28,2026-02-12,,,,,Squarespace,Squarespace,,60,USD,92.00,92.00,108.43,0.00,92.00,0,0.00,0,0.00,16.43,0.00,,,,,108.43,,0.00,,,,,,,,,,,,,,,Shipped,Paid,,,,,,,20006,10582,20006-2026-000025,,,,,,,,,Squarespace Shipping,Jamie Clark,Elin Marsh,Squarespace Digital,218 Camino Del Rio,Dock 18,Digital ship location,San Diego,CA,92108,San Diego,USA,ship-squarespace@example.com,(619) 555-2706,,,,,,,,,,,,,,,,,,,2,2026-02-12,AUSTIN-06-BLACK-7,,,SNEAKER,,,EA,,,,,,,,1,0,,1,,10.00,10.00,10.00,10.00,0.00,,10.00,Y,N,Y,Y,,,,,,,,,,,,Shipped,N,,,,,
SO2026-000025,1,4,2026-02-12,2026-02-12,2026-02-28,2026-02-12,,,,,Squarespace,Squarespace,,60,USD,92.00,92.00,108.43,0.00,92.00,0,0.00,0,0.00,16.43,0.00,,,,,108.43,,0.00,,,,,,,,,,,,,,,Shipped,Paid,,,,,,,20006,10582,20006-2026-000025,,,,,,,,,Squarespace Shipping,Jamie Clark,Elin Marsh,Squarespace Digital,218 Camino Del Rio,Dock 18,Digital ship location,San Diego,CA,92108,San Diego,USA,ship-squarespace@example.com,(619) 555-2706,,,,,,,,,,,,,,,,,,,3,2026-02-12,CORA-01-LEOP-6.5,,,CROSS FRONT SANDAL,,,EA,,,,,,,,4,0,,4,,10.75,10.75,43.00,43.00,0.00,,43.00,Y,N,Y,Y,,,,,,,,,,,,Shipped,N,,,,,
SO2026-000026,1,4,2026-01-30,2026-02-03,2026-02-28,2026-01-30,,,,,Macys,Macys,,60,USD,96.00,96.00,108.00,0.00,96.00,0,0.00,0,0.00,12.00,0.00,,,,,108.00,,0.00,,,,,,,,,,,,,,,Shipped,Paid,,,,,,,30005,10574,30005-2026-000026,,,,,,,,,Macys Shipping,Taylor Kim,Blake Jett,Macys Stores,215 King St,Dock 15,Department ship location,San Francisco,CA,94107,San Francisco,USA,ship-macys@example.com,(415) 555-2406,,,,,,,,,,,,,,,,,,,1,2026-01-30,173451-1183CITIZEN-5-34,809666377750,,Susan Stretch Denim Skinny Jeans Medium Blue 5 Pocket Wash,,,EA,,,,,,,,4,0,,4,,24.00,24.00,96.00,96.00,0.00,,96.00,Y,N,Y,Y,,,,,,,,,,,,Shipped,N,,,,,
SO2026-000027,1,4,2026-01-09,2026-01-11,2026-02-28,2026-01-11,,,,,Macys,Macys,,60,USD,127.00,127.00,132.18,0.00,127.00,0,0.00,0,0.00,5.18,0.00,,,,,132.18,,0.00,,,,,,,,,,,,,,,Shipped,Paid,,,,,,,30005,10574,30005-2026-000027,,,,,,,,,Macys Shipping,Taylor Kim,Blake Jett,Macys Stores,215 King St,Dock 15,Department ship location,San Francisco,CA,94107,San Francisco,USA,ship-macys@example.com,(415) 555-2406,,,,,,,,,,,,,,,,,,,1,2026-01-09,ADELINE-03-GOLD-12,,,BUCKLE FRONT FLAT SANDALS,,,EA,,,,,,,,3,0,,3,,18.50,18.50,55.50,55.50,0.00,,55.50,Y,N,Y,Y,,,,,,,,,,,,Shipped,N,,,,,
SO2026-000027,1,4,2026-01-09,2026-01-11,2026-02-28,2026-01-11,,,,,Macys,Macys,,60,USD,127.00,127.00,132.18,0.00,127.00,0,0.00,0,0.00,5.18,0.00,,,,,132.18,,0.00,,,,,,,,,,,,,,,Shipped,Paid,,,,,,,30005,10574,30005-2026-000027,,,,,,,,,Macys Shipping,Taylor Kim,Blake Jett,Macys Stores,215 King St,Dock 15,Department ship location,San Francisco,CA,94107,San Francisco,USA,ship-macys@example.com,(415) 555-2406,,,,,,,,,,,,,,,,,,,2,2026-01-09,ADELINE-03-BROWN-12,,,BUCKLE FRONT FLAT SANDALS,,,EA,,,,,,,,2,0,,2,,18.50,18.50,37.00,37.00,0.00,,37.00,Y,N,Y,Y,,,,,,,,,,,,Shipped,N,,,,,
SO2026-000027,1,4,2026-01-09,2026-01-11,2026-02-28,2026-01-11,,,,,Macys,Macys,,60,USD,127.00,127.00,132.18,0.00,127.00,0,0.00,0,0.00,5.18,0.00,,,,,132.18,,0.00,,,,,,,,,,,,,,,Shipped,Paid,,,,,,,30005,10574,30005-2026-000027,,,,,,,,,Macys Shipping,Taylor Kim,Blake Jett,Macys Stores,215 King St,Dock 15,Department ship location,San Francisco,CA,94107,San Francisco,USA,ship-macys@example.com,(415) 555-2406,,,,,,,,,,,,,,,,,,,3,2026-01-09,ADELINE-02-PINK-6.5,,,WOVEN SLIDE SANDAL,,,EA,,,,,,,,3,0,,3,,11.50,11.50,34.50,34.50,0.00,,34.50,Y,N,Y,Y,,,,,,,,,,,,Shipped,N,,,,,
SO2026-000028,1,4,2026-02-02,2026-02-07,2026-02-28,2026-02-04,,,,,Veeqo-Amazon,Veeqo Amazon,,45,USD,88.00,88.00,102.72,0.00,88.00,0,0.00,0,0.00,14.72,0.00,,,,,102.72,,0.00,,,,,,,,,,,,,,,Shipped,Paid,,,,,,,10016,10579,10016-2026-000028,,,,,,,,,Veeqo Amazon Shipping,Jamie Clark,Owen Pike,Veeqo Amazon Retail,202 Distribution Way,Dock 2,Regional ship location,Irvine,CA,92603,Orange,USA,ship-veeqo-amazon@example.com,(949) 555-1106,,,,,,,,,,,,,,,,,,,1,2026-02-02,AUSTIN-06-CAMEL-8.5,,,SNEAKER,,,EA,,,,,,,,1,0,,1,,10.00,10.00,10.00,10.00,0.00,,10.00,Y,N,Y,Y,,,,,,,,,,,,Shipped,N,,,,,
SO2026-000028,1,4,2026-02-02,2026-02-07,2026-02-28,2026-02-04,,,,,Veeqo-Amazon,Veeqo Amazon,,45,USD,88.00,88.00,102.72,0.00,88.00,0,0.00,0,0.00,14.72,0.00,,,,,102.72,,0.00,,,,,,,,,,,,,,,Shipped,Paid,,,,,,,10016,10579,10016-2026-000028,,,,,,,,,Veeqo Amazon Shipping,Jamie Clark,Owen Pike,Veeqo Amazon Retail,202 Distribution Way,Dock 2,Regional ship location,Irvine,CA,92603,Orange,USA,ship-veeqo-amazon@example.com,(949) 555-1106,,,,,,,,,,,,,,,,,,,2,2026-02-02,FB3601737,,,Light Hand-Sanded Denim Stretch High-Waist Slit Hem Jeans,,,EA,,,,,,,,2,0,,2,,39.00,39.00,78.00,78.00,0.00,,78.00,Y,N,Y,Y,,,,,,,,,,,,Shipped,N,,,,,
SO2026-000029,1,4,2026-02-21,2026-02-21,2026-02-28,2026-02-22,,,,,Etsy-VS,Etsy VS,,60,USD,298.00,298.00,314.21,0.00,298.00,0,0.00,0,0.00,16.21,0.00,,,,,314.21,,0.00,,,,,,,,,,,,,,,Shipped,Paid,,,,,,,10008,10572,10008-2026-000029,,,,,,,,,Etsy VS Shipping,Jamie Clark,Soren Vale,Etsy VS Marketplace,206 Pacific Hwy,Dock 6,Seasonal ship location,Los Angeles,CA,90004,Los Angeles,USA,ship-etsy-vs@example.com,(213) 555-1506,,,,,,,,,,,,,,,,,,,1,2026-02-21,CORA-01-YLW-S,,,CROSS FRONT SANDAL,,,EA,,,,,,,,2,0,,2,,129.00,129.00,258.00,258.00,0.00,,258.00,Y,N,Y,Y,,,,,,,,,,,,Shipped,N,,,,,
SO2026-000029,1,4,2026-02-21,2026-02-21,2026-02-28,2026-02-22,,,,,Etsy-VS,Etsy VS,,60,USD,298.00,298.00,314.21,0.00,298.00,0,0.00,0,0.00,16.21,0.00,,,,,314.21,,0.00,,,,,,,,,,,,,,,Shipped,Paid,,,,,,,10008,10572,10008-2026-000029,,,,,,,,,Etsy VS Shipping,Jamie Clark,Soren Vale,Etsy VS Marketplace,206 Pacific Hwy,Dock 6,Seasonal ship location,Los Angeles,CA,90004,Los Angeles,USA,ship-etsy-vs@example.com,(213) 555-1506,,,,,,,,,,,,,,,,,,,2,2026-02-21,FA16023WV-SMOKELEOPARD-S-STD,809666395884,,Olivia Smoke Leopard Print Kimono Wrap Maxi Dress,,,EA,,,,,,,,1,0,,1,,40.00,40.00,40.00,40.00,0.00,,40.00,Y,N,Y,Y,,,,,,,,,,,,Shipped,N,,,,,
SO2026-000030,1,4,2026-02-20,2026-02-25,2026-02-28,2026-02-22,,,,,Veeqo-Amazon,Veeqo Amazon,,45,USD,258.00,258.00,265.64,0.00,258.00,0,0.00,0,0.00,7.64,0.00,,,,,265.64,,0.00,,,,,,,,,,,,,,,Shipped,Paid,,,,,,,10016,10579,10016-2026-000030,,,,,,,,,Veeqo Amazon Shipping,Jamie Clark,Owen Pike,Veeqo Amazon Retail,202 Distribution Way,Dock 2,Regional ship location,Irvine,CA,92603,Orange,USA,ship-veeqo-amazon@example.com,(949) 555-1106,,,,,,,,,,,,,,,,,,,1,2026-02-20,CORA-01-BLK-B12,,,CROSS FRONT SANDAL,,,EA,,,,,,,,2,0,,2,,129.00,129.00,258.00,258.00,0.00,,258.00,Y,N,Y,Y,,,,,,,,,,,,Shipped,N,,,,,
SO2026-000031,1,4,2026-01-31,2026-02-05,2026-02-28,2026-01-31,,,,,Walmart-eComm,Walmart eComm,,45,USD,52.25,52.25,60.18,0.00,52.25,0,0.00,0,0.00,7.93,0.00,,,,,60.18,,0.00,,,,,,,,,,,,,,,Shipped,Paid,,,,,,,10002,10566,10002-2026-000031,,,,,,,,,Walmart eComm Shipping,Morgan Lee,Gavin Orr,Walmart eComm Retail,220 Townsend St,Dock 20,National ship location,San Francisco,CA,94109,San Francisco,USA,ship-walmart-ecomm@example.com,(415) 555-2906,,,,,,,,,,,,,,,,,,,1,2026-01-31,ADELINE-02-BLACK-6.5,,,WOVEN SLIDE SANDAL,,,EA,,,,,,,,1,0,,1,,11.50,11.50,11.50,11.50,0.00,,11.50,Y,N,Y,Y,,,,,,,,,,,,Shipped,N,,,,,
SO2026-000031,1,4,2026-01-31,2026-02-05,2026-02-28,2026-01-31,,,,,Walmart-eComm,Walmart eComm,,45,USD,52.25,52.25,60.18,0.00,52.25,0,0.00,0,0.00,7.93,0.00,,,,,60.18,,0.00,,,,,,,,,,,,,,,Shipped,Paid,,,,,,,10002,10566,10002-2026-000031,,,,,,,,,Walmart eComm Shipping,Morgan Lee,Gavin Orr,Walmart eComm Retail,220 Townsend St,Dock 20,National ship location,San Francisco,CA,94109,San Francisco,USA,ship-walmart-ecomm@example.com,(415) 555-2906,,,,,,,,,,,,,,,,,,,2,2026-01-31,CORA-01-FUCH-6.5,,,CROSS FRONT SANDAL,,,EA,,,,,,,,1,0,,1,,10.75,10.75,10.75,10.75,0.00,,10.75,Y,N,Y,Y,,,,,,,,,,,,Shipped,N,,,,,
SO2026-000031,1,4,2026-01-31,2026-02-05,2026-02-28,2026-01-31,,,,,Walmart-eComm,Walmart eComm,,45,USD,52.25,52.25,60.18,0.00,52.25,0,0.00,0,0.00,7.93,0.00,,,,,60.18,,0.00,,,,,,,,,,,,,,,Shipped,Paid,,,,,,,10002,10566,10002-2026-000031,,,,,,,,,Walmart eComm Shipping,Morgan Lee,Gavin Orr,Walmart eComm Retail,220 Townsend St,Dock 20,National ship location,San Francisco,CA,94109,San Francisco,USA,ship-walmart-ecomm@example.com,(415) 555-2906,,,,,,,,,,,,,,,,,,,3,2026-01-31,AUSTIN-06-NUDE-6,,,SNEAKER,,,EA,,,,,,,,3,0,,3,,10.00,10.00,30.00,30.00,0.00,,30.00,Y,N,Y,Y,,,,,,,,,,,,Shipped,N,,,,,
SO2026-000032,1,4,2026-02-02,2026-02-03,2026-02-28,2026-02-02,,,,,Etsy-LS,Etsy LS,,45,USD,181.00,181.00,182.93,0.00,181.00,0,0.00,0,0.00,1.93,0.00,,,,,182.93,,0.00,,,,,,,,,,,,,,,Shipped,Paid,,,,,,,10008,10571,10008-2026-000032,,,,,,,,,Etsy LS Shipping,Alex Reed,Rhea Moss,Etsy LS Marketplace,205 Mission St,Dock 5,Marketplace ship location,San Francisco,CA,94103,San Francisco,USA,ship-etsy-ls@example.com,(415) 555-1406,,,,,,,,,,,,,,,,,,,1,2026-02-02,FA16023WV-MIDNIGHTBLUE-XL-STD,809666795745,,Olivia Woven GGT Midnight Blue Kimono Wrap Maxi Dress,,,EA,,,,,,,,3,0,,3,,39.00,39.00,117.00,117.00,0.00,,117.00,Y,N,Y,Y,,,,,,,,,,,,Shipped,N,,,,,
SO2026-000032,1,4,2026-02-02,2026-02-03,2026-02-28,2026-02-02,,,,,Etsy-LS,Etsy LS,,45,USD,181.00,181.00,182.93,0.00,181.00,0,0.00,0,0.00,1.93,0.00,,,,,182.93,,0.00,,,,,,,,,,,,,,,Shipped,Paid,,,,,,,10008,10571,10008-2026-000032,,,,,,,,,Etsy LS Shipping,Alex Reed,Rhea Moss,Etsy LS Marketplace,205 Mission St,Dock 5,Marketplace ship location,San Francisco,CA,94103,San Francisco,USA,ship-etsy-ls@example.com,(415) 555-1406,,,,,,,,,,,,,,,,,,,2,2026-02-02,FA16023WV-SMOKELEOPARD-L-STD,809666395907,,Olivia Smoke Leopard Print Kimono Wrap Maxi Dress,,,EA,,,,,,,,1,0,,1,,40.00,40.00,40.00,40.00,0.00,,40.00,Y,N,Y,Y,,,,,,,,,,,,Shipped,N,,,,,
SO2026-000032,1,4,2026-02-02,2026-02-03,2026-02-28,2026-02-02,,,,,Etsy-LS,Etsy LS,,45,USD,181.00,181.00,182.93,0.00,181.00,0,0.00,0,0.00,1.93,0.00,,,,,182.93,,0.00,,,,,,,,,,,,,,,Shipped,Paid,,,,,,,10008,10571,10008-2026-000032,,,,,,,,,Etsy LS Shipping,Alex Reed,Rhea Moss,Etsy LS Marketplace,205 Mission St,Dock 5,Marketplace ship location,San Francisco,CA,94103,San Francisco,USA,ship-etsy-ls@example.com,(415) 555-1406,,,,,,,,,,,,,,,,,,,3,2026-02-02,CAMILA-06-LILAC-12,,,COSS FRONT SLIP ON SLIDES,,,EA,,,,,,,,3,0,,3,,8.00,8.00,24.00,24.00,0.00,,24.00,Y,N,Y,Y,,,,,,,,,,,,Shipped,N,,,,,
SO2026-000033,1,4,2026-02-26,2026-02-26,2026-02-28,2026-02-28,,,,,Veeqo-Amazon,Veeqo Amazon,,45,USD,100.75,100.75,105.09,0.00,100.75,0,0.00,0,0.00,4.34,0.00,,,,,105.09,,0.00,,,,,,,,,,,,,,,Shipped,Paid,,,,,,,10016,10579,10016-2026-000033,,,,,,,,,Veeqo Amazon Shipping,Jamie Clark,Owen Pike,Veeqo Amazon Retail,202 Distribution Way,Dock 2,Regional ship location,Irvine,CA,92603,Orange,USA,ship-veeqo-amazon@example.com,(949) 555-1106,,,,,,,,,,,,,,,,,,,1,2026-02-26,ADELINE-03-GOLD-7.5,,,BUCKLE FRONT FLAT SANDALS,,,EA,,,,,,,,4,0,,4,,18.50,18.50,74.00,74.00,0.00,,74.00,Y,N,Y,Y,,,,,,,,,,,,Shipped,N,,,,,
SO2026-000033,1,4,2026-02-26,2026-02-26,2026-02-28,2026-02-28,,,,,Veeqo-Amazon,Veeqo Amazon,,45,USD,100.75,100.75,105.09,0.00,100.75,0,0.00,0,0.00,4.34,0.00,,,,,105.09,,0.00,,,,,,,,,,,,,,,Shipped,Paid,,,,,,,10016,10579,10016-2026-000033,,,,,,,,,Veeqo Amazon Shipping,Jamie Clark,Owen Pike,Veeqo Amazon Retail,202 Distribution Way,Dock 2,Regional ship location,Irvine,CA,92603,Orange,USA,ship-veeqo-amazon@example.com,(949) 555-1106,,,,,,,,,,,,,,,,,,,2,2026-02-26,CAMILA-06-LILAC-6.5,,,COSS FRONT SLIP ON SLIDES,,,EA,,,,,,,,2,0,,2,,8.00,8.00,16.00,16.00,0.00,,16.00,Y,N,Y,Y,,,,,,,,,,,,Shipped,N,,,,,
SO2026-000033,1,4,2026-02-26,2026-02-26,2026-02-28,2026-02-28,,,,,Veeqo-Amazon,Veeqo Amazon,,45,USD,100.75,100.75,105.09,0.00,100.75,0,0.00,0,0.00,4.34,0.00,,,,,105.09,,0.00,,,,,,,,,,,,,,,Shipped,Paid,,,,,,,10016,10579,10016-2026-000033,,,,,,,,,Veeqo Amazon Shipping,Jamie Clark,Owen Pike,Veeqo Amazon Retail,202 Distribution Way,Dock 2,Regional ship location,Irvine,CA,92603,Orange,USA,ship-veeqo-amazon@example.com,(949) 555-1106,,,,,,,,,,,,,,,,,,,3,2026-02-26,CORA-01-CAME-7,,,CROSS FRONT SANDAL,,,EA,,,,,,,,1,0,,1,,10.75,10.75,10.75,10.75,0.00,,10.75,Y,N,Y,Y,,,,,,,,,,,,Shipped,N,,,,,
SO2026-000034,1,4,2026-01-16,2026-01-18,2026-02-28,2026-01-18,,,,,Veeqo-Amazon,Veeqo Amazon,,45,USD,205.00,205.00,205.00,0.00,205.00,0,0.00,0,0.00,0.00,0.00,,,,,205.00,,0.00,,,,,,,,,,,,,,,Shipped,Paid,,,,,,,10016,10579,10016-2026-000034,,,,,,,,,Veeqo Amazon Shipping,Jamie Clark,Owen Pike,Veeqo Amazon Retail,202 Distribution Way,Dock 2,Regional ship location,Irvine,CA,92603,Orange,USA,ship-veeqo-amazon@example.com,(949) 555-1106,,,,,,,,,,,,,,,,,,,1,2026-01-16,ASTRID-01-NUDE-7.5,,,SLIP ON SNEAKER,,,EA,,,,,,,,4,0,,4,,20.75,20.75,83.00,83.00,0.00,,83.00,Y,N,Y,Y,,,,,,,,,,,,Shipped,N,,,,,
SO2026-000034,1,4,2026-01-16,2026-01-18,2026-02-28,2026-01-18,,,,,Veeqo-Amazon,Veeqo Amazon,,45,USD,205.00,205.00,205.00,0.00,205.00,0,0.00,0,0.00,0.00,0.00,,,,,205.00,,0.00,,,,,,,,,,,,,,,Shipped,Paid,,,,,,,10016,10579,10016-2026-000034,,,,,,,,,Veeqo Amazon Shipping,Jamie Clark,Owen Pike,Veeqo Amazon Retail,202 Distribution Way,Dock 2,Regional ship location,Irvine,CA,92603,Orange,USA,ship-veeqo-amazon@example.com,(949) 555-1106,,,,,,,,,,,,,,,,,,,2,2026-01-16,AUSTIN-06-NUDE-10,,,SNEAKER,,,EA,,,,,,,,2,0,,2,,10.00,10.00,20.00,20.00,0.00,,20.00,Y,N,Y,Y,,,,,,,,,,,,Shipped,N,,,,,
SO2026-000034,1,4,2026-01-16,2026-01-18,2026-02-28,2026-01-18,,,,,Veeqo-Amazon,Veeqo Amazon,,45,USD,205.00,205.00,205.00,0.00,205.00,0,0.00,0,0.00,0.00,0.00,,,,,205.00,,0.00,,,,,,,,,,,,,,,Shipped,Paid,,,,,,,10016,10579,10016-2026-000034,,,,,,,,,Veeqo Amazon Shipping,Jamie Clark,Owen Pike,Veeqo Amazon Retail,202 Distribution Way,Dock 2,Regional ship location,Irvine,CA,92603,Orange,USA,ship-veeqo-amazon@example.com,(949) 555-1106,,,,,,,,,,,,,,,,,,,3,2026-01-16,FA13501DM-1464KINGSC-32-32,809666852806,,Maya Basic Dark Handsand Wash Midrise Skinny Jeans,,,EA,,,,,,,,3,0,,3,,34.00,34.00,102.00,102.00,0.00,,102.00,Y,N,Y,Y,,,,,,,,,,,,Shipped,N,,,,,
SO2026-000035,1,4,2026-01-05,2026-01-08,2026-02-04,2026-01-06,,,,,eBay,eBay,,30,USD,254.00,254.00,264.36,0.00,254.00,0,0.00,0,0.00,10.36,0.00,,,,,264.36,,0.00,,,,,,,,,,,,,,,Shipped,Paid,,,,,,,10004,10570,10004-2026-000035,,,,,,,,,eBay Shipping,Morgan Lee,Quentin Hale,eBay Commerce,204 Fulfillment Ave,Dock 4,Standard ship location,San Jose,CA,95111,Santa Clara,USA,ship-ebay@example.com,(408) 555-1306,,,,,,,,,,,,,,,,,,,1,2026-01-05,ADELINE-02-CAMEL-7.5,,,WOVEN SLIDE SANDAL,,,EA,,,,,,,,2,0,,2,,11.50,11.50,23.00,23.00,0.00,,23.00,Y,N,Y,Y,,,,,,,,,,,,Shipped,N,,,,,
SO2026-000035,1,4,2026-01-05,2026-01-08,2026-02-04,2026-01-06,,,,,eBay,eBay,,30,USD,254.00,254.00,264.36,0.00,254.00,0,0.00,0,0.00,10.36,0.00,,,,,264.36,,0.00,,,,,,,,,,,,,,,Shipped,Paid,,,,,,,10004,10570,10004-2026-000035,,,,,,,,,eBay Shipping,Morgan Lee,Quentin Hale,eBay Commerce,204 Fulfillment Ave,Dock 4,Standard ship location,San Jose,CA,95111,Santa Clara,USA,ship-ebay@example.com,(408) 555-1306,,,,,,,,,,,,,,,,,,,2,2026-01-05,CAMILA-06-GREEN-A12,,,COSS FRONT SLIP ON SLIDES,,,EA,,,,,,,,2,0,,2,,96.00,96.00,192.00,192.00,0.00,,192.00,Y,N,Y,Y,,,,,,,,,,,,Shipped,N,,,,,
SO2026-000035,1,4,2026-01-05,2026-01-08,2026-02-04,2026-01-06,,,,,eBay,eBay,,30,USD,254.00,254.00,264.36,0.00,254.00,0,0.00,0,0.00,10.36,0.00,,,,,264.36,,0.00,,,,,,,,,,,,,,,Shipped,Paid,,,,,,,10004,10570,10004-2026-000035,,,,,,,,,eBay Shipping,Morgan Lee,Quentin Hale,eBay Commerce,204 Fulfillment Ave,Dock 4,Standard ship location,San Jose,CA,95111,Santa Clara,USA,ship-ebay@example.com,(408) 555-1306,,,,,,,,,,,,,,,,,,,3,2026-01-05,FB3601737-3219UNFORGV,,,Light Hand-Sanded Denim Stretch High-Waist Slit Hem Jeans,,,EA,,,,,,,,1,0,,1,,39.00,39.00,39.00,39.00,0.00,,39.00,Y,N,Y,Y,,,,,,,,,,,,Shipped,N,,,,,
SO2026-000036,1,4,2026-01-07,2026-01-10,2026-02-21,2026-01-09,,,,,Mirakl-Kohls,Mirakl Kohls,,45,USD,190.00,190.00,206.93,0.00,190.00,0,0.00,0,0.00,16.93,0.00,,,,,206.93,,0.00,,,,,,,,,,,,,,,Shipped,Paid,,,,,,,10013,10576,10013-2026-000036,,,,,,,,,Mirakl Kohls Shipping,Jamie Clark,Asha Ives,Mirakl Kohls Network,214 Silver Creek Rd,Dock 14,Partner ship location,San Jose,CA,95115,Santa Clara,USA,ship-mirakl-kohls@example.com,(408) 555-2306,,,,,,,,,,,,,,,,,,,1,2026-01-07,AVIANA-06-WHITE-11,,,FUR SLIPPER,,,EA,,,,,,,,2,0,,2,,16.25,16.25,32.50,32.50,0.00,,32.50,Y,N,Y,Y,,,,,,,,,,,,Shipped,N,,,,,
SO2026-000036,1,4,2026-01-07,2026-01-10,2026-02-21,2026-01-09,,,,,Mirakl-Kohls,Mirakl Kohls,,45,USD,190.00,190.00,206.93,0.00,190.00,0,0.00,0,0.00,16.93,0.00,,,,,206.93,,0.00,,,,,,,,,,,,,,,Shipped,Paid,,,,,,,10013,10576,10013-2026-000036,,,,,,,,,Mirakl Kohls Shipping,Jamie Clark,Asha Ives,Mirakl Kohls Network,214 Silver Creek Rd,Dock 14,Partner ship location,San Jose,CA,95115,Santa Clara,USA,ship-mirakl-kohls@example.com,(408) 555-2306,,,,,,,,,,,,,,,,,,,2,2026-01-07,FA13501DM-1464KINGSC-29-32,809666852776,,Maya Basic Dark Handsand Wash Midrise Skinny Jeans,,,EA,,,,,,,,4,0,,4,,34.00,34.00,136.00,136.00,0.00,,136.00,Y,N,Y,Y,,,,,,,,,,,,Shipped,N,,,,,
SO2026-000036,1,4,2026-01-07,2026-01-10,2026-02-21,2026-01-09,,,,,Mirakl-Kohls,Mirakl Kohls,,45,USD,190.00,190.00,206.93,0.00,190.00,0,0.00,0,0.00,16.93,0.00,,,,,206.93,,0.00,,,,,,,,,,,,,,,Shipped,Paid,,,,,,,10013,10576,10013-2026-000036,,,,,,,,,Mirakl Kohls Shipping,Jamie Clark,Asha Ives,Mirakl Kohls Network,214 Silver Creek Rd,Dock 14,Partner ship location,San Jose,CA,95115,Santa Clara,USA,ship-mirakl-kohls@example.com,(408) 555-2306,,,,,,,,,,,,,,,,,,,3,2026-01-07,CORA-01-FUCH-9,,,CROSS FRONT SANDAL,,,EA,,,,,,,,2,0,,2,,10.75,10.75,21.50,21.50,0.00,,21.50,Y,N,Y,Y,,,,,,,,,,,,Shipped,N,,,,,
SO2026-000037,1,4,2026-02-04,2026-02-09,2026-02-28,2026-02-06,,,,,Veeqo-Amazon,Veeqo Amazon,,45,USD,73.75,73.75,91.52,0.00,73.75,0,0.00,0,0.00,17.77,0.00,,,,,91.52,,0.00,,,,,,,,,,,,,,,Shipped,Paid,,,,,,,10016,10579,10016-2026-000037,,,,,,,,,Veeqo Amazon Shipping,Jamie Clark,Owen Pike,Veeqo Amazon Retail,202 Distribution Way,Dock 2,Regional ship location,Irvine,CA,92603,Orange,USA,ship-veeqo-amazon@example.com,(949) 555-1106,,,,,,,,,,,,,,,,,,,1,2026-02-04,ADELINE-03-GOLD-10,,,BUCKLE FRONT FLAT SANDALS,,,EA,,,,,,,,1,0,,1,,18.50,18.50,18.50,18.50,0.00,,18.50,Y,N,Y,Y,,,,,,,,,,,,Shipped,N,,,,,
SO2026-000037,1,4,2026-02-04,2026-02-09,2026-02-28,2026-02-06,,,,,Veeqo-Amazon,Veeqo Amazon,,45,USD,73.75,73.75,91.52,0.00,73.75,0,0.00,0,0.00,17.77,0.00,,,,,91.52,,0.00,,,,,,,,,,,,,,,Shipped,Paid,,,,,,,10016,10579,10016-2026-000037,,,,,,,,,Veeqo Amazon Shipping,Jamie Clark,Owen Pike,Veeqo Amazon Retail,202 Distribution Way,Dock 2,Regional ship location,Irvine,CA,92603,Orange,USA,ship-veeqo-amazon@example.com,(949) 555-1106,,,,,,,,,,,,,,,,,,,2,2026-02-04,CORA-01-CAME-9,,,CROSS FRONT SANDAL,,,EA,,,,,,,,3,0,,3,,10.75,10.75,32.25,32.25,0.00,,32.25,Y,N,Y,Y,,,,,,,,,,,,Shipped,N,,,,,
SO2026-000037,1,4,2026-02-04,2026-02-09,2026-02-28,2026-02-06,,,,,Veeqo-Amazon,Veeqo Amazon,,45,USD,73.75,73.75,91.52,0.00,73.75,0,0.00,0,0.00,17.77,0.00,,,,,91.52,,0.00,,,,,,,,,,,,,,,Shipped,Paid,,,,,,,10016,10579,10016-2026-000037,,,,,,,,,Veeqo Amazon Shipping,Jamie Clark,Owen Pike,Veeqo Amazon Retail,202 Distribution Way,Dock 2,Regional ship location,Irvine,CA,92603,Orange,USA,ship-veeqo-amazon@example.com,(949) 555-1106,,,,,,,,,,,,,,,,,,,3,2026-02-04,ADELINE-02-WHITE-9,,,WOVEN SLIDE SANDAL,,,EA,,,,,,,,2,0,,2,,11.50,11.50,23.00,23.00,0.00,,23.00,Y,N,Y,Y,,,,,,,,,,,,Shipped,N,,,,,
SO2026-000038,1,4,2026-01-01,2026-01-03,2026-01-31,2026-01-01,,,,,AMZ-eCom,AMZ eCom,,30,USD,271.00,271.00,276.80,0.00,271.00,0,0.00,0,0.00,5.80,0.00,,,,,276.80,,0.00,,,,,,,,,,,,,,,Shipped,Paid,,,,,,,10001,10565,10001-2026-000038,,,,,,,,,AMZ eCom Shipping,Alex Reed,Nora Lane,AMZ eCom Retail,201 Harbor Ave,Dock 1,Main ship location,Los Angeles,CA,90002,Los Angeles,USA,ship-amz-ecom@example.com,(213) 555-1006,,,,,,,,,,,,,,,,,,,1,2026-01-01,CAMILA-06-NUDE-A12,,,COSS FRONT SLIP ON SLIDES,,,EA,,,,,,,,1,0,,1,,96.00,96.00,96.00,96.00,0.00,,96.00,Y,N,Y,Y,,,,,,,,,,,,Shipped,N,,,,,
SO2026-000038,1,4,2026-01-01,2026-01-03,2026-01-31,2026-01-01,,,,,AMZ-eCom,AMZ eCom,,30,USD,271.00,271.00,276.80,0.00,271.00,0,0.00,0,0.00,5.80,0.00,,,,,276.80,,0.00,,,,,,,,,,,,,,,Shipped,Paid,,,,,,,10001,10565,10001-2026-000038,,,,,,,,,AMZ eCom Shipping,Alex Reed,Nora Lane,AMZ eCom Retail,201 Harbor Ave,Dock 1,Main ship location,Los Angeles,CA,90002,Los Angeles,USA,ship-amz-ecom@example.com,(213) 555-1006,,,,,,,,,,,,,,,,,,,2,2026-01-01,FA13501DM-RINSEWSFT-32-32,809666858501,,Maya Basic Dark Handsand Wash Midrise Skinny Jeans,,,EA,,,,,,,,4,0,,4,,34.00,34.00,136.00,136.00,0.00,,136.00,Y,N,Y,Y,,,,,,,,,,,,Shipped,N,,,,,
SO2026-000038,1,4,2026-01-01,2026-01-03,2026-01-31,2026-01-01,,,,,AMZ-eCom,AMZ eCom,,30,USD,271.00,271.00,276.80,0.00,271.00,0,0.00,0,0.00,5.80,0.00,,,,,276.80,,0.00,,,,,,,,,,,,,,,Shipped,Paid,,,,,,,10001,10565,10001-2026-000038,,,,,,,,,AMZ eCom Shipping,Alex Reed,Nora Lane,AMZ eCom Retail,201 Harbor Ave,Dock 1,Main ship location,Los Angeles,CA,90002,Los Angeles,USA,ship-amz-ecom@example.com,(213) 555-1006,,,,,,,,,,,,,,,,,,,3,2026-01-01,FA16023WV-MIDNIGHTBLUE-S-STD,809666795714,,Olivia Woven GGT Midnight Blue Kimono Wrap Maxi Dress,,,EA,,,,,,,,1,0,,1,,39.00,39.00,39.00,39.00,0.00,,39.00,Y,N,Y,Y,,,,,,,,,,,,Shipped,N,,,,,
SO2026-000039,1,4,2026-02-20,2026-02-20,2026-02-28,2026-02-22,,,,,Etsy-LS,Etsy LS,,45,USD,43.00,43.00,59.28,0.00,43.00,0,0.00,0,0.00,16.28,0.00,,,,,59.28,,0.00,,,,,,,,,,,,,,,Shipped,Paid,,,,,,,10008,10571,10008-2026-000039,,,,,,,,,Etsy LS Shipping,Alex Reed,Rhea Moss,Etsy LS Marketplace,205 Mission St,Dock 5,Marketplace ship location,San Francisco,CA,94103,San Francisco,USA,ship-etsy-ls@example.com,(415) 555-1406,,,,,,,,,,,,,,,,,,,1,2026-02-20,CORA-01-BLK-5.5,,,CROSS FRONT SANDAL,,,EA,,,,,,,,4,0,,4,,10.75,10.75,43.00,43.00,0.00,,43.00,Y,N,Y,Y,,,,,,,,,,,,Shipped,N,,,,,
SO2026-000040,1,4,2026-02-26,2026-02-28,2026-02-28,2026-02-27,,,,,Veeqo-Amazon,Veeqo Amazon,,45,USD,134.50,134.50,139.56,0.00,134.50,0,0.00,0,0.00,5.06,0.00,,,,,139.56,,0.00,,,,,,,,,,,,,,,Shipped,Paid,,,,,,,10016,10579,10016-2026-000040,,,,,,,,,Veeqo Amazon Shipping,Jamie Clark,Owen Pike,Veeqo Amazon Retail,202 Distribution Way,Dock 2,Regional ship location,Irvine,CA,92603,Orange,USA,ship-veeqo-amazon@example.com,(949) 555-1106,,,,,,,,,,,,,,,,,,,1,2026-02-26,FA13501DM-1608BLAU2-28-30,809666857719,,Maya Basic Dark Handsand Wash Midrise Skinny Jeans,,,EA,,,,,,,,3,0,,3,,34.00,34.00,102.00,102.00,0.00,,102.00,Y,N,Y,Y,,,,,,,,,,,,Shipped,N,,,,,
SO2026-000040,1,4,2026-02-26,2026-02-28,2026-02-28,2026-02-27,,,,,Veeqo-Amazon,Veeqo Amazon,,45,USD,134.50,134.50,139.56,0.00,134.50,0,0.00,0,0.00,5.06,0.00,,,,,139.56,,0.00,,,,,,,,,,,,,,,Shipped,Paid,,,,,,,10016,10579,10016-2026-000040,,,,,,,,,Veeqo Amazon Shipping,Jamie Clark,Owen Pike,Veeqo Amazon Retail,202 Distribution Way,Dock 2,Regional ship location,Irvine,CA,92603,Orange,USA,ship-veeqo-amazon@example.com,(949) 555-1106,,,,,,,,,,,,,,,,,,,2,2026-02-26,AVIANA-06-BLACK-8,,,FUR SLIPPER,,,EA,,,,,,,,2,0,,2,,16.25,16.25,32.50,32.50,0.00,,32.50,Y,N,Y,Y,,,,,,,,,,,,Shipped,N,,,,,
SO2026-000041,1,4,2026-02-24,2026-02-28,2026-02-28,2026-02-26,,,,,JCPenney,JCPenney,,30,USD,276.00,276.00,293.59,0.00,276.00,0,0.00,0,0.00,17.59,0.00,,,,,293.59,,0.00,,,,,,,,,,,,,,,Shipped,Paid,,,,,,,30007,10575,30007-2026-000041,,,,,,,,,JCPenney Shipping,Alex Reed,Zane Holt,JCPenney Stores,213 Gateway Rd,Dock 13,Retail ship location,San Diego,CA,92106,San Diego,USA,ship-jcpenney@example.com,(619) 555-2206,,,,,,,,,,,,,,,,,,,1,2026-02-24,ADELINE-02-PINK-B12,,,WOVEN SLIDE SANDAL,,,EA,,,,,,,,2,0,,2,,138.00,138.00,276.00,276.00,0.00,,276.00,Y,N,Y,Y,,,,,,,,,,,,Shipped,N,,,,,
SO2026-000042,1,4,2026-02-04,2026-02-07,2026-02-28,2026-02-06,,,,,Mirakl-Kohls,Mirakl Kohls,,45,USD,170.00,170.00,176.56,0.00,170.00,0,0.00,0,0.00,6.56,0.00,,,,,176.56,,0.00,,,,,,,,,,,,,,,Shipped,Paid,,,,,,,10013,10576,10013-2026-000042,,,,,,,,,Mirakl Kohls Shipping,Jamie Clark,Asha Ives,Mirakl Kohls Network,214 Silver Creek Rd,Dock 14,Partner ship location,San Jose,CA,95115,Santa Clara,USA,ship-mirakl-kohls@example.com,(408) 555-2306,,,,,,,,,,,,,,,,,,,1,2026-02-04,F13031C-1742VNTGDM-24-STD,809666254952,,Cayden Vintage Beujolias Corduroy Skinny Jeans,,,EA,,,,,,,,2,0,,2,,34.00,34.00,68.00,68.00,0.00,,68.00,Y,N,Y,Y,,,,,,,,,,,,Shipped,N,,,,,
SO2026-000042,1,4,2026-02-04,2026-02-07,2026-02-28,2026-02-06,,,,,Mirakl-Kohls,Mirakl Kohls,,45,USD,170.00,170.00,176.56,0.00,170.00,0,0.00,0,0.00,6.56,0.00,,,,,176.56,,0.00,,,,,,,,,,,,,,,Shipped,Paid,,,,,,,10013,10576,10013-2026-000042,,,,,,,,,Mirakl Kohls Shipping,Jamie Clark,Asha Ives,Mirakl Kohls Network,214 Silver Creek Rd,Dock 14,Partner ship location,San Jose,CA,95115,Santa Clara,USA,ship-mirakl-kohls@example.com,(408) 555-2306,,,,,,,,,,,,,,,,,,,2,2026-02-04,F13031C-1742VNTGST-26-STD,809666255065,,Cayden Vintage Beujolias Corduroy Skinny Jeans,,,EA,,,,,,,,3,0,,3,,34.00,34.00,102.00,102.00,0.00,,102.00,Y,N,Y,Y,,,,,,,,,,,,Shipped,N,,,,,
SO2026-000043,1,4,2026-02-17,2026-02-19,2026-02-28,2026-02-17,,,,,Macys,Macys,,60,USD,82.00,82.00,93.37,0.00,82.00,0,0.00,0,0.00,11.37,0.00,,,,,93.37,,0.00,,,,,,,,,,,,,,,Shipped,Paid,,,,,,,30005,10574,30005-2026-000043,,,,,,,,,Macys Shipping,Taylor Kim,Blake Jett,Macys Stores,215 King St,Dock 15,Department ship location,San Francisco,CA,94107,San Francisco,USA,ship-macys@example.com,(415) 555-2406,,,,,,,,,,,,,,,,,,,1,2026-02-17,AUSTIN-06-BLACK-6,,,SNEAKER,,,EA,,,,,,,,1,0,,1,,10.00,10.00,10.00,10.00,0.00,,10.00,Y,N,Y,Y,,,,,,,,,,,,Shipped,N,,,,,
SO2026-000043,1,4,2026-02-17,2026-02-19,2026-02-28,2026-02-17,,,,,Macys,Macys,,60,USD,82.00,82.00,93.37,0.00,82.00,0,0.00,0,0.00,11.37,0.00,,,,,93.37,,0.00,,,,,,,,,,,,,,,Shipped,Paid,,,,,,,30005,10574,30005-2026-000043,,,,,,,,,Macys Shipping,Taylor Kim,Blake Jett,Macys Stores,215 King St,Dock 15,Department ship location,San Francisco,CA,94107,San Francisco,USA,ship-macys@example.com,(415) 555-2406,,,,,,,,,,,,,,,,,,,2,2026-02-17,CAMILA-06-TAUPE-8.5,,,COSS FRONT SLIP ON SLIDES,,,EA,,,,,,,,4,0,,4,,8.00,8.00,32.00,32.00,0.00,,32.00,Y,N,Y,Y,,,,,,,,,,,,Shipped,N,,,,,
SO2026-000043,1,4,2026-02-17,2026-02-19,2026-02-28,2026-02-17,,,,,Macys,Macys,,60,USD,82.00,82.00,93.37,0.00,82.00,0,0.00,0,0.00,11.37,0.00,,,,,93.37,,0.00,,,,,,,,,,,,,,,Shipped,Paid,,,,,,,30005,10574,30005-2026-000043,,,,,,,,,Macys Shipping,Taylor Kim,Blake Jett,Macys Stores,215 King St,Dock 15,Department ship location,San Francisco,CA,94107,San Francisco,USA,ship-macys@example.com,(415) 555-2406,,,,,,,,,,,,,,,,,,,3,2026-02-17,AUSTIN-06-CAMEL-12,,,SNEAKER,,,EA,,,,,,,,4,0,,4,,10.00,10.00,40.00,40.00,0.00,,40.00,Y,N,Y,Y,,,,,,,,,,,,Shipped,N,,,,,
SO2026-000044,1,4,2026-02-05,2026-02-09,2026-02-28,2026-02-06,,,,,AMZ-eCom,AMZ eCom,,30,USD,176.00,176.00,176.22,0.00,176.00,0,0.00,0,0.00,0.22,0.00,,,,,176.22,,0.00,,,,,,,,,,,,,,,Shipped,Paid,,,,,,,10001,10565,10001-2026-000044,,,,,,,,,AMZ eCom Shipping,Alex Reed,Nora Lane,AMZ eCom Retail,201 Harbor Ave,Dock 1,Main ship location,Los Angeles,CA,90002,Los Angeles,USA,ship-amz-ecom@example.com,(213) 555-1006,,,,,,,,,,,,,,,,,,,1,2026-02-05,ADELINE-03-GOLD-6.5,,,BUCKLE FRONT FLAT SANDALS,,,EA,,,,,,,,4,0,,4,,18.50,18.50,74.00,74.00,0.00,,74.00,Y,N,Y,Y,,,,,,,,,,,,Shipped,N,,,,,
SO2026-000044,1,4,2026-02-05,2026-02-09,2026-02-28,2026-02-06,,,,,AMZ-eCom,AMZ eCom,,30,USD,176.00,176.00,176.22,0.00,176.00,0,0.00,0,0.00,0.22,0.00,,,,,176.22,,0.00,,,,,,,,,,,,,,,Shipped,Paid,,,,,,,10001,10565,10001-2026-000044,,,,,,,,,AMZ eCom Shipping,Alex Reed,Nora Lane,AMZ eCom Retail,201 Harbor Ave,Dock 1,Main ship location,Los Angeles,CA,90002,Los Angeles,USA,ship-amz-ecom@example.com,(213) 555-1006,,,,,,,,,,,,,,,,,,,2,2026-02-05,FA13512DM-1847DPOCN-31-30,809666864946,,Angie Stud Bling Pocket Low Rise Skinny Jeans,,,EA,,,,,,,,3,0,,3,,34.00,34.00,102.00,102.00,0.00,,102.00,Y,N,Y,Y,,,,,,,,,,,,Shipped,N,,,,,
SO2026-000045,1,4,2026-01-20,2026-01-24,2026-02-28,2026-01-22,,,,,Shopify,Shopify,,45,USD,46.00,46.00,63.83,0.00,46.00,0,0.00,0,0.00,17.83,0.00,,,,,63.83,,0.00,,,,,,,,,,,,,,,Shipped,Paid,,,,,,,20001,10580,20001-2026-000045,,,,,,,,,Shopify Shipping,Alex Reed,Dario Lowe,Shopify Commerce,217 Barranca Pkwy,Dock 17,Commerce ship location,Irvine,CA,92609,Orange,USA,ship-shopify@example.com,(949) 555-2606,,,,,,,,,,,,,,,,,,,1,2026-01-20,ADELINE-02-NUDE-7,,,WOVEN SLIDE SANDAL,,,EA,,,,,,,,4,0,,4,,11.50,11.50,46.00,46.00,0.00,,46.00,Y,N,Y,Y,,,,,,,,,,,,Shipped,N,,,,,
SO2026-000046,1,4,2026-01-01,2026-01-06,2026-02-15,2026-01-01,,,,,Mirakl-Kohls,Mirakl Kohls,,45,USD,188.50,188.50,195.23,0.00,188.50,0,0.00,0,0.00,6.73,0.00,,,,,195.23,,0.00,,,,,,,,,,,,,,,Shipped,Paid,,,,,,,10013,10576,10013-2026-000046,,,,,,,,,Mirakl Kohls Shipping,Jamie Clark,Asha Ives,Mirakl Kohls Network,214 Silver Creek Rd,Dock 14,Partner ship location,San Jose,CA,95115,Santa Clara,USA,ship-mirakl-kohls@example.com,(408) 555-2306,,,,,,,,,,,,,,,,,,,1,2026-01-01,AVIANA-06-BEIGE-7.5,,,FUR SLIPPER,,,EA,,,,,,,,2,0,,2,,16.25,16.25,32.50,32.50,0.00,,32.50,Y,N,Y,Y,,,,,,,,,,,,Shipped,N,,,,,
SO2026-000046,1,4,2026-01-01,2026-01-06,2026-02-15,2026-01-01,,,,,Mirakl-Kohls,Mirakl Kohls,,45,USD,188.50,188.50,195.23,0.00,188.50,0,0.00,0,0.00,6.73,0.00,,,,,195.23,,0.00,,,,,,,,,,,,,,,Shipped,Paid,,,,,,,10013,10576,10013-2026-000046,,,,,,,,,Mirakl Kohls Shipping,Jamie Clark,Asha Ives,Mirakl Kohls Network,214 Silver Creek Rd,Dock 14,Partner ship location,San Jose,CA,95115,Santa Clara,USA,ship-mirakl-kohls@example.com,(408) 555-2306,,,,,,,,,,,,,,,,,,,2,2026-01-01,FA16023WV-MIDNIGHTCAMO-L-STD,809666795776,,Olivia Woven Chiffon Camo Print Kimono Wrap Maxi Dress,,,EA,,,,,,,,4,0,,4,,39.00,39.00,156.00,156.00,0.00,,156.00,Y,N,Y,Y,,,,,,,,,,,,Shipped,N,,,,,
SO2026-000047,1,4,2026-02-11,2026-02-15,2026-02-28,2026-02-13,,,,,Shopify,Shopify,,45,USD,302.00,302.00,319.87,0.00,302.00,0,0.00,0,0.00,17.87,0.00,,,,,319.87,,0.00,,,,,,,,,,,,,,,Shipped,Paid,,,,,,,20001,10580,20001-2026-000047,,,,,,,,,Shopify Shipping,Alex Reed,Dario Lowe,Shopify Commerce,217 Barranca Pkwy,Dock 17,Commerce ship location,Irvine,CA,92609,Orange,USA,ship-shopify@example.com,(949) 555-2606,,,,,,,,,,,,,,,,,,,1,2026-02-11,CAMILA-06-BLACK-9.5,,,COSS FRONT SLIP ON SLIDES,,,EA,,,,,,,,4,0,,4,,8.00,8.00,32.00,32.00,0.00,,32.00,Y,N,Y,Y,,,,,,,,,,,,Shipped,N,,,,,
SO2026-000047,1,4,2026-02-11,2026-02-15,2026-02-28,2026-02-13,,,,,Shopify,Shopify,,45,USD,302.00,302.00,319.87,0.00,302.00,0,0.00,0,0.00,17.87,0.00,,,,,319.87,,0.00,,,,,,,,,,,,,,,Shipped,Paid,,,,,,,20001,10580,20001-2026-000047,,,,,,,,,Shopify Shipping,Alex Reed,Dario Lowe,Shopify Commerce,217 Barranca Pkwy,Dock 17,Commerce ship location,Irvine,CA,92609,Orange,USA,ship-shopify@example.com,(949) 555-2606,,,,,,,,,,,,,,,,,,,2,2026-02-11,CAMILA-06-BLACK-A12,,,COSS FRONT SLIP ON SLIDES,,,EA,,,,,,,,2,0,,2,,96.00,96.00,192.00,192.00,0.00,,192.00,Y,N,Y,Y,,,,,,,,,,,,Shipped,N,,,,,
SO2026-000047,1,4,2026-02-11,2026-02-15,2026-02-28,2026-02-13,,,,,Shopify,Shopify,,45,USD,302.00,302.00,319.87,0.00,302.00,0,0.00,0,0.00,17.87,0.00,,,,,319.87,,0.00,,,,,,,,,,,,,,,Shipped,Paid,,,,,,,20001,10580,20001-2026-000047,,,,,,,,,Shopify Shipping,Alex Reed,Dario Lowe,Shopify Commerce,217 Barranca Pkwy,Dock 17,Commerce ship location,Irvine,CA,92609,Orange,USA,ship-shopify@example.com,(949) 555-2606,,,,,,,,,,,,,,,,,,,3,2026-02-11,FA16023WV-MIDNIGHTBLUE-XS-STD,809666300970,,Olivia Woven GGT Midnight Blue Kimono Wrap Maxi Dress,,,EA,,,,,,,,2,0,,2,,39.00,39.00,78.00,78.00,0.00,,78.00,Y,N,Y,Y,,,,,,,,,,,,Shipped,N,,,,,
SO2026-000048,1,4,2026-02-03,2026-02-07,2026-02-28,2026-02-05,,,,,Mirakl-Kohls,Mirakl Kohls,,45,USD,60.00,60.00,65.34,0.00,60.00,0,0.00,0,0.00,5.34,0.00,,,,,65.34,,0.00,,,,,,,,,,,,,,,Shipped,Paid,,,,,,,10013,10576,10013-2026-000048,,,,,,,,,Mirakl Kohls Shipping,Jamie Clark,Asha Ives,Mirakl Kohls Network,214 Silver Creek Rd,Dock 14,Partner ship location,San Jose,CA,95115,Santa Clara,USA,ship-mirakl-kohls@example.com,(408) 555-2306,,,,,,,,,,,,,,,,,,,1,2026-02-03,AUSTIN-06-CAMEL-6.5,,,SNEAKER,,,EA,,,,,,,,3,0,,3,,10.00,10.00,30.00,30.00,0.00,,30.00,Y,N,Y,Y,,,,,,,,,,,,Shipped,N,,,,,
SO2026-000048,1,4,2026-02-03,2026-02-07,2026-02-28,2026-02-05,,,,,Mirakl-Kohls,Mirakl Kohls,,45,USD,60.00,60.00,65.34,0.00,60.00,0,0.00,0,0.00,5.34,0.00,,,,,65.34,,0.00,,,,,,,,,,,,,,,Shipped,Paid,,,,,,,10013,10576,10013-2026-000048,,,,,,,,,Mirakl Kohls Shipping,Jamie Clark,Asha Ives,Mirakl Kohls Network,214 Silver Creek Rd,Dock 14,Partner ship location,San Jose,CA,95115,Santa Clara,USA,ship-mirakl-kohls@example.com,(408) 555-2306,,,,,,,,,,,,,,,,,,,2,2026-02-03,AUSTIN-06-BLUSH-8,,,SNEAKER,,,EA,,,,,,,,3,0,,3,,10.00,10.00,30.00,30.00,0.00,,30.00,Y,N,Y,Y,,,,,,,,,,,,Shipped,N,,,,,
SO2026-000049,1,4,2026-01-30,2026-02-03,2026-02-28,2026-02-01,,,,,Etsy-VS,Etsy VS,,60,USD,134.25,134.25,134.25,0.00,134.25,0,0.00,0,0.00,0.00,0.00,,,,,134.25,,0.00,,,,,,,,,,,,,,,Shipped,Paid,,,,,,,10008,10572,10008-2026-000049,,,,,,,,,Etsy VS Shipping,Jamie Clark,Soren Vale,Etsy VS Marketplace,206 Pacific Hwy,Dock 6,Seasonal ship location,Los Angeles,CA,90004,Los Angeles,USA,ship-etsy-vs@example.com,(213) 555-1506,,,,,,,,,,,,,,,,,,,1,2026-01-30,CORA-01-CAME-8.5,,,CROSS FRONT SANDAL,,,EA,,,,,,,,3,0,,3,,10.75,10.75,32.25,32.25,0.00,,32.25,Y,N,Y,Y,,,,,,,,,,,,Shipped,N,,,,,
SO2026-000049,1,4,2026-01-30,2026-02-03,2026-02-28,2026-02-01,,,,,Etsy-VS,Etsy VS,,60,USD,134.25,134.25,134.25,0.00,134.25,0,0.00,0,0.00,0.00,0.00,,,,,134.25,,0.00,,,,,,,,,,,,,,,Shipped,Paid,,,,,,,10008,10572,10008-2026-000049,,,,,,,,,Etsy VS Shipping,Jamie Clark,Soren Vale,Etsy VS Marketplace,206 Pacific Hwy,Dock 6,Seasonal ship location,Los Angeles,CA,90004,Los Angeles,USA,ship-etsy-vs@example.com,(213) 555-1506,,,,,,,,,,,,,,,,,,,2,2026-01-30,F13031C-1742VNTGDM-26-STD,809666254976,,Cayden Vintage Beujolias Corduroy Skinny Jeans,,,EA,,,,,,,,3,0,,3,,34.00,34.00,102.00,102.00,0.00,,102.00,Y,N,Y,Y,,,,,,,,,,,,Shipped,N,,,,,
SO2026-000050,1,4,2026-02-27,2026-02-27,2026-02-28,2026-02-28,,,,,Squarespace,Squarespace,,60,USD,136.00,136.00,150.12,0.00,136.00,0,0.00,0,0.00,14.12,0.00,,,,,150.12,,0.00,,,,,,,,,,,,,,,Shipped,Paid,,,,,,,20006,10582,20006-2026-000050,,,,,,,,,Squarespace Shipping,Jamie Clark,Elin Marsh,Squarespace Digital,218 Camino Del Rio,Dock 18,Digital ship location,San Diego,CA,92108,San Diego,USA,ship-squarespace@example.com,(619) 555-2706,,,,,,,,,,,,,,,,,,,1,2026-02-27,F13031C-1742VNTGBJ-27-STD,809666254808,,Cayden Vintage Beujolias Corduroy Skinny Jeans,,,EA,,,,,,,,4,0,,4,,34.00,34.00,136.00,136.00,0.00,,136.00,Y,N,Y,Y,,,,,,,,,,,,Shipped,N,,,,,
SO2026-000051,1,4,2026-02-28,2026-02-28,2026-02-28,2026-02-28,,,,,Walmart-eComm,Walmart eComm,,45,USD,97.00,97.00,106.95,0.00,97.00,0,0.00,0,0.00,9.95,0.00,,,,,106.95,,0.00,,,,,,,,,,,,,,,Shipped,Paid,,,,,,,10002,10566,10002-2026-000051,,,,,,,,,Walmart eComm Shipping,Morgan Lee,Gavin Orr,Walmart eComm Retail,220 Townsend St,Dock 20,National ship location,San Francisco,CA,94109,San Francisco,USA,ship-walmart-ecomm@example.com,(415) 555-2906,,,,,,,,,,,,,,,,,,,1,2026-02-28,ASTRID-01-NUDE-11,,,SLIP ON SNEAKER,,,EA,,,,,,,,2,0,,2,,20.75,20.75,41.50,41.50,0.00,,41.50,Y,N,Y,Y,,,,,,,,,,,,Shipped,N,,,,,
SO2026-000051,1,4,2026-02-28,2026-02-28,2026-02-28,2026-02-28,,,,,Walmart-eComm,Walmart eComm,,45,USD,97.00,97.00,106.95,0.00,97.00,0,0.00,0,0.00,9.95,0.00,,,,,106.95,,0.00,,,,,,,,,,,,,,,Shipped,Paid,,,,,,,10002,10566,10002-2026-000051,,,,,,,,,Walmart eComm Shipping,Morgan Lee,Gavin Orr,Walmart eComm Retail,220 Townsend St,Dock 20,National ship location,San Francisco,CA,94109,San Francisco,USA,ship-walmart-ecomm@example.com,(415) 555-2906,,,,,,,,,,,,,,,,,,,2,2026-02-28,ADELINE-03-TAUPE-5.5,,,BUCKLE FRONT FLAT SANDALS,,,EA,,,,,,,,3,0,,3,,18.50,18.50,55.50,55.50,0.00,,55.50,Y,N,Y,Y,,,,,,,,,,,,Shipped,N,,,,,
SO2026-000052,1,4,2026-01-21,2026-01-24,2026-02-28,2026-01-23,,,,,Mirakl-HudsonsB,Mirakl HudsonsB,,60,USD,31.50,31.50,48.19,0.00,31.50,0,0.00,0,0.00,16.69,0.00,,,,,48.19,,0.00,,,,,,,,,,,,,,,Shipped,Paid,,,,,,,10005,10577,10005-2026-000052,,,,,,,,,Mirakl HudsonsB Shipping,Morgan Lee,Yara Glenn,Mirakl HudsonsB Network,212 Quail Hill Pkwy,Dock 12,Network ship location,Irvine,CA,92607,Orange,USA,ship-mirakl-hudsonsb@example.com,(949) 555-2106,,,,,,,,,,,,,,,,,,,1,2026-01-21,AUSTIN-06-NUDE-9.5,,,SNEAKER,,,EA,,,,,,,,1,0,,1,,10.00,10.00,10.00,10.00,0.00,,10.00,Y,N,Y,Y,,,,,,,,,,,,Shipped,N,,,,,
SO2026-000052,1,4,2026-01-21,2026-01-24,2026-02-28,2026-01-23,,,,,Mirakl-HudsonsB,Mirakl HudsonsB,,60,USD,31.50,31.50,48.19,0.00,31.50,0,0.00,0,0.00,16.69,0.00,,,,,48.19,,0.00,,,,,,,,,,,,,,,Shipped,Paid,,,,,,,10005,10577,10005-2026-000052,,,,,,,,,Mirakl HudsonsB Shipping,Morgan Lee,Yara Glenn,Mirakl HudsonsB Network,212 Quail Hill Pkwy,Dock 12,Network ship location,Irvine,CA,92607,Orange,USA,ship-mirakl-hudsonsb@example.com,(949) 555-2106,,,,,,,,,,,,,,,,,,,2,2026-01-21,CORA-01-CAME-7.5,,,CROSS FRONT SANDAL,,,EA,,,,,,,,2,0,,2,,10.75,10.75,21.50,21.50,0.00,,21.50,Y,N,Y,Y,,,,,,,,,,,,Shipped,N,,,,,
SO2026-000053,1,4,2026-01-09,2026-01-12,2026-02-28,2026-01-11,,,,,Squarespace,Squarespace,,60,USD,338.50,338.50,343.99,0.00,338.50,0,0.00,0,0.00,5.49,0.00,,,,,343.99,,0.00,,,,,,,,,,,,,,,Shipped,Paid,,,,,,,20006,10582,20006-2026-000053,,,,,,,,,Squarespace Shipping,Jamie Clark,Elin Marsh,Squarespace Digital,218 Camino Del Rio,Dock 18,Digital ship location,San Diego,CA,92108,San Diego,USA,ship-squarespace@example.com,(619) 555-2706,,,,,,,,,,,,,,,,,,,1,2026-01-09,ADELINE-03-GOLD-8,,,BUCKLE FRONT FLAT SANDALS,,,EA,,,,,,,,3,0,,3,,18.50,18.50,55.50,55.50,0.00,,55.50,Y,N,Y,Y,,,,,,,,,,,,Shipped,N,,,,,
SO2026-000053,1,4,2026-01-09,2026-01-12,2026-02-28,2026-01-11,,,,,Squarespace,Squarespace,,60,USD,338.50,338.50,343.99,0.00,338.50,0,0.00,0,0.00,5.49,0.00,,,,,343.99,,0.00,,,,,,,,,,,,,,,Shipped,Paid,,,,,,,20006,10582,20006-2026-000053,,,,,,,,,Squarespace Shipping,Jamie Clark,Elin Marsh,Squarespace Digital,218 Camino Del Rio,Dock 18,Digital ship location,San Diego,CA,92108,San Diego,USA,ship-squarespace@example.com,(619) 555-2706,,,,,,,,,,,,,,,,,,,2,2026-01-09,FA13512DM-1847DPOCN-26-30,809666864892,,Angie Stud Bling Pocket Low Rise Skinny Jeans,,,EA,,,,,,,,4,0,,4,,34.00,34.00,136.00,136.00,0.00,,136.00,Y,N,Y,Y,,,,,,,,,,,,Shipped,N,,,,,
SO2026-000053,1,4,2026-01-09,2026-01-12,2026-02-28,2026-01-11,,,,,Squarespace,Squarespace,,60,USD,338.50,338.50,343.99,0.00,338.50,0,0.00,0,0.00,5.49,0.00,,,,,343.99,,0.00,,,,,,,,,,,,,,,Shipped,Paid,,,,,,,20006,10582,20006-2026-000053,,,,,,,,,Squarespace Shipping,Jamie Clark,Elin Marsh,Squarespace Digital,218 Camino Del Rio,Dock 18,Digital ship location,San Diego,CA,92108,San Diego,USA,ship-squarespace@example.com,(619) 555-2706,,,,,,,,,,,,,,,,,,,3,2026-01-09,FD9801506P-BLACK-2X-STD,809666395297,,Natalia Solid Button-Up Wrap Lantern Sleeve Dress,,,EA,,,,,,,,3,0,,3,,49.00,49.00,147.00,147.00,0.00,,147.00,Y,N,Y,Y,,,,,,,,,,,,Shipped,N,,,,,
SO2026-000054,1,4,2026-01-23,2026-01-28,2026-02-28,2026-01-25,,,,,Macys,Macys,,60,USD,138.00,138.00,144.54,0.00,138.00,0,0.00,0,0.00,6.54,0.00,,,,,144.54,,0.00,,,,,,,,,,,,,,,Shipped,Paid,,,,,,,30005,10574,30005-2026-000054,,,,,,,,,Macys Shipping,Taylor Kim,Blake Jett,Macys Stores,215 King St,Dock 15,Department ship location,San Francisco,CA,94107,San Francisco,USA,ship-macys@example.com,(415) 555-2406,,,,,,,,,,,,,,,,,,,1,2026-01-23,ADELINE-02-WHITE-A12,,,WOVEN SLIDE SANDAL,,,EA,,,,,,,,1,0,,1,,138.00,138.00,138.00,138.00,0.00,,138.00,Y,N,Y,Y,,,,,,,,,,,,Shipped,N,,,,,
SO2026-000055,1,4,2026-02-22,2026-02-27,2026-02-28,2026-02-23,,,,,Mirakl-Kohls,Mirakl Kohls,,45,USD,166.75,166.75,179.46,0.00,166.75,0,0.00,0,0.00,12.71,0.00,,,,,179.46,,0.00,,,,,,,,,,,,,,,Shipped,Paid,,,,,,,10013,10576,10013-2026-000055,,,,,,,,,Mirakl Kohls Shipping,Jamie Clark,Asha Ives,Mirakl Kohls Network,214 Silver Creek Rd,Dock 14,Partner ship location,San Jose,CA,95115,Santa Clara,USA,ship-mirakl-kohls@example.com,(408) 555-2306,,,,,,,,,,,,,,,,,,,1,2026-02-22,FA16023WV-SMOKEYROSE-XL-STD,809666901160,,Olivia Gray Floral Print Kimono Chiffon Wrap Maxi Dress,,,EA,,,,,,,,4,0,,4,,39.00,39.00,156.00,156.00,0.00,,156.00,Y,N,Y,Y,,,,,,,,,,,,Shipped,N,,,,,
SO2026-000055,1,4,2026-02-22,2026-02-27,2026-02-28,2026-02-23,,,,,Mirakl-Kohls,Mirakl Kohls,,45,USD,166.75,166.75,179.46,0.00,166.75,0,0.00,0,0.00,12.71,0.00,,,,,179.46,,0.00,,,,,,,,,,,,,,,Shipped,Paid,,,,,,,10013,10576,10013-2026-000055,,,,,,,,,Mirakl Kohls Shipping,Jamie Clark,Asha Ives,Mirakl Kohls Network,214 Silver Creek Rd,Dock 14,Partner ship location,San Jose,CA,95115,Santa Clara,USA,ship-mirakl-kohls@example.com,(408) 555-2306,,,,,,,,,,,,,,,,,,,2,2026-02-22,CORA-01-LEOP-5.5,,,CROSS FRONT SANDAL,,,EA,,,,,,,,1,0,,1,,10.75,10.75,10.75,10.75,0.00,,10.75,Y,N,Y,Y,,,,,,,,,,,,Shipped,N,,,,,
SO2026-000056,1,4,2026-02-03,2026-02-04,2026-02-28,2026-02-04,,,,,JCPenney,JCPenney,,30,USD,126.50,126.50,141.72,0.00,126.50,0,0.00,0,0.00,15.22,0.00,,,,,141.72,,0.00,,,,,,,,,,,,,,,Shipped,Paid,,,,,,,30007,10575,30007-2026-000056,,,,,,,,,JCPenney Shipping,Alex Reed,Zane Holt,JCPenney Stores,213 Gateway Rd,Dock 13,Retail ship location,San Diego,CA,92106,San Diego,USA,ship-jcpenney@example.com,(619) 555-2206,,,,,,,,,,,,,,,,,,,1,2026-02-03,ASTRID-01-BLACK-5,,,SLIP ON SNEAKER,,,EA,,,,,,,,2,0,,2,,20.75,20.75,41.50,41.50,0.00,,41.50,Y,N,Y,Y,,,,,,,,,,,,Shipped,N,,,,,
SO2026-000056,1,4,2026-02-03,2026-02-04,2026-02-28,2026-02-04,,,,,JCPenney,JCPenney,,30,USD,126.50,126.50,141.72,0.00,126.50,0,0.00,0,0.00,15.22,0.00,,,,,141.72,,0.00,,,,,,,,,,,,,,,Shipped,Paid,,,,,,,30007,10575,30007-2026-000056,,,,,,,,,JCPenney Shipping,Alex Reed,Zane Holt,JCPenney Stores,213 Gateway Rd,Dock 13,Retail ship location,San Diego,CA,92106,San Diego,USA,ship-jcpenney@example.com,(619) 555-2206,,,,,,,,,,,,,,,,,,,2,2026-02-03,ADELINE-02-WHITE-6.5,,,WOVEN SLIDE SANDAL,,,EA,,,,,,,,4,0,,4,,11.50,11.50,46.00,46.00,0.00,,46.00,Y,N,Y,Y,,,,,,,,,,,,Shipped,N,,,,,
SO2026-000056,1,4,2026-02-03,2026-02-04,2026-02-28,2026-02-04,,,,,JCPenney,JCPenney,,30,USD,126.50,126.50,141.72,0.00,126.50,0,0.00,0,0.00,15.22,0.00,,,,,141.72,,0.00,,,,,,,,,,,,,,,Shipped,Paid,,,,,,,30007,10575,30007-2026-000056,,,,,,,,,JCPenney Shipping,Alex Reed,Zane Holt,JCPenney Stores,213 Gateway Rd,Dock 13,Retail ship location,San Diego,CA,92106,San Diego,USA,ship-jcpenney@example.com,(619) 555-2206,,,,,,,,,,,,,,,,,,,3,2026-02-03,FA16023WV-SMOKEYROSE-XS-STD,809666796032,,Olivia Gray Floral Print Kimono Chiffon Wrap Maxi Dress,,,EA,,,,,,,,1,0,,1,,39.00,39.00,39.00,39.00,0.00,,39.00,Y,N,Y,Y,,,,,,,,,,,,Shipped,N,,,,,
SO2026-000057,1,4,2026-02-07,2026-02-10,2026-02-28,2026-02-07,,,,,Etsy-VS,Etsy VS,,60,USD,98.00,98.00,99.45,0.00,98.00,0,0.00,0,0.00,1.45,0.00,,,,,99.45,,0.00,,,,,,,,,,,,,,,Shipped,Paid,,,,,,,10008,10572,10008-2026-000057,,,,,,,,,Etsy VS Shipping,Jamie Clark,Soren Vale,Etsy VS Marketplace,206 Pacific Hwy,Dock 6,Seasonal ship location,Los Angeles,CA,90004,Los Angeles,USA,ship-etsy-vs@example.com,(213) 555-1506,,,,,,,,,,,,,,,,,,,1,2026-02-07,FD9801506P-GINGER-3X-STD,809666395365,,Natalia Solid Button-Up Wrap Lantern Sleeve Dress,,,EA,,,,,,,,2,0,,2,,49.00,49.00,98.00,98.00,0.00,,98.00,Y,N,Y,Y,,,,,,,,,,,,Shipped,N,,,,,
SO2026-000058,1,4,2026-02-25,2026-02-28,2026-02-28,2026-02-27,,,,,Mirakl-Kohls,Mirakl Kohls,,45,USD,326.50,326.50,338.22,0.00,326.50,0,0.00,0,0.00,11.72,0.00,,,,,338.22,,0.00,,,,,,,,,,,,,,,Shipped,Paid,,,,,,,10013,10576,10013-2026-000058,,,,,,,,,Mirakl Kohls Shipping,Jamie Clark,Asha Ives,Mirakl Kohls Network,214 Silver Creek Rd,Dock 14,Partner ship location,San Jose,CA,95115,Santa Clara,USA,ship-mirakl-kohls@example.com,(408) 555-2306,,,,,,,,,,,,,,,,,,,1,2026-02-25,AVIANA-06-BEIGE-8.5,,,FUR SLIPPER,,,EA,,,,,,,,2,0,,2,,16.25,16.25,32.50,32.50,0.00,,32.50,Y,N,Y,Y,,,,,,,,,,,,Shipped,N,,,,,
SO2026-000058,1,4,2026-02-25,2026-02-28,2026-02-28,2026-02-27,,,,,Mirakl-Kohls,Mirakl Kohls,,45,USD,326.50,326.50,338.22,0.00,326.50,0,0.00,0,0.00,11.72,0.00,,,,,338.22,,0.00,,,,,,,,,,,,,,,Shipped,Paid,,,,,,,10013,10576,10013-2026-000058,,,,,,,,,Mirakl Kohls Shipping,Jamie Clark,Asha Ives,Mirakl Kohls Network,214 Silver Creek Rd,Dock 14,Partner ship location,San Jose,CA,95115,Santa Clara,USA,ship-mirakl-kohls@example.com,(408) 555-2306,,,,,,,,,,,,,,,,,,,2,2026-02-25,FD3601734-MEDBLEACH-XL-STD,809666438451,,Ally Women's Full Sleeve Denim Shirt Dress,,,EA,,,,,,,,3,0,,3,,98.00,98.00,294.00,294.00,0.00,,294.00,Y,N,Y,Y,,,,,,,,,,,,Shipped,N,,,,,
SO2026-000059,1,4,2026-01-01,2026-01-03,2026-02-15,2026-01-03,,,,,Mirakl-Kohls,Mirakl Kohls,,45,USD,79.25,79.25,95.63,0.00,79.25,0,0.00,0,0.00,16.38,0.00,,,,,95.63,,0.00,,,,,,,,,,,,,,,Shipped,Paid,,,,,,,10013,10576,10013-2026-000059,,,,,,,,,Mirakl Kohls Shipping,Jamie Clark,Asha Ives,Mirakl Kohls Network,214 Silver Creek Rd,Dock 14,Partner ship location,San Jose,CA,95115,Santa Clara,USA,ship-mirakl-kohls@example.com,(408) 555-2306,,,,,,,,,,,,,,,,,,,1,2026-01-01,ADELINE-02-NUDE-6.5,,,WOVEN SLIDE SANDAL,,,EA,,,,,,,,3,0,,3,,11.50,11.50,34.50,34.50,0.00,,34.50,Y,N,Y,Y,,,,,,,,,,,,Shipped,N,,,,,
SO2026-000059,1,4,2026-01-01,2026-01-03,2026-02-15,2026-01-03,,,,,Mirakl-Kohls,Mirakl Kohls,,45,USD,79.25,79.25,95.63,0.00,79.25,0,0.00,0,0.00,16.38,0.00,,,,,95.63,,0.00,,,,,,,,,,,,,,,Shipped,Paid,,,,,,,10013,10576,10013-2026-000059,,,,,,,,,Mirakl Kohls Shipping,Jamie Clark,Asha Ives,Mirakl Kohls Network,214 Silver Creek Rd,Dock 14,Partner ship location,San Jose,CA,95115,Santa Clara,USA,ship-mirakl-kohls@example.com,(408) 555-2306,,,,,,,,,,,,,,,,,,,2,2026-01-01,ASTRID-01-BLACK-7.5,,,SLIP ON SNEAKER,,,EA,,,,,,,,1,0,,1,,20.75,20.75,20.75,20.75,0.00,,20.75,Y,N,Y,Y,,,,,,,,,,,,Shipped,N,,,,,
SO2026-000059,1,4,2026-01-01,2026-01-03,2026-02-15,2026-01-03,,,,,Mirakl-Kohls,Mirakl Kohls,,45,USD,79.25,79.25,95.63,0.00,79.25,0,0.00,0,0.00,16.38,0.00,,,,,95.63,,0.00,,,,,,,,,,,,,,,Shipped,Paid,,,,,,,10013,10576,10013-2026-000059,,,,,,,,,Mirakl Kohls Shipping,Jamie Clark,Asha Ives,Mirakl Kohls Network,214 Silver Creek Rd,Dock 14,Partner ship location,San Jose,CA,95115,Santa Clara,USA,ship-mirakl-kohls@example.com,(408) 555-2306,,,,,,,,,,,,,,,,,,,3,2026-01-01,CAMILA-06-GREEN-6.5,,,COSS FRONT SLIP ON SLIDES,,,EA,,,,,,,,3,0,,3,,8.00,8.00,24.00,24.00,0.00,,24.00,Y,N,Y,Y,,,,,,,,,,,,Shipped,N,,,,,
SO2026-000060,1,4,2026-01-24,2026-01-26,2026-02-28,2026-01-25,,,,,Veeqo-Amazon,Veeqo Amazon,,45,USD,76.00,76.00,86.87,0.00,76.00,0,0.00,0,0.00,10.87,0.00,,,,,86.87,,0.00,,,,,,,,,,,,,,,Shipped,Paid,,,,,,,10016,10579,10016-2026-000060,,,,,,,,,Veeqo Amazon Shipping,Jamie Clark,Owen Pike,Veeqo Amazon Retail,202 Distribution Way,Dock 2,Regional ship location,Irvine,CA,92603,Orange,USA,ship-veeqo-amazon@example.com,(949) 555-1106,,,,,,,,,,,,,,,,,,,1,2026-01-24,ADELINE-02-CAMEL-5,,,WOVEN SLIDE SANDAL,,,EA,,,,,,,,3,0,,3,,11.50,11.50,34.50,34.50,0.00,,34.50,Y,N,Y,Y,,,,,,,,,,,,Shipped,N,,,,,
SO2026-000060,1,4,2026-01-24,2026-01-26,2026-02-28,2026-01-25,,,,,Veeqo-Amazon,Veeqo Amazon,,45,USD,76.00,76.00,86.87,0.00,76.00,0,0.00,0,0.00,10.87,0.00,,,,,86.87,,0.00,,,,,,,,,,,,,,,Shipped,Paid,,,,,,,10016,10579,10016-2026-000060,,,,,,,,,Veeqo Amazon Shipping,Jamie Clark,Owen Pike,Veeqo Amazon Retail,202 Distribution Way,Dock 2,Regional ship location,Irvine,CA,92603,Orange,USA,ship-veeqo-amazon@example.com,(949) 555-1106,,,,,,,,,,,,,,,,,,,2,2026-01-24,ASTRID-01-BLACK-11,,,SLIP ON SNEAKER,,,EA,,,,,,,,2,0,,2,,20.75,20.75,41.50,41.50,0.00,,41.50,Y,N,Y,Y,,,,,,,,,,,,Shipped,N,,,,,
SO2026-000061,1,4,2026-02-21,2026-02-23,2026-02-28,2026-02-21,,,,,Magento,Magento,,30,USD,260.00,260.00,273.55,0.00,260.00,0,0.00,0,0.00,13.55,0.00,,,,,273.55,,0.00,,,,,,,,,,,,,,,Shipped,Paid,,,,,,,20003,10581,20003-2026-000061,,,,,,,,,Magento Shipping,Morgan Lee,Cora Knox,Magento Platform,216 Century Blvd,Dock 16,Platform ship location,Los Angeles,CA,90008,Los Angeles,USA,ship-magento@example.com,(213) 555-2506,,,,,,,,,,,,,,,,,,,1,2026-02-21,173451-1183CITIZEN-7-STD,809666377897,,Susan Stretch Denim Skinny Jeans Medium Blue 5 Pocket Wash,,,EA,,,,,,,,3,0,,3,,24.00,24.00,72.00,72.00,0.00,,72.00,Y,N,Y,Y,,,,,,,,,,,,Shipped,N,,,,,
SO2026-000061,1,4,2026-02-21,2026-02-23,2026-02-28,2026-02-21,,,,,Magento,Magento,,30,USD,260.00,260.00,273.55,0.00,260.00,0,0.00,0,0.00,13.55,0.00,,,,,273.55,,0.00,,,,,,,,,,,,,,,Shipped,Paid,,,,,,,20003,10581,20003-2026-000061,,,,,,,,,Magento Shipping,Morgan Lee,Cora Knox,Magento Platform,216 Century Blvd,Dock 16,Platform ship location,Los Angeles,CA,90008,Los Angeles,USA,ship-magento@example.com,(213) 555-2506,,,,,,,,,,,,,,,,,,,2,2026-02-21,F13031C,,,Five-pocket stretch woven corduroy skinny pants with wine stitching and copper hardware.,,,EA,,,,,,,,2,0,,2,,34.00,34.00,68.00,68.00,0.00,,68.00,Y,N,Y,Y,,,,,,,,,,,,Shipped,N,,,,,
SO2026-000061,1,4,2026-02-21,2026-02-23,2026-02-28,2026-02-21,,,,,Magento,Magento,,30,USD,260.00,260.00,273.55,0.00,260.00,0,0.00,0,0.00,13.55,0.00,,,,,273.55,,0.00,,,,,,,,,,,,,,,Shipped,Paid,,,,,,,20003,10581,20003-2026-000061,,,,,,,,,Magento Shipping,Morgan Lee,Cora Knox,Magento Platform,216 Century Blvd,Dock 16,Platform ship location,Los Angeles,CA,90008,Los Angeles,USA,ship-magento@example.com,(213) 555-2506,,,,,,,,,,,,,,,,,,,3,2026-02-21,AUSTIN-06-NUDE-B12,,,SNEAKER,,,EA,,,,,,,,1,0,,1,,120.00,120.00,120.00,120.00,0.00,,120.00,Y,N,Y,Y,,,,,,,,,,,,Shipped,N,,,,,
SO2026-000062,1,4,2026-02-22,2026-02-23,2026-02-28,2026-02-23,,,,,Mirakl-Kohls,Mirakl Kohls,,45,USD,131.75,131.75,143.66,0.00,131.75,0,0.00,0,0.00,11.91,0.00,,,,,143.66,,0.00,,,,,,,,,,,,,,,Shipped,Paid,,,,,,,10013,10576,10013-2026-000062,,,,,,,,,Mirakl Kohls Shipping,Jamie Clark,Asha Ives,Mirakl Kohls Network,214 Silver Creek Rd,Dock 14,Partner ship location,San Jose,CA,95115,Santa Clara,USA,ship-mirakl-kohls@example.com,(408) 555-2306,,,,,,,,,,,,,,,,,,,1,2026-02-22,AVIANA-06-BEIGE-8,,,FUR SLIPPER,,,EA,,,,,,,,4,0,,4,,16.25,16.25,65.00,65.00,0.00,,65.00,Y,N,Y,Y,,,,,,,,,,,,Shipped,N,,,,,
SO2026-000062,1,4,2026-02-22,2026-02-23,2026-02-28,2026-02-23,,,,,Mirakl-Kohls,Mirakl Kohls,,45,USD,131.75,131.75,143.66,0.00,131.75,0,0.00,0,0.00,11.91,0.00,,,,,143.66,,0.00,,,,,,,,,,,,,,,Shipped,Paid,,,,,,,10013,10576,10013-2026-000062,,,,,,,,,Mirakl Kohls Shipping,Jamie Clark,Asha Ives,Mirakl Kohls Network,214 Silver Creek Rd,Dock 14,Partner ship location,San Jose,CA,95115,Santa Clara,USA,ship-mirakl-kohls@example.com,(408) 555-2306,,,,,,,,,,,,,,,,,,,2,2026-02-22,ADELINE-02-WHITE-12,,,WOVEN SLIDE SANDAL,,,EA,,,,,,,,3,0,,3,,11.50,11.50,34.50,34.50,0.00,,34.50,Y,N,Y,Y,,,,,,,,,,,,Shipped,N,,,,,
SO2026-000062,1,4,2026-02-22,2026-02-23,2026-02-28,2026-02-23,,,,,Mirakl-Kohls,Mirakl Kohls,,45,USD,131.75,131.75,143.66,0.00,131.75,0,0.00,0,0.00,11.91,0.00,,,,,143.66,,0.00,,,,,,,,,,,,,,,Shipped,Paid,,,,,,,10013,10576,10013-2026-000062,,,,,,,,,Mirakl Kohls Shipping,Jamie Clark,Asha Ives,Mirakl Kohls Network,214 Silver Creek Rd,Dock 14,Partner ship location,San Jose,CA,95115,Santa Clara,USA,ship-mirakl-kohls@example.com,(408) 555-2306,,,,,,,,,,,,,,,,,,,3,2026-02-22,CORA-01-FUCH-6,,,CROSS FRONT SANDAL,,,EA,,,,,,,,3,0,,3,,10.75,10.75,32.25,32.25,0.00,,32.25,Y,N,Y,Y,,,,,,,,,,,,Shipped,N,,,,,
SO2026-000063,1,4,2026-01-07,2026-01-07,2026-02-21,2026-01-08,,,,,Walmart-eComm,Walmart eComm,,45,USD,444.00,444.00,449.20,0.00,444.00,0,0.00,0,0.00,5.20,0.00,,,,,449.20,,0.00,,,,,,,,,,,,,,,Shipped,Paid,,,,,,,10002,10566,10002-2026-000063,,,,,,,,,Walmart eComm Shipping,Morgan Lee,Gavin Orr,Walmart eComm Retail,220 Townsend St,Dock 20,National ship location,San Francisco,CA,94109,San Francisco,USA,ship-walmart-ecomm@example.com,(415) 555-2906,,,,,,,,,,,,,,,,,,,1,2026-01-07,ADELINE-03-BLACK-A12,,,BUCKLE FRONT FLAT SANDALS,,,EA,,,,,,,,2,0,,2,,222.00,222.00,444.00,444.00,0.00,,444.00,Y,N,Y,Y,,,,,,,,,,,,Shipped,N,,,,,
SO2026-000064,1,4,2026-02-08,2026-02-08,2026-02-28,2026-02-09,,,,,Shopify,Shopify,,45,USD,67.50,67.50,72.50,0.00,67.50,0,0.00,0,0.00,5.00,0.00,,,,,72.50,,0.00,,,,,,,,,,,,,,,Shipped,Paid,,,,,,,20001,10580,20001-2026-000064,,,,,,,,,Shopify Shipping,Alex Reed,Dario Lowe,Shopify Commerce,217 Barranca Pkwy,Dock 17,Commerce ship location,Irvine,CA,92609,Orange,USA,ship-shopify@example.com,(949) 555-2606,,,,,,,,,,,,,,,,,,,1,2026-02-08,ASTRID-01-NUDE-8.5,,,SLIP ON SNEAKER,,,EA,,,,,,,,2,0,,2,,20.75,20.75,41.50,41.50,0.00,,41.50,Y,N,Y,Y,,,,,,,,,,,,Shipped,N,,,,,
SO2026-000064,1,4,2026-02-08,2026-02-08,2026-02-28,2026-02-09,,,,,Shopify,Shopify,,45,USD,67.50,67.50,72.50,0.00,67.50,0,0.00,0,0.00,5.00,0.00,,,,,72.50,,0.00,,,,,,,,,,,,,,,Shipped,Paid,,,,,,,20001,10580,20001-2026-000064,,,,,,,,,Shopify Shipping,Alex Reed,Dario Lowe,Shopify Commerce,217 Barranca Pkwy,Dock 17,Commerce ship location,Irvine,CA,92609,Orange,USA,ship-shopify@example.com,(949) 555-2606,,,,,,,,,,,,,,,,,,,2,2026-02-08,AUSTIN-06-WHITE-9.5,,,SNEAKER,,,EA,,,,,,,,1,0,,1,,10.00,10.00,10.00,10.00,0.00,,10.00,Y,N,Y,Y,,,,,,,,,,,,Shipped,N,,,,,
SO2026-000064,1,4,2026-02-08,2026-02-08,2026-02-28,2026-02-09,,,,,Shopify,Shopify,,45,USD,67.50,67.50,72.50,0.00,67.50,0,0.00,0,0.00,5.00,0.00,,,,,72.50,,0.00,,,,,,,,,,,,,,,Shipped,Paid,,,,,,,20001,10580,20001-2026-000064,,,,,,,,,Shopify Shipping,Alex Reed,Dario Lowe,Shopify Commerce,217 Barranca Pkwy,Dock 17,Commerce ship location,Irvine,CA,92609,Orange,USA,ship-shopify@example.com,(949) 555-2606,,,,,,,,,,,,,,,,,,,3,2026-02-08,CAMILA-06-TAUPE-5.5,,,COSS FRONT SLIP ON SLIDES,,,EA,,,,,,,,2,0,,2,,8.00,8.00,16.00,16.00,0.00,,16.00,Y,N,Y,Y,,,,,,,,,,,,Shipped,N,,,,,
SO2026-000065,1,4,2026-02-08,2026-02-08,2026-02-28,2026-02-08,,,,,Veeqo-Amazon,Veeqo Amazon,,45,USD,247.00,247.00,260.92,0.00,247.00,0,0.00,0,0.00,13.92,0.00,,,,,260.92,,0.00,,,,,,,,,,,,,,,Shipped,Paid,,,,,,,10016,10579,10016-2026-000065,,,,,,,,,Veeqo Amazon Shipping,Jamie Clark,Owen Pike,Veeqo Amazon Retail,202 Distribution Way,Dock 2,Regional ship location,Irvine,CA,92603,Orange,USA,ship-veeqo-amazon@example.com,(949) 555-1106,,,,,,,,,,,,,,,,,,,1,2026-02-08,CORA-01-FUCH-A12,,,CROSS FRONT SANDAL,,,EA,,,,,,,,1,0,,1,,129.00,129.00,129.00,129.00,0.00,,129.00,Y,N,Y,Y,,,,,,,,,,,,Shipped,N,,,,,
SO2026-000065,1,4,2026-02-08,2026-02-08,2026-02-28,2026-02-08,,,,,Veeqo-Amazon,Veeqo Amazon,,45,USD,247.00,247.00,260.92,0.00,247.00,0,0.00,0,0.00,13.92,0.00,,,,,260.92,,0.00,,,,,,,,,,,,,,,Shipped,Paid,,,,,,,10016,10579,10016-2026-000065,,,,,,,,,Veeqo Amazon Shipping,Jamie Clark,Owen Pike,Veeqo Amazon Retail,202 Distribution Way,Dock 2,Regional ship location,Irvine,CA,92603,Orange,USA,ship-veeqo-amazon@example.com,(949) 555-1106,,,,,,,,,,,,,,,,,,,2,2026-02-08,CAMILA-06-TAUPE-9.5,,,COSS FRONT SLIP ON SLIDES,,,EA,,,,,,,,2,0,,2,,8.00,8.00,16.00,16.00,0.00,,16.00,Y,N,Y,Y,,,,,,,,,,,,Shipped,N,,,,,
SO2026-000065,1,4,2026-02-08,2026-02-08,2026-02-28,2026-02-08,,,,,Veeqo-Amazon,Veeqo Amazon,,45,USD,247.00,247.00,260.92,0.00,247.00,0,0.00,0,0.00,13.92,0.00,,,,,260.92,,0.00,,,,,,,,,,,,,,,Shipped,Paid,,,,,,,10016,10579,10016-2026-000065,,,,,,,,,Veeqo Amazon Shipping,Jamie Clark,Owen Pike,Veeqo Amazon Retail,202 Distribution Way,Dock 2,Regional ship location,Irvine,CA,92603,Orange,USA,ship-veeqo-amazon@example.com,(949) 555-1106,,,,,,,,,,,,,,,,,,,3,2026-02-08,F13031C-1742VNTGST-27-STD,809666255072,,Cayden Vintage Beujolias Corduroy Skinny Jeans,,,EA,,,,,,,,3,0,,3,,34.00,34.00,102.00,102.00,0.00,,102.00,Y,N,Y,Y,,,,,,,,,,,,Shipped,N,,,,,
SO2026-000066,1,4,2026-01-26,2026-01-29,2026-02-25,2026-01-26,,,,,JCPenney,JCPenney,,30,USD,32.25,32.25,47.65,0.00,32.25,0,0.00,0,0.00,15.40,0.00,,,,,47.65,,0.00,,,,,,,,,,,,,,,Shipped,Paid,,,,,,,30007,10575,30007-2026-000066,,,,,,,,,JCPenney Shipping,Alex Reed,Zane Holt,JCPenney Stores,213 Gateway Rd,Dock 13,Retail ship location,San Diego,CA,92106,San Diego,USA,ship-jcpenney@example.com,(619) 555-2206,,,,,,,,,,,,,,,,,,,1,2026-01-26,CORA-01-TAUP-6.5,,,CROSS FRONT SANDAL,,,EA,,,,,,,,3,0,,3,,10.75,10.75,32.25,32.25,0.00,,32.25,Y,N,Y,Y,,,,,,,,,,,,Shipped,N,,,,,
SO2026-000067,1,4,2026-01-13,2026-01-16,2026-02-27,2026-01-13,,,,,Walmart-eComm,Walmart eComm,,45,USD,210.25,210.25,210.25,0.00,210.25,0,0.00,0,0.00,0.00,0.00,,,,,210.25,,0.00,,,,,,,,,,,,,,,Shipped,Paid,,,,,,,10002,10566,10002-2026-000067,,,,,,,,,Walmart eComm Shipping,Morgan Lee,Gavin Orr,Walmart eComm Retail,220 Townsend St,Dock 20,National ship location,San Francisco,CA,94109,San Francisco,USA,ship-walmart-ecomm@example.com,(415) 555-2906,,,,,,,,,,,,,,,,,,,1,2026-01-13,ASTRID-01-NUDE-9.5,,,SLIP ON SNEAKER,,,EA,,,,,,,,3,0,,3,,20.75,20.75,62.25,62.25,0.00,,62.25,Y,N,Y,Y,,,,,,,,,,,,Shipped,N,,,,,
SO2026-000067,1,4,2026-01-13,2026-01-16,2026-02-27,2026-01-13,,,,,Walmart-eComm,Walmart eComm,,45,USD,210.25,210.25,210.25,0.00,210.25,0,0.00,0,0.00,0.00,0.00,,,,,210.25,,0.00,,,,,,,,,,,,,,,Shipped,Paid,,,,,,,10002,10566,10002-2026-000067,,,,,,,,,Walmart eComm Shipping,Morgan Lee,Gavin Orr,Walmart eComm Retail,220 Townsend St,Dock 20,National ship location,San Francisco,CA,94109,San Francisco,USA,ship-walmart-ecomm@example.com,(415) 555-2906,,,,,,,,,,,,,,,,,,,2,2026-01-13,F13T007SS-CABERNET-XS-STD,809666393101,,S&P V-neck Sleeveless Peplum Blouse Front Hook-and-eye Closu,,,EA,,,,,,,,4,0,,4,,29.00,29.00,116.00,116.00,0.00,,116.00,Y,N,Y,Y,,,,,,,,,,,,Shipped,N,,,,,
SO2026-000067,1,4,2026-01-13,2026-01-16,2026-02-27,2026-01-13,,,,,Walmart-eComm,Walmart eComm,,45,USD,210.25,210.25,210.25,0.00,210.25,0,0.00,0,0.00,0.00,0.00,,,,,210.25,,0.00,,,,,,,,,,,,,,,Shipped,Paid,,,,,,,10002,10566,10002-2026-000067,,,,,,,,,Walmart eComm Shipping,Morgan Lee,Gavin Orr,Walmart eComm Retail,220 Townsend St,Dock 20,National ship location,San Francisco,CA,94109,San Francisco,USA,ship-walmart-ecomm@example.com,(415) 555-2906,,,,,,,,,,,,,,,,,,,3,2026-01-13,CAMILA-06-NUDE-9.5,,,COSS FRONT SLIP ON SLIDES,,,EA,,,,,,,,4,0,,4,,8.00,8.00,32.00,32.00,0.00,,32.00,Y,N,Y,Y,,,,,,,,,,,,Shipped,N,,,,,
SO2026-000068,1,4,2026-01-11,2026-01-14,2026-02-25,2026-01-11,,,,,Etsy-LS,Etsy LS,,45,USD,138.00,138.00,138.00,0.00,138.00,0,0.00,0,0.00,0.00,0.00,,,,,138.00,,0.00,,,,,,,,,,,,,,,Shipped,Paid,,,,,,,10008,10571,10008-2026-000068,,,,,,,,,Etsy LS Shipping,Alex Reed,Rhea Moss,Etsy LS Marketplace,205 Mission St,Dock 5,Marketplace ship location,San Francisco,CA,94103,San Francisco,USA,ship-etsy-ls@example.com,(415) 555-1406,,,,,,,,,,,,,,,,,,,1,2026-01-11,ADELINE-02-CAMEL-A12,,,WOVEN SLIDE SANDAL,,,EA,,,,,,,,1,0,,1,,138.00,138.00,138.00,138.00,0.00,,138.00,Y,N,Y,Y,,,,,,,,,,,,Shipped,N,,,,,
SO2026-000069,1,4,2026-01-11,2026-01-11,2026-02-28,2026-01-13,,,,,Squarespace,Squarespace,,60,USD,40.25,40.25,47.17,0.00,40.25,0,0.00,0,0.00,6.92,0.00,,,,,47.17,,0.00,,,,,,,,,,,,,,,Shipped,Paid,,,,,,,20006,10582,20006-2026-000069,,,,,,,,,Squarespace Shipping,Jamie Clark,Elin Marsh,Squarespace Digital,218 Camino Del Rio,Dock 18,Digital ship location,San Diego,CA,92108,San Diego,USA,ship-squarespace@example.com,(619) 555-2706,,,,,,,,,,,,,,,,,,,1,2026-01-11,CORA-01-YLW-8,,,CROSS FRONT SANDAL,,,EA,,,,,,,,3,0,,3,,10.75,10.75,32.25,32.25,0.00,,32.25,Y,N,Y,Y,,,,,,,,,,,,Shipped,N,,,,,
SO2026-000069,1,4,2026-01-11,2026-01-11,2026-02-28,2026-01-13,,,,,Squarespace,Squarespace,,60,USD,40.25,40.25,47.17,0.00,40.25,0,0.00,0,0.00,6.92,0.00,,,,,47.17,,0.00,,,,,,,,,,,,,,,Shipped,Paid,,,,,,,20006,10582,20006-2026-000069,,,,,,,,,Squarespace Shipping,Jamie Clark,Elin Marsh,Squarespace Digital,218 Camino Del Rio,Dock 18,Digital ship location,San Diego,CA,92108,San Diego,USA,ship-squarespace@example.com,(619) 555-2706,,,,,,,,,,,,,,,,,,,2,2026-01-11,CAMILA-06-BLACK-8,,,COSS FRONT SLIP ON SLIDES,,,EA,,,,,,,,1,0,,1,,8.00,8.00,8.00,8.00,0.00,,8.00,Y,N,Y,Y,,,,,,,,,,,,Shipped,N,,,,,
SO2026-000070,1,4,2026-01-18,2026-01-18,2026-02-28,2026-01-18,,,,,Walmart-eComm,Walmart eComm,,45,USD,73.00,73.00,77.20,0.00,73.00,0,0.00,0,0.00,4.20,0.00,,,,,77.20,,0.00,,,,,,,,,,,,,,,Shipped,Paid,,,,,,,10002,10566,10002-2026-000070,,,,,,,,,Walmart eComm Shipping,Morgan Lee,Gavin Orr,Walmart eComm Retail,220 Townsend St,Dock 20,National ship location,San Francisco,CA,94109,San Francisco,USA,ship-walmart-ecomm@example.com,(415) 555-2906,,,,,,,,,,,,,,,,,,,1,2026-01-18,CORA-01-FUCH-12,,,CROSS FRONT SANDAL,,,EA,,,,,,,,4,0,,4,,10.75,10.75,43.00,43.00,0.00,,43.00,Y,N,Y,Y,,,,,,,,,,,,Shipped,N,,,,,
SO2026-000070,1,4,2026-01-18,2026-01-18,2026-02-28,2026-01-18,,,,,Walmart-eComm,Walmart eComm,,45,USD,73.00,73.00,77.20,0.00,73.00,0,0.00,0,0.00,4.20,0.00,,,,,77.20,,0.00,,,,,,,,,,,,,,,Shipped,Paid,,,,,,,10002,10566,10002-2026-000070,,,,,,,,,Walmart eComm Shipping,Morgan Lee,Gavin Orr,Walmart eComm Retail,220 Townsend St,Dock 20,National ship location,San Francisco,CA,94109,San Francisco,USA,ship-walmart-ecomm@example.com,(415) 555-2906,,,,,,,,,,,,,,,,,,,2,2026-01-18,ADELINE-03-BLACK-5.5,,,BUCKLE FRONT FLAT SANDALS,,,EA,,,,,,,,1,0,,1,,18.50,18.50,18.50,18.50,0.00,,18.50,Y,N,Y,Y,,,,,,,,,,,,Shipped,N,,,,,
SO2026-000070,1,4,2026-01-18,2026-01-18,2026-02-28,2026-01-18,,,,,Walmart-eComm,Walmart eComm,,45,USD,73.00,73.00,77.20,0.00,73.00,0,0.00,0,0.00,4.20,0.00,,,,,77.20,,0.00,,,,,,,,,,,,,,,Shipped,Paid,,,,,,,10002,10566,10002-2026-000070,,,,,,,,,Walmart eComm Shipping,Morgan Lee,Gavin Orr,Walmart eComm Retail,220 Townsend St,Dock 20,National ship location,San Francisco,CA,94109,San Francisco,USA,ship-walmart-ecomm@example.com,(415) 555-2906,,,,,,,,,,,,,,,,,,,3,2026-01-18,ADELINE-02-PINK-5,,,WOVEN SLIDE SANDAL,,,EA,,,,,,,,1,0,,1,,11.50,11.50,11.50,11.50,0.00,,11.50,Y,N,Y,Y,,,,,,,,,,,,Shipped,N,,,,,
SO2026-000071,1,4,2026-02-19,2026-02-21,2026-02-28,2026-02-20,,,,,Magento,Magento,,30,USD,110.25,110.25,113.93,0.00,110.25,0,0.00,0,0.00,3.68,0.00,,,,,113.93,,0.00,,,,,,,,,,,,,,,Shipped,Paid,,,,,,,20003,10581,20003-2026-000071,,,,,,,,,Magento Shipping,Morgan Lee,Cora Knox,Magento Platform,216 Century Blvd,Dock 16,Platform ship location,Los Angeles,CA,90008,Los Angeles,USA,ship-magento@example.com,(213) 555-2506,,,,,,,,,,,,,,,,,,,1,2026-02-19,173451-1183CITIZEN-21-34,809666377835,,Susan Stretch Denim Skinny Jeans Medium Blue 5 Pocket Wash,,,EA,,,,,,,,1,0,,1,,24.00,24.00,24.00,24.00,0.00,,24.00,Y,N,Y,Y,,,,,,,,,,,,Shipped,N,,,,,
SO2026-000071,1,4,2026-02-19,2026-02-21,2026-02-28,2026-02-20,,,,,Magento,Magento,,30,USD,110.25,110.25,113.93,0.00,110.25,0,0.00,0,0.00,3.68,0.00,,,,,113.93,,0.00,,,,,,,,,,,,,,,Shipped,Paid,,,,,,,20003,10581,20003-2026-000071,,,,,,,,,Magento Shipping,Morgan Lee,Cora Knox,Magento Platform,216 Century Blvd,Dock 16,Platform ship location,Los Angeles,CA,90008,Los Angeles,USA,ship-magento@example.com,(213) 555-2506,,,,,,,,,,,,,,,,,,,2,2026-02-19,173451-1183CITIZEN-13-STD,809666377927,,Susan Stretch Denim Skinny Jeans Medium Blue 5 Pocket Wash,,,EA,,,,,,,,1,0,,1,,24.00,24.00,24.00,24.00,0.00,,24.00,Y,N,Y,Y,,,,,,,,,,,,Shipped,N,,,,,
SO2026-000071,1,4,2026-02-19,2026-02-21,2026-02-28,2026-02-20,,,,,Magento,Magento,,30,USD,110.25,110.25,113.93,0.00,110.25,0,0.00,0,0.00,3.68,0.00,,,,,113.93,,0.00,,,,,,,,,,,,,,,Shipped,Paid,,,,,,,20003,10581,20003-2026-000071,,,,,,,,,Magento Shipping,Morgan Lee,Cora Knox,Magento Platform,216 Century Blvd,Dock 16,Platform ship location,Los Angeles,CA,90008,Los Angeles,USA,ship-magento@example.com,(213) 555-2506,,,,,,,,,,,,,,,,,,,3,2026-02-19,ASTRID-01-BLUSH-9,,,SLIP ON SNEAKER,,,EA,,,,,,,,3,0,,3,,20.75,20.75,62.25,62.25,0.00,,62.25,Y,N,Y,Y,,,,,,,,,,,,Shipped,N,,,,,
SO2026-000072,1,4,2026-02-05,2026-02-08,2026-02-28,2026-02-07,,,,,Walmart-eComm,Walmart eComm,,45,USD,158.00,158.00,172.87,0.00,158.00,0,0.00,0,0.00,14.87,0.00,,,,,172.87,,0.00,,,,,,,,,,,,,,,Shipped,Paid,,,,,,,10002,10566,10002-2026-000072,,,,,,,,,Walmart eComm Shipping,Morgan Lee,Gavin Orr,Walmart eComm Retail,220 Townsend St,Dock 20,National ship location,San Francisco,CA,94109,San Francisco,USA,ship-walmart-ecomm@example.com,(415) 555-2906,,,,,,,,,,,,,,,,,,,1,2026-02-05,CAMILA-06-BLACK-7.5,,,COSS FRONT SLIP ON SLIDES,,,EA,,,,,,,,4,0,,4,,8.00,8.00,32.00,32.00,0.00,,32.00,Y,N,Y,Y,,,,,,,,,,,,Shipped,N,,,,,
SO2026-000072,1,4,2026-02-05,2026-02-08,2026-02-28,2026-02-07,,,,,Walmart-eComm,Walmart eComm,,45,USD,158.00,158.00,172.87,0.00,158.00,0,0.00,0,0.00,14.87,0.00,,,,,172.87,,0.00,,,,,,,,,,,,,,,Shipped,Paid,,,,,,,10002,10566,10002-2026-000072,,,,,,,,,Walmart eComm Shipping,Morgan Lee,Gavin Orr,Walmart eComm Retail,220 Townsend St,Dock 20,National ship location,San Francisco,CA,94109,San Francisco,USA,ship-walmart-ecomm@example.com,(415) 555-2906,,,,,,,,,,,,,,,,,,,2,2026-02-05,AUSTIN-06-WHITE-6.5,,,SNEAKER,,,EA,,,,,,,,3,0,,3,,10.00,10.00,30.00,30.00,0.00,,30.00,Y,N,Y,Y,,,,,,,,,,,,Shipped,N,,,,,
SO2026-000072,1,4,2026-02-05,2026-02-08,2026-02-28,2026-02-07,,,,,Walmart-eComm,Walmart eComm,,45,USD,158.00,158.00,172.87,0.00,158.00,0,0.00,0,0.00,14.87,0.00,,,,,172.87,,0.00,,,,,,,,,,,,,,,Shipped,Paid,,,,,,,10002,10566,10002-2026-000072,,,,,,,,,Walmart eComm Shipping,Morgan Lee,Gavin Orr,Walmart eComm Retail,220 Townsend St,Dock 20,National ship location,San Francisco,CA,94109,San Francisco,USA,ship-walmart-ecomm@example.com,(415) 555-2906,,,,,,,,,,,,,,,,,,,3,2026-02-05,173451-1183CITIZEN-21-STD,809666377965,,Susan Stretch Denim Skinny Jeans Medium Blue 5 Pocket Wash,,,EA,,,,,,,,4,0,,4,,24.00,24.00,96.00,96.00,0.00,,96.00,Y,N,Y,Y,,,,,,,,,,,,Shipped,N,,,,,
SO2026-000073,1,4,2026-01-20,2026-01-25,2026-02-19,2026-01-21,,,,,Magento,Magento,,30,USD,151.75,151.75,162.41,0.00,151.75,0,0.00,0,0.00,10.66,0.00,,,,,162.41,,0.00,,,,,,,,,,,,,,,Shipped,Paid,,,,,,,20003,10581,20003-2026-000073,,,,,,,,,Magento Shipping,Morgan Lee,Cora Knox,Magento Platform,216 Century Blvd,Dock 16,Platform ship location,Los Angeles,CA,90008,Los Angeles,USA,ship-magento@example.com,(213) 555-2506,,,,,,,,,,,,,,,,,,,1,2026-01-20,AUSTIN-06-WHITE-11,,,SNEAKER,,,EA,,,,,,,,2,0,,2,,10.00,10.00,20.00,20.00,0.00,,20.00,Y,N,Y,Y,,,,,,,,,,,,Shipped,N,,,,,
SO2026-000073,1,4,2026-01-20,2026-01-25,2026-02-19,2026-01-21,,,,,Magento,Magento,,30,USD,151.75,151.75,162.41,0.00,151.75,0,0.00,0,0.00,10.66,0.00,,,,,162.41,,0.00,,,,,,,,,,,,,,,Shipped,Paid,,,,,,,20003,10581,20003-2026-000073,,,,,,,,,Magento Shipping,Morgan Lee,Cora Knox,Magento Platform,216 Century Blvd,Dock 16,Platform ship location,Los Angeles,CA,90008,Los Angeles,USA,ship-magento@example.com,(213) 555-2506,,,,,,,,,,,,,,,,,,,2,2026-01-20,AVIANA-06-BLACK-8.5,,,FUR SLIPPER,,,EA,,,,,,,,3,0,,3,,16.25,16.25,48.75,48.75,0.00,,48.75,Y,N,Y,Y,,,,,,,,,,,,Shipped,N,,,,,
SO2026-000073,1,4,2026-01-20,2026-01-25,2026-02-19,2026-01-21,,,,,Magento,Magento,,30,USD,151.75,151.75,162.41,0.00,151.75,0,0.00,0,0.00,10.66,0.00,,,,,162.41,,0.00,,,,,,,,,,,,,,,Shipped,Paid,,,,,,,20003,10581,20003-2026-000073,,,,,,,,,Magento Shipping,Morgan Lee,Cora Knox,Magento Platform,216 Century Blvd,Dock 16,Platform ship location,Los Angeles,CA,90008,Los Angeles,USA,ship-magento@example.com,(213) 555-2506,,,,,,,,,,,,,,,,,,,3,2026-01-20,ASTRID-01-BLUSH-5.5,,,SLIP ON SNEAKER,,,EA,,,,,,,,4,0,,4,,20.75,20.75,83.00,83.00,0.00,,83.00,Y,N,Y,Y,,,,,,,,,,,,Shipped,N,,,,,
SO2026-000074,1,4,2026-01-29,2026-02-03,2026-02-28,2026-01-29,,,,,Macys,Macys,,60,USD,95.50,95.50,101.87,0.00,95.50,0,0.00,0,0.00,6.37,0.00,,,,,101.87,,0.00,,,,,,,,,,,,,,,Shipped,Paid,,,,,,,30005,10574,30005-2026-000074,,,,,,,,,Macys Shipping,Taylor Kim,Blake Jett,Macys Stores,215 King St,Dock 15,Department ship location,San Francisco,CA,94107,San Francisco,USA,ship-macys@example.com,(415) 555-2406,,,,,,,,,,,,,,,,,,,1,2026-01-29,AUSTIN-06-WHITE-5.5,,,SNEAKER,,,EA,,,,,,,,4,0,,4,,10.00,10.00,40.00,40.00,0.00,,40.00,Y,N,Y,Y,,,,,,,,,,,,Shipped,N,,,,,
SO2026-000074,1,4,2026-01-29,2026-02-03,2026-02-28,2026-01-29,,,,,Macys,Macys,,60,USD,95.50,95.50,101.87,0.00,95.50,0,0.00,0,0.00,6.37,0.00,,,,,101.87,,0.00,,,,,,,,,,,,,,,Shipped,Paid,,,,,,,30005,10574,30005-2026-000074,,,,,,,,,Macys Shipping,Taylor Kim,Blake Jett,Macys Stores,215 King St,Dock 15,Department ship location,San Francisco,CA,94107,San Francisco,USA,ship-macys@example.com,(415) 555-2406,,,,,,,,,,,,,,,,,,,2,2026-01-29,ADELINE-03-BLUE-6,,,BUCKLE FRONT FLAT SANDALS,,,EA,,,,,,,,3,0,,3,,18.50,18.50,55.50,55.50,0.00,,55.50,Y,N,Y,Y,,,,,,,,,,,,Shipped,N,,,,,
SO2026-000075,1,4,2026-02-14,2026-02-18,2026-02-28,2026-02-15,,,,,Walmart-eComm,Walmart eComm,,45,USD,87.75,87.75,105.36,0.00,87.75,0,0.00,0,0.00,17.61,0.00,,,,,105.36,,0.00,,,,,,,,,,,,,,,Shipped,Paid,,,,,,,10002,10566,10002-2026-000075,,,,,,,,,Walmart eComm Shipping,Morgan Lee,Gavin Orr,Walmart eComm Retail,220 Townsend St,Dock 20,National ship location,San Francisco,CA,94109,San Francisco,USA,ship-walmart-ecomm@example.com,(415) 555-2906,,,,,,,,,,,,,,,,,,,1,2026-02-14,CORA-01-FUCH-11,,,CROSS FRONT SANDAL,,,EA,,,,,,,,3,0,,3,,10.75,10.75,32.25,32.25,0.00,,32.25,Y,N,Y,Y,,,,,,,,,,,,Shipped,N,,,,,
SO2026-000075,1,4,2026-02-14,2026-02-18,2026-02-28,2026-02-15,,,,,Walmart-eComm,Walmart eComm,,45,USD,87.75,87.75,105.36,0.00,87.75,0,0.00,0,0.00,17.61,0.00,,,,,105.36,,0.00,,,,,,,,,,,,,,,Shipped,Paid,,,,,,,10002,10566,10002-2026-000075,,,,,,,,,Walmart eComm Shipping,Morgan Lee,Gavin Orr,Walmart eComm Retail,220 Townsend St,Dock 20,National ship location,San Francisco,CA,94109,San Francisco,USA,ship-walmart-ecomm@example.com,(415) 555-2906,,,,,,,,,,,,,,,,,,,2,2026-02-14,ADELINE-03-TAUPE-6.5,,,BUCKLE FRONT FLAT SANDALS,,,EA,,,,,,,,3,0,,3,,18.50,18.50,55.50,55.50,0.00,,55.50,Y,N,Y,Y,,,,,,,,,,,,Shipped,N,,,,,
SO2026-000076,1,4,2026-01-09,2026-01-12,2026-02-23,2026-01-11,,,,,Veeqo-Amazon,Veeqo Amazon,,45,USD,125.00,125.00,127.36,0.00,125.00,0,0.00,0,0.00,2.36,0.00,,,,,127.36,,0.00,,,,,,,,,,,,,,,Shipped,Paid,,,,,,,10016,10579,10016-2026-000076,,,,,,,,,Veeqo Amazon Shipping,Jamie Clark,Owen Pike,Veeqo Amazon Retail,202 Distribution Way,Dock 2,Regional ship location,Irvine,CA,92603,Orange,USA,ship-veeqo-amazon@example.com,(949) 555-1106,,,,,,,,,,,,,,,,,,,1,2026-01-09,ADELINE-02-PINK-7,,,WOVEN SLIDE SANDAL,,,EA,,,,,,,,2,0,,2,,11.50,11.50,23.00,23.00,0.00,,23.00,Y,N,Y,Y,,,,,,,,,,,,Shipped,N,,,,,
SO2026-000076,1,4,2026-01-09,2026-01-12,2026-02-23,2026-01-11,,,,,Veeqo-Amazon,Veeqo Amazon,,45,USD,125.00,125.00,127.36,0.00,125.00,0,0.00,0,0.00,2.36,0.00,,,,,127.36,,0.00,,,,,,,,,,,,,,,Shipped,Paid,,,,,,,10016,10579,10016-2026-000076,,,,,,,,,Veeqo Amazon Shipping,Jamie Clark,Owen Pike,Veeqo Amazon Retail,202 Distribution Way,Dock 2,Regional ship location,Irvine,CA,92603,Orange,USA,ship-veeqo-amazon@example.com,(949) 555-1106,,,,,,,,,,,,,,,,,,,2,2026-01-09,F13031C-1742VNTGCO-32-STD,809666254945,,Cayden Vintage Beujolias Corduroy Skinny Jeans,,,EA,,,,,,,,3,0,,3,,34.00,34.00,102.00,102.00,0.00,,102.00,Y,N,Y,Y,,,,,,,,,,,,Shipped,N,,,,,
SO2026-000077,1,4,2026-01-01,2026-01-05,2026-02-28,2026-01-02,,,,,Macys,Macys,,60,USD,102.00,102.00,108.38,0.00,102.00,0,0.00,0,0.00,6.38,0.00,,,,,108.38,,0.00,,,,,,,,,,,,,,,Shipped,Paid,,,,,,,30005,10574,30005-2026-000077,,,,,,,,,Macys Shipping,Taylor Kim,Blake Jett,Macys Stores,215 King St,Dock 15,Department ship location,San Francisco,CA,94107,San Francisco,USA,ship-macys@example.com,(415) 555-2406,,,,,,,,,,,,,,,,,,,1,2026-01-01,FA13501DM-1608BLAU2,,,Maya Basic Dark Handsand Wash Midrise Skinny Jeans,,,EA,,,,,,,,3,0,,3,,34.00,34.00,102.00,102.00,0.00,,102.00,Y,N,Y,Y,,,,,,,,,,,,Shipped,N,,,,,
SO2026-000078,1,4,2026-01-12,2026-01-14,2026-02-11,2026-01-12,,,,,eBay,eBay,,30,USD,403.25,403.25,420.18,0.00,403.25,0,0.00,0,0.00,16.93,0.00,,,,,420.18,,0.00,,,,,,,,,,,,,,,Shipped,Paid,,,,,,,10004,10570,10004-2026-000078,,,,,,,,,eBay Shipping,Morgan Lee,Quentin Hale,eBay Commerce,204 Fulfillment Ave,Dock 4,Standard ship location,San Jose,CA,95111,Santa Clara,USA,ship-ebay@example.com,(408) 555-1306,,,,,,,,,,,,,,,,,,,1,2026-01-12,CORA-01-YLW-7.5,,,CROSS FRONT SANDAL,,,EA,,,,,,,,1,0,,1,,10.75,10.75,10.75,10.75,0.00,,10.75,Y,N,Y,Y,,,,,,,,,,,,Shipped,N,,,,,
SO2026-000078,1,4,2026-01-12,2026-01-14,2026-02-11,2026-01-12,,,,,eBay,eBay,,30,USD,403.25,403.25,420.18,0.00,403.25,0,0.00,0,0.00,16.93,0.00,,,,,420.18,,0.00,,,,,,,,,,,,,,,Shipped,Paid,,,,,,,10004,10570,10004-2026-000078,,,,,,,,,eBay Shipping,Morgan Lee,Quentin Hale,eBay Commerce,204 Fulfillment Ave,Dock 4,Standard ship location,San Jose,CA,95111,Santa Clara,USA,ship-ebay@example.com,(408) 555-1306,,,,,,,,,,,,,,,,,,,2,2026-01-12,AVIANA-06-BEIGE-9.5,,,FUR SLIPPER,,,EA,,,,,,,,2,0,,2,,16.25,16.25,32.50,32.50,0.00,,32.50,Y,N,Y,Y,,,,,,,,,,,,Shipped,N,,,,,
SO2026-000078,1,4,2026-01-12,2026-01-14,2026-02-11,2026-01-12,,,,,eBay,eBay,,30,USD,403.25,403.25,420.18,0.00,403.25,0,0.00,0,0.00,16.93,0.00,,,,,420.18,,0.00,,,,,,,,,,,,,,,Shipped,Paid,,,,,,,10004,10570,10004-2026-000078,,,,,,,,,eBay Shipping,Morgan Lee,Quentin Hale,eBay Commerce,204 Fulfillment Ave,Dock 4,Standard ship location,San Jose,CA,95111,Santa Clara,USA,ship-ebay@example.com,(408) 555-1306,,,,,,,,,,,,,,,,,,,3,2026-01-12,AUSTIN-06-CAMEL-A12,,,SNEAKER,,,EA,,,,,,,,3,0,,3,,120.00,120.00,360.00,360.00,0.00,,360.00,Y,N,Y,Y,,,,,,,,,,,,Shipped,N,,,,,
SO2026-000079,1,4,2026-02-01,2026-02-05,2026-02-28,2026-02-01,,,,,JCPenney,JCPenney,,30,USD,265.00,265.00,265.48,0.00,265.00,0,0.00,0,0.00,0.48,0.00,,,,,265.48,,0.00,,,,,,,,,,,,,,,Shipped,Paid,,,,,,,30007,10575,30007-2026-000079,,,,,,,,,JCPenney Shipping,Alex Reed,Zane Holt,JCPenney Stores,213 Gateway Rd,Dock 13,Retail ship location,San Diego,CA,92106,San Diego,USA,ship-jcpenney@example.com,(619) 555-2206,,,,,,,,,,,,,,,,,,,1,2026-02-01,AUSTIN-06-BLACK-5.5,,,SNEAKER,,,EA,,,,,,,,2,0,,2,,10.00,10.00,20.00,20.00,0.00,,20.00,Y,N,Y,Y,,,,,,,,,,,,Shipped,N,,,,,
SO2026-000079,1,4,2026-02-01,2026-02-05,2026-02-28,2026-02-01,,,,,JCPenney,JCPenney,,30,USD,265.00,265.00,265.48,0.00,265.00,0,0.00,0,0.00,0.48,0.00,,,,,265.48,,0.00,,,,,,,,,,,,,,,Shipped,Paid,,,,,,,30007,10575,30007-2026-000079,,,,,,,,,JCPenney Shipping,Alex Reed,Zane Holt,JCPenney Stores,213 Gateway Rd,Dock 13,Retail ship location,San Diego,CA,92106,San Diego,USA,ship-jcpenney@example.com,(619) 555-2206,,,,,,,,,,,,,,,,,,,2,2026-02-01,ADELINE-03-TAUPE,,,BUCKLE FRONT FLAT SANDALS,,,EA,,,,,,,,1,0,,1,,177.00,177.00,177.00,177.00,0.00,,177.00,Y,N,Y,Y,,,,,,,,,,,,Shipped,N,,,,,
SO2026-000079,1,4,2026-02-01,2026-02-05,2026-02-28,2026-02-01,,,,,JCPenney,JCPenney,,30,USD,265.00,265.00,265.48,0.00,265.00,0,0.00,0,0.00,0.48,0.00,,,,,265.48,,0.00,,,,,,,,,,,,,,,Shipped,Paid,,,,,,,30007,10575,30007-2026-000079,,,,,,,,,JCPenney Shipping,Alex Reed,Zane Holt,JCPenney Stores,213 Gateway Rd,Dock 13,Retail ship location,San Diego,CA,92106,San Diego,USA,ship-jcpenney@example.com,(619) 555-2206,,,,,,,,,,,,,,,,,,,3,2026-02-01,FA13512DM-1847DPOCN-29-30,809666864922,,Angie Stud Bling Pocket Low Rise Skinny Jeans,,,EA,,,,,,,,2,0,,2,,34.00,34.00,68.00,68.00,0.00,,68.00,Y,N,Y,Y,,,,,,,,,,,,Shipped,N,,,,,
SO2026-000080,1,4,2026-01-19,2026-01-20,2026-02-18,2026-01-21,,,,,Magento,Magento,,30,USD,43.00,43.00,51.16,0.00,43.00,0,0.00,0,0.00,8.16,0.00,,,,,51.16,,0.00,,,,,,,,,,,,,,,Shipped,Paid,,,,,,,20003,10581,20003-2026-000080,,,,,,,,,Magento Shipping,Morgan Lee,Cora Knox,Magento Platform,216 Century Blvd,Dock 16,Platform ship location,Los Angeles,CA,90008,Los Angeles,USA,ship-magento@example.com,(213) 555-2506,,,,,,,,,,,,,,,,,,,1,2026-01-19,CORA-01-BLK-12,,,CROSS FRONT SANDAL,,,EA,,,,,,,,4,0,,4,,10.75,10.75,43.00,43.00,0.00,,43.00,Y,N,Y,Y,,,,,,,,,,,,Shipped,N,,,,,
SO2026-000081,1,4,2026-01-29,2026-02-02,2026-02-28,2026-01-30,,,,,Etsy-LS,Etsy LS,,45,USD,119.50,119.50,119.50,0.00,119.50,0,0.00,0,0.00,0.00,0.00,,,,,119.50,,0.00,,,,,,,,,,,,,,,Shipped,Paid,,,,,,,10008,10571,10008-2026-000081,,,,,,,,,Etsy LS Shipping,Alex Reed,Rhea Moss,Etsy LS Marketplace,205 Mission St,Dock 5,Marketplace ship location,San Francisco,CA,94103,San Francisco,USA,ship-etsy-ls@example.com,(415) 555-1406,,,,,,,,,,,,,,,,,,,1,2026-01-29,FA16105WV-MIDNIGHTCAMO-L-STD,809666795592,,Patricia Woven Chiffon Midnight Blue Palazzo Pant W Elastic Waist,,,EA,,,,,,,,2,0,,2,,39.00,39.00,78.00,78.00,0.00,,78.00,Y,N,Y,Y,,,,,,,,,,,,Shipped,N,,,,,
SO2026-000081,1,4,2026-01-29,2026-02-02,2026-02-28,2026-01-30,,,,,Etsy-LS,Etsy LS,,45,USD,119.50,119.50,119.50,0.00,119.50,0,0.00,0,0.00,0.00,0.00,,,,,119.50,,0.00,,,,,,,,,,,,,,,Shipped,Paid,,,,,,,10008,10571,10008-2026-000081,,,,,,,,,Etsy LS Shipping,Alex Reed,Rhea Moss,Etsy LS Marketplace,205 Mission St,Dock 5,Marketplace ship location,San Francisco,CA,94103,San Francisco,USA,ship-etsy-ls@example.com,(415) 555-1406,,,,,,,,,,,,,,,,,,,2,2026-01-29,ASTRID-01-BLACK-8.5,,,SLIP ON SNEAKER,,,EA,,,,,,,,2,0,,2,,20.75,20.75,41.50,41.50,0.00,,41.50,Y,N,Y,Y,,,,,,,,,,,,Shipped,N,,,,,
SO2026-000082,1,4,2026-02-06,2026-02-10,2026-02-28,2026-02-06,,,,,Walmart-eComm,Walmart eComm,,45,USD,103.75,103.75,112.58,0.00,103.75,0,0.00,0,0.00,8.83,0.00,,,,,112.58,,0.00,,,,,,,,,,,,,,,Shipped,Paid,,,,,,,10002,10566,10002-2026-000082,,,,,,,,,Walmart eComm Shipping,Morgan Lee,Gavin Orr,Walmart eComm Retail,220 Townsend St,Dock 20,National ship location,San Francisco,CA,94109,San Francisco,USA,ship-walmart-ecomm@example.com,(415) 555-2906,,,,,,,,,,,,,,,,,,,1,2026-02-06,ASTRID-01-NUDE-5,,,SLIP ON SNEAKER,,,EA,,,,,,,,2,0,,2,,20.75,20.75,41.50,41.50,0.00,,41.50,Y,N,Y,Y,,,,,,,,,,,,Shipped,N,,,,,
SO2026-000082,1,4,2026-02-06,2026-02-10,2026-02-28,2026-02-06,,,,,Walmart-eComm,Walmart eComm,,45,USD,103.75,103.75,112.58,0.00,103.75,0,0.00,0,0.00,8.83,0.00,,,,,112.58,,0.00,,,,,,,,,,,,,,,Shipped,Paid,,,,,,,10002,10566,10002-2026-000082,,,,,,,,,Walmart eComm Shipping,Morgan Lee,Gavin Orr,Walmart eComm Retail,220 Townsend St,Dock 20,National ship location,San Francisco,CA,94109,San Francisco,USA,ship-walmart-ecomm@example.com,(415) 555-2906,,,,,,,,,,,,,,,,,,,2,2026-02-06,AVIANA-06-BLACK-6,,,FUR SLIPPER,,,EA,,,,,,,,1,0,,1,,16.25,16.25,16.25,16.25,0.00,,16.25,Y,N,Y,Y,,,,,,,,,,,,Shipped,N,,,,,
SO2026-000082,1,4,2026-02-06,2026-02-10,2026-02-28,2026-02-06,,,,,Walmart-eComm,Walmart eComm,,45,USD,103.75,103.75,112.58,0.00,103.75,0,0.00,0,0.00,8.83,0.00,,,,,112.58,,0.00,,,,,,,,,,,,,,,Shipped,Paid,,,,,,,10002,10566,10002-2026-000082,,,,,,,,,Walmart eComm Shipping,Morgan Lee,Gavin Orr,Walmart eComm Retail,220 Townsend St,Dock 20,National ship location,San Francisco,CA,94109,San Francisco,USA,ship-walmart-ecomm@example.com,(415) 555-2906,,,,,,,,,,,,,,,,,,,3,2026-02-06,ADELINE-02-BLACK-7.5,,,WOVEN SLIDE SANDAL,,,EA,,,,,,,,4,0,,4,,11.50,11.50,46.00,46.00,0.00,,46.00,Y,N,Y,Y,,,,,,,,,,,,Shipped,N,,,,,
SO2026-000083,1,4,2026-02-20,2026-02-24,2026-02-28,2026-02-22,,,,,AMZ-eCom,AMZ eCom,,30,USD,147.00,147.00,161.82,0.00,147.00,0,0.00,0,0.00,14.82,0.00,,,,,161.82,,0.00,,,,,,,,,,,,,,,Shipped,Paid,,,,,,,10001,10565,10001-2026-000083,,,,,,,,,AMZ eCom Shipping,Alex Reed,Nora Lane,AMZ eCom Retail,201 Harbor Ave,Dock 1,Main ship location,Los Angeles,CA,90002,Los Angeles,USA,ship-amz-ecom@example.com,(213) 555-1006,,,,,,,,,,,,,,,,,,,1,2026-02-20,FD9801506P-BLACKBROWN-1X-STD,809666394962,,Natalia Leopard Print Button-up Wrap Dress,,,EA,,,,,,,,3,0,,3,,49.00,49.00,147.00,147.00,0.00,,147.00,Y,N,Y,Y,,,,,,,,,,,,Shipped,N,,,,,
SO2026-000084,1,4,2026-01-02,2026-01-02,2026-02-16,2026-01-02,,,,,Etsy-LS,Etsy LS,,45,USD,65.00,65.00,66.01,0.00,65.00,0,0.00,0,0.00,1.01,0.00,,,,,66.01,,0.00,,,,,,,,,,,,,,,Shipped,Paid,,,,,,,10008,10571,10008-2026-000084,,,,,,,,,Etsy LS Shipping,Alex Reed,Rhea Moss,Etsy LS Marketplace,205 Mission St,Dock 5,Marketplace ship location,San Francisco,CA,94103,San Francisco,USA,ship-etsy-ls@example.com,(415) 555-1406,,,,,,,,,,,,,,,,,,,1,2026-01-02,AVIANA-06-PINK-9.5,,,FUR SLIPPER,,,EA,,,,,,,,4,0,,4,,16.25,16.25,65.00,65.00,0.00,,65.00,Y,N,Y,Y,,,,,,,,,,,,Shipped,N,,,,,
SO2026-000085,1,4,2026-01-24,2026-01-29,2026-02-28,2026-01-26,,,,,Mirakl-Kohls,Mirakl Kohls,,45,USD,41.50,41.50,49.38,0.00,41.50,0,0.00,0,0.00,7.88,0.00,,,,,49.38,,0.00,,,,,,,,,,,,,,,Shipped,Paid,,,,,,,10013,10576,10013-2026-000085,,,,,,,,,Mirakl Kohls Shipping,Jamie Clark,Asha Ives,Mirakl Kohls Network,214 Silver Creek Rd,Dock 14,Partner ship location,San Jose,CA,95115,Santa Clara,USA,ship-mirakl-kohls@example.com,(408) 555-2306,,,,,,,,,,,,,,,,,,,1,2026-01-24,ASTRID-01-BLUSH-8,,,SLIP ON SNEAKER,,,EA,,,,,,,,2,0,,2,,20.75,20.75,41.50,41.50,0.00,,41.50,Y,N,Y,Y,,,,,,,,,,,,Shipped,N,,,,,
SO2026-000086,1,4,2026-02-09,2026-02-12,2026-02-28,2026-02-11,,,,,Squarespace,Squarespace,,60,USD,103.00,103.00,110.26,0.00,103.00,0,0.00,0,0.00,7.26,0.00,,,,,110.26,,0.00,,,,,,,,,,,,,,,Shipped,Paid,,,,,,,20006,10582,20006-2026-000086,,,,,,,,,Squarespace Shipping,Jamie Clark,Elin Marsh,Squarespace Digital,218 Camino Del Rio,Dock 18,Digital ship location,San Diego,CA,92108,San Diego,USA,ship-squarespace@example.com,(619) 555-2706,,,,,,,,,,,,,,,,,,,1,2026-02-09,ASTRID-01-NUDE-10,,,SLIP ON SNEAKER,,,EA,,,,,,,,4,0,,4,,20.75,20.75,83.00,83.00,0.00,,83.00,Y,N,Y,Y,,,,,,,,,,,,Shipped,N,,,,,
SO2026-000086,1,4,2026-02-09,2026-02-12,2026-02-28,2026-02-11,,,,,Squarespace,Squarespace,,60,USD,103.00,103.00,110.26,0.00,103.00,0,0.00,0,0.00,7.26,0.00,,,,,110.26,,0.00,,,,,,,,,,,,,,,Shipped,Paid,,,,,,,20006,10582,20006-2026-000086,,,,,,,,,Squarespace Shipping,Jamie Clark,Elin Marsh,Squarespace Digital,218 Camino Del Rio,Dock 18,Digital ship location,San Diego,CA,92108,San Diego,USA,ship-squarespace@example.com,(619) 555-2706,,,,,,,,,,,,,,,,,,,2,2026-02-09,AUSTIN-06-CAMEL-9,,,SNEAKER,,,EA,,,,,,,,2,0,,2,,10.00,10.00,20.00,20.00,0.00,,20.00,Y,N,Y,Y,,,,,,,,,,,,Shipped,N,,,,,
SO2026-000087,1,4,2026-01-27,2026-02-01,2026-02-28,2026-01-29,,,,,Etsy-VS,Etsy VS,,60,USD,419.00,419.00,429.47,0.00,419.00,0,0.00,0,0.00,10.47,0.00,,,,,429.47,,0.00,,,,,,,,,,,,,,,Shipped,Paid,,,,,,,10008,10572,10008-2026-000087,,,,,,,,,Etsy VS Shipping,Jamie Clark,Soren Vale,Etsy VS Marketplace,206 Pacific Hwy,Dock 6,Seasonal ship location,Los Angeles,CA,90004,Los Angeles,USA,ship-etsy-vs@example.com,(213) 555-1506,,,,,,,,,,,,,,,,,,,1,2026-01-27,CORA-01-CAME-A12,,,CROSS FRONT SANDAL,,,EA,,,,,,,,3,0,,3,,129.00,129.00,387.00,387.00,0.00,,387.00,Y,N,Y,Y,,,,,,,,,,,,Shipped,N,,,,,
SO2026-000087,1,4,2026-01-27,2026-02-01,2026-02-28,2026-01-29,,,,,Etsy-VS,Etsy VS,,60,USD,419.00,419.00,429.47,0.00,419.00,0,0.00,0,0.00,10.47,0.00,,,,,429.47,,0.00,,,,,,,,,,,,,,,Shipped,Paid,,,,,,,10008,10572,10008-2026-000087,,,,,,,,,Etsy VS Shipping,Jamie Clark,Soren Vale,Etsy VS Marketplace,206 Pacific Hwy,Dock 6,Seasonal ship location,Los Angeles,CA,90004,Los Angeles,USA,ship-etsy-vs@example.com,(213) 555-1506,,,,,,,,,,,,,,,,,,,2,2026-01-27,CAMILA-06-GREEN-11,,,COSS FRONT SLIP ON SLIDES,,,EA,,,,,,,,4,0,,4,,8.00,8.00,32.00,32.00,0.00,,32.00,Y,N,Y,Y,,,,,,,,,,,,Shipped,N,,,,,
SO2026-000088,1,4,2026-01-16,2026-01-20,2026-02-15,2026-01-18,,,,,Magento,Magento,,30,USD,165.75,165.75,178.38,0.00,165.75,0,0.00,0,0.00,12.63,0.00,,,,,178.38,,0.00,,,,,,,,,,,,,,,Shipped,Paid,,,,,,,20003,10581,20003-2026-000088,,,,,,,,,Magento Shipping,Morgan Lee,Cora Knox,Magento Platform,216 Century Blvd,Dock 16,Platform ship location,Los Angeles,CA,90008,Los Angeles,USA,ship-magento@example.com,(213) 555-2506,,,,,,,,,,,,,,,,,,,1,2026-01-16,AVIANA-06-WHITE-10,,,FUR SLIPPER,,,EA,,,,,,,,3,0,,3,,16.25,16.25,48.75,48.75,0.00,,48.75,Y,N,Y,Y,,,,,,,,,,,,Shipped,N,,,,,
SO2026-000088,1,4,2026-01-16,2026-01-20,2026-02-15,2026-01-18,,,,,Magento,Magento,,30,USD,165.75,165.75,178.38,0.00,165.75,0,0.00,0,0.00,12.63,0.00,,,,,178.38,,0.00,,,,,,,,,,,,,,,Shipped,Paid,,,,,,,20003,10581,20003-2026-000088,,,,,,,,,Magento Shipping,Morgan Lee,Cora Knox,Magento Platform,216 Century Blvd,Dock 16,Platform ship location,Los Angeles,CA,90008,Los Angeles,USA,ship-magento@example.com,(213) 555-2506,,,,,,,,,,,,,,,,,,,2,2026-01-16,FA13501DM-1608BLAU2-32-32,809666857900,,Maya Basic Dark Handsand Wash Midrise Skinny Jeans,,,EA,,,,,,,,1,0,,1,,34.00,34.00,34.00,34.00,0.00,,34.00,Y,N,Y,Y,,,,,,,,,,,,Shipped,N,,,,,
SO2026-000088,1,4,2026-01-16,2026-01-20,2026-02-15,2026-01-18,,,,,Magento,Magento,,30,USD,165.75,165.75,178.38,0.00,165.75,0,0.00,0,0.00,12.63,0.00,,,,,178.38,,0.00,,,,,,,,,,,,,,,Shipped,Paid,,,,,,,20003,10581,20003-2026-000088,,,,,,,,,Magento Shipping,Morgan Lee,Cora Knox,Magento Platform,216 Century Blvd,Dock 16,Platform ship location,Los Angeles,CA,90008,Los Angeles,USA,ship-magento@example.com,(213) 555-2506,,,,,,,,,,,,,,,,,,,3,2026-01-16,ASTRID-01-BLACK-8,,,SLIP ON SNEAKER,,,EA,,,,,,,,4,0,,4,,20.75,20.75,83.00,83.00,0.00,,83.00,Y,N,Y,Y,,,,,,,,,,,,Shipped,N,,,,,
SO2026-000089,1,4,2026-01-09,2026-01-14,2026-02-08,2026-01-10,,,,,eBay,eBay,,30,USD,196.00,196.00,211.47,0.00,196.00,0,0.00,0,0.00,15.47,0.00,,,,,211.47,,0.00,,,,,,,,,,,,,,,Shipped,Paid,,,,,,,10004,10570,10004-2026-000089,,,,,,,,,eBay Shipping,Morgan Lee,Quentin Hale,eBay Commerce,204 Fulfillment Ave,Dock 4,Standard ship location,San Jose,CA,95111,Santa Clara,USA,ship-ebay@example.com,(408) 555-1306,,,,,,,,,,,,,,,,,,,1,2026-01-09,FD9801506P-CHERRY,,,"Wear as a dress or a longline tunic over pants, this sleek asymmetrical dress features trendy statem",,,EA,,,,,,,,4,0,,4,,49.00,49.00,196.00,196.00,0.00,,196.00,Y,N,Y,Y,,,,,,,,,,,,Shipped,N,,,,,
SO2026-000090,1,4,2026-01-02,2026-01-07,2026-02-16,2026-01-02,,,,,Walmart-eComm,Walmart eComm,,45,USD,40.00,40.00,53.44,0.00,40.00,0,0.00,0,0.00,13.44,0.00,,,,,53.44,,0.00,,,,,,,,,,,,,,,Shipped,Paid,,,,,,,10002,10566,10002-2026-000090,,,,,,,,,Walmart eComm Shipping,Morgan Lee,Gavin Orr,Walmart eComm Retail,220 Townsend St,Dock 20,National ship location,San Francisco,CA,94109,San Francisco,USA,ship-walmart-ecomm@example.com,(415) 555-2906,,,,,,,,,,,,,,,,,,,1,2026-01-02,AUSTIN-06-NUDE-8,,,SNEAKER,,,EA,,,,,,,,3,0,,3,,10.00,10.00,30.00,30.00,0.00,,30.00,Y,N,Y,Y,,,,,,,,,,,,Shipped,N,,,,,
SO2026-000090,1,4,2026-01-02,2026-01-07,2026-02-16,2026-01-02,,,,,Walmart-eComm,Walmart eComm,,45,USD,40.00,40.00,53.44,0.00,40.00,0,0.00,0,0.00,13.44,0.00,,,,,53.44,,0.00,,,,,,,,,,,,,,,Shipped,Paid,,,,,,,10002,10566,10002-2026-000090,,,,,,,,,Walmart eComm Shipping,Morgan Lee,Gavin Orr,Walmart eComm Retail,220 Townsend St,Dock 20,National ship location,San Francisco,CA,94109,San Francisco,USA,ship-walmart-ecomm@example.com,(415) 555-2906,,,,,,,,,,,,,,,,,,,2,2026-01-02,AUSTIN-06-CAMEL-11,,,SNEAKER,,,EA,,,,,,,,1,0,,1,,10.00,10.00,10.00,10.00,0.00,,10.00,Y,N,Y,Y,,,,,,,,,,,,Shipped,N,,,,,
SO2026-000091,1,4,2026-01-03,2026-01-04,2026-02-17,2026-01-03,,,,,Etsy-LS,Etsy LS,,45,USD,98.00,98.00,115.95,0.00,98.00,0,0.00,0,0.00,17.95,0.00,,,,,115.95,,0.00,,,,,,,,,,,,,,,Shipped,Paid,,,,,,,10008,10571,10008-2026-000091,,,,,,,,,Etsy LS Shipping,Alex Reed,Rhea Moss,Etsy LS Marketplace,205 Mission St,Dock 5,Marketplace ship location,San Francisco,CA,94103,San Francisco,USA,ship-etsy-ls@example.com,(415) 555-1406,,,,,,,,,,,,,,,,,,,1,2026-01-03,FD9801506P-BLACK-3X-STD,809666395303,,Natalia Solid Button-Up Wrap Lantern Sleeve Dress,,,EA,,,,,,,,2,0,,2,,49.00,49.00,98.00,98.00,0.00,,98.00,Y,N,Y,Y,,,,,,,,,,,,Shipped,N,,,,,
SO2026-000092,1,4,2026-02-13,2026-02-16,2026-02-28,2026-02-15,,,,,Shopify,Shopify,,45,USD,68.00,68.00,76.37,0.00,68.00,0,0.00,0,0.00,8.37,0.00,,,,,76.37,,0.00,,,,,,,,,,,,,,,Shipped,Paid,,,,,,,20001,10580,20001-2026-000092,,,,,,,,,Shopify Shipping,Alex Reed,Dario Lowe,Shopify Commerce,217 Barranca Pkwy,Dock 17,Commerce ship location,Irvine,CA,92609,Orange,USA,ship-shopify@example.com,(949) 555-2606,,,,,,,,,,,,,,,,,,,1,2026-02-13,FA13501DM-RINSEWSFT-30-32,809666858488,,Maya Basic Dark Handsand Wash Midrise Skinny Jeans,,,EA,,,,,,,,2,0,,2,,34.00,34.00,68.00,68.00,0.00,,68.00,Y,N,Y,Y,,,,,,,,,,,,Shipped,N,,,,,
SO2026-000093,1,4,2026-02-07,2026-02-07,2026-02-28,2026-02-09,,,,,Veeqo-Amazon,Veeqo Amazon,,45,USD,157.50,157.50,170.88,0.00,157.50,0,0.00,0,0.00,13.38,0.00,,,,,170.88,,0.00,,,,,,,,,,,,,,,Shipped,Paid,,,,,,,10016,10579,10016-2026-000093,,,,,,,,,Veeqo Amazon Shipping,Jamie Clark,Owen Pike,Veeqo Amazon Retail,202 Distribution Way,Dock 2,Regional ship location,Irvine,CA,92603,Orange,USA,ship-veeqo-amazon@example.com,(949) 555-1106,,,,,,,,,,,,,,,,,,,1,2026-02-07,FA13501DM-1464KINGSC-28-32,809666852769,,Maya Basic Dark Handsand Wash Midrise Skinny Jeans,,,EA,,,,,,,,3,0,,3,,34.00,34.00,102.00,102.00,0.00,,102.00,Y,N,Y,Y,,,,,,,,,,,,Shipped,N,,,,,
SO2026-000093,1,4,2026-02-07,2026-02-07,2026-02-28,2026-02-09,,,,,Veeqo-Amazon,Veeqo Amazon,,45,USD,157.50,157.50,170.88,0.00,157.50,0,0.00,0,0.00,13.38,0.00,,,,,170.88,,0.00,,,,,,,,,,,,,,,Shipped,Paid,,,,,,,10016,10579,10016-2026-000093,,,,,,,,,Veeqo Amazon Shipping,Jamie Clark,Owen Pike,Veeqo Amazon Retail,202 Distribution Way,Dock 2,Regional ship location,Irvine,CA,92603,Orange,USA,ship-veeqo-amazon@example.com,(949) 555-1106,,,,,,,,,,,,,,,,,,,2,2026-02-07,ADELINE-03-BLACK-9,,,BUCKLE FRONT FLAT SANDALS,,,EA,,,,,,,,3,0,,3,,18.50,18.50,55.50,55.50,0.00,,55.50,Y,N,Y,Y,,,,,,,,,,,,Shipped,N,,,,,
SO2026-000094,1,4,2026-01-19,2026-01-19,2026-02-18,2026-01-20,,,,,JCPenney,JCPenney,,30,USD,66.25,66.25,70.30,0.00,66.25,0,0.00,0,0.00,4.05,0.00,,,,,70.30,,0.00,,,,,,,,,,,,,,,Shipped,Paid,,,,,,,30007,10575,30007-2026-000094,,,,,,,,,JCPenney Shipping,Alex Reed,Zane Holt,JCPenney Stores,213 Gateway Rd,Dock 13,Retail ship location,San Diego,CA,92106,San Diego,USA,ship-jcpenney@example.com,(619) 555-2206,,,,,,,,,,,,,,,,,,,1,2026-01-19,CORA-01-TAUP-5.5,,,CROSS FRONT SANDAL,,,EA,,,,,,,,1,0,,1,,10.75,10.75,10.75,10.75,0.00,,10.75,Y,N,Y,Y,,,,,,,,,,,,Shipped,N,,,,,
SO2026-000094,1,4,2026-01-19,2026-01-19,2026-02-18,2026-01-20,,,,,JCPenney,JCPenney,,30,USD,66.25,66.25,70.30,0.00,66.25,0,0.00,0,0.00,4.05,0.00,,,,,70.30,,0.00,,,,,,,,,,,,,,,Shipped,Paid,,,,,,,30007,10575,30007-2026-000094,,,,,,,,,JCPenney Shipping,Alex Reed,Zane Holt,JCPenney Stores,213 Gateway Rd,Dock 13,Retail ship location,San Diego,CA,92106,San Diego,USA,ship-jcpenney@example.com,(619) 555-2206,,,,,,,,,,,,,,,,,,,2,2026-01-19,ADELINE-03-BLACK-6.5,,,BUCKLE FRONT FLAT SANDALS,,,EA,,,,,,,,3,0,,3,,18.50,18.50,55.50,55.50,0.00,,55.50,Y,N,Y,Y,,,,,,,,,,,,Shipped,N,,,,,
SO2026-000095,1,4,2026-02-28,2026-02-28,2026-02-28,2026-02-28,,,,,AMZ-eCom,AMZ eCom,,30,USD,136.00,136.00,147.80,0.00,136.00,0,0.00,0,0.00,11.80,0.00,,,,,147.80,,0.00,,,,,,,,,,,,,,,Shipped,Paid,,,,,,,10001,10565,10001-2026-000095,,,,,,,,,AMZ eCom Shipping,Alex Reed,Nora Lane,AMZ eCom Retail,201 Harbor Ave,Dock 1,Main ship location,Los Angeles,CA,90002,Los Angeles,USA,ship-amz-ecom@example.com,(213) 555-1006,,,,,,,,,,,,,,,,,,,1,2026-02-28,FA13501DM-1608BLAU2-27-30,809666857702,,Maya Basic Dark Handsand Wash Midrise Skinny Jeans,,,EA,,,,,,,,4,0,,4,,34.00,34.00,136.00,136.00,0.00,,136.00,Y,N,Y,Y,,,,,,,,,,,,Shipped,N,,,,,
SO2026-000096,1,4,2026-02-23,2026-02-28,2026-02-28,2026-02-23,,,,,Etsy-LS,Etsy LS,,45,USD,258.00,258.00,261.65,0.00,258.00,0,0.00,0,0.00,3.65,0.00,,,,,261.65,,0.00,,,,,,,,,,,,,,,Shipped,Paid,,,,,,,10008,10571,10008-2026-000096,,,,,,,,,Etsy LS Shipping,Alex Reed,Rhea Moss,Etsy LS Marketplace,205 Mission St,Dock 5,Marketplace ship location,San Francisco,CA,94103,San Francisco,USA,ship-etsy-ls@example.com,(415) 555-1406,,,,,,,,,,,,,,,,,,,1,2026-02-23,FA13501DM-1608BLAU2-29-30,809666857726,,Maya Basic Dark Handsand Wash Midrise Skinny Jeans,,,EA,,,,,,,,3,0,,3,,34.00,34.00,102.00,102.00,0.00,,102.00,Y,N,Y,Y,,,,,,,,,,,,Shipped,N,,,,,
SO2026-000096,1,4,2026-02-23,2026-02-28,2026-02-28,2026-02-23,,,,,Etsy-LS,Etsy LS,,45,USD,258.00,258.00,261.65,0.00,258.00,0,0.00,0,0.00,3.65,0.00,,,,,261.65,,0.00,,,,,,,,,,,,,,,Shipped,Paid,,,,,,,10008,10571,10008-2026-000096,,,,,,,,,Etsy LS Shipping,Alex Reed,Rhea Moss,Etsy LS Marketplace,205 Mission St,Dock 5,Marketplace ship location,San Francisco,CA,94103,San Francisco,USA,ship-etsy-ls@example.com,(415) 555-1406,,,,,,,,,,,,,,,,,,,2,2026-02-23,FB3601737-3219UNFORGV-28-STD,809666434385,,Rainie Light Hand-Sanded Denim Stretch High-Waist Slit Hem Jeans,,,EA,,,,,,,,4,0,,4,,39.00,39.00,156.00,156.00,0.00,,156.00,Y,N,Y,Y,,,,,,,,,,,,Shipped,N,,,,,
SO2026-000097,1,4,2026-01-01,2026-01-01,2026-02-15,2026-01-02,,,,,Walmart-eComm,Walmart eComm,,45,USD,157.00,157.00,171.37,0.00,157.00,0,0.00,0,0.00,14.37,0.00,,,,,171.37,,0.00,,,,,,,,,,,,,,,Shipped,Paid,,,,,,,10002,10566,10002-2026-000097,,,,,,,,,Walmart eComm Shipping,Morgan Lee,Gavin Orr,Walmart eComm Retail,220 Townsend St,Dock 20,National ship location,San Francisco,CA,94109,San Francisco,USA,ship-walmart-ecomm@example.com,(415) 555-2906,,,,,,,,,,,,,,,,,,,1,2026-01-01,ASTRID-01-BLACK-9.5,,,SLIP ON SNEAKER,,,EA,,,,,,,,4,0,,4,,20.75,20.75,83.00,83.00,0.00,,83.00,Y,N,Y,Y,,,,,,,,,,,,Shipped,N,,,,,
SO2026-000097,1,4,2026-01-01,2026-01-01,2026-02-15,2026-01-02,,,,,Walmart-eComm,Walmart eComm,,45,USD,157.00,157.00,171.37,0.00,157.00,0,0.00,0,0.00,14.37,0.00,,,,,171.37,,0.00,,,,,,,,,,,,,,,Shipped,Paid,,,,,,,10002,10566,10002-2026-000097,,,,,,,,,Walmart eComm Shipping,Morgan Lee,Gavin Orr,Walmart eComm Retail,220 Townsend St,Dock 20,National ship location,San Francisco,CA,94109,San Francisco,USA,ship-walmart-ecomm@example.com,(415) 555-2906,,,,,,,,,,,,,,,,,,,2,2026-01-01,AVIANA-06-BEIGE-11,,,FUR SLIPPER,,,EA,,,,,,,,2,0,,2,,16.25,16.25,32.50,32.50,0.00,,32.50,Y,N,Y,Y,,,,,,,,,,,,Shipped,N,,,,,
SO2026-000097,1,4,2026-01-01,2026-01-01,2026-02-15,2026-01-02,,,,,Walmart-eComm,Walmart eComm,,45,USD,157.00,157.00,171.37,0.00,157.00,0,0.00,0,0.00,14.37,0.00,,,,,171.37,,0.00,,,,,,,,,,,,,,,Shipped,Paid,,,,,,,10002,10566,10002-2026-000097,,,,,,,,,Walmart eComm Shipping,Morgan Lee,Gavin Orr,Walmart eComm Retail,220 Townsend St,Dock 20,National ship location,San Francisco,CA,94109,San Francisco,USA,ship-walmart-ecomm@example.com,(415) 555-2906,,,,,,,,,,,,,,,,,,,3,2026-01-01,ASTRID-01-NUDE-9,,,SLIP ON SNEAKER,,,EA,,,,,,,,2,0,,2,,20.75,20.75,41.50,41.50,0.00,,41.50,Y,N,Y,Y,,,,,,,,,,,,Shipped,N,,,,,
SO2026-000098,1,4,2026-02-16,2026-02-20,2026-02-28,2026-02-16,,,,,Walmart-eComm,Walmart eComm,,45,USD,123.50,123.50,130.71,0.00,123.50,0,0.00,0,0.00,7.21,0.00,,,,,130.71,,0.00,,,,,,,,,,,,,,,Shipped,Paid,,,,,,,10002,10566,10002-2026-000098,,,,,,,,,Walmart eComm Shipping,Morgan Lee,Gavin Orr,Walmart eComm Retail,220 Townsend St,Dock 20,National ship location,San Francisco,CA,94109,San Francisco,USA,ship-walmart-ecomm@example.com,(415) 555-2906,,,,,,,,,,,,,,,,,,,1,2026-02-16,FA13512DM-1847DPOCN-28-32,809666865066,,Angie Stud Bling Pocket Low Rise Skinny Jeans,,,EA,,,,,,,,3,0,,3,,34.00,34.00,102.00,102.00,0.00,,102.00,Y,N,Y,Y,,,,,,,,,,,,Shipped,N,,,,,
SO2026-000098,1,4,2026-02-16,2026-02-20,2026-02-28,2026-02-16,,,,,Walmart-eComm,Walmart eComm,,45,USD,123.50,123.50,130.71,0.00,123.50,0,0.00,0,0.00,7.21,0.00,,,,,130.71,,0.00,,,,,,,,,,,,,,,Shipped,Paid,,,,,,,10002,10566,10002-2026-000098,,,,,,,,,Walmart eComm Shipping,Morgan Lee,Gavin Orr,Walmart eComm Retail,220 Townsend St,Dock 20,National ship location,San Francisco,CA,94109,San Francisco,USA,ship-walmart-ecomm@example.com,(415) 555-2906,,,,,,,,,,,,,,,,,,,2,2026-02-16,CORA-01-LEOP-11,,,CROSS FRONT SANDAL,,,EA,,,,,,,,2,0,,2,,10.75,10.75,21.50,21.50,0.00,,21.50,Y,N,Y,Y,,,,,,,,,,,,Shipped,N,,,,,
SO2026-000099,1,4,2026-02-25,2026-02-27,2026-02-28,2026-02-25,,,,,Macys,Macys,,60,USD,247.00,247.00,262.65,0.00,247.00,0,0.00,0,0.00,15.65,0.00,,,,,262.65,,0.00,,,,,,,,,,,,,,,Shipped,Paid,,,,,,,30005,10574,30005-2026-000099,,,,,,,,,Macys Shipping,Taylor Kim,Blake Jett,Macys Stores,215 King St,Dock 15,Department ship location,San Francisco,CA,94107,San Francisco,USA,ship-macys@example.com,(415) 555-2406,,,,,,,,,,,,,,,,,,,1,2026-02-25,CORA-01-YLW-9,,,CROSS FRONT SANDAL,,,EA,,,,,,,,4,0,,4,,10.75,10.75,43.00,43.00,0.00,,43.00,Y,N,Y,Y,,,,,,,,,,,,Shipped,N,,,,,
SO2026-000099,1,4,2026-02-25,2026-02-27,2026-02-28,2026-02-25,,,,,Macys,Macys,,60,USD,247.00,247.00,262.65,0.00,247.00,0,0.00,0,0.00,15.65,0.00,,,,,262.65,,0.00,,,,,,,,,,,,,,,Shipped,Paid,,,,,,,30005,10574,30005-2026-000099,,,,,,,,,Macys Shipping,Taylor Kim,Blake Jett,Macys Stores,215 King St,Dock 15,Department ship location,San Francisco,CA,94107,San Francisco,USA,ship-macys@example.com,(415) 555-2406,,,,,,,,,,,,,,,,,,,2,2026-02-25,FA13501DM-RINSEWSFT-31-30,809666858341,,Maya Basic Dark Handsand Wash Midrise Skinny Jeans,,,EA,,,,,,,,3,0,,3,,34.00,34.00,102.00,102.00,0.00,,102.00,Y,N,Y,Y,,,,,,,,,,,,Shipped,N,,,,,
SO2026-000099,1,4,2026-02-25,2026-02-27,2026-02-28,2026-02-25,,,,,Macys,Macys,,60,USD,247.00,247.00,262.65,0.00,247.00,0,0.00,0,0.00,15.65,0.00,,,,,262.65,,0.00,,,,,,,,,,,,,,,Shipped,Paid,,,,,,,30005,10574,30005-2026-000099,,,,,,,,,Macys Shipping,Taylor Kim,Blake Jett,Macys Stores,215 King St,Dock 15,Department ship location,San Francisco,CA,94107,San Francisco,USA,ship-macys@example.com,(415) 555-2406,,,,,,,,,,,,,,,,,,,3,2026-02-25,FA13501DM-RINSEWSFT-31-32,809666858495,,Maya Basic Dark Handsand Wash Midrise Skinny Jeans,,,EA,,,,,,,,3,0,,3,,34.00,34.00,102.00,102.00,0.00,,102.00,Y,N,Y,Y,,,,,,,,,,,,Shipped,N,,,,,
SO2026-000100,1,4,2026-01-12,2026-01-16,2026-02-11,2026-01-14,,,,,Magento,Magento,,30,USD,101.50,101.50,106.87,0.00,101.50,0,0.00,0,0.00,5.37,0.00,,,,,106.87,,0.00,,,,,,,,,,,,,,,Shipped,Paid,,,,,,,20003,10581,20003-2026-000100,,,,,,,,,Magento Shipping,Morgan Lee,Cora Knox,Magento Platform,216 Century Blvd,Dock 16,Platform ship location,Los Angeles,CA,90008,Los Angeles,USA,ship-magento@example.com,(213) 555-2506,,,,,,,,,,,,,,,,,,,1,2026-01-12,CAMILA-06-LILAC-7.5,,,COSS FRONT SLIP ON SLIDES,,,EA,,,,,,,,2,0,,2,,8.00,8.00,16.00,16.00,0.00,,16.00,Y,N,Y,Y,,,,,,,,,,,,Shipped,N,,,,,
SO2026-000100,1,4,2026-01-12,2026-01-16,2026-02-11,2026-01-14,,,,,Magento,Magento,,30,USD,101.50,101.50,106.87,0.00,101.50,0,0.00,0,0.00,5.37,0.00,,,,,106.87,,0.00,,,,,,,,,,,,,,,Shipped,Paid,,,,,,,20003,10581,20003-2026-000100,,,,,,,,,Magento Shipping,Morgan Lee,Cora Knox,Magento Platform,216 Century Blvd,Dock 16,Platform ship location,Los Angeles,CA,90008,Los Angeles,USA,ship-magento@example.com,(213) 555-2506,,,,,,,,,,,,,,,,,,,2,2026-01-12,ADELINE-03-BLACK-9.5,,,BUCKLE FRONT FLAT SANDALS,,,EA,,,,,,,,4,0,,4,,18.50,18.50,74.00,74.00,0.00,,74.00,Y,N,Y,Y,,,,,,,,,,,,Shipped,N,,,,,
SO2026-000100,1,4,2026-01-12,2026-01-16,2026-02-11,2026-01-14,,,,,Magento,Magento,,30,USD,101.50,101.50,106.87,0.00,101.50,0,0.00,0,0.00,5.37,0.00,,,,,106.87,,0.00,,,,,,,,,,,,,,,Shipped,Paid,,,,,,,20003,10581,20003-2026-000100,,,,,,,,,Magento Shipping,Morgan Lee,Cora Knox,Magento Platform,216 Century Blvd,Dock 16,Platform ship location,Los Angeles,CA,90008,Los Angeles,USA,ship-magento@example.com,(213) 555-2506,,,,,,,,,,,,,,,,,,,3,2026-01-12,ADELINE-02-WHITE-11,,,WOVEN SLIDE SANDAL,,,EA,,,,,,,,1,0,,1,,11.50,11.50,11.50,11.50,0.00,,11.50,Y,N,Y,Y,,,,,,,,,,,,Shipped,N,,,,,
SO2026-000101,1,4,2026-01-15,2026-01-18,2026-02-14,2026-01-15,,,,,JCPenney,JCPenney,,30,USD,119.50,119.50,135.60,0.00,119.50,0,0.00,0,0.00,16.10,0.00,,,,,135.60,,0.00,,,,,,,,,,,,,,,Shipped,Paid,,,,,,,30007,10575,30007-2026-000101,,,,,,,,,JCPenney Shipping,Alex Reed,Zane Holt,JCPenney Stores,213 Gateway Rd,Dock 13,Retail ship location,San Diego,CA,92106,San Diego,USA,ship-jcpenney@example.com,(619) 555-2206,,,,,,,,,,,,,,,,,,,1,2026-01-15,ADELINE-03-BROWN-7.5,,,BUCKLE FRONT FLAT SANDALS,,,EA,,,,,,,,3,0,,3,,18.50,18.50,55.50,55.50,0.00,,55.50,Y,N,Y,Y,,,,,,,,,,,,Shipped,N,,,,,
SO2026-000101,1,4,2026-01-15,2026-01-18,2026-02-14,2026-01-15,,,,,JCPenney,JCPenney,,30,USD,119.50,119.50,135.60,0.00,119.50,0,0.00,0,0.00,16.10,0.00,,,,,135.60,,0.00,,,,,,,,,,,,,,,Shipped,Paid,,,,,,,30007,10575,30007-2026-000101,,,,,,,,,JCPenney Shipping,Alex Reed,Zane Holt,JCPenney Stores,213 Gateway Rd,Dock 13,Retail ship location,San Diego,CA,92106,San Diego,USA,ship-jcpenney@example.com,(619) 555-2206,,,,,,,,,,,,,,,,,,,2,2026-01-15,FA13501DM-RINSEWSFT-27-30,809666858303,,Maya Basic Dark Handsand Wash Midrise Skinny Jeans,,,EA,,,,,,,,1,0,,1,,34.00,34.00,34.00,34.00,0.00,,34.00,Y,N,Y,Y,,,,,,,,,,,,Shipped,N,,,,,
SO2026-000101,1,4,2026-01-15,2026-01-18,2026-02-14,2026-01-15,,,,,JCPenney,JCPenney,,30,USD,119.50,119.50,135.60,0.00,119.50,0,0.00,0,0.00,16.10,0.00,,,,,135.60,,0.00,,,,,,,,,,,,,,,Shipped,Paid,,,,,,,30007,10575,30007-2026-000101,,,,,,,,,JCPenney Shipping,Alex Reed,Zane Holt,JCPenney Stores,213 Gateway Rd,Dock 13,Retail ship location,San Diego,CA,92106,San Diego,USA,ship-jcpenney@example.com,(619) 555-2206,,,,,,,,,,,,,,,,,,,3,2026-01-15,AUSTIN-06-NUDE-7.5,,,SNEAKER,,,EA,,,,,,,,3,0,,3,,10.00,10.00,30.00,30.00,0.00,,30.00,Y,N,Y,Y,,,,,,,,,,,,Shipped,N,,,,,
SO2026-000102,1,4,2026-02-06,2026-02-11,2026-02-28,2026-02-06,,,,,Mirakl-HudsonsB,Mirakl HudsonsB,,60,USD,131.25,131.25,135.17,0.00,131.25,0,0.00,0,0.00,3.92,0.00,,,,,135.17,,0.00,,,,,,,,,,,,,,,Shipped,Paid,,,,,,,10005,10577,10005-2026-000102,,,,,,,,,Mirakl HudsonsB Shipping,Morgan Lee,Yara Glenn,Mirakl HudsonsB Network,212 Quail Hill Pkwy,Dock 12,Network ship location,Irvine,CA,92607,Orange,USA,ship-mirakl-hudsonsb@example.com,(949) 555-2106,,,,,,,,,,,,,,,,,,,1,2026-02-06,F13031C-1742VNTGCO-29-STD,809666254914,,Cayden Vintage Beujolias Corduroy Skinny Jeans,,,EA,,,,,,,,1,0,,1,,34.00,34.00,34.00,34.00,0.00,,34.00,Y,N,Y,Y,,,,,,,,,,,,Shipped,N,,,,,
SO2026-000102,1,4,2026-02-06,2026-02-11,2026-02-28,2026-02-06,,,,,Mirakl-HudsonsB,Mirakl HudsonsB,,60,USD,131.25,131.25,135.17,0.00,131.25,0,0.00,0,0.00,3.92,0.00,,,,,135.17,,0.00,,,,,,,,,,,,,,,Shipped,Paid,,,,,,,10005,10577,10005-2026-000102,,,,,,,,,Mirakl HudsonsB Shipping,Morgan Lee,Yara Glenn,Mirakl HudsonsB Network,212 Quail Hill Pkwy,Dock 12,Network ship location,Irvine,CA,92607,Orange,USA,ship-mirakl-hudsonsb@example.com,(949) 555-2106,,,,,,,,,,,,,,,,,,,2,2026-02-06,CORA-01-CAME-9.5,,,CROSS FRONT SANDAL,,,EA,,,,,,,,3,0,,3,,10.75,10.75,32.25,32.25,0.00,,32.25,Y,N,Y,Y,,,,,,,,,,,,Shipped,N,,,,,
SO2026-000102,1,4,2026-02-06,2026-02-11,2026-02-28,2026-02-06,,,,,Mirakl-HudsonsB,Mirakl HudsonsB,,60,USD,131.25,131.25,135.17,0.00,131.25,0,0.00,0,0.00,3.92,0.00,,,,,135.17,,0.00,,,,,,,,,,,,,,,Shipped,Paid,,,,,,,10005,10577,10005-2026-000102,,,,,,,,,Mirakl HudsonsB Shipping,Morgan Lee,Yara Glenn,Mirakl HudsonsB Network,212 Quail Hill Pkwy,Dock 12,Network ship location,Irvine,CA,92607,Orange,USA,ship-mirakl-hudsonsb@example.com,(949) 555-2106,,,,,,,,,,,,,,,,,,,3,2026-02-06,AVIANA-06-BLACK-10,,,FUR SLIPPER,,,EA,,,,,,,,4,0,,4,,16.25,16.25,65.00,65.00,0.00,,65.00,Y,N,Y,Y,,,,,,,,,,,,Shipped,N,,,,,
SO2026-000103,1,4,2026-02-14,2026-02-19,2026-02-28,2026-02-16,,,,,Veeqo-Amazon,Veeqo Amazon,,45,USD,175.00,175.00,175.00,0.00,175.00,0,0.00,0,0.00,0.00,0.00,,,,,175.00,,0.00,,,,,,,,,,,,,,,Shipped,Paid,,,,,,,10016,10579,10016-2026-000103,,,,,,,,,Veeqo Amazon Shipping,Jamie Clark,Owen Pike,Veeqo Amazon Retail,202 Distribution Way,Dock 2,Regional ship location,Irvine,CA,92603,Orange,USA,ship-veeqo-amazon@example.com,(949) 555-1106,,,,,,,,,,,,,,,,,,,1,2026-02-14,CORA-01-YLW-A12,,,CROSS FRONT SANDAL,,,EA,,,,,,,,1,0,,1,,129.00,129.00,129.00,129.00,0.00,,129.00,Y,N,Y,Y,,,,,,,,,,,,Shipped,N,,,,,
SO2026-000103,1,4,2026-02-14,2026-02-19,2026-02-28,2026-02-16,,,,,Veeqo-Amazon,Veeqo Amazon,,45,USD,175.00,175.00,175.00,0.00,175.00,0,0.00,0,0.00,0.00,0.00,,,,,175.00,,0.00,,,,,,,,,,,,,,,Shipped,Paid,,,,,,,10016,10579,10016-2026-000103,,,,,,,,,Veeqo Amazon Shipping,Jamie Clark,Owen Pike,Veeqo Amazon Retail,202 Distribution Way,Dock 2,Regional ship location,Irvine,CA,92603,Orange,USA,ship-veeqo-amazon@example.com,(949) 555-1106,,,,,,,,,,,,,,,,,,,2,2026-02-14,ADELINE-02-CAMEL-10,,,WOVEN SLIDE SANDAL,,,EA,,,,,,,,1,0,,1,,11.50,11.50,11.50,11.50,0.00,,11.50,Y,N,Y,Y,,,,,,,,,,,,Shipped,N,,,,,
SO2026-000103,1,4,2026-02-14,2026-02-19,2026-02-28,2026-02-16,,,,,Veeqo-Amazon,Veeqo Amazon,,45,USD,175.00,175.00,175.00,0.00,175.00,0,0.00,0,0.00,0.00,0.00,,,,,175.00,,0.00,,,,,,,,,,,,,,,Shipped,Paid,,,,,,,10016,10579,10016-2026-000103,,,,,,,,,Veeqo Amazon Shipping,Jamie Clark,Owen Pike,Veeqo Amazon Retail,202 Distribution Way,Dock 2,Regional ship location,Irvine,CA,92603,Orange,USA,ship-veeqo-amazon@example.com,(949) 555-1106,,,,,,,,,,,,,,,,,,,3,2026-02-14,ADELINE-02-PINK-8.5,,,WOVEN SLIDE SANDAL,,,EA,,,,,,,,3,0,,3,,11.50,11.50,34.50,34.50,0.00,,34.50,Y,N,Y,Y,,,,,,,,,,,,Shipped,N,,,,,
SO2026-000104,1,4,2026-02-15,2026-02-16,2026-02-28,2026-02-17,,,,,Walmart-eComm,Walmart eComm,,45,USD,102.00,102.00,112.91,0.00,102.00,0,0.00,0,0.00,10.91,0.00,,,,,112.91,,0.00,,,,,,,,,,,,,,,Shipped,Paid,,,,,,,10002,10566,10002-2026-000104,,,,,,,,,Walmart eComm Shipping,Morgan Lee,Gavin Orr,Walmart eComm Retail,220 Townsend St,Dock 20,National ship location,San Francisco,CA,94109,San Francisco,USA,ship-walmart-ecomm@example.com,(415) 555-2906,,,,,,,,,,,,,,,,,,,1,2026-02-15,AVIANA-06-PINK-5,,,FUR SLIPPER,,,EA,,,,,,,,4,0,,4,,16.25,16.25,65.00,65.00,0.00,,65.00,Y,N,Y,Y,,,,,,,,,,,,Shipped,N,,,,,
SO2026-000104,1,4,2026-02-15,2026-02-16,2026-02-28,2026-02-17,,,,,Walmart-eComm,Walmart eComm,,45,USD,102.00,102.00,112.91,0.00,102.00,0,0.00,0,0.00,10.91,0.00,,,,,112.91,,0.00,,,,,,,,,,,,,,,Shipped,Paid,,,,,,,10002,10566,10002-2026-000104,,,,,,,,,Walmart eComm Shipping,Morgan Lee,Gavin Orr,Walmart eComm Retail,220 Townsend St,Dock 20,National ship location,San Francisco,CA,94109,San Francisco,USA,ship-walmart-ecomm@example.com,(415) 555-2906,,,,,,,,,,,,,,,,,,,2,2026-02-15,ADELINE-03-BROWN-6.5,,,BUCKLE FRONT FLAT SANDALS,,,EA,,,,,,,,2,0,,2,,18.50,18.50,37.00,37.00,0.00,,37.00,Y,N,Y,Y,,,,,,,,,,,,Shipped,N,,,,,
SO2026-000105,1,4,2026-01-05,2026-01-07,2026-02-28,2026-01-06,,,,,Mirakl-HudsonsB,Mirakl HudsonsB,,60,USD,373.00,373.00,384.84,0.00,373.00,0,0.00,0,0.00,11.84,0.00,,,,,384.84,,0.00,,,,,,,,,,,,,,,Shipped,Paid,,,,,,,10005,10577,10005-2026-000105,,,,,,,,,Mirakl HudsonsB Shipping,Morgan Lee,Yara Glenn,Mirakl HudsonsB Network,212 Quail Hill Pkwy,Dock 12,Network ship location,Irvine,CA,92607,Orange,USA,ship-mirakl-hudsonsb@example.com,(949) 555-2106,,,,,,,,,,,,,,,,,,,1,2026-01-05,CAMILA-06-TAUPE-5,,,COSS FRONT SLIP ON SLIDES,,,EA,,,,,,,,4,0,,4,,8.00,8.00,32.00,32.00,0.00,,32.00,Y,N,Y,Y,,,,,,,,,,,,Shipped,N,,,,,
SO2026-000105,1,4,2026-01-05,2026-01-07,2026-02-28,2026-01-06,,,,,Mirakl-HudsonsB,Mirakl HudsonsB,,60,USD,373.00,373.00,384.84,0.00,373.00,0,0.00,0,0.00,11.84,0.00,,,,,384.84,,0.00,,,,,,,,,,,,,,,Shipped,Paid,,,,,,,10005,10577,10005-2026-000105,,,,,,,,,Mirakl HudsonsB Shipping,Morgan Lee,Yara Glenn,Mirakl HudsonsB Network,212 Quail Hill Pkwy,Dock 12,Network ship location,Irvine,CA,92607,Orange,USA,ship-mirakl-hudsonsb@example.com,(949) 555-2106,,,,,,,,,,,,,,,,,,,2,2026-01-05,CORA-01-BLK-S,,,CROSS FRONT SANDAL,,,EA,,,,,,,,2,0,,2,,129.00,129.00,258.00,258.00,0.00,,258.00,Y,N,Y,Y,,,,,,,,,,,,Shipped,N,,,,,
SO2026-000105,1,4,2026-01-05,2026-01-07,2026-02-28,2026-01-06,,,,,Mirakl-HudsonsB,Mirakl HudsonsB,,60,USD,373.00,373.00,384.84,0.00,373.00,0,0.00,0,0.00,11.84,0.00,,,,,384.84,,0.00,,,,,,,,,,,,,,,Shipped,Paid,,,,,,,10005,10577,10005-2026-000105,,,,,,,,,Mirakl HudsonsB Shipping,Morgan Lee,Yara Glenn,Mirakl HudsonsB Network,212 Quail Hill Pkwy,Dock 12,Network ship location,Irvine,CA,92607,Orange,USA,ship-mirakl-hudsonsb@example.com,(949) 555-2106,,,,,,,,,,,,,,,,,,,3,2026-01-05,ASTRID-01-BLACK-5.5,,,SLIP ON SNEAKER,,,EA,,,,,,,,4,0,,4,,20.75,20.75,83.00,83.00,0.00,,83.00,Y,N,Y,Y,,,,,,,,,,,,Shipped,N,,,,,
SO2026-000106,1,4,2026-01-24,2026-01-28,2026-02-23,2026-01-25,,,,,eBay,eBay,,30,USD,48.75,48.75,52.57,0.00,48.75,0,0.00,0,0.00,3.82,0.00,,,,,52.57,,0.00,,,,,,,,,,,,,,,Shipped,Paid,,,,,,,10004,10570,10004-2026-000106,,,,,,,,,eBay Shipping,Morgan Lee,Quentin Hale,eBay Commerce,204 Fulfillment Ave,Dock 4,Standard ship location,San Jose,CA,95111,Santa Clara,USA,ship-ebay@example.com,(408) 555-1306,,,,,,,,,,,,,,,,,,,1,2026-01-24,AVIANA-06-BEIGE-5.5,,,FUR SLIPPER,,,EA,,,,,,,,3,0,,3,,16.25,16.25,48.75,48.75,0.00,,48.75,Y,N,Y,Y,,,,,,,,,,,,Shipped,N,,,,,
SO2026-000107,1,4,2026-02-25,2026-02-26,2026-02-28,2026-02-27,,,,,Magento,Magento,,30,USD,151.50,151.50,162.78,0.00,151.50,0,0.00,0,0.00,11.28,0.00,,,,,162.78,,0.00,,,,,,,,,,,,,,,Shipped,Paid,,,,,,,20003,10581,20003-2026-000107,,,,,,,,,Magento Shipping,Morgan Lee,Cora Knox,Magento Platform,216 Century Blvd,Dock 16,Platform ship location,Los Angeles,CA,90008,Los Angeles,USA,ship-magento@example.com,(213) 555-2506,,,,,,,,,,,,,,,,,,,1,2026-02-25,CAMILA-06-GREEN-S,,,COSS FRONT SLIP ON SLIDES,,,EA,,,,,,,,1,0,,1,,96.00,96.00,96.00,96.00,0.00,,96.00,Y,N,Y,Y,,,,,,,,,,,,Shipped,N,,,,,
SO2026-000107,1,4,2026-02-25,2026-02-26,2026-02-28,2026-02-27,,,,,Magento,Magento,,30,USD,151.50,151.50,162.78,0.00,151.50,0,0.00,0,0.00,11.28,0.00,,,,,162.78,,0.00,,,,,,,,,,,,,,,Shipped,Paid,,,,,,,20003,10581,20003-2026-000107,,,,,,,,,Magento Shipping,Morgan Lee,Cora Knox,Magento Platform,216 Century Blvd,Dock 16,Platform ship location,Los Angeles,CA,90008,Los Angeles,USA,ship-magento@example.com,(213) 555-2506,,,,,,,,,,,,,,,,,,,2,2026-02-25,ADELINE-03-BLUE-12,,,BUCKLE FRONT FLAT SANDALS,,,EA,,,,,,,,3,0,,3,,18.50,18.50,55.50,55.50,0.00,,55.50,Y,N,Y,Y,,,,,,,,,,,,Shipped,N,,,,,
SO2026-000108,1,4,2026-02-01,2026-02-03,2026-02-28,2026-02-03,,,,,Magento,Magento,,30,USD,270.75,270.75,275.44,0.00,270.75,0,0.00,0,0.00,4.69,0.00,,,,,275.44,,0.00,,,,,,,,,,,,,,,Shipped,Paid,,,,,,,20003,10581,20003-2026-000108,,,,,,,,,Magento Shipping,Morgan Lee,Cora Knox,Magento Platform,216 Century Blvd,Dock 16,Platform ship location,Los Angeles,CA,90008,Los Angeles,USA,ship-magento@example.com,(213) 555-2506,,,,,,,,,,,,,,,,,,,1,2026-02-01,FA13501DM-1464KINGSC-28-30,809666852462,,Maya Basic Dark Handsand Wash Midrise Skinny Jeans,,,EA,,,,,,,,3,0,,3,,34.00,34.00,102.00,102.00,0.00,,102.00,Y,N,Y,Y,,,,,,,,,,,,Shipped,N,,,,,
SO2026-000108,1,4,2026-02-01,2026-02-03,2026-02-28,2026-02-03,,,,,Magento,Magento,,30,USD,270.75,270.75,275.44,0.00,270.75,0,0.00,0,0.00,4.69,0.00,,,,,275.44,,0.00,,,,,,,,,,,,,,,Shipped,Paid,,,,,,,20003,10581,20003-2026-000108,,,,,,,,,Magento Shipping,Morgan Lee,Cora Knox,Magento Platform,216 Century Blvd,Dock 16,Platform ship location,Los Angeles,CA,90008,Los Angeles,USA,ship-magento@example.com,(213) 555-2506,,,,,,,,,,,,,,,,,,,2,2026-02-01,AVIANA-06-BEIGE-10,,,FUR SLIPPER,,,EA,,,,,,,,3,0,,3,,16.25,16.25,48.75,48.75,0.00,,48.75,Y,N,Y,Y,,,,,,,,,,,,Shipped,N,,,,,
SO2026-000108,1,4,2026-02-01,2026-02-03,2026-02-28,2026-02-03,,,,,Magento,Magento,,30,USD,270.75,270.75,275.44,0.00,270.75,0,0.00,0,0.00,4.69,0.00,,,,,275.44,,0.00,,,,,,,,,,,,,,,Shipped,Paid,,,,,,,20003,10581,20003-2026-000108,,,,,,,,,Magento Shipping,Morgan Lee,Cora Knox,Magento Platform,216 Century Blvd,Dock 16,Platform ship location,Los Angeles,CA,90008,Los Angeles,USA,ship-magento@example.com,(213) 555-2506,,,,,,,,,,,,,,,,,,,3,2026-02-01,AUSTIN-06-CAMEL-B12,,,SNEAKER,,,EA,,,,,,,,1,0,,1,,120.00,120.00,120.00,120.00,0.00,,120.00,Y,N,Y,Y,,,,,,,,,,,,Shipped,N,,,,,
SO2026-000109,1,4,2026-01-09,2026-01-10,2026-02-28,2026-01-11,,,,,Mirakl-HudsonsB,Mirakl HudsonsB,,60,USD,211.50,211.50,218.96,0.00,211.50,0,0.00,0,0.00,7.46,0.00,,,,,218.96,,0.00,,,,,,,,,,,,,,,Shipped,Paid,,,,,,,10005,10577,10005-2026-000109,,,,,,,,,Mirakl HudsonsB Shipping,Morgan Lee,Yara Glenn,Mirakl HudsonsB Network,212 Quail Hill Pkwy,Dock 12,Network ship location,Irvine,CA,92607,Orange,USA,ship-mirakl-hudsonsb@example.com,(949) 555-2106,,,,,,,,,,,,,,,,,,,1,2026-01-09,AUSTIN-06-CAMEL-5.5,,,SNEAKER,,,EA,,,,,,,,2,0,,2,,10.00,10.00,20.00,20.00,0.00,,20.00,Y,N,Y,Y,,,,,,,,,,,,Shipped,N,,,,,
SO2026-000109,1,4,2026-01-09,2026-01-10,2026-02-28,2026-01-11,,,,,Mirakl-HudsonsB,Mirakl HudsonsB,,60,USD,211.50,211.50,218.96,0.00,211.50,0,0.00,0,0.00,7.46,0.00,,,,,218.96,,0.00,,,,,,,,,,,,,,,Shipped,Paid,,,,,,,10005,10577,10005-2026-000109,,,,,,,,,Mirakl HudsonsB Shipping,Morgan Lee,Yara Glenn,Mirakl HudsonsB Network,212 Quail Hill Pkwy,Dock 12,Network ship location,Irvine,CA,92607,Orange,USA,ship-mirakl-hudsonsb@example.com,(949) 555-2106,,,,,,,,,,,,,,,,,,,2,2026-01-09,ADELINE-03-GOLD-5,,,BUCKLE FRONT FLAT SANDALS,,,EA,,,,,,,,3,0,,3,,18.50,18.50,55.50,55.50,0.00,,55.50,Y,N,Y,Y,,,,,,,,,,,,Shipped,N,,,,,
SO2026-000109,1,4,2026-01-09,2026-01-10,2026-02-28,2026-01-11,,,,,Mirakl-HudsonsB,Mirakl HudsonsB,,60,USD,211.50,211.50,218.96,0.00,211.50,0,0.00,0,0.00,7.46,0.00,,,,,218.96,,0.00,,,,,,,,,,,,,,,Shipped,Paid,,,,,,,10005,10577,10005-2026-000109,,,,,,,,,Mirakl HudsonsB Shipping,Morgan Lee,Yara Glenn,Mirakl HudsonsB Network,212 Quail Hill Pkwy,Dock 12,Network ship location,Irvine,CA,92607,Orange,USA,ship-mirakl-hudsonsb@example.com,(949) 555-2106,,,,,,,,,,,,,,,,,,,3,2026-01-09,FA13512DM-1847DPOCN-28-30,809666864915,,Angie Stud Bling Pocket Low Rise Skinny Jeans,,,EA,,,,,,,,4,0,,4,,34.00,34.00,136.00,136.00,0.00,,136.00,Y,N,Y,Y,,,,,,,,,,,,Shipped,N,,,,,
SO2026-000110,1,4,2026-02-06,2026-02-10,2026-02-28,2026-02-08,,,,,Mirakl-HudsonsB,Mirakl HudsonsB,,60,USD,212.00,212.00,216.58,0.00,212.00,0,0.00,0,0.00,4.58,0.00,,,,,216.58,,0.00,,,,,,,,,,,,,,,Shipped,Paid,,,,,,,10005,10577,10005-2026-000110,,,,,,,,,Mirakl HudsonsB Shipping,Morgan Lee,Yara Glenn,Mirakl HudsonsB Network,212 Quail Hill Pkwy,Dock 12,Network ship location,Irvine,CA,92607,Orange,USA,ship-mirakl-hudsonsb@example.com,(949) 555-2106,,,,,,,,,,,,,,,,,,,1,2026-02-06,ADELINE-02-PINK-A12,,,WOVEN SLIDE SANDAL,,,EA,,,,,,,,1,0,,1,,138.00,138.00,138.00,138.00,0.00,,138.00,Y,N,Y,Y,,,,,,,,,,,,Shipped,N,,,,,
SO2026-000110,1,4,2026-02-06,2026-02-10,2026-02-28,2026-02-08,,,,,Mirakl-HudsonsB,Mirakl HudsonsB,,60,USD,212.00,212.00,216.58,0.00,212.00,0,0.00,0,0.00,4.58,0.00,,,,,216.58,,0.00,,,,,,,,,,,,,,,Shipped,Paid,,,,,,,10005,10577,10005-2026-000110,,,,,,,,,Mirakl HudsonsB Shipping,Morgan Lee,Yara Glenn,Mirakl HudsonsB Network,212 Quail Hill Pkwy,Dock 12,Network ship location,Irvine,CA,92607,Orange,USA,ship-mirakl-hudsonsb@example.com,(949) 555-2106,,,,,,,,,,,,,,,,,,,2,2026-02-06,ADELINE-03-BROWN-9.5,,,BUCKLE FRONT FLAT SANDALS,,,EA,,,,,,,,4,0,,4,,18.50,18.50,74.00,74.00,0.00,,74.00,Y,N,Y,Y,,,,,,,,,,,,Shipped,N,,,,,
SO2026-000111,1,4,2026-01-16,2026-01-16,2026-02-28,2026-01-16,,,,,Macys,Macys,,60,USD,55.50,55.50,65.46,0.00,55.50,0,0.00,0,0.00,9.96,0.00,,,,,65.46,,0.00,,,,,,,,,,,,,,,Shipped,Paid,,,,,,,30005,10574,30005-2026-000111,,,,,,,,,Macys Shipping,Taylor Kim,Blake Jett,Macys Stores,215 King St,Dock 15,Department ship location,San Francisco,CA,94107,San Francisco,USA,ship-macys@example.com,(415) 555-2406,,,,,,,,,,,,,,,,,,,1,2026-01-16,ADELINE-03-BLACK-8,,,BUCKLE FRONT FLAT SANDALS,,,EA,,,,,,,,3,0,,3,,18.50,18.50,55.50,55.50,0.00,,55.50,Y,N,Y,Y,,,,,,,,,,,,Shipped,N,,,,,
SO2026-000112,1,4,2026-01-20,2026-01-23,2026-02-28,2026-01-21,,,,,Etsy-VS,Etsy VS,,60,USD,210.00,210.00,217.89,0.00,210.00,0,0.00,0,0.00,7.89,0.00,,,,,217.89,,0.00,,,,,,,,,,,,,,,Shipped,Paid,,,,,,,10008,10572,10008-2026-000112,,,,,,,,,Etsy VS Shipping,Jamie Clark,Soren Vale,Etsy VS Marketplace,206 Pacific Hwy,Dock 6,Seasonal ship location,Los Angeles,CA,90004,Los Angeles,USA,ship-etsy-vs@example.com,(213) 555-1506,,,,,,,,,,,,,,,,,,,1,2026-01-20,CAMILA-06-GREEN-12,,,COSS FRONT SLIP ON SLIDES,,,EA,,,,,,,,2,0,,2,,8.00,8.00,16.00,16.00,0.00,,16.00,Y,N,Y,Y,,,,,,,,,,,,Shipped,N,,,,,
SO2026-000112,1,4,2026-01-20,2026-01-23,2026-02-28,2026-01-21,,,,,Etsy-VS,Etsy VS,,60,USD,210.00,210.00,217.89,0.00,210.00,0,0.00,0,0.00,7.89,0.00,,,,,217.89,,0.00,,,,,,,,,,,,,,,Shipped,Paid,,,,,,,10008,10572,10008-2026-000112,,,,,,,,,Etsy VS Shipping,Jamie Clark,Soren Vale,Etsy VS Marketplace,206 Pacific Hwy,Dock 6,Seasonal ship location,Los Angeles,CA,90004,Los Angeles,USA,ship-etsy-vs@example.com,(213) 555-1506,,,,,,,,,,,,,,,,,,,2,2026-01-20,FA16023WV-SMOKELEOPARD,,,GGT wrap kimono maxi dress,,,EA,,,,,,,,3,0,,3,,40.00,40.00,120.00,120.00,0.00,,120.00,Y,N,Y,Y,,,,,,,,,,,,Shipped,N,,,,,
SO2026-000112,1,4,2026-01-20,2026-01-23,2026-02-28,2026-01-21,,,,,Etsy-VS,Etsy VS,,60,USD,210.00,210.00,217.89,0.00,210.00,0,0.00,0,0.00,7.89,0.00,,,,,217.89,,0.00,,,,,,,,,,,,,,,Shipped,Paid,,,,,,,10008,10572,10008-2026-000112,,,,,,,,,Etsy VS Shipping,Jamie Clark,Soren Vale,Etsy VS Marketplace,206 Pacific Hwy,Dock 6,Seasonal ship location,Los Angeles,CA,90004,Los Angeles,USA,ship-etsy-vs@example.com,(213) 555-1506,,,,,,,,,,,,,,,,,,,3,2026-01-20,ADELINE-03-BLACK-5,,,BUCKLE FRONT FLAT SANDALS,,,EA,,,,,,,,4,0,,4,,18.50,18.50,74.00,74.00,0.00,,74.00,Y,N,Y,Y,,,,,,,,,,,,Shipped,N,,,,,
SO2026-000113,1,4,2026-02-12,2026-02-15,2026-02-28,2026-02-13,,,,,Squarespace,Squarespace,,60,USD,124.00,124.00,128.86,0.00,124.00,0,0.00,0,0.00,4.86,0.00,,,,,128.86,,0.00,,,,,,,,,,,,,,,Shipped,Paid,,,,,,,20006,10582,20006-2026-000113,,,,,,,,,Squarespace Shipping,Jamie Clark,Elin Marsh,Squarespace Digital,218 Camino Del Rio,Dock 18,Digital ship location,San Diego,CA,92108,San Diego,USA,ship-squarespace@example.com,(619) 555-2706,,,,,,,,,,,,,,,,,,,1,2026-02-12,ADELINE-03-BROWN-7,,,BUCKLE FRONT FLAT SANDALS,,,EA,,,,,,,,2,0,,2,,18.50,18.50,37.00,37.00,0.00,,37.00,Y,N,Y,Y,,,,,,,,,,,,Shipped,N,,,,,
SO2026-000113,1,4,2026-02-12,2026-02-15,2026-02-28,2026-02-13,,,,,Squarespace,Squarespace,,60,USD,124.00,124.00,128.86,0.00,124.00,0,0.00,0,0.00,4.86,0.00,,,,,128.86,,0.00,,,,,,,,,,,,,,,Shipped,Paid,,,,,,,20006,10582,20006-2026-000113,,,,,,,,,Squarespace Shipping,Jamie Clark,Elin Marsh,Squarespace Digital,218 Camino Del Rio,Dock 18,Digital ship location,San Diego,CA,92108,San Diego,USA,ship-squarespace@example.com,(619) 555-2706,,,,,,,,,,,,,,,,,,,2,2026-02-12,F13T007SS-CABERNET-S-STD,809666393118,,S&P V-neck Sleeveless Peplum Blouse Front Hook-and-eye Closu,,,EA,,,,,,,,3,0,,3,,29.00,29.00,87.00,87.00,0.00,,87.00,Y,N,Y,Y,,,,,,,,,,,,Shipped,N,,,,,
SO2026-000114,1,4,2026-01-31,2026-02-05,2026-02-28,2026-02-01,,,,,Mirakl-HudsonsB,Mirakl HudsonsB,,60,USD,408.00,408.00,410.55,0.00,408.00,0,0.00,0,0.00,2.55,0.00,,,,,410.55,,0.00,,,,,,,,,,,,,,,Shipped,Paid,,,,,,,10005,10577,10005-2026-000114,,,,,,,,,Mirakl HudsonsB Shipping,Morgan Lee,Yara Glenn,Mirakl HudsonsB Network,212 Quail Hill Pkwy,Dock 12,Network ship location,Irvine,CA,92607,Orange,USA,ship-mirakl-hudsonsb@example.com,(949) 555-2106,,,,,,,,,,,,,,,,,,,1,2026-01-31,173451-1183CITIZEN-17-STD,809666377941,,Susan Stretch Denim Skinny Jeans Medium Blue 5 Pocket Wash,,,EA,,,,,,,,1,0,,1,,24.00,24.00,24.00,24.00,0.00,,24.00,Y,N,Y,Y,,,,,,,,,,,,Shipped,N,,,,,
SO2026-000114,1,4,2026-01-31,2026-02-05,2026-02-28,2026-02-01,,,,,Mirakl-HudsonsB,Mirakl HudsonsB,,60,USD,408.00,408.00,410.55,0.00,408.00,0,0.00,0,0.00,2.55,0.00,,,,,410.55,,0.00,,,,,,,,,,,,,,,Shipped,Paid,,,,,,,10005,10577,10005-2026-000114,,,,,,,,,Mirakl HudsonsB Shipping,Morgan Lee,Yara Glenn,Mirakl HudsonsB Network,212 Quail Hill Pkwy,Dock 12,Network ship location,Irvine,CA,92607,Orange,USA,ship-mirakl-hudsonsb@example.com,(949) 555-2106,,,,,,,,,,,,,,,,,,,2,2026-01-31,CAMILA-06-GREEN-B12,,,COSS FRONT SLIP ON SLIDES,,,EA,,,,,,,,4,0,,4,,96.00,96.00,384.00,384.00,0.00,,384.00,Y,N,Y,Y,,,,,,,,,,,,Shipped,N,,,,,
SO2026-000115,1,4,2026-02-04,2026-02-06,2026-02-28,2026-02-06,,,,,eBay,eBay,,30,USD,65.25,65.25,80.08,0.00,65.25,0,0.00,0,0.00,14.83,0.00,,,,,80.08,,0.00,,,,,,,,,,,,,,,Shipped,Paid,,,,,,,10004,10570,10004-2026-000115,,,,,,,,,eBay Shipping,Morgan Lee,Quentin Hale,eBay Commerce,204 Fulfillment Ave,Dock 4,Standard ship location,San Jose,CA,95111,Santa Clara,USA,ship-ebay@example.com,(408) 555-1306,,,,,,,,,,,,,,,,,,,1,2026-02-04,ADELINE-02-CAMEL-11,,,WOVEN SLIDE SANDAL,,,EA,,,,,,,,1,0,,1,,11.50,11.50,11.50,11.50,0.00,,11.50,Y,N,Y,Y,,,,,,,,,,,,Shipped,N,,,,,
SO2026-000115,1,4,2026-02-04,2026-02-06,2026-02-28,2026-02-06,,,,,eBay,eBay,,30,USD,65.25,65.25,80.08,0.00,65.25,0,0.00,0,0.00,14.83,0.00,,,,,80.08,,0.00,,,,,,,,,,,,,,,Shipped,Paid,,,,,,,10004,10570,10004-2026-000115,,,,,,,,,eBay Shipping,Morgan Lee,Quentin Hale,eBay Commerce,204 Fulfillment Ave,Dock 4,Standard ship location,San Jose,CA,95111,Santa Clara,USA,ship-ebay@example.com,(408) 555-1306,,,,,,,,,,,,,,,,,,,2,2026-02-04,CORA-01-LEOP-10,,,CROSS FRONT SANDAL,,,EA,,,,,,,,3,0,,3,,10.75,10.75,32.25,32.25,0.00,,32.25,Y,N,Y,Y,,,,,,,,,,,,Shipped,N,,,,,
SO2026-000115,1,4,2026-02-04,2026-02-06,2026-02-28,2026-02-06,,,,,eBay,eBay,,30,USD,65.25,65.25,80.08,0.00,65.25,0,0.00,0,0.00,14.83,0.00,,,,,80.08,,0.00,,,,,,,,,,,,,,,Shipped,Paid,,,,,,,10004,10570,10004-2026-000115,,,,,,,,,eBay Shipping,Morgan Lee,Quentin Hale,eBay Commerce,204 Fulfillment Ave,Dock 4,Standard ship location,San Jose,CA,95111,Santa Clara,USA,ship-ebay@example.com,(408) 555-1306,,,,,,,,,,,,,,,,,,,3,2026-02-04,CORA-01-BLK-7,,,CROSS FRONT SANDAL,,,EA,,,,,,,,2,0,,2,,10.75,10.75,21.50,21.50,0.00,,21.50,Y,N,Y,Y,,,,,,,,,,,,Shipped,N,,,,,
SO2026-000116,1,4,2026-02-10,2026-02-15,2026-02-28,2026-02-12,,,,,Magento,Magento,,30,USD,246.50,246.50,257.03,0.00,246.50,0,0.00,0,0.00,10.53,0.00,,,,,257.03,,0.00,,,,,,,,,,,,,,,Shipped,Paid,,,,,,,20003,10581,20003-2026-000116,,,,,,,,,Magento Shipping,Morgan Lee,Cora Knox,Magento Platform,216 Century Blvd,Dock 16,Platform ship location,Los Angeles,CA,90008,Los Angeles,USA,ship-magento@example.com,(213) 555-2506,,,,,,,,,,,,,,,,,,,1,2026-02-10,CAMILA-06-TAUPE-6.5,,,COSS FRONT SLIP ON SLIDES,,,EA,,,,,,,,2,0,,2,,8.00,8.00,16.00,16.00,0.00,,16.00,Y,N,Y,Y,,,,,,,,,,,,Shipped,N,,,,,
SO2026-000116,1,4,2026-02-10,2026-02-15,2026-02-28,2026-02-12,,,,,Magento,Magento,,30,USD,246.50,246.50,257.03,0.00,246.50,0,0.00,0,0.00,10.53,0.00,,,,,257.03,,0.00,,,,,,,,,,,,,,,Shipped,Paid,,,,,,,20003,10581,20003-2026-000116,,,,,,,,,Magento Shipping,Morgan Lee,Cora Knox,Magento Platform,216 Century Blvd,Dock 16,Platform ship location,Los Angeles,CA,90008,Los Angeles,USA,ship-magento@example.com,(213) 555-2506,,,,,,,,,,,,,,,,,,,2,2026-02-10,FD9801506P-CHERRY-2X-STD,809666395327,,Natalia Solid Button-Up Wrap Lantern Sleeve Dress,,,EA,,,,,,,,4,0,,4,,49.00,49.00,196.00,196.00,0.00,,196.00,Y,N,Y,Y,,,,,,,,,,,,Shipped,N,,,,,
SO2026-000116,1,4,2026-02-10,2026-02-15,2026-02-28,2026-02-12,,,,,Magento,Magento,,30,USD,246.50,246.50,257.03,0.00,246.50,0,0.00,0,0.00,10.53,0.00,,,,,257.03,,0.00,,,,,,,,,,,,,,,Shipped,Paid,,,,,,,20003,10581,20003-2026-000116,,,,,,,,,Magento Shipping,Morgan Lee,Cora Knox,Magento Platform,216 Century Blvd,Dock 16,Platform ship location,Los Angeles,CA,90008,Los Angeles,USA,ship-magento@example.com,(213) 555-2506,,,,,,,,,,,,,,,,,,,3,2026-02-10,ADELINE-02-BLACK-11,,,WOVEN SLIDE SANDAL,,,EA,,,,,,,,3,0,,3,,11.50,11.50,34.50,34.50,0.00,,34.50,Y,N,Y,Y,,,,,,,,,,,,Shipped,N,,,,,
SO2026-000117,1,4,2026-01-11,2026-01-11,2026-02-25,2026-01-11,,,,,Shopify,Shopify,,45,USD,85.50,85.50,92.46,0.00,85.50,0,0.00,0,0.00,6.96,0.00,,,,,92.46,,0.00,,,,,,,,,,,,,,,Shipped,Paid,,,,,,,20001,10580,20001-2026-000117,,,,,,,,,Shopify Shipping,Alex Reed,Dario Lowe,Shopify Commerce,217 Barranca Pkwy,Dock 17,Commerce ship location,Irvine,CA,92609,Orange,USA,ship-shopify@example.com,(949) 555-2606,,,,,,,,,,,,,,,,,,,1,2026-01-11,ADELINE-02-NUDE-9,,,WOVEN SLIDE SANDAL,,,EA,,,,,,,,1,0,,1,,11.50,11.50,11.50,11.50,0.00,,11.50,Y,N,Y,Y,,,,,,,,,,,,Shipped,N,,,,,
SO2026-000117,1,4,2026-01-11,2026-01-11,2026-02-25,2026-01-11,,,,,Shopify,Shopify,,45,USD,85.50,85.50,92.46,0.00,85.50,0,0.00,0,0.00,6.96,0.00,,,,,92.46,,0.00,,,,,,,,,,,,,,,Shipped,Paid,,,,,,,20001,10580,20001-2026-000117,,,,,,,,,Shopify Shipping,Alex Reed,Dario Lowe,Shopify Commerce,217 Barranca Pkwy,Dock 17,Commerce ship location,Irvine,CA,92609,Orange,USA,ship-shopify@example.com,(949) 555-2606,,,,,,,,,,,,,,,,,,,2,2026-01-11,ADELINE-03-TAUPE-12,,,BUCKLE FRONT FLAT SANDALS,,,EA,,,,,,,,4,0,,4,,18.50,18.50,74.00,74.00,0.00,,74.00,Y,N,Y,Y,,,,,,,,,,,,Shipped,N,,,,,
SO2026-000118,1,4,2026-01-01,2026-01-06,2026-02-15,2026-01-01,,,,,Veeqo-Amazon,Veeqo Amazon,,45,USD,149.00,149.00,149.03,0.00,149.00,0,0.00,0,0.00,0.03,0.00,,,,,149.03,,0.00,,,,,,,,,,,,,,,Shipped,Paid,,,,,,,10016,10579,10016-2026-000118,,,,,,,,,Veeqo Amazon Shipping,Jamie Clark,Owen Pike,Veeqo Amazon Retail,202 Distribution Way,Dock 2,Regional ship location,Irvine,CA,92603,Orange,USA,ship-veeqo-amazon@example.com,(949) 555-1106,,,,,,,,,,,,,,,,,,,1,2026-01-01,CORA-01-TAUP-9,,,CROSS FRONT SANDAL,,,EA,,,,,,,,3,0,,3,,10.75,10.75,32.25,32.25,0.00,,32.25,Y,N,Y,Y,,,,,,,,,,,,Shipped,N,,,,,
SO2026-000118,1,4,2026-01-01,2026-01-06,2026-02-15,2026-01-01,,,,,Veeqo-Amazon,Veeqo Amazon,,45,USD,149.00,149.00,149.03,0.00,149.00,0,0.00,0,0.00,0.03,0.00,,,,,149.03,,0.00,,,,,,,,,,,,,,,Shipped,Paid,,,,,,,10016,10579,10016-2026-000118,,,,,,,,,Veeqo Amazon Shipping,Jamie Clark,Owen Pike,Veeqo Amazon Retail,202 Distribution Way,Dock 2,Regional ship location,Irvine,CA,92603,Orange,USA,ship-veeqo-amazon@example.com,(949) 555-1106,,,,,,,,,,,,,,,,,,,2,2026-01-01,AVIANA-06-WHITE-7,,,FUR SLIPPER,,,EA,,,,,,,,3,0,,3,,16.25,16.25,48.75,48.75,0.00,,48.75,Y,N,Y,Y,,,,,,,,,,,,Shipped,N,,,,,
SO2026-000118,1,4,2026-01-01,2026-01-06,2026-02-15,2026-01-01,,,,,Veeqo-Amazon,Veeqo Amazon,,45,USD,149.00,149.00,149.03,0.00,149.00,0,0.00,0,0.00,0.03,0.00,,,,,149.03,,0.00,,,,,,,,,,,,,,,Shipped,Paid,,,,,,,10016,10579,10016-2026-000118,,,,,,,,,Veeqo Amazon Shipping,Jamie Clark,Owen Pike,Veeqo Amazon Retail,202 Distribution Way,Dock 2,Regional ship location,Irvine,CA,92603,Orange,USA,ship-veeqo-amazon@example.com,(949) 555-1106,,,,,,,,,,,,,,,,,,,3,2026-01-01,FA13501DM-RINSEWSFT-30-30,809666858334,,Maya Basic Dark Handsand Wash Midrise Skinny Jeans,,,EA,,,,,,,,2,0,,2,,34.00,34.00,68.00,68.00,0.00,,68.00,Y,N,Y,Y,,,,,,,,,,,,Shipped,N,,,,,
SO2026-000119,1,4,2026-02-28,2026-02-28,2026-02-28,2026-02-28,,,,,Shopify,Shopify,,45,USD,46.00,46.00,62.50,0.00,46.00,0,0.00,0,0.00,16.50,0.00,,,,,62.50,,0.00,,,,,,,,,,,,,,,Shipped,Paid,,,,,,,20001,10580,20001-2026-000119,,,,,,,,,Shopify Shipping,Alex Reed,Dario Lowe,Shopify Commerce,217 Barranca Pkwy,Dock 17,Commerce ship location,Irvine,CA,92609,Orange,USA,ship-shopify@example.com,(949) 555-2606,,,,,,,,,,,,,,,,,,,1,2026-02-28,ADELINE-02-WHITE-8,,,WOVEN SLIDE SANDAL,,,EA,,,,,,,,4,0,,4,,11.50,11.50,46.00,46.00,0.00,,46.00,Y,N,Y,Y,,,,,,,,,,,,Shipped,N,,,,,
SO2026-000120,1,4,2026-01-17,2026-01-18,2026-02-28,2026-01-19,,,,,Squarespace,Squarespace,,60,USD,140.75,140.75,140.94,0.00,140.75,0,0.00,0,0.00,0.19,0.00,,,,,140.94,,0.00,,,,,,,,,,,,,,,Shipped,Paid,,,,,,,20006,10582,20006-2026-000120,,,,,,,,,Squarespace Shipping,Jamie Clark,Elin Marsh,Squarespace Digital,218 Camino Del Rio,Dock 18,Digital ship location,San Diego,CA,92108,San Diego,USA,ship-squarespace@example.com,(619) 555-2706,,,,,,,,,,,,,,,,,,,1,2026-01-17,ADELINE-02-BLACK-8,,,WOVEN SLIDE SANDAL,,,EA,,,,,,,,4,0,,4,,11.50,11.50,46.00,46.00,0.00,,46.00,Y,N,Y,Y,,,,,,,,,,,,Shipped,N,,,,,
SO2026-000120,1,4,2026-01-17,2026-01-18,2026-02-28,2026-01-19,,,,,Squarespace,Squarespace,,60,USD,140.75,140.75,140.94,0.00,140.75,0,0.00,0,0.00,0.19,0.00,,,,,140.94,,0.00,,,,,,,,,,,,,,,Shipped,Paid,,,,,,,20006,10582,20006-2026-000120,,,,,,,,,Squarespace Shipping,Jamie Clark,Elin Marsh,Squarespace Digital,218 Camino Del Rio,Dock 18,Digital ship location,San Diego,CA,92108,San Diego,USA,ship-squarespace@example.com,(619) 555-2706,,,,,,,,,,,,,,,,,,,2,2026-01-17,ADELINE-02-NUDE-6,,,WOVEN SLIDE SANDAL,,,EA,,,,,,,,4,0,,4,,11.50,11.50,46.00,46.00,0.00,,46.00,Y,N,Y,Y,,,,,,,,,,,,Shipped,N,,,,,
SO2026-000120,1,4,2026-01-17,2026-01-18,2026-02-28,2026-01-19,,,,,Squarespace,Squarespace,,60,USD,140.75,140.75,140.94,0.00,140.75,0,0.00,0,0.00,0.19,0.00,,,,,140.94,,0.00,,,,,,,,,,,,,,,Shipped,Paid,,,,,,,20006,10582,20006-2026-000120,,,,,,,,,Squarespace Shipping,Jamie Clark,Elin Marsh,Squarespace Digital,218 Camino Del Rio,Dock 18,Digital ship location,San Diego,CA,92108,San Diego,USA,ship-squarespace@example.com,(619) 555-2706,,,,,,,,,,,,,,,,,,,3,2026-01-17,AVIANA-06-PINK-9,,,FUR SLIPPER,,,EA,,,,,,,,3,0,,3,,16.25,16.25,48.75,48.75,0.00,,48.75,Y,N,Y,Y,,,,,,,,,,,,Shipped,N,,,,,
SO2026-000121,1,4,2026-02-27,2026-02-28,2026-02-28,2026-02-28,,,,,JCPenney,JCPenney,,30,USD,210.00,210.00,220.08,0.00,210.00,0,0.00,0,0.00,10.08,0.00,,,,,220.08,,0.00,,,,,,,,,,,,,,,Shipped,Paid,,,,,,,30007,10575,30007-2026-000121,,,,,,,,,JCPenney Shipping,Alex Reed,Zane Holt,JCPenney Stores,213 Gateway Rd,Dock 13,Retail ship location,San Diego,CA,92106,San Diego,USA,ship-jcpenney@example.com,(619) 555-2206,,,,,,,,,,,,,,,,,,,1,2026-02-27,ADELINE-03-BLACK-8.5,,,BUCKLE FRONT FLAT SANDALS,,,EA,,,,,,,,4,0,,4,,18.50,18.50,74.00,74.00,0.00,,74.00,Y,N,Y,Y,,,,,,,,,,,,Shipped,N,,,,,
SO2026-000121,1,4,2026-02-27,2026-02-28,2026-02-28,2026-02-28,,,,,JCPenney,JCPenney,,30,USD,210.00,210.00,220.08,0.00,210.00,0,0.00,0,0.00,10.08,0.00,,,,,220.08,,0.00,,,,,,,,,,,,,,,Shipped,Paid,,,,,,,30007,10575,30007-2026-000121,,,,,,,,,JCPenney Shipping,Alex Reed,Zane Holt,JCPenney Stores,213 Gateway Rd,Dock 13,Retail ship location,San Diego,CA,92106,San Diego,USA,ship-jcpenney@example.com,(619) 555-2206,,,,,,,,,,,,,,,,,,,2,2026-02-27,FA13501DM-RINSEWSFT,,,Maya Basic Dark Handsand Wash Midrise Skinny Jeans,,,EA,,,,,,,,4,0,,4,,34.00,34.00,136.00,136.00,0.00,,136.00,Y,N,Y,Y,,,,,,,,,,,,Shipped,N,,,,,
SO2026-000122,1,4,2026-01-28,2026-01-29,2026-02-28,2026-01-29,,,,,Shopify,Shopify,,45,USD,40.00,40.00,48.74,0.00,40.00,0,0.00,0,0.00,8.74,0.00,,,,,48.74,,0.00,,,,,,,,,,,,,,,Shipped,Paid,,,,,,,20001,10580,20001-2026-000122,,,,,,,,,Shopify Shipping,Alex Reed,Dario Lowe,Shopify Commerce,217 Barranca Pkwy,Dock 17,Commerce ship location,Irvine,CA,92609,Orange,USA,ship-shopify@example.com,(949) 555-2606,,,,,,,,,,,,,,,,,,,1,2026-01-28,AUSTIN-06-BLUSH-5,,,SNEAKER,,,EA,,,,,,,,4,0,,4,,10.00,10.00,40.00,40.00,0.00,,40.00,Y,N,Y,Y,,,,,,,,,,,,Shipped,N,,,,,
SO2026-000123,1,4,2026-01-30,2026-01-30,2026-02-28,2026-02-01,,,,,AMZ-eCom,AMZ eCom,,30,USD,85.25,85.25,89.37,0.00,85.25,0,0.00,0,0.00,4.12,0.00,,,,,89.37,,0.00,,,,,,,,,,,,,,,Shipped,Paid,,,,,,,10001,10565,10001-2026-000123,,,,,,,,,AMZ eCom Shipping,Alex Reed,Nora Lane,AMZ eCom Retail,201 Harbor Ave,Dock 1,Main ship location,Los Angeles,CA,90002,Los Angeles,USA,ship-amz-ecom@example.com,(213) 555-1006,,,,,,,,,,,,,,,,,,,1,2026-01-30,ASTRID-01-NUDE-8,,,SLIP ON SNEAKER,,,EA,,,,,,,,3,0,,3,,20.75,20.75,62.25,62.25,0.00,,62.25,Y,N,Y,Y,,,,,,,,,,,,Shipped,N,,,,,
SO2026-000123,1,4,2026-01-30,2026-01-30,2026-02-28,2026-02-01,,,,,AMZ-eCom,AMZ eCom,,30,USD,85.25,85.25,89.37,0.00,85.25,0,0.00,0,0.00,4.12,0.00,,,,,89.37,,0.00,,,,,,,,,,,,,,,Shipped,Paid,,,,,,,10001,10565,10001-2026-000123,,,,,,,,,AMZ eCom Shipping,Alex Reed,Nora Lane,AMZ eCom Retail,201 Harbor Ave,Dock 1,Main ship location,Los Angeles,CA,90002,Los Angeles,USA,ship-amz-ecom@example.com,(213) 555-1006,,,,,,,,,,,,,,,,,,,2,2026-01-30,ADELINE-02-CAMEL-12,,,WOVEN SLIDE SANDAL,,,EA,,,,,,,,2,0,,2,,11.50,11.50,23.00,23.00,0.00,,23.00,Y,N,Y,Y,,,,,,,,,,,,Shipped,N,,,,,
SO2026-000124,1,4,2026-02-14,2026-02-17,2026-02-28,2026-02-14,,,,,Etsy-LS,Etsy LS,,45,USD,440.00,440.00,445.05,0.00,440.00,0,0.00,0,0.00,5.05,0.00,,,,,445.05,,0.00,,,,,,,,,,,,,,,Shipped,Paid,,,,,,,10008,10571,10008-2026-000124,,,,,,,,,Etsy LS Shipping,Alex Reed,Rhea Moss,Etsy LS Marketplace,205 Mission St,Dock 5,Marketplace ship location,San Francisco,CA,94103,San Francisco,USA,ship-etsy-ls@example.com,(415) 555-1406,,,,,,,,,,,,,,,,,,,1,2026-02-14,ADELINE-02-BLACK-5,,,WOVEN SLIDE SANDAL,,,EA,,,,,,,,3,0,,3,,11.50,11.50,34.50,34.50,0.00,,34.50,Y,N,Y,Y,,,,,,,,,,,,Shipped,N,,,,,
SO2026-000124,1,4,2026-02-14,2026-02-17,2026-02-28,2026-02-14,,,,,Etsy-LS,Etsy LS,,45,USD,440.00,440.00,445.05,0.00,440.00,0,0.00,0,0.00,5.05,0.00,,,,,445.05,,0.00,,,,,,,,,,,,,,,Shipped,Paid,,,,,,,10008,10571,10008-2026-000124,,,,,,,,,Etsy LS Shipping,Alex Reed,Rhea Moss,Etsy LS Marketplace,205 Mission St,Dock 5,Marketplace ship location,San Francisco,CA,94103,San Francisco,USA,ship-etsy-ls@example.com,(415) 555-1406,,,,,,,,,,,,,,,,,,,2,2026-02-14,CORA-01-BLK-8.5,,,CROSS FRONT SANDAL,,,EA,,,,,,,,2,0,,2,,10.75,10.75,21.50,21.50,0.00,,21.50,Y,N,Y,Y,,,,,,,,,,,,Shipped,N,,,,,
SO2026-000124,1,4,2026-02-14,2026-02-17,2026-02-28,2026-02-14,,,,,Etsy-LS,Etsy LS,,45,USD,440.00,440.00,445.05,0.00,440.00,0,0.00,0,0.00,5.05,0.00,,,,,445.05,,0.00,,,,,,,,,,,,,,,Shipped,Paid,,,,,,,10008,10571,10008-2026-000124,,,,,,,,,Etsy LS Shipping,Alex Reed,Rhea Moss,Etsy LS Marketplace,205 Mission St,Dock 5,Marketplace ship location,San Francisco,CA,94103,San Francisco,USA,ship-etsy-ls@example.com,(415) 555-1406,,,,,,,,,,,,,,,,,,,3,2026-02-14,CAMILA-06-NUDE-B12,,,COSS FRONT SLIP ON SLIDES,,,EA,,,,,,,,4,0,,4,,96.00,96.00,384.00,384.00,0.00,,384.00,Y,N,Y,Y,,,,,,,,,,,,Shipped,N,,,,,
SO2026-000125,1,4,2026-02-05,2026-02-08,2026-02-28,2026-02-06,,,,,Walmart-eComm,Walmart eComm,,45,USD,83.00,83.00,91.01,0.00,83.00,0,0.00,0,0.00,8.01,0.00,,,,,91.01,,0.00,,,,,,,,,,,,,,,Shipped,Paid,,,,,,,10002,10566,10002-2026-000125,,,,,,,,,Walmart eComm Shipping,Morgan Lee,Gavin Orr,Walmart eComm Retail,220 Townsend St,Dock 20,National ship location,San Francisco,CA,94109,San Francisco,USA,ship-walmart-ecomm@example.com,(415) 555-2906,,,,,,,,,,,,,,,,,,,1,2026-02-05,ASTRID-01-BLUSH-6,,,SLIP ON SNEAKER,,,EA,,,,,,,,4,0,,4,,20.75,20.75,83.00,83.00,0.00,,83.00,Y,N,Y,Y,,,,,,,,,,,,Shipped,N,,,,,
SO2026-000126,1,4,2026-01-01,2026-01-05,2026-02-15,2026-01-02,,,,,Etsy-LS,Etsy LS,,45,USD,318.00,318.00,320.28,0.00,318.00,0,0.00,0,0.00,2.28,0.00,,,,,320.28,,0.00,,,,,,,,,,,,,,,Shipped,Paid,,,,,,,10008,10571,10008-2026-000126,,,,,,,,,Etsy LS Shipping,Alex Reed,Rhea Moss,Etsy LS Marketplace,205 Mission St,Dock 5,Marketplace ship location,San Francisco,CA,94103,San Francisco,USA,ship-etsy-ls@example.com,(415) 555-1406,,,,,,,,,,,,,,,,,,,1,2026-01-01,FA16105WV-MIDNIGHTCAMO-M-STD,809666795585,,Patricia Woven Chiffon Midnight Blue Palazzo Pant W Elastic Waist,,,EA,,,,,,,,2,0,,2,,39.00,39.00,78.00,78.00,0.00,,78.00,Y,N,Y,Y,,,,,,,,,,,,Shipped,N,,,,,
SO2026-000126,1,4,2026-01-01,2026-01-05,2026-02-15,2026-01-02,,,,,Etsy-LS,Etsy LS,,45,USD,318.00,318.00,320.28,0.00,318.00,0,0.00,0,0.00,2.28,0.00,,,,,320.28,,0.00,,,,,,,,,,,,,,,Shipped,Paid,,,,,,,10008,10571,10008-2026-000126,,,,,,,,,Etsy LS Shipping,Alex Reed,Rhea Moss,Etsy LS Marketplace,205 Mission St,Dock 5,Marketplace ship location,San Francisco,CA,94103,San Francisco,USA,ship-etsy-ls@example.com,(415) 555-1406,,,,,,,,,,,,,,,,,,,2,2026-01-01,AUSTIN-06-BLUSH-S,,,SNEAKER,,,EA,,,,,,,,2,0,,2,,120.00,120.00,240.00,240.00,0.00,,240.00,Y,N,Y,Y,,,,,,,,,,,,Shipped,N,,,,,
SO2026-000127,1,4,2026-02-27,2026-02-28,2026-02-28,2026-02-27,,,,,AMZ-eCom,AMZ eCom,,30,USD,125.50,125.50,127.93,0.00,125.50,0,0.00,0,0.00,2.43,0.00,,,,,127.93,,0.00,,,,,,,,,,,,,,,Shipped,Paid,,,,,,,10001,10565,10001-2026-000127,,,,,,,,,AMZ eCom Shipping,Alex Reed,Nora Lane,AMZ eCom Retail,201 Harbor Ave,Dock 1,Main ship location,Los Angeles,CA,90002,Los Angeles,USA,ship-amz-ecom@example.com,(213) 555-1006,,,,,,,,,,,,,,,,,,,1,2026-02-27,ADELINE-02-NUDE-9.5,,,WOVEN SLIDE SANDAL,,,EA,,,,,,,,2,0,,2,,11.50,11.50,23.00,23.00,0.00,,23.00,Y,N,Y,Y,,,,,,,,,,,,Shipped,N,,,,,
SO2026-000127,1,4,2026-02-27,2026-02-28,2026-02-28,2026-02-27,,,,,AMZ-eCom,AMZ eCom,,30,USD,125.50,125.50,127.93,0.00,125.50,0,0.00,0,0.00,2.43,0.00,,,,,127.93,,0.00,,,,,,,,,,,,,,,Shipped,Paid,,,,,,,10001,10565,10001-2026-000127,,,,,,,,,AMZ eCom Shipping,Alex Reed,Nora Lane,AMZ eCom Retail,201 Harbor Ave,Dock 1,Main ship location,Los Angeles,CA,90002,Los Angeles,USA,ship-amz-ecom@example.com,(213) 555-1006,,,,,,,,,,,,,,,,,,,2,2026-02-27,FA13501DM,,,Maya Basic Dark Handsand Wash Midrise Skinny Jeans,,,EA,,,,,,,,2,0,,2,,34.00,34.00,68.00,68.00,0.00,,68.00,Y,N,Y,Y,,,,,,,,,,,,Shipped,N,,,,,
SO2026-000127,1,4,2026-02-27,2026-02-28,2026-02-28,2026-02-27,,,,,AMZ-eCom,AMZ eCom,,30,USD,125.50,125.50,127.93,0.00,125.50,0,0.00,0,0.00,2.43,0.00,,,,,127.93,,0.00,,,,,,,,,,,,,,,Shipped,Paid,,,,,,,10001,10565,10001-2026-000127,,,,,,,,,AMZ eCom Shipping,Alex Reed,Nora Lane,AMZ eCom Retail,201 Harbor Ave,Dock 1,Main ship location,Los Angeles,CA,90002,Los Angeles,USA,ship-amz-ecom@example.com,(213) 555-1006,,,,,,,,,,,,,,,,,,,3,2026-02-27,ADELINE-02-BLACK-7,,,WOVEN SLIDE SANDAL,,,EA,,,,,,,,3,0,,3,,11.50,11.50,34.50,34.50,0.00,,34.50,Y,N,Y,Y,,,,,,,,,,,,Shipped,N,,,,,
SO2026-000128,1,4,2026-01-22,2026-01-22,2026-02-28,2026-01-24,,,,,Etsy-LS,Etsy LS,,45,USD,64.50,64.50,74.28,0.00,64.50,0,0.00,0,0.00,9.78,0.00,,,,,74.28,,0.00,,,,,,,,,,,,,,,Shipped,Paid,,,,,,,10008,10571,10008-2026-000128,,,,,,,,,Etsy LS Shipping,Alex Reed,Rhea Moss,Etsy LS Marketplace,205 Mission St,Dock 5,Marketplace ship location,San Francisco,CA,94103,San Francisco,USA,ship-etsy-ls@example.com,(415) 555-1406,,,,,,,,,,,,,,,,,,,1,2026-01-22,ADELINE-02-WHITE-7.5,,,WOVEN SLIDE SANDAL,,,EA,,,,,,,,1,0,,1,,11.50,11.50,11.50,11.50,0.00,,11.50,Y,N,Y,Y,,,,,,,,,,,,Shipped,N,,,,,
SO2026-000128,1,4,2026-01-22,2026-01-22,2026-02-28,2026-01-24,,,,,Etsy-LS,Etsy LS,,45,USD,64.50,64.50,74.28,0.00,64.50,0,0.00,0,0.00,9.78,0.00,,,,,74.28,,0.00,,,,,,,,,,,,,,,Shipped,Paid,,,,,,,10008,10571,10008-2026-000128,,,,,,,,,Etsy LS Shipping,Alex Reed,Rhea Moss,Etsy LS Marketplace,205 Mission St,Dock 5,Marketplace ship location,San Francisco,CA,94103,San Francisco,USA,ship-etsy-ls@example.com,(415) 555-1406,,,,,,,,,,,,,,,,,,,2,2026-01-22,CORA-01-TAUP-6,,,CROSS FRONT SANDAL,,,EA,,,,,,,,4,0,,4,,10.75,10.75,43.00,43.00,0.00,,43.00,Y,N,Y,Y,,,,,,,,,,,,Shipped,N,,,,,
SO2026-000128,1,4,2026-01-22,2026-01-22,2026-02-28,2026-01-24,,,,,Etsy-LS,Etsy LS,,45,USD,64.50,64.50,74.28,0.00,64.50,0,0.00,0,0.00,9.78,0.00,,,,,74.28,,0.00,,,,,,,,,,,,,,,Shipped,Paid,,,,,,,10008,10571,10008-2026-000128,,,,,,,,,Etsy LS Shipping,Alex Reed,Rhea Moss,Etsy LS Marketplace,205 Mission St,Dock 5,Marketplace ship location,San Francisco,CA,94103,San Francisco,USA,ship-etsy-ls@example.com,(415) 555-1406,,,,,,,,,,,,,,,,,,,3,2026-01-22,AUSTIN-06-NUDE-11,,,SNEAKER,,,EA,,,,,,,,1,0,,1,,10.00,10.00,10.00,10.00,0.00,,10.00,Y,N,Y,Y,,,,,,,,,,,,Shipped,N,,,,,
SO2026-000129,1,4,2026-01-18,2026-01-20,2026-02-17,2026-01-20,,,,,AMZ-eCom,AMZ eCom,,30,USD,165.00,165.00,167.51,0.00,165.00,0,0.00,0,0.00,2.51,0.00,,,,,167.51,,0.00,,,,,,,,,,,,,,,Shipped,Paid,,,,,,,10001,10565,10001-2026-000129,,,,,,,,,AMZ eCom Shipping,Alex Reed,Nora Lane,AMZ eCom Retail,201 Harbor Ave,Dock 1,Main ship location,Los Angeles,CA,90002,Los Angeles,USA,ship-amz-ecom@example.com,(213) 555-1006,,,,,,,,,,,,,,,,,,,1,2026-01-18,173451-1183CITIZEN-1-STD,809666377866,,Susan Stretch Denim Skinny Jeans Medium Blue 5 Pocket Wash,,,EA,,,,,,,,1,0,,1,,24.00,24.00,24.00,24.00,0.00,,24.00,Y,N,Y,Y,,,,,,,,,,,,Shipped,N,,,,,
SO2026-000129,1,4,2026-01-18,2026-01-20,2026-02-17,2026-01-20,,,,,AMZ-eCom,AMZ eCom,,30,USD,165.00,165.00,167.51,0.00,165.00,0,0.00,0,0.00,2.51,0.00,,,,,167.51,,0.00,,,,,,,,,,,,,,,Shipped,Paid,,,,,,,10001,10565,10001-2026-000129,,,,,,,,,AMZ eCom Shipping,Alex Reed,Nora Lane,AMZ eCom Retail,201 Harbor Ave,Dock 1,Main ship location,Los Angeles,CA,90002,Los Angeles,USA,ship-amz-ecom@example.com,(213) 555-1006,,,,,,,,,,,,,,,,,,,2,2026-01-18,FA13512DM-1847DPOCN-32-30,809666864953,,Angie Stud Bling Pocket Low Rise Skinny Jeans,,,EA,,,,,,,,3,0,,3,,34.00,34.00,102.00,102.00,0.00,,102.00,Y,N,Y,Y,,,,,,,,,,,,Shipped,N,,,,,
SO2026-000129,1,4,2026-01-18,2026-01-20,2026-02-17,2026-01-20,,,,,AMZ-eCom,AMZ eCom,,30,USD,165.00,165.00,167.51,0.00,165.00,0,0.00,0,0.00,2.51,0.00,,,,,167.51,,0.00,,,,,,,,,,,,,,,Shipped,Paid,,,,,,,10001,10565,10001-2026-000129,,,,,,,,,AMZ eCom Shipping,Alex Reed,Nora Lane,AMZ eCom Retail,201 Harbor Ave,Dock 1,Main ship location,Los Angeles,CA,90002,Los Angeles,USA,ship-amz-ecom@example.com,(213) 555-1006,,,,,,,,,,,,,,,,,,,3,2026-01-18,FA16023WV-SMOKEYROSE-L-STD,809666901153,,Olivia Gray Floral Print Kimono Chiffon Wrap Maxi Dress,,,EA,,,,,,,,1,0,,1,,39.00,39.00,39.00,39.00,0.00,,39.00,Y,N,Y,Y,,,,,,,,,,,,Shipped,N,,,,,
SO2026-000130,1,4,2026-01-15,2026-01-16,2026-02-14,2026-01-15,,,,,eBay,eBay,,30,USD,202.50,202.50,220.07,0.00,202.50,0,0.00,0,0.00,17.57,0.00,,,,,220.07,,0.00,,,,,,,,,,,,,,,Shipped,Paid,,,,,,,10004,10570,10004-2026-000130,,,,,,,,,eBay Shipping,Morgan Lee,Quentin Hale,eBay Commerce,204 Fulfillment Ave,Dock 4,Standard ship location,San Jose,CA,95111,Santa Clara,USA,ship-ebay@example.com,(408) 555-1306,,,,,,,,,,,,,,,,,,,1,2026-01-15,ADELINE-02-NUDE-S,,,WOVEN SLIDE SANDAL,,,EA,,,,,,,,1,0,,1,,138.00,138.00,138.00,138.00,0.00,,138.00,Y,N,Y,Y,,,,,,,,,,,,Shipped,N,,,,,
SO2026-000130,1,4,2026-01-15,2026-01-16,2026-02-14,2026-01-15,,,,,eBay,eBay,,30,USD,202.50,202.50,220.07,0.00,202.50,0,0.00,0,0.00,17.57,0.00,,,,,220.07,,0.00,,,,,,,,,,,,,,,Shipped,Paid,,,,,,,10004,10570,10004-2026-000130,,,,,,,,,eBay Shipping,Morgan Lee,Quentin Hale,eBay Commerce,204 Fulfillment Ave,Dock 4,Standard ship location,San Jose,CA,95111,Santa Clara,USA,ship-ebay@example.com,(408) 555-1306,,,,,,,,,,,,,,,,,,,2,2026-01-15,ADELINE-02-CAMEL-5.5,,,WOVEN SLIDE SANDAL,,,EA,,,,,,,,3,0,,3,,11.50,11.50,34.50,34.50,0.00,,34.50,Y,N,Y,Y,,,,,,,,,,,,Shipped,N,,,,,
SO2026-000130,1,4,2026-01-15,2026-01-16,2026-02-14,2026-01-15,,,,,eBay,eBay,,30,USD,202.50,202.50,220.07,0.00,202.50,0,0.00,0,0.00,17.57,0.00,,,,,220.07,,0.00,,,,,,,,,,,,,,,Shipped,Paid,,,,,,,10004,10570,10004-2026-000130,,,,,,,,,eBay Shipping,Morgan Lee,Quentin Hale,eBay Commerce,204 Fulfillment Ave,Dock 4,Standard ship location,San Jose,CA,95111,Santa Clara,USA,ship-ebay@example.com,(408) 555-1306,,,,,,,,,,,,,,,,,,,3,2026-01-15,AUSTIN-06-NUDE-6.5,,,SNEAKER,,,EA,,,,,,,,3,0,,3,,10.00,10.00,30.00,30.00,0.00,,30.00,Y,N,Y,Y,,,,,,,,,,,,Shipped,N,,,,,
SO2026-000131,1,4,2026-02-17,2026-02-20,2026-02-28,2026-02-17,,,,,Squarespace,Squarespace,,60,USD,240.00,240.00,246.58,0.00,240.00,0,0.00,0,0.00,6.58,0.00,,,,,246.58,,0.00,,,,,,,,,,,,,,,Shipped,Paid,,,,,,,20006,10582,20006-2026-000131,,,,,,,,,Squarespace Shipping,Jamie Clark,Elin Marsh,Squarespace Digital,218 Camino Del Rio,Dock 18,Digital ship location,San Diego,CA,92108,San Diego,USA,ship-squarespace@example.com,(619) 555-2706,,,,,,,,,,,,,,,,,,,1,2026-02-17,ADELINE-02-WHITE-B12,,,WOVEN SLIDE SANDAL,,,EA,,,,,,,,1,0,,1,,138.00,138.00,138.00,138.00,0.00,,138.00,Y,N,Y,Y,,,,,,,,,,,,Shipped,N,,,,,
SO2026-000131,1,4,2026-02-17,2026-02-20,2026-02-28,2026-02-17,,,,,Squarespace,Squarespace,,60,USD,240.00,240.00,246.58,0.00,240.00,0,0.00,0,0.00,6.58,0.00,,,,,246.58,,0.00,,,,,,,,,,,,,,,Shipped,Paid,,,,,,,20006,10582,20006-2026-000131,,,,,,,,,Squarespace Shipping,Jamie Clark,Elin Marsh,Squarespace Digital,218 Camino Del Rio,Dock 18,Digital ship location,San Diego,CA,92108,San Diego,USA,ship-squarespace@example.com,(619) 555-2706,,,,,,,,,,,,,,,,,,,2,2026-02-17,F13031C-1742VNTGBJ-26-STD,809666254792,,Cayden Vintage Beujolias Corduroy Skinny Jeans,,,EA,,,,,,,,3,0,,3,,34.00,34.00,102.00,102.00,0.00,,102.00,Y,N,Y,Y,,,,,,,,,,,,Shipped,N,,,,,
SO2026-000132,1,4,2026-01-23,2026-01-28,2026-02-28,2026-01-25,,,,,Shopify,Shopify,,45,USD,117.00,117.00,123.00,0.00,117.00,0,0.00,0,0.00,6.00,0.00,,,,,123.00,,0.00,,,,,,,,,,,,,,,Shipped,Paid,,,,,,,20001,10580,20001-2026-000132,,,,,,,,,Shopify Shipping,Alex Reed,Dario Lowe,Shopify Commerce,217 Barranca Pkwy,Dock 17,Commerce ship location,Irvine,CA,92609,Orange,USA,ship-shopify@example.com,(949) 555-2606,,,,,,,,,,,,,,,,,,,1,2026-01-23,FA16023WV-MIDNIGHTBLUE-M-STD,809666795721,,Olivia Woven GGT Midnight Blue Kimono Wrap Maxi Dress,,,EA,,,,,,,,3,0,,3,,39.00,39.00,117.00,117.00,0.00,,117.00,Y,N,Y,Y,,,,,,,,,,,,Shipped,N,,,,,
SO2026-000133,1,4,2026-01-28,2026-02-02,2026-02-28,2026-01-29,,,,,Etsy-VS,Etsy VS,,60,USD,142.00,142.00,146.44,0.00,142.00,0,0.00,0,0.00,4.44,0.00,,,,,146.44,,0.00,,,,,,,,,,,,,,,Shipped,Paid,,,,,,,10008,10572,10008-2026-000133,,,,,,,,,Etsy VS Shipping,Jamie Clark,Soren Vale,Etsy VS Marketplace,206 Pacific Hwy,Dock 6,Seasonal ship location,Los Angeles,CA,90004,Los Angeles,USA,ship-etsy-vs@example.com,(213) 555-1506,,,,,,,,,,,,,,,,,,,1,2026-01-28,173451-1183CITIZEN,,,These darling blue jeans feature a rolled cuff that makes them feel both modern and classic. These p,,,EA,,,,,,,,4,0,,4,,24.00,24.00,96.00,96.00,0.00,,96.00,Y,N,Y,Y,,,,,,,,,,,,Shipped,N,,,,,
SO2026-000133,1,4,2026-01-28,2026-02-02,2026-02-28,2026-01-29,,,,,Etsy-VS,Etsy VS,,60,USD,142.00,142.00,146.44,0.00,142.00,0,0.00,0,0.00,4.44,0.00,,,,,146.44,,0.00,,,,,,,,,,,,,,,Shipped,Paid,,,,,,,10008,10572,10008-2026-000133,,,,,,,,,Etsy VS Shipping,Jamie Clark,Soren Vale,Etsy VS Marketplace,206 Pacific Hwy,Dock 6,Seasonal ship location,Los Angeles,CA,90004,Los Angeles,USA,ship-etsy-vs@example.com,(213) 555-1506,,,,,,,,,,,,,,,,,,,2,2026-01-28,ADELINE-02-PINK-12,,,WOVEN SLIDE SANDAL,,,EA,,,,,,,,4,0,,4,,11.50,11.50,46.00,46.00,0.00,,46.00,Y,N,Y,Y,,,,,,,,,,,,Shipped,N,,,,,
SO2026-000134,1,4,2026-01-20,2026-01-22,2026-02-19,2026-01-22,,,,,JCPenney,JCPenney,,30,USD,156.00,156.00,162.12,0.00,156.00,0,0.00,0,0.00,6.12,0.00,,,,,162.12,,0.00,,,,,,,,,,,,,,,Shipped,Paid,,,,,,,30007,10575,30007-2026-000134,,,,,,,,,JCPenney Shipping,Alex Reed,Zane Holt,JCPenney Stores,213 Gateway Rd,Dock 13,Retail ship location,San Diego,CA,92106,San Diego,USA,ship-jcpenney@example.com,(619) 555-2206,,,,,,,,,,,,,,,,,,,1,2026-01-20,FB3601737-3219UNFORGV-31-STD,809666434415,,Rainie Light Hand-Sanded Denim Stretch High-Waist Slit Hem Jeans,,,EA,,,,,,,,4,0,,4,,39.00,39.00,156.00,156.00,0.00,,156.00,Y,N,Y,Y,,,,,,,,,,,,Shipped,N,,,,,
SO2026-000135,1,4,2026-02-16,2026-02-21,2026-02-28,2026-02-16,,,,,eBay,eBay,,30,USD,102.00,102.00,102.00,0.00,102.00,0,0.00,0,0.00,0.00,0.00,,,,,102.00,,0.00,,,,,,,,,,,,,,,Shipped,Paid,,,,,,,10004,10570,10004-2026-000135,,,,,,,,,eBay Shipping,Morgan Lee,Quentin Hale,eBay Commerce,204 Fulfillment Ave,Dock 4,Standard ship location,San Jose,CA,95111,Santa Clara,USA,ship-ebay@example.com,(408) 555-1306,,,,,,,,,,,,,,,,,,,1,2026-02-16,F13031C-1742VNTGCO-24-STD,809666254860,,Cayden Vintage Beujolias Corduroy Skinny Jeans,,,EA,,,,,,,,3,0,,3,,34.00,34.00,102.00,102.00,0.00,,102.00,Y,N,Y,Y,,,,,,,,,,,,Shipped,N,,,,,
SO2026-000136,1,4,2026-02-03,2026-02-06,2026-02-28,2026-02-03,,,,,eBay,eBay,,30,USD,72.00,72.00,84.65,0.00,72.00,0,0.00,0,0.00,12.65,0.00,,,,,84.65,,0.00,,,,,,,,,,,,,,,Shipped,Paid,,,,,,,10004,10570,10004-2026-000136,,,,,,,,,eBay Shipping,Morgan Lee,Quentin Hale,eBay Commerce,204 Fulfillment Ave,Dock 4,Standard ship location,San Jose,CA,95111,Santa Clara,USA,ship-ebay@example.com,(408) 555-1306,,,,,,,,,,,,,,,,,,,1,2026-02-03,173451-1183CITIZEN-17-34,809666377811,,Susan Stretch Denim Skinny Jeans Medium Blue 5 Pocket Wash,,,EA,,,,,,,,3,0,,3,,24.00,24.00,72.00,72.00,0.00,,72.00,Y,N,Y,Y,,,,,,,,,,,,Shipped,N,,,,,
SO2026-000137,1,4,2026-02-12,2026-02-16,2026-02-28,2026-02-14,,,,,Squarespace,Squarespace,,60,USD,136.00,136.00,143.63,0.00,136.00,0,0.00,0,0.00,7.63,0.00,,,,,143.63,,0.00,,,,,,,,,,,,,,,Shipped,Paid,,,,,,,20006,10582,20006-2026-000137,,,,,,,,,Squarespace Shipping,Jamie Clark,Elin Marsh,Squarespace Digital,218 Camino Del Rio,Dock 18,Digital ship location,San Diego,CA,92108,San Diego,USA,ship-squarespace@example.com,(619) 555-2706,,,,,,,,,,,,,,,,,,,1,2026-02-12,F13031C-1742VNTGCO-25-STD,809666254877,,Cayden Vintage Beujolias Corduroy Skinny Jeans,,,EA,,,,,,,,4,0,,4,,34.00,34.00,136.00,136.00,0.00,,136.00,Y,N,Y,Y,,,,,,,,,,,,Shipped,N,,,,,
SO2026-000138,1,4,2026-01-08,2026-01-11,2026-02-28,2026-01-08,,,,,Macys,Macys,,60,USD,66.00,66.00,66.00,0.00,66.00,0,0.00,0,0.00,0.00,0.00,,,,,66.00,,0.00,,,,,,,,,,,,,,,Shipped,Paid,,,,,,,30005,10574,30005-2026-000138,,,,,,,,,Macys Shipping,Taylor Kim,Blake Jett,Macys Stores,215 King St,Dock 15,Department ship location,San Francisco,CA,94107,San Francisco,USA,ship-macys@example.com,(415) 555-2406,,,,,,,,,,,,,,,,,,,1,2026-01-08,ADELINE-02-NUDE-11,,,WOVEN SLIDE SANDAL,,,EA,,,,,,,,4,0,,4,,11.50,11.50,46.00,46.00,0.00,,46.00,Y,N,Y,Y,,,,,,,,,,,,Shipped,N,,,,,
SO2026-000138,1,4,2026-01-08,2026-01-11,2026-02-28,2026-01-08,,,,,Macys,Macys,,60,USD,66.00,66.00,66.00,0.00,66.00,0,0.00,0,0.00,0.00,0.00,,,,,66.00,,0.00,,,,,,,,,,,,,,,Shipped,Paid,,,,,,,30005,10574,30005-2026-000138,,,,,,,,,Macys Shipping,Taylor Kim,Blake Jett,Macys Stores,215 King St,Dock 15,Department ship location,San Francisco,CA,94107,San Francisco,USA,ship-macys@example.com,(415) 555-2406,,,,,,,,,,,,,,,,,,,2,2026-01-08,AUSTIN-06-NUDE-5,,,SNEAKER,,,EA,,,,,,,,2,0,,2,,10.00,10.00,20.00,20.00,0.00,,20.00,Y,N,Y,Y,,,,,,,,,,,,Shipped,N,,,,,
SO2026-000139,1,4,2026-01-31,2026-02-01,2026-02-28,2026-01-31,,,,,AMZ-eCom,AMZ eCom,,30,USD,43.00,43.00,52.56,0.00,43.00,0,0.00,0,0.00,9.56,0.00,,,,,52.56,,0.00,,,,,,,,,,,,,,,Shipped,Paid,,,,,,,10001,10565,10001-2026-000139,,,,,,,,,AMZ eCom Shipping,Alex Reed,Nora Lane,AMZ eCom Retail,201 Harbor Ave,Dock 1,Main ship location,Los Angeles,CA,90002,Los Angeles,USA,ship-amz-ecom@example.com,(213) 555-1006,,,,,,,,,,,,,,,,,,,1,2026-01-31,CORA-01-LEOP-12,,,CROSS FRONT SANDAL,,,EA,,,,,,,,4,0,,4,,10.75,10.75,43.00,43.00,0.00,,43.00,Y,N,Y,Y,,,,,,,,,,,,Shipped,N,,,,,
SO2026-000140,1,4,2026-01-21,2026-01-22,2026-02-28,2026-01-21,,,,,Shopify,Shopify,,45,USD,30.00,30.00,46.02,0.00,30.00,0,0.00,0,0.00,16.02,0.00,,,,,46.02,,0.00,,,,,,,,,,,,,,,Shipped,Paid,,,,,,,20001,10580,20001-2026-000140,,,,,,,,,Shopify Shipping,Alex Reed,Dario Lowe,Shopify Commerce,217 Barranca Pkwy,Dock 17,Commerce ship location,Irvine,CA,92609,Orange,USA,ship-shopify@example.com,(949) 555-2606,,,,,,,,,,,,,,,,,,,1,2026-01-21,ADELINE-02-NUDE-5.5,,,WOVEN SLIDE SANDAL,,,EA,,,,,,,,1,0,,1,,11.50,11.50,11.50,11.50,0.00,,11.50,Y,N,Y,Y,,,,,,,,,,,,Shipped,N,,,,,
SO2026-000140,1,4,2026-01-21,2026-01-22,2026-02-28,2026-01-21,,,,,Shopify,Shopify,,45,USD,30.00,30.00,46.02,0.00,30.00,0,0.00,0,0.00,16.02,0.00,,,,,46.02,,0.00,,,,,,,,,,,,,,,Shipped,Paid,,,,,,,20001,10580,20001-2026-000140,,,,,,,,,Shopify Shipping,Alex Reed,Dario Lowe,Shopify Commerce,217 Barranca Pkwy,Dock 17,Commerce ship location,Irvine,CA,92609,Orange,USA,ship-shopify@example.com,(949) 555-2606,,,,,,,,,,,,,,,,,,,2,2026-01-21,ADELINE-03-BLACK-6,,,BUCKLE FRONT FLAT SANDALS,,,EA,,,,,,,,1,0,,1,,18.50,18.50,18.50,18.50,0.00,,18.50,Y,N,Y,Y,,,,,,,,,,,,Shipped,N,,,,,
SO2026-000141,1,4,2026-01-29,2026-02-03,2026-02-28,2026-01-31,,,,,Veeqo-Amazon,Veeqo Amazon,,45,USD,302.00,302.00,308.31,0.00,302.00,0,0.00,0,0.00,6.31,0.00,,,,,308.31,,0.00,,,,,,,,,,,,,,,Shipped,Paid,,,,,,,10016,10579,10016-2026-000141,,,,,,,,,Veeqo Amazon Shipping,Jamie Clark,Owen Pike,Veeqo Amazon Retail,202 Distribution Way,Dock 2,Regional ship location,Irvine,CA,92603,Orange,USA,ship-veeqo-amazon@example.com,(949) 555-1106,,,,,,,,,,,,,,,,,,,1,2026-01-29,FD3601033,,,Jay-Low Tencel Denim Shirtdress - Chiffon Collar and Tie Sleeve,,,EA,,,,,,,,2,0,,2,,49.00,49.00,98.00,98.00,0.00,,98.00,Y,N,Y,Y,,,,,,,,,,,,Shipped,N,,,,,
SO2026-000141,1,4,2026-01-29,2026-02-03,2026-02-28,2026-01-31,,,,,Veeqo-Amazon,Veeqo Amazon,,45,USD,302.00,302.00,308.31,0.00,302.00,0,0.00,0,0.00,6.31,0.00,,,,,308.31,,0.00,,,,,,,,,,,,,,,Shipped,Paid,,,,,,,10016,10579,10016-2026-000141,,,,,,,,,Veeqo Amazon Shipping,Jamie Clark,Owen Pike,Veeqo Amazon Retail,202 Distribution Way,Dock 2,Regional ship location,Irvine,CA,92603,Orange,USA,ship-veeqo-amazon@example.com,(949) 555-1106,,,,,,,,,,,,,,,,,,,2,2026-01-29,FA13512DM-1847DPOCN-31-32,809666865097,,Angie Stud Bling Pocket Low Rise Skinny Jeans,,,EA,,,,,,,,2,0,,2,,34.00,34.00,68.00,68.00,0.00,,68.00,Y,N,Y,Y,,,,,,,,,,,,Shipped,N,,,,,
SO2026-000141,1,4,2026-01-29,2026-02-03,2026-02-28,2026-01-31,,,,,Veeqo-Amazon,Veeqo Amazon,,45,USD,302.00,302.00,308.31,0.00,302.00,0,0.00,0,0.00,6.31,0.00,,,,,308.31,,0.00,,,,,,,,,,,,,,,Shipped,Paid,,,,,,,10016,10579,10016-2026-000141,,,,,,,,,Veeqo Amazon Shipping,Jamie Clark,Owen Pike,Veeqo Amazon Retail,202 Distribution Way,Dock 2,Regional ship location,Irvine,CA,92603,Orange,USA,ship-veeqo-amazon@example.com,(949) 555-1106,,,,,,,,,,,,,,,,,,,3,2026-01-29,FA13501DM-1608BLAU2-31-30,809666857740,,Maya Basic Dark Handsand Wash Midrise Skinny Jeans,,,EA,,,,,,,,4,0,,4,,34.00,34.00,136.00,136.00,0.00,,136.00,Y,N,Y,Y,,,,,,,,,,,,Shipped,N,,,,,
SO2026-000142,1,4,2026-01-06,2026-01-10,2026-02-20,2026-01-06,,,,,Etsy-LS,Etsy LS,,45,USD,132.00,132.00,146.44,0.00,132.00,0,0.00,0,0.00,14.44,0.00,,,,,146.44,,0.00,,,,,,,,,,,,,,,Shipped,Paid,,,,,,,10008,10571,10008-2026-000142,,,,,,,,,Etsy LS Shipping,Alex Reed,Rhea Moss,Etsy LS Marketplace,205 Mission St,Dock 5,Marketplace ship location,San Francisco,CA,94103,San Francisco,USA,ship-etsy-ls@example.com,(415) 555-1406,,,,,,,,,,,,,,,,,,,1,2026-01-06,F13031C-1742VNTGDM-32-STD,809666255034,,Cayden Vintage Beujolias Corduroy Skinny Jeans,,,EA,,,,,,,,3,0,,3,,34.00,34.00,102.00,102.00,0.00,,102.00,Y,N,Y,Y,,,,,,,,,,,,Shipped,N,,,,,
SO2026-000142,1,4,2026-01-06,2026-01-10,2026-02-20,2026-01-06,,,,,Etsy-LS,Etsy LS,,45,USD,132.00,132.00,146.44,0.00,132.00,0,0.00,0,0.00,14.44,0.00,,,,,146.44,,0.00,,,,,,,,,,,,,,,Shipped,Paid,,,,,,,10008,10571,10008-2026-000142,,,,,,,,,Etsy LS Shipping,Alex Reed,Rhea Moss,Etsy LS Marketplace,205 Mission St,Dock 5,Marketplace ship location,San Francisco,CA,94103,San Francisco,USA,ship-etsy-ls@example.com,(415) 555-1406,,,,,,,,,,,,,,,,,,,2,2026-01-06,AUSTIN-06-WHITE-9,,,SNEAKER,,,EA,,,,,,,,3,0,,3,,10.00,10.00,30.00,30.00,0.00,,30.00,Y,N,Y,Y,,,,,,,,,,,,Shipped,N,,,,,
SO2026-000143,1,4,2026-01-22,2026-01-24,2026-02-21,2026-01-22,,,,,Magento,Magento,,30,USD,174.50,174.50,189.38,0.00,174.50,0,0.00,0,0.00,14.88,0.00,,,,,189.38,,0.00,,,,,,,,,,,,,,,Shipped,Paid,,,,,,,20003,10581,20003-2026-000143,,,,,,,,,Magento Shipping,Morgan Lee,Cora Knox,Magento Platform,216 Century Blvd,Dock 16,Platform ship location,Los Angeles,CA,90008,Los Angeles,USA,ship-magento@example.com,(213) 555-2506,,,,,,,,,,,,,,,,,,,1,2026-01-22,ASTRID-01-BLUSH-12,,,SLIP ON SNEAKER,,,EA,,,,,,,,2,0,,2,,20.75,20.75,41.50,41.50,0.00,,41.50,Y,N,Y,Y,,,,,,,,,,,,Shipped,N,,,,,
SO2026-000143,1,4,2026-01-22,2026-01-24,2026-02-21,2026-01-22,,,,,Magento,Magento,,30,USD,174.50,174.50,189.38,0.00,174.50,0,0.00,0,0.00,14.88,0.00,,,,,189.38,,0.00,,,,,,,,,,,,,,,Shipped,Paid,,,,,,,20003,10581,20003-2026-000143,,,,,,,,,Magento Shipping,Morgan Lee,Cora Knox,Magento Platform,216 Century Blvd,Dock 16,Platform ship location,Los Angeles,CA,90008,Los Angeles,USA,ship-magento@example.com,(213) 555-2506,,,,,,,,,,,,,,,,,,,2,2026-01-22,FA13501DM-1464KINGSC-31-32,809666852790,,Maya Basic Dark Handsand Wash Midrise Skinny Jeans,,,EA,,,,,,,,2,0,,2,,34.00,34.00,68.00,68.00,0.00,,68.00,Y,N,Y,Y,,,,,,,,,,,,Shipped,N,,,,,
SO2026-000143,1,4,2026-01-22,2026-01-24,2026-02-21,2026-01-22,,,,,Magento,Magento,,30,USD,174.50,174.50,189.38,0.00,174.50,0,0.00,0,0.00,14.88,0.00,,,,,189.38,,0.00,,,,,,,,,,,,,,,Shipped,Paid,,,,,,,20003,10581,20003-2026-000143,,,,,,,,,Magento Shipping,Morgan Lee,Cora Knox,Magento Platform,216 Century Blvd,Dock 16,Platform ship location,Los Angeles,CA,90008,Los Angeles,USA,ship-magento@example.com,(213) 555-2506,,,,,,,,,,,,,,,,,,,3,2026-01-22,AVIANA-06-BLACK-11,,,FUR SLIPPER,,,EA,,,,,,,,4,0,,4,,16.25,16.25,65.00,65.00,0.00,,65.00,Y,N,Y,Y,,,,,,,,,,,,Shipped,N,,,,,
SO2026-000144,1,4,2026-01-28,2026-02-01,2026-02-28,2026-01-29,,,,,Macys,Macys,,60,USD,161.00,161.00,172.45,0.00,161.00,0,0.00,0,0.00,11.45,0.00,,,,,172.45,,0.00,,,,,,,,,,,,,,,Shipped,Paid,,,,,,,30005,10574,30005-2026-000144,,,,,,,,,Macys Shipping,Taylor Kim,Blake Jett,Macys Stores,215 King St,Dock 15,Department ship location,San Francisco,CA,94107,San Francisco,USA,ship-macys@example.com,(415) 555-2406,,,,,,,,,,,,,,,,,,,1,2026-01-28,ADELINE-02-CAMEL-8.5,,,WOVEN SLIDE SANDAL,,,EA,,,,,,,,2,0,,2,,11.50,11.50,23.00,23.00,0.00,,23.00,Y,N,Y,Y,,,,,,,,,,,,Shipped,N,,,,,
SO2026-000144,1,4,2026-01-28,2026-02-01,2026-02-28,2026-01-29,,,,,Macys,Macys,,60,USD,161.00,161.00,172.45,0.00,161.00,0,0.00,0,0.00,11.45,0.00,,,,,172.45,,0.00,,,,,,,,,,,,,,,Shipped,Paid,,,,,,,30005,10574,30005-2026-000144,,,,,,,,,Macys Shipping,Taylor Kim,Blake Jett,Macys Stores,215 King St,Dock 15,Department ship location,San Francisco,CA,94107,San Francisco,USA,ship-macys@example.com,(415) 555-2406,,,,,,,,,,,,,,,,,,,2,2026-01-28,ADELINE-02-CAMEL-B12,,,WOVEN SLIDE SANDAL,,,EA,,,,,,,,1,0,,1,,138.00,138.00,138.00,138.00,0.00,,138.00,Y,N,Y,Y,,,,,,,,,,,,Shipped,N,,,,,
SO2026-000145,1,4,2026-01-29,2026-01-30,2026-02-28,2026-01-29,,,,,eBay,eBay,,30,USD,71.00,71.00,71.43,0.00,71.00,0,0.00,0,0.00,0.43,0.00,,,,,71.43,,0.00,,,,,,,,,,,,,,,Shipped,Paid,,,,,,,10004,10570,10004-2026-000145,,,,,,,,,eBay Shipping,Morgan Lee,Quentin Hale,eBay Commerce,204 Fulfillment Ave,Dock 4,Standard ship location,San Jose,CA,95111,Santa Clara,USA,ship-ebay@example.com,(408) 555-1306,,,,,,,,,,,,,,,,,,,1,2026-01-29,ADELINE-03-BLUE-8,,,BUCKLE FRONT FLAT SANDALS,,,EA,,,,,,,,2,0,,2,,18.50,18.50,37.00,37.00,0.00,,37.00,Y,N,Y,Y,,,,,,,,,,,,Shipped,N,,,,,
SO2026-000145,1,4,2026-01-29,2026-01-30,2026-02-28,2026-01-29,,,,,eBay,eBay,,30,USD,71.00,71.00,71.43,0.00,71.00,0,0.00,0,0.00,0.43,0.00,,,,,71.43,,0.00,,,,,,,,,,,,,,,Shipped,Paid,,,,,,,10004,10570,10004-2026-000145,,,,,,,,,eBay Shipping,Morgan Lee,Quentin Hale,eBay Commerce,204 Fulfillment Ave,Dock 4,Standard ship location,San Jose,CA,95111,Santa Clara,USA,ship-ebay@example.com,(408) 555-1306,,,,,,,,,,,,,,,,,,,2,2026-01-29,F13031C-1742VNTGST,,,Five-pocket stretch woven corduroy skinny pants with wine stitching and copper hardware.,,,EA,,,,,,,,1,0,,1,,34.00,34.00,34.00,34.00,0.00,,34.00,Y,N,Y,Y,,,,,,,,,,,,Shipped,N,,,,,
SO2026-000146,1,4,2026-01-13,2026-01-13,2026-02-28,2026-01-13,,,,,Mirakl-HudsonsB,Mirakl HudsonsB,,60,USD,102.00,102.00,104.60,0.00,102.00,0,0.00,0,0.00,2.60,0.00,,,,,104.60,,0.00,,,,,,,,,,,,,,,Shipped,Paid,,,,,,,10005,10577,10005-2026-000146,,,,,,,,,Mirakl HudsonsB Shipping,Morgan Lee,Yara Glenn,Mirakl HudsonsB Network,212 Quail Hill Pkwy,Dock 12,Network ship location,Irvine,CA,92607,Orange,USA,ship-mirakl-hudsonsb@example.com,(949) 555-2106,,,,,,,,,,,,,,,,,,,1,2026-01-13,F13031C-1742VNTGBJ-30-STD,809666254839,,Cayden Vintage Beujolias Corduroy Skinny Jeans,,,EA,,,,,,,,3,0,,3,,34.00,34.00,102.00,102.00,0.00,,102.00,Y,N,Y,Y,,,,,,,,,,,,Shipped,N,,,,,
SO2026-000147,1,4,2026-01-11,2026-01-13,2026-02-25,2026-01-12,,,,,Shopify,Shopify,,45,USD,80.00,80.00,84.80,0.00,80.00,0,0.00,0,0.00,4.80,0.00,,,,,84.80,,0.00,,,,,,,,,,,,,,,Shipped,Paid,,,,,,,20001,10580,20001-2026-000147,,,,,,,,,Shopify Shipping,Alex Reed,Dario Lowe,Shopify Commerce,217 Barranca Pkwy,Dock 17,Commerce ship location,Irvine,CA,92609,Orange,USA,ship-shopify@example.com,(949) 555-2606,,,,,,,,,,,,,,,,,,,1,2026-01-11,CORA-01-FUCH-10,,,CROSS FRONT SANDAL,,,EA,,,,,,,,4,0,,4,,10.75,10.75,43.00,43.00,0.00,,43.00,Y,N,Y,Y,,,,,,,,,,,,Shipped,N,,,,,
SO2026-000147,1,4,2026-01-11,2026-01-13,2026-02-25,2026-01-12,,,,,Shopify,Shopify,,45,USD,80.00,80.00,84.80,0.00,80.00,0,0.00,0,0.00,4.80,0.00,,,,,84.80,,0.00,,,,,,,,,,,,,,,Shipped,Paid,,,,,,,20001,10580,20001-2026-000147,,,,,,,,,Shopify Shipping,Alex Reed,Dario Lowe,Shopify Commerce,217 Barranca Pkwy,Dock 17,Commerce ship location,Irvine,CA,92609,Orange,USA,ship-shopify@example.com,(949) 555-2606,,,,,,,,,,,,,,,,,,,2,2026-01-11,ADELINE-03-BLUE-5.5,,,BUCKLE FRONT FLAT SANDALS,,,EA,,,,,,,,2,0,,2,,18.50,18.50,37.00,37.00,0.00,,37.00,Y,N,Y,Y,,,,,,,,,,,,Shipped,N,,,,,
SO2026-000148,1,4,2026-02-02,2026-02-03,2026-02-28,2026-02-03,,,,,AMZ-eCom,AMZ eCom,,30,USD,46.00,46.00,60.11,0.00,46.00,0,0.00,0,0.00,14.11,0.00,,,,,60.11,,0.00,,,,,,,,,,,,,,,Shipped,Paid,,,,,,,10001,10565,10001-2026-000148,,,,,,,,,AMZ eCom Shipping,Alex Reed,Nora Lane,AMZ eCom Retail,201 Harbor Ave,Dock 1,Main ship location,Los Angeles,CA,90002,Los Angeles,USA,ship-amz-ecom@example.com,(213) 555-1006,,,,,,,,,,,,,,,,,,,1,2026-02-02,ADELINE-02-NUDE-7.5,,,WOVEN SLIDE SANDAL,,,EA,,,,,,,,4,0,,4,,11.50,11.50,46.00,46.00,0.00,,46.00,Y,N,Y,Y,,,,,,,,,,,,Shipped,N,,,,,
SO2026-000149,1,4,2026-02-04,2026-02-05,2026-02-28,2026-02-06,,,,,Mirakl-HudsonsB,Mirakl HudsonsB,,60,USD,206.00,206.00,206.00,0.00,206.00,0,0.00,0,0.00,0.00,0.00,,,,,206.00,,0.00,,,,,,,,,,,,,,,Shipped,Paid,,,,,,,10005,10577,10005-2026-000149,,,,,,,,,Mirakl HudsonsB Shipping,Morgan Lee,Yara Glenn,Mirakl HudsonsB Network,212 Quail Hill Pkwy,Dock 12,Network ship location,Irvine,CA,92607,Orange,USA,ship-mirakl-hudsonsb@example.com,(949) 555-2106,,,,,,,,,,,,,,,,,,,1,2026-02-04,CAMILA-06-BLACK-11,,,COSS FRONT SLIP ON SLIDES,,,EA,,,,,,,,3,0,,3,,8.00,8.00,24.00,24.00,0.00,,24.00,Y,N,Y,Y,,,,,,,,,,,,Shipped,N,,,,,
SO2026-000149,1,4,2026-02-04,2026-02-05,2026-02-28,2026-02-06,,,,,Mirakl-HudsonsB,Mirakl HudsonsB,,60,USD,206.00,206.00,206.00,0.00,206.00,0,0.00,0,0.00,0.00,0.00,,,,,206.00,,0.00,,,,,,,,,,,,,,,Shipped,Paid,,,,,,,10005,10577,10005-2026-000149,,,,,,,,,Mirakl HudsonsB Shipping,Morgan Lee,Yara Glenn,Mirakl HudsonsB Network,212 Quail Hill Pkwy,Dock 12,Network ship location,Irvine,CA,92607,Orange,USA,ship-mirakl-hudsonsb@example.com,(949) 555-2106,,,,,,,,,,,,,,,,,,,2,2026-02-04,F13031C-1742VNTGBJ-32-STD,809666254853,,Cayden Vintage Beujolias Corduroy Skinny Jeans,,,EA,,,,,,,,4,0,,4,,34.00,34.00,136.00,136.00,0.00,,136.00,Y,N,Y,Y,,,,,,,,,,,,Shipped,N,,,,,
SO2026-000149,1,4,2026-02-04,2026-02-05,2026-02-28,2026-02-06,,,,,Mirakl-HudsonsB,Mirakl HudsonsB,,60,USD,206.00,206.00,206.00,0.00,206.00,0,0.00,0,0.00,0.00,0.00,,,,,206.00,,0.00,,,,,,,,,,,,,,,Shipped,Paid,,,,,,,10005,10577,10005-2026-000149,,,,,,,,,Mirakl HudsonsB Shipping,Morgan Lee,Yara Glenn,Mirakl HudsonsB Network,212 Quail Hill Pkwy,Dock 12,Network ship location,Irvine,CA,92607,Orange,USA,ship-mirakl-hudsonsb@example.com,(949) 555-2106,,,,,,,,,,,,,,,,,,,3,2026-02-04,ADELINE-02-BLACK-6,,,WOVEN SLIDE SANDAL,,,EA,,,,,,,,4,0,,4,,11.50,11.50,46.00,46.00,0.00,,46.00,Y,N,Y,Y,,,,,,,,,,,,Shipped,N,,,,,
SO2026-000150,1,4,2026-01-04,2026-01-09,2026-02-28,2026-01-06,,,,,Etsy-VS,Etsy VS,,60,USD,121.25,121.25,137.87,0.00,121.25,0,0.00,0,0.00,16.62,0.00,,,,,137.87,,0.00,,,,,,,,,,,,,,,Shipped,Paid,,,,,,,10008,10572,10008-2026-000150,,,,,,,,,Etsy VS Shipping,Jamie Clark,Soren Vale,Etsy VS Marketplace,206 Pacific Hwy,Dock 6,Seasonal ship location,Los Angeles,CA,90004,Los Angeles,USA,ship-etsy-vs@example.com,(213) 555-1506,,,,,,,,,,,,,,,,,,,1,2026-01-04,FA13501DM-1464KINGSC,,,Maya Basic Dark Handsand Wash Midrise Skinny Jeans,,,EA,,,,,,,,2,0,,2,,34.00,34.00,68.00,68.00,0.00,,68.00,Y,N,Y,Y,,,,,,,,,,,,Shipped,N,,,,,
SO2026-000150,1,4,2026-01-04,2026-01-09,2026-02-28,2026-01-06,,,,,Etsy-VS,Etsy VS,,60,USD,121.25,121.25,137.87,0.00,121.25,0,0.00,0,0.00,16.62,0.00,,,,,137.87,,0.00,,,,,,,,,,,,,,,Shipped,Paid,,,,,,,10008,10572,10008-2026-000150,,,,,,,,,Etsy VS Shipping,Jamie Clark,Soren Vale,Etsy VS Marketplace,206 Pacific Hwy,Dock 6,Seasonal ship location,Los Angeles,CA,90004,Los Angeles,USA,ship-etsy-vs@example.com,(213) 555-1506,,,,,,,,,,,,,,,,,,,2,2026-01-04,ADELINE-03-TAUPE-11,,,BUCKLE FRONT FLAT SANDALS,,,EA,,,,,,,,2,0,,2,,18.50,18.50,37.00,37.00,0.00,,37.00,Y,N,Y,Y,,,,,,,,,,,,Shipped,N,,,,,
SO2026-000150,1,4,2026-01-04,2026-01-09,2026-02-28,2026-01-06,,,,,Etsy-VS,Etsy VS,,60,USD,121.25,121.25,137.87,0.00,121.25,0,0.00,0,0.00,16.62,0.00,,,,,137.87,,0.00,,,,,,,,,,,,,,,Shipped,Paid,,,,,,,10008,10572,10008-2026-000150,,,,,,,,,Etsy VS Shipping,Jamie Clark,Soren Vale,Etsy VS Marketplace,206 Pacific Hwy,Dock 6,Seasonal ship location,Los Angeles,CA,90004,Los Angeles,USA,ship-etsy-vs@example.com,(213) 555-1506,,,,,,,,,,,,,,,,,,,3,2026-01-04,AVIANA-06-PINK-8,,,FUR SLIPPER,,,EA,,,,,,,,1,0,,1,,16.25,16.25,16.25,16.25,0.00,,16.25,Y,N,Y,Y,,,,,,,,,,,,Shipped,N,,,,,
SO2026-000151,1,4,2026-01-31,2026-02-02,2026-02-28,2026-01-31,,,,,Squarespace,Squarespace,,60,USD,63.00,63.00,77.03,0.00,63.00,0,0.00,0,0.00,14.03,0.00,,,,,77.03,,0.00,,,,,,,,,,,,,,,Shipped,Paid,,,,,,,20006,10582,20006-2026-000151,,,,,,,,,Squarespace Shipping,Jamie Clark,Elin Marsh,Squarespace Digital,218 Camino Del Rio,Dock 18,Digital ship location,San Diego,CA,92108,San Diego,USA,ship-squarespace@example.com,(619) 555-2706,,,,,,,,,,,,,,,,,,,1,2026-01-31,AUSTIN-06-BLACK-8.5,,,SNEAKER,,,EA,,,,,,,,4,0,,4,,10.00,10.00,40.00,40.00,0.00,,40.00,Y,N,Y,Y,,,,,,,,,,,,Shipped,N,,,,,
SO2026-000151,1,4,2026-01-31,2026-02-02,2026-02-28,2026-01-31,,,,,Squarespace,Squarespace,,60,USD,63.00,63.00,77.03,0.00,63.00,0,0.00,0,0.00,14.03,0.00,,,,,77.03,,0.00,,,,,,,,,,,,,,,Shipped,Paid,,,,,,,20006,10582,20006-2026-000151,,,,,,,,,Squarespace Shipping,Jamie Clark,Elin Marsh,Squarespace Digital,218 Camino Del Rio,Dock 18,Digital ship location,San Diego,CA,92108,San Diego,USA,ship-squarespace@example.com,(619) 555-2706,,,,,,,,,,,,,,,,,,,2,2026-01-31,ADELINE-02-PINK-10,,,WOVEN SLIDE SANDAL,,,EA,,,,,,,,2,0,,2,,11.50,11.50,23.00,23.00,0.00,,23.00,Y,N,Y,Y,,,,,,,,,,,,Shipped,N,,,,,
SO2026-000152,1,4,2026-02-20,2026-02-23,2026-02-28,2026-02-21,,,,,Veeqo-Amazon,Veeqo Amazon,,45,USD,188.00,188.00,198.79,0.00,188.00,0,0.00,0,0.00,10.79,0.00,,,,,198.79,,0.00,,,,,,,,,,,,,,,Shipped,Paid,,,,,,,10016,10579,10016-2026-000152,,,,,,,,,Veeqo Amazon Shipping,Jamie Clark,Owen Pike,Veeqo Amazon Retail,202 Distribution Way,Dock 2,Regional ship location,Irvine,CA,92603,Orange,USA,ship-veeqo-amazon@example.com,(949) 555-1106,,,,,,,,,,,,,,,,,,,1,2026-02-20,CAMILA-06-TAUPE-7.5,,,COSS FRONT SLIP ON SLIDES,,,EA,,,,,,,,4,0,,4,,8.00,8.00,32.00,32.00,0.00,,32.00,Y,N,Y,Y,,,,,,,,,,,,Shipped,N,,,,,
SO2026-000152,1,4,2026-02-20,2026-02-23,2026-02-28,2026-02-21,,,,,Veeqo-Amazon,Veeqo Amazon,,45,USD,188.00,188.00,198.79,0.00,188.00,0,0.00,0,0.00,10.79,0.00,,,,,198.79,,0.00,,,,,,,,,,,,,,,Shipped,Paid,,,,,,,10016,10579,10016-2026-000152,,,,,,,,,Veeqo Amazon Shipping,Jamie Clark,Owen Pike,Veeqo Amazon Retail,202 Distribution Way,Dock 2,Regional ship location,Irvine,CA,92603,Orange,USA,ship-veeqo-amazon@example.com,(949) 555-1106,,,,,,,,,,,,,,,,,,,2,2026-02-20,FB3601737-3219UNFORGV-30-STD,809666434408,,Rainie Light Hand-Sanded Denim Stretch High-Waist Slit Hem Jeans,,,EA,,,,,,,,4,0,,4,,39.00,39.00,156.00,156.00,0.00,,156.00,Y,N,Y,Y,,,,,,,,,,,,Shipped,N,,,,,
SO2026-000153,1,4,2026-01-18,2026-01-21,2026-02-17,2026-01-18,,,,,JCPenney,JCPenney,,30,USD,428.00,428.00,428.58,0.00,428.00,0,0.00,0,0.00,0.58,0.00,,,,,428.58,,0.00,,,,,,,,,,,,,,,Shipped,Paid,,,,,,,30007,10575,30007-2026-000153,,,,,,,,,JCPenney Shipping,Alex Reed,Zane Holt,JCPenney Stores,213 Gateway Rd,Dock 13,Retail ship location,San Diego,CA,92106,San Diego,USA,ship-jcpenney@example.com,(619) 555-2206,,,,,,,,,,,,,,,,,,,1,2026-01-18,AUSTIN-06-NUDE-S,,,SNEAKER,,,EA,,,,,,,,3,0,,3,,120.00,120.00,360.00,360.00,0.00,,360.00,Y,N,Y,Y,,,,,,,,,,,,Shipped,N,,,,,
SO2026-000153,1,4,2026-01-18,2026-01-21,2026-02-17,2026-01-18,,,,,JCPenney,JCPenney,,30,USD,428.00,428.00,428.58,0.00,428.00,0,0.00,0,0.00,0.58,0.00,,,,,428.58,,0.00,,,,,,,,,,,,,,,Shipped,Paid,,,,,,,30007,10575,30007-2026-000153,,,,,,,,,JCPenney Shipping,Alex Reed,Zane Holt,JCPenney Stores,213 Gateway Rd,Dock 13,Retail ship location,San Diego,CA,92106,San Diego,USA,ship-jcpenney@example.com,(619) 555-2206,,,,,,,,,,,,,,,,,,,2,2026-01-18,F13031C-1742VNTGBJ-24-STD,809666254778,,Cayden Vintage Beujolias Corduroy Skinny Jeans,,,EA,,,,,,,,2,0,,2,,34.00,34.00,68.00,68.00,0.00,,68.00,Y,N,Y,Y,,,,,,,,,,,,Shipped,N,,,,,
SO2026-000154,1,4,2026-02-20,2026-02-24,2026-02-28,2026-02-21,,,,,Veeqo-Amazon,Veeqo Amazon,,45,USD,414.00,414.00,422.64,0.00,414.00,0,0.00,0,0.00,8.64,0.00,,,,,422.64,,0.00,,,,,,,,,,,,,,,Shipped,Paid,,,,,,,10016,10579,10016-2026-000154,,,,,,,,,Veeqo Amazon Shipping,Jamie Clark,Owen Pike,Veeqo Amazon Retail,202 Distribution Way,Dock 2,Regional ship location,Irvine,CA,92603,Orange,USA,ship-veeqo-amazon@example.com,(949) 555-1106,,,,,,,,,,,,,,,,,,,1,2026-02-20,ADELINE-02-BLACK-B12,,,WOVEN SLIDE SANDAL,,,EA,,,,,,,,3,0,,3,,138.00,138.00,414.00,414.00,0.00,,414.00,Y,N,Y,Y,,,,,,,,,,,,Shipped,N,,,,,
SO2026-000155,1,4,2026-01-14,2026-01-19,2026-02-28,2026-01-16,,,,,Etsy-VS,Etsy VS,,60,USD,110.00,110.00,124.92,0.00,110.00,0,0.00,0,0.00,14.92,0.00,,,,,124.92,,0.00,,,,,,,,,,,,,,,Shipped,Paid,,,,,,,10008,10572,10008-2026-000155,,,,,,,,,Etsy VS Shipping,Jamie Clark,Soren Vale,Etsy VS Marketplace,206 Pacific Hwy,Dock 6,Seasonal ship location,Los Angeles,CA,90004,Los Angeles,USA,ship-etsy-vs@example.com,(213) 555-1506,,,,,,,,,,,,,,,,,,,1,2026-01-14,CAMILA-06-TAUPE-6,,,COSS FRONT SLIP ON SLIDES,,,EA,,,,,,,,1,0,,1,,8.00,8.00,8.00,8.00,0.00,,8.00,Y,N,Y,Y,,,,,,,,,,,,Shipped,N,,,,,
SO2026-000155,1,4,2026-01-14,2026-01-19,2026-02-28,2026-01-16,,,,,Etsy-VS,Etsy VS,,60,USD,110.00,110.00,124.92,0.00,110.00,0,0.00,0,0.00,14.92,0.00,,,,,124.92,,0.00,,,,,,,,,,,,,,,Shipped,Paid,,,,,,,10008,10572,10008-2026-000155,,,,,,,,,Etsy VS Shipping,Jamie Clark,Soren Vale,Etsy VS Marketplace,206 Pacific Hwy,Dock 6,Seasonal ship location,Los Angeles,CA,90004,Los Angeles,USA,ship-etsy-vs@example.com,(213) 555-1506,,,,,,,,,,,,,,,,,,,2,2026-01-14,FA13512DM-1847DPOCN,,,"Five-pocket twill woven lowrise skinny jeans with gold stitching and hardware. Light hand sanding, w",,,EA,,,,,,,,3,0,,3,,34.00,34.00,102.00,102.00,0.00,,102.00,Y,N,Y,Y,,,,,,,,,,,,Shipped,N,,,,,
SO2026-000156,1,4,2026-02-27,2026-02-28,2026-02-28,2026-02-28,,,,,Mirakl-Kohls,Mirakl Kohls,,45,USD,172.50,172.50,189.99,0.00,172.50,0,0.00,0,0.00,17.49,0.00,,,,,189.99,,0.00,,,,,,,,,,,,,,,Shipped,Paid,,,,,,,10013,10576,10013-2026-000156,,,,,,,,,Mirakl Kohls Shipping,Jamie Clark,Asha Ives,Mirakl Kohls Network,214 Silver Creek Rd,Dock 14,Partner ship location,San Jose,CA,95115,Santa Clara,USA,ship-mirakl-kohls@example.com,(408) 555-2306,,,,,,,,,,,,,,,,,,,1,2026-02-27,FA13501DM-RINSEWSFT-26-30,809666858297,,Maya Basic Dark Handsand Wash Midrise Skinny Jeans,,,EA,,,,,,,,1,0,,1,,34.00,34.00,34.00,34.00,0.00,,34.00,Y,N,Y,Y,,,,,,,,,,,,Shipped,N,,,,,
SO2026-000156,1,4,2026-02-27,2026-02-28,2026-02-28,2026-02-28,,,,,Mirakl-Kohls,Mirakl Kohls,,45,USD,172.50,172.50,189.99,0.00,172.50,0,0.00,0,0.00,17.49,0.00,,,,,189.99,,0.00,,,,,,,,,,,,,,,Shipped,Paid,,,,,,,10013,10576,10013-2026-000156,,,,,,,,,Mirakl Kohls Shipping,Jamie Clark,Asha Ives,Mirakl Kohls Network,214 Silver Creek Rd,Dock 14,Partner ship location,San Jose,CA,95115,Santa Clara,USA,ship-mirakl-kohls@example.com,(408) 555-2306,,,,,,,,,,,,,,,,,,,2,2026-02-27,ASTRID-01-GREY-6.5,,,SLIP ON SNEAKER,,,EA,,,,,,,,4,0,,4,,20.75,20.75,83.00,83.00,0.00,,83.00,Y,N,Y,Y,,,,,,,,,,,,Shipped,N,,,,,
SO2026-000156,1,4,2026-02-27,2026-02-28,2026-02-28,2026-02-28,,,,,Mirakl-Kohls,Mirakl Kohls,,45,USD,172.50,172.50,189.99,0.00,172.50,0,0.00,0,0.00,17.49,0.00,,,,,189.99,,0.00,,,,,,,,,,,,,,,Shipped,Paid,,,,,,,10013,10576,10013-2026-000156,,,,,,,,,Mirakl Kohls Shipping,Jamie Clark,Asha Ives,Mirakl Kohls Network,214 Silver Creek Rd,Dock 14,Partner ship location,San Jose,CA,95115,Santa Clara,USA,ship-mirakl-kohls@example.com,(408) 555-2306,,,,,,,,,,,,,,,,,,,3,2026-02-27,ADELINE-03-GOLD-7,,,BUCKLE FRONT FLAT SANDALS,,,EA,,,,,,,,3,0,,3,,18.50,18.50,55.50,55.50,0.00,,55.50,Y,N,Y,Y,,,,,,,,,,,,Shipped,N,,,,,
SO2026-000157,1,4,2026-02-27,2026-02-28,2026-02-28,2026-02-27,,,,,AMZ-eCom,AMZ eCom,,30,USD,342.00,342.00,342.00,0.00,342.00,0,0.00,0,0.00,0.00,0.00,,,,,342.00,,0.00,,,,,,,,,,,,,,,Shipped,Paid,,,,,,,10001,10565,10001-2026-000157,,,,,,,,,AMZ eCom Shipping,Alex Reed,Nora Lane,AMZ eCom Retail,201 Harbor Ave,Dock 1,Main ship location,Los Angeles,CA,90002,Los Angeles,USA,ship-amz-ecom@example.com,(213) 555-1006,,,,,,,,,,,,,,,,,,,1,2026-02-27,ADELINE-02-CAMEL,,,WOVEN SLIDE SANDAL,,,EA,,,,,,,,2,0,,2,,171.00,171.00,342.00,342.00,0.00,,342.00,Y,N,Y,Y,,,,,,,,,,,,Shipped,N,,,,,
SO2026-000158,1,4,2026-01-12,2026-01-13,2026-02-26,2026-01-13,,,,,Veeqo-Amazon,Veeqo Amazon,,45,USD,384.00,384.00,395.10,0.00,384.00,0,0.00,0,0.00,11.10,0.00,,,,,395.10,,0.00,,,,,,,,,,,,,,,Shipped,Paid,,,,,,,10016,10579,10016-2026-000158,,,,,,,,,Veeqo Amazon Shipping,Jamie Clark,Owen Pike,Veeqo Amazon Retail,202 Distribution Way,Dock 2,Regional ship location,Irvine,CA,92603,Orange,USA,ship-veeqo-amazon@example.com,(949) 555-1106,,,,,,,,,,,,,,,,,,,1,2026-01-12,AUSTIN-06-BLACK-A12,,,SNEAKER,,,EA,,,,,,,,3,0,,3,,120.00,120.00,360.00,360.00,0.00,,360.00,Y,N,Y,Y,,,,,,,,,,,,Shipped,N,,,,,
SO2026-000158,1,4,2026-01-12,2026-01-13,2026-02-26,2026-01-13,,,,,Veeqo-Amazon,Veeqo Amazon,,45,USD,384.00,384.00,395.10,0.00,384.00,0,0.00,0,0.00,11.10,0.00,,,,,395.10,,0.00,,,,,,,,,,,,,,,Shipped,Paid,,,,,,,10016,10579,10016-2026-000158,,,,,,,,,Veeqo Amazon Shipping,Jamie Clark,Owen Pike,Veeqo Amazon Retail,202 Distribution Way,Dock 2,Regional ship location,Irvine,CA,92603,Orange,USA,ship-veeqo-amazon@example.com,(949) 555-1106,,,,,,,,,,,,,,,,,,,2,2026-01-12,CAMILA-06-TAUPE-10,,,COSS FRONT SLIP ON SLIDES,,,EA,,,,,,,,3,0,,3,,8.00,8.00,24.00,24.00,0.00,,24.00,Y,N,Y,Y,,,,,,,,,,,,Shipped,N,,,,,
SO2026-000159,1,4,2026-01-03,2026-01-07,2026-02-17,2026-01-05,,,,,Veeqo-Amazon,Veeqo Amazon,,45,USD,127.75,127.75,128.55,0.00,127.75,0,0.00,0,0.00,0.80,0.00,,,,,128.55,,0.00,,,,,,,,,,,,,,,Shipped,Paid,,,,,,,10016,10579,10016-2026-000159,,,,,,,,,Veeqo Amazon Shipping,Jamie Clark,Owen Pike,Veeqo Amazon Retail,202 Distribution Way,Dock 2,Regional ship location,Irvine,CA,92603,Orange,USA,ship-veeqo-amazon@example.com,(949) 555-1106,,,,,,,,,,,,,,,,,,,1,2026-01-03,CORA-01-TAUP-7.5,,,CROSS FRONT SANDAL,,,EA,,,,,,,,1,0,,1,,10.75,10.75,10.75,10.75,0.00,,10.75,Y,N,Y,Y,,,,,,,,,,,,Shipped,N,,,,,
SO2026-000159,1,4,2026-01-03,2026-01-07,2026-02-17,2026-01-05,,,,,Veeqo-Amazon,Veeqo Amazon,,45,USD,127.75,127.75,128.55,0.00,127.75,0,0.00,0,0.00,0.80,0.00,,,,,128.55,,0.00,,,,,,,,,,,,,,,Shipped,Paid,,,,,,,10016,10579,10016-2026-000159,,,,,,,,,Veeqo Amazon Shipping,Jamie Clark,Owen Pike,Veeqo Amazon Retail,202 Distribution Way,Dock 2,Regional ship location,Irvine,CA,92603,Orange,USA,ship-veeqo-amazon@example.com,(949) 555-1106,,,,,,,,,,,,,,,,,,,2,2026-01-03,FA16105WV-MIDNIGHTBLUE-S-STD,809666795530,,Patricia Woven Chiffon Midnight Blue Palazzo Pant W Elastic Waist,,,EA,,,,,,,,3,0,,3,,39.00,39.00,117.00,117.00,0.00,,117.00,Y,N,Y,Y,,,,,,,,,,,,Shipped,N,,,,,
SO2026-000160,1,4,2026-02-25,2026-02-28,2026-02-28,2026-02-27,,,,,Etsy-LS,Etsy LS,,45,USD,131.75,131.75,143.11,0.00,131.75,0,0.00,0,0.00,11.36,0.00,,,,,143.11,,0.00,,,,,,,,,,,,,,,Shipped,Paid,,,,,,,10008,10571,10008-2026-000160,,,,,,,,,Etsy LS Shipping,Alex Reed,Rhea Moss,Etsy LS Marketplace,205 Mission St,Dock 5,Marketplace ship location,San Francisco,CA,94103,San Francisco,USA,ship-etsy-ls@example.com,(415) 555-1406,,,,,,,,,,,,,,,,,,,1,2026-02-25,FA13501DM-1608BLAU2-32-30,809666857757,,Maya Basic Dark Handsand Wash Midrise Skinny Jeans,,,EA,,,,,,,,1,0,,1,,34.00,34.00,34.00,34.00,0.00,,34.00,Y,N,Y,Y,,,,,,,,,,,,Shipped,N,,,,,
SO2026-000160,1,4,2026-02-25,2026-02-28,2026-02-28,2026-02-27,,,,,Etsy-LS,Etsy LS,,45,USD,131.75,131.75,143.11,0.00,131.75,0,0.00,0,0.00,11.36,0.00,,,,,143.11,,0.00,,,,,,,,,,,,,,,Shipped,Paid,,,,,,,10008,10571,10008-2026-000160,,,,,,,,,Etsy LS Shipping,Alex Reed,Rhea Moss,Etsy LS Marketplace,205 Mission St,Dock 5,Marketplace ship location,San Francisco,CA,94103,San Francisco,USA,ship-etsy-ls@example.com,(415) 555-1406,,,,,,,,,,,,,,,,,,,2,2026-02-25,AVIANA-06-BLACK-9.5,,,FUR SLIPPER,,,EA,,,,,,,,3,0,,3,,16.25,16.25,48.75,48.75,0.00,,48.75,Y,N,Y,Y,,,,,,,,,,,,Shipped,N,,,,,
SO2026-000160,1,4,2026-02-25,2026-02-28,2026-02-28,2026-02-27,,,,,Etsy-LS,Etsy LS,,45,USD,131.75,131.75,143.11,0.00,131.75,0,0.00,0,0.00,11.36,0.00,,,,,143.11,,0.00,,,,,,,,,,,,,,,Shipped,Paid,,,,,,,10008,10571,10008-2026-000160,,,,,,,,,Etsy LS Shipping,Alex Reed,Rhea Moss,Etsy LS Marketplace,205 Mission St,Dock 5,Marketplace ship location,San Francisco,CA,94103,San Francisco,USA,ship-etsy-ls@example.com,(415) 555-1406,,,,,,,,,,,,,,,,,,,3,2026-02-25,FD9801506P-CHERRY-3X-STD,809666395334,,Natalia Solid Button-Up Wrap Lantern Sleeve Dress,,,EA,,,,,,,,1,0,,1,,49.00,49.00,49.00,49.00,0.00,,49.00,Y,N,Y,Y,,,,,,,,,,,,Shipped,N,,,,,
SO2026-000161,1,4,2026-02-11,2026-02-15,2026-02-28,2026-02-11,,,,,Etsy-LS,Etsy LS,,45,USD,39.25,39.25,57.18,0.00,39.25,0,0.00,0,0.00,17.93,0.00,,,,,57.18,,0.00,,,,,,,,,,,,,,,Shipped,Paid,,,,,,,10008,10571,10008-2026-000161,,,,,,,,,Etsy LS Shipping,Alex Reed,Rhea Moss,Etsy LS Marketplace,205 Mission St,Dock 5,Marketplace ship location,San Francisco,CA,94103,San Francisco,USA,ship-etsy-ls@example.com,(415) 555-1406,,,,,,,,,,,,,,,,,,,1,2026-02-11,ADELINE-02-PINK-7.5,,,WOVEN SLIDE SANDAL,,,EA,,,,,,,,2,0,,2,,11.50,11.50,23.00,23.00,0.00,,23.00,Y,N,Y,Y,,,,,,,,,,,,Shipped,N,,,,,
SO2026-000161,1,4,2026-02-11,2026-02-15,2026-02-28,2026-02-11,,,,,Etsy-LS,Etsy LS,,45,USD,39.25,39.25,57.18,0.00,39.25,0,0.00,0,0.00,17.93,0.00,,,,,57.18,,0.00,,,,,,,,,,,,,,,Shipped,Paid,,,,,,,10008,10571,10008-2026-000161,,,,,,,,,Etsy LS Shipping,Alex Reed,Rhea Moss,Etsy LS Marketplace,205 Mission St,Dock 5,Marketplace ship location,San Francisco,CA,94103,San Francisco,USA,ship-etsy-ls@example.com,(415) 555-1406,,,,,,,,,,,,,,,,,,,2,2026-02-11,AVIANA-06-BEIGE-5,,,FUR SLIPPER,,,EA,,,,,,,,1,0,,1,,16.25,16.25,16.25,16.25,0.00,,16.25,Y,N,Y,Y,,,,,,,,,,,,Shipped,N,,,,,
SO2026-000162,1,4,2026-01-17,2026-01-22,2026-02-16,2026-01-17,,,,,Magento,Magento,,30,USD,448.75,448.75,449.74,0.00,448.75,0,0.00,0,0.00,0.99,0.00,,,,,449.74,,0.00,,,,,,,,,,,,,,,Shipped,Paid,,,,,,,20003,10581,20003-2026-000162,,,,,,,,,Magento Shipping,Morgan Lee,Cora Knox,Magento Platform,216 Century Blvd,Dock 16,Platform ship location,Los Angeles,CA,90008,Los Angeles,USA,ship-magento@example.com,(213) 555-2506,,,,,,,,,,,,,,,,,,,1,2026-01-17,ASTRID-01-BLACK-9,,,SLIP ON SNEAKER,,,EA,,,,,,,,1,0,,1,,20.75,20.75,20.75,20.75,0.00,,20.75,Y,N,Y,Y,,,,,,,,,,,,Shipped,N,,,,,
SO2026-000162,1,4,2026-01-17,2026-01-22,2026-02-16,2026-01-17,,,,,Magento,Magento,,30,USD,448.75,448.75,449.74,0.00,448.75,0,0.00,0,0.00,0.99,0.00,,,,,449.74,,0.00,,,,,,,,,,,,,,,Shipped,Paid,,,,,,,20003,10581,20003-2026-000162,,,,,,,,,Magento Shipping,Morgan Lee,Cora Knox,Magento Platform,216 Century Blvd,Dock 16,Platform ship location,Los Angeles,CA,90008,Los Angeles,USA,ship-magento@example.com,(213) 555-2506,,,,,,,,,,,,,,,,,,,2,2026-01-17,FA13501DM-RINSEWSFT-29-32,809666858471,,Maya Basic Dark Handsand Wash Midrise Skinny Jeans,,,EA,,,,,,,,2,0,,2,,34.00,34.00,68.00,68.00,0.00,,68.00,Y,N,Y,Y,,,,,,,,,,,,Shipped,N,,,,,
SO2026-000162,1,4,2026-01-17,2026-01-22,2026-02-16,2026-01-17,,,,,Magento,Magento,,30,USD,448.75,448.75,449.74,0.00,448.75,0,0.00,0,0.00,0.99,0.00,,,,,449.74,,0.00,,,,,,,,,,,,,,,Shipped,Paid,,,,,,,20003,10581,20003-2026-000162,,,,,,,,,Magento Shipping,Morgan Lee,Cora Knox,Magento Platform,216 Century Blvd,Dock 16,Platform ship location,Los Angeles,CA,90008,Los Angeles,USA,ship-magento@example.com,(213) 555-2506,,,,,,,,,,,,,,,,,,,3,2026-01-17,AUSTIN-06-WHITE-S,,,SNEAKER,,,EA,,,,,,,,3,0,,3,,120.00,120.00,360.00,360.00,0.00,,360.00,Y,N,Y,Y,,,,,,,,,,,,Shipped,N,,,,,
SO2026-000163,1,4,2026-02-22,2026-02-27,2026-02-28,2026-02-22,,,,,Mirakl-HudsonsB,Mirakl HudsonsB,,60,USD,62.25,62.25,74.90,0.00,62.25,0,0.00,0,0.00,12.65,0.00,,,,,74.90,,0.00,,,,,,,,,,,,,,,Shipped,Paid,,,,,,,10005,10577,10005-2026-000163,,,,,,,,,Mirakl HudsonsB Shipping,Morgan Lee,Yara Glenn,Mirakl HudsonsB Network,212 Quail Hill Pkwy,Dock 12,Network ship location,Irvine,CA,92607,Orange,USA,ship-mirakl-hudsonsb@example.com,(949) 555-2106,,,,,,,,,,,,,,,,,,,1,2026-02-22,ASTRID-01-NUDE-12,,,SLIP ON SNEAKER,,,EA,,,,,,,,3,0,,3,,20.75,20.75,62.25,62.25,0.00,,62.25,Y,N,Y,Y,,,,,,,,,,,,Shipped,N,,,,,
SO2026-000164,1,4,2026-01-08,2026-01-10,2026-02-22,2026-01-09,,,,,Veeqo-Amazon,Veeqo Amazon,,45,USD,83.00,83.00,98.89,0.00,83.00,0,0.00,0,0.00,15.89,0.00,,,,,98.89,,0.00,,,,,,,,,,,,,,,Shipped,Paid,,,,,,,10016,10579,10016-2026-000164,,,,,,,,,Veeqo Amazon Shipping,Jamie Clark,Owen Pike,Veeqo Amazon Retail,202 Distribution Way,Dock 2,Regional ship location,Irvine,CA,92603,Orange,USA,ship-veeqo-amazon@example.com,(949) 555-1106,,,,,,,,,,,,,,,,,,,1,2026-01-08,ASTRID-01-GREY-5.5,,,SLIP ON SNEAKER,,,EA,,,,,,,,4,0,,4,,20.75,20.75,83.00,83.00,0.00,,83.00,Y,N,Y,Y,,,,,,,,,,,,Shipped,N,,,,,
SO2026-000165,1,4,2026-01-19,2026-01-19,2026-02-28,2026-01-20,,,,,Veeqo-Amazon,Veeqo Amazon,,45,USD,48.75,48.75,50.93,0.00,48.75,0,0.00,0,0.00,2.18,0.00,,,,,50.93,,0.00,,,,,,,,,,,,,,,Shipped,Paid,,,,,,,10016,10579,10016-2026-000165,,,,,,,,,Veeqo Amazon Shipping,Jamie Clark,Owen Pike,Veeqo Amazon Retail,202 Distribution Way,Dock 2,Regional ship location,Irvine,CA,92603,Orange,USA,ship-veeqo-amazon@example.com,(949) 555-1106,,,,,,,,,,,,,,,,,,,1,2026-01-19,AVIANA-06-PINK-11,,,FUR SLIPPER,,,EA,,,,,,,,3,0,,3,,16.25,16.25,48.75,48.75,0.00,,48.75,Y,N,Y,Y,,,,,,,,,,,,Shipped,N,,,,,
SO2026-000166,1,4,2026-02-08,2026-02-11,2026-02-28,2026-02-09,,,,,JCPenney,JCPenney,,30,USD,32.25,32.25,45.82,0.00,32.25,0,0.00,0,0.00,13.57,0.00,,,,,45.82,,0.00,,,,,,,,,,,,,,,Shipped,Paid,,,,,,,30007,10575,30007-2026-000166,,,,,,,,,JCPenney Shipping,Alex Reed,Zane Holt,JCPenney Stores,213 Gateway Rd,Dock 13,Retail ship location,San Diego,CA,92106,San Diego,USA,ship-jcpenney@example.com,(619) 555-2206,,,,,,,,,,,,,,,,,,,1,2026-02-08,CORA-01-TAUP-5,,,CROSS FRONT SANDAL,,,EA,,,,,,,,3,0,,3,,10.75,10.75,32.25,32.25,0.00,,32.25,Y,N,Y,Y,,,,,,,,,,,,Shipped,N,,,,,
SO2026-000167,1,4,2026-01-15,2026-01-19,2026-02-28,2026-01-17,,,,,Walmart-eComm,Walmart eComm,,45,USD,88.75,88.75,96.90,0.00,88.75,0,0.00,0,0.00,8.15,0.00,,,,,96.90,,0.00,,,,,,,,,,,,,,,Shipped,Paid,,,,,,,10002,10566,10002-2026-000167,,,,,,,,,Walmart eComm Shipping,Morgan Lee,Gavin Orr,Walmart eComm Retail,220 Townsend St,Dock 20,National ship location,San Francisco,CA,94109,San Francisco,USA,ship-walmart-ecomm@example.com,(415) 555-2906,,,,,,,,,,,,,,,,,,,1,2026-01-15,AVIANA-06-WHITE-5.5,,,FUR SLIPPER,,,EA,,,,,,,,3,0,,3,,16.25,16.25,48.75,48.75,0.00,,48.75,Y,N,Y,Y,,,,,,,,,,,,Shipped,N,,,,,
SO2026-000167,1,4,2026-01-15,2026-01-19,2026-02-28,2026-01-17,,,,,Walmart-eComm,Walmart eComm,,45,USD,88.75,88.75,96.90,0.00,88.75,0,0.00,0,0.00,8.15,0.00,,,,,96.90,,0.00,,,,,,,,,,,,,,,Shipped,Paid,,,,,,,10002,10566,10002-2026-000167,,,,,,,,,Walmart eComm Shipping,Morgan Lee,Gavin Orr,Walmart eComm Retail,220 Townsend St,Dock 20,National ship location,San Francisco,CA,94109,San Francisco,USA,ship-walmart-ecomm@example.com,(415) 555-2906,,,,,,,,,,,,,,,,,,,2,2026-01-15,AUSTIN-06-WHITE-10,,,SNEAKER,,,EA,,,,,,,,4,0,,4,,10.00,10.00,40.00,40.00,0.00,,40.00,Y,N,Y,Y,,,,,,,,,,,,Shipped,N,,,,,
SO2026-000168,1,4,2026-02-03,2026-02-05,2026-02-28,2026-02-05,,,,,Shopify,Shopify,,45,USD,154.00,154.00,171.70,0.00,154.00,0,0.00,0,0.00,17.70,0.00,,,,,171.70,,0.00,,,,,,,,,,,,,,,Shipped,Paid,,,,,,,20001,10580,20001-2026-000168,,,,,,,,,Shopify Shipping,Alex Reed,Dario Lowe,Shopify Commerce,217 Barranca Pkwy,Dock 17,Commerce ship location,Irvine,CA,92609,Orange,USA,ship-shopify@example.com,(949) 555-2606,,,,,,,,,,,,,,,,,,,1,2026-02-03,ADELINE-03-GOLD-5.5,,,BUCKLE FRONT FLAT SANDALS,,,EA,,,,,,,,2,0,,2,,18.50,18.50,37.00,37.00,0.00,,37.00,Y,N,Y,Y,,,,,,,,,,,,Shipped,N,,,,,
SO2026-000168,1,4,2026-02-03,2026-02-05,2026-02-28,2026-02-05,,,,,Shopify,Shopify,,45,USD,154.00,154.00,171.70,0.00,154.00,0,0.00,0,0.00,17.70,0.00,,,,,171.70,,0.00,,,,,,,,,,,,,,,Shipped,Paid,,,,,,,20001,10580,20001-2026-000168,,,,,,,,,Shopify Shipping,Alex Reed,Dario Lowe,Shopify Commerce,217 Barranca Pkwy,Dock 17,Commerce ship location,Irvine,CA,92609,Orange,USA,ship-shopify@example.com,(949) 555-2606,,,,,,,,,,,,,,,,,,,2,2026-02-03,FA16023WV-SLATE-M-STD,809666901108,,Olivia Slate Blue Chiffon Kimono Wrap Dress,,,EA,,,,,,,,3,0,,3,,39.00,39.00,117.00,117.00,0.00,,117.00,Y,N,Y,Y,,,,,,,,,,,,Shipped,N,,,,,
SO2026-000169,1,4,2026-01-01,2026-01-03,2026-02-28,2026-01-02,,,,,Etsy-VS,Etsy VS,,60,USD,91.00,91.00,92.06,0.00,91.00,0,0.00,0,0.00,1.06,0.00,,,,,92.06,,0.00,,,,,,,,,,,,,,,Shipped,Paid,,,,,,,10008,10572,10008-2026-000169,,,,,,,,,Etsy VS Shipping,Jamie Clark,Soren Vale,Etsy VS Marketplace,206 Pacific Hwy,Dock 6,Seasonal ship location,Los Angeles,CA,90004,Los Angeles,USA,ship-etsy-vs@example.com,(213) 555-1506,,,,,,,,,,,,,,,,,,,1,2026-01-01,AVIANA-06-BLACK-12,,,FUR SLIPPER,,,EA,,,,,,,,2,0,,2,,16.25,16.25,32.50,32.50,0.00,,32.50,Y,N,Y,Y,,,,,,,,,,,,Shipped,N,,,,,
SO2026-000169,1,4,2026-01-01,2026-01-03,2026-02-28,2026-01-02,,,,,Etsy-VS,Etsy VS,,60,USD,91.00,91.00,92.06,0.00,91.00,0,0.00,0,0.00,1.06,0.00,,,,,92.06,,0.00,,,,,,,,,,,,,,,Shipped,Paid,,,,,,,10008,10572,10008-2026-000169,,,,,,,,,Etsy VS Shipping,Jamie Clark,Soren Vale,Etsy VS Marketplace,206 Pacific Hwy,Dock 6,Seasonal ship location,Los Angeles,CA,90004,Los Angeles,USA,ship-etsy-vs@example.com,(213) 555-1506,,,,,,,,,,,,,,,,,,,2,2026-01-01,ADELINE-02-BLACK-9,,,WOVEN SLIDE SANDAL,,,EA,,,,,,,,3,0,,3,,11.50,11.50,34.50,34.50,0.00,,34.50,Y,N,Y,Y,,,,,,,,,,,,Shipped,N,,,,,
SO2026-000169,1,4,2026-01-01,2026-01-03,2026-02-28,2026-01-02,,,,,Etsy-VS,Etsy VS,,60,USD,91.00,91.00,92.06,0.00,91.00,0,0.00,0,0.00,1.06,0.00,,,,,92.06,,0.00,,,,,,,,,,,,,,,Shipped,Paid,,,,,,,10008,10572,10008-2026-000169,,,,,,,,,Etsy VS Shipping,Jamie Clark,Soren Vale,Etsy VS Marketplace,206 Pacific Hwy,Dock 6,Seasonal ship location,Los Angeles,CA,90004,Los Angeles,USA,ship-etsy-vs@example.com,(213) 555-1506,,,,,,,,,,,,,,,,,,,3,2026-01-01,CAMILA-06-TAUPE-12,,,COSS FRONT SLIP ON SLIDES,,,EA,,,,,,,,3,0,,3,,8.00,8.00,24.00,24.00,0.00,,24.00,Y,N,Y,Y,,,,,,,,,,,,Shipped,N,,,,,
SO2026-000170,1,4,2026-02-04,2026-02-07,2026-02-28,2026-02-05,,,,,eBay,eBay,,30,USD,196.25,196.25,200.67,0.00,196.25,0,0.00,0,0.00,4.42,0.00,,,,,200.67,,0.00,,,,,,,,,,,,,,,Shipped,Paid,,,,,,,10004,10570,10004-2026-000170,,,,,,,,,eBay Shipping,Morgan Lee,Quentin Hale,eBay Commerce,204 Fulfillment Ave,Dock 4,Standard ship location,San Jose,CA,95111,Santa Clara,USA,ship-ebay@example.com,(408) 555-1306,,,,,,,,,,,,,,,,,,,1,2026-02-04,CORA-01-CAME-11,,,CROSS FRONT SANDAL,,,EA,,,,,,,,3,0,,3,,10.75,10.75,32.25,32.25,0.00,,32.25,Y,N,Y,Y,,,,,,,,,,,,Shipped,N,,,,,
SO2026-000170,1,4,2026-02-04,2026-02-07,2026-02-28,2026-02-05,,,,,eBay,eBay,,30,USD,196.25,196.25,200.67,0.00,196.25,0,0.00,0,0.00,4.42,0.00,,,,,200.67,,0.00,,,,,,,,,,,,,,,Shipped,Paid,,,,,,,10004,10570,10004-2026-000170,,,,,,,,,eBay Shipping,Morgan Lee,Quentin Hale,eBay Commerce,204 Fulfillment Ave,Dock 4,Standard ship location,San Jose,CA,95111,Santa Clara,USA,ship-ebay@example.com,(408) 555-1306,,,,,,,,,,,,,,,,,,,2,2026-02-04,CAMILA-06-BLACK-8.5,,,COSS FRONT SLIP ON SLIDES,,,EA,,,,,,,,1,0,,1,,8.00,8.00,8.00,8.00,0.00,,8.00,Y,N,Y,Y,,,,,,,,,,,,Shipped,N,,,,,
SO2026-000170,1,4,2026-02-04,2026-02-07,2026-02-28,2026-02-05,,,,,eBay,eBay,,30,USD,196.25,196.25,200.67,0.00,196.25,0,0.00,0,0.00,4.42,0.00,,,,,200.67,,0.00,,,,,,,,,,,,,,,Shipped,Paid,,,,,,,10004,10570,10004-2026-000170,,,,,,,,,eBay Shipping,Morgan Lee,Quentin Hale,eBay Commerce,204 Fulfillment Ave,Dock 4,Standard ship location,San Jose,CA,95111,Santa Clara,USA,ship-ebay@example.com,(408) 555-1306,,,,,,,,,,,,,,,,,,,3,2026-02-04,FA16023WV-SMOKEYROSE,,,GGT wrap kimono maxi dress,,,EA,,,,,,,,4,0,,4,,39.00,39.00,156.00,156.00,0.00,,156.00,Y,N,Y,Y,,,,,,,,,,,,Shipped,N,,,,,
SO2026-000171,1,4,2026-02-21,2026-02-21,2026-02-28,2026-02-22,,,,,Mirakl-Kohls,Mirakl Kohls,,45,USD,295.00,295.00,307.23,0.00,295.00,0,0.00,0,0.00,12.23,0.00,,,,,307.23,,0.00,,,,,,,,,,,,,,,Shipped,Paid,,,,,,,10013,10576,10013-2026-000171,,,,,,,,,Mirakl Kohls Shipping,Jamie Clark,Asha Ives,Mirakl Kohls Network,214 Silver Creek Rd,Dock 14,Partner ship location,San Jose,CA,95115,Santa Clara,USA,ship-mirakl-kohls@example.com,(408) 555-2306,,,,,,,,,,,,,,,,,,,1,2026-02-21,AUSTIN-06-BLUSH-B12,,,SNEAKER,,,EA,,,,,,,,2,0,,2,,120.00,120.00,240.00,240.00,0.00,,240.00,Y,N,Y,Y,,,,,,,,,,,,Shipped,N,,,,,
SO2026-000171,1,4,2026-02-21,2026-02-21,2026-02-28,2026-02-22,,,,,Mirakl-Kohls,Mirakl Kohls,,45,USD,295.00,295.00,307.23,0.00,295.00,0,0.00,0,0.00,12.23,0.00,,,,,307.23,,0.00,,,,,,,,,,,,,,,Shipped,Paid,,,,,,,10013,10576,10013-2026-000171,,,,,,,,,Mirakl Kohls Shipping,Jamie Clark,Asha Ives,Mirakl Kohls Network,214 Silver Creek Rd,Dock 14,Partner ship location,San Jose,CA,95115,Santa Clara,USA,ship-mirakl-kohls@example.com,(408) 555-2306,,,,,,,,,,,,,,,,,,,2,2026-02-21,CAMILA-06-TAUPE-9,,,COSS FRONT SLIP ON SLIDES,,,EA,,,,,,,,4,0,,4,,8.00,8.00,32.00,32.00,0.00,,32.00,Y,N,Y,Y,,,,,,,,,,,,Shipped,N,,,,,
SO2026-000171,1,4,2026-02-21,2026-02-21,2026-02-28,2026-02-22,,,,,Mirakl-Kohls,Mirakl Kohls,,45,USD,295.00,295.00,307.23,0.00,295.00,0,0.00,0,0.00,12.23,0.00,,,,,307.23,,0.00,,,,,,,,,,,,,,,Shipped,Paid,,,,,,,10013,10576,10013-2026-000171,,,,,,,,,Mirakl Kohls Shipping,Jamie Clark,Asha Ives,Mirakl Kohls Network,214 Silver Creek Rd,Dock 14,Partner ship location,San Jose,CA,95115,Santa Clara,USA,ship-mirakl-kohls@example.com,(408) 555-2306,,,,,,,,,,,,,,,,,,,3,2026-02-21,ADELINE-02-NUDE-10,,,WOVEN SLIDE SANDAL,,,EA,,,,,,,,2,0,,2,,11.50,11.50,23.00,23.00,0.00,,23.00,Y,N,Y,Y,,,,,,,,,,,,Shipped,N,,,,,
SO2026-000172,1,4,2026-02-17,2026-02-19,2026-02-28,2026-02-17,,,,,Macys,Macys,,60,USD,189.75,189.75,189.75,0.00,189.75,0,0.00,0,0.00,0.00,0.00,,,,,189.75,,0.00,,,,,,,,,,,,,,,Shipped,Paid,,,,,,,30005,10574,30005-2026-000172,,,,,,,,,Macys Shipping,Taylor Kim,Blake Jett,Macys Stores,215 King St,Dock 15,Department ship location,San Francisco,CA,94107,San Francisco,USA,ship-macys@example.com,(415) 555-2406,,,,,,,,,,,,,,,,,,,1,2026-02-17,CORA-01-LEOP-9.5,,,CROSS FRONT SANDAL,,,EA,,,,,,,,2,0,,2,,10.75,10.75,21.50,21.50,0.00,,21.50,Y,N,Y,Y,,,,,,,,,,,,Shipped,N,,,,,
SO2026-000172,1,4,2026-02-17,2026-02-19,2026-02-28,2026-02-17,,,,,Macys,Macys,,60,USD,189.75,189.75,189.75,0.00,189.75,0,0.00,0,0.00,0.00,0.00,,,,,189.75,,0.00,,,,,,,,,,,,,,,Shipped,Paid,,,,,,,30005,10574,30005-2026-000172,,,,,,,,,Macys Shipping,Taylor Kim,Blake Jett,Macys Stores,215 King St,Dock 15,Department ship location,San Francisco,CA,94107,San Francisco,USA,ship-macys@example.com,(415) 555-2406,,,,,,,,,,,,,,,,,,,2,2026-02-17,CORA-01-LEOP-8,,,CROSS FRONT SANDAL,,,EA,,,,,,,,3,0,,3,,10.75,10.75,32.25,32.25,0.00,,32.25,Y,N,Y,Y,,,,,,,,,,,,Shipped,N,,,,,
SO2026-000172,1,4,2026-02-17,2026-02-19,2026-02-28,2026-02-17,,,,,Macys,Macys,,60,USD,189.75,189.75,189.75,0.00,189.75,0,0.00,0,0.00,0.00,0.00,,,,,189.75,,0.00,,,,,,,,,,,,,,,Shipped,Paid,,,,,,,30005,10574,30005-2026-000172,,,,,,,,,Macys Shipping,Taylor Kim,Blake Jett,Macys Stores,215 King St,Dock 15,Department ship location,San Francisco,CA,94107,San Francisco,USA,ship-macys@example.com,(415) 555-2406,,,,,,,,,,,,,,,,,,,3,2026-02-17,F13031C-1742VNTGCO-27-STD,809666254891,,Cayden Vintage Beujolias Corduroy Skinny Jeans,,,EA,,,,,,,,4,0,,4,,34.00,34.00,136.00,136.00,0.00,,136.00,Y,N,Y,Y,,,,,,,,,,,,Shipped,N,,,,,
SO2026-000173,1,4,2026-02-05,2026-02-05,2026-02-28,2026-02-05,,,,,Mirakl-HudsonsB,Mirakl HudsonsB,,60,USD,120.00,120.00,129.15,0.00,120.00,0,0.00,0,0.00,9.15,0.00,,,,,129.15,,0.00,,,,,,,,,,,,,,,Shipped,Paid,,,,,,,10005,10577,10005-2026-000173,,,,,,,,,Mirakl HudsonsB Shipping,Morgan Lee,Yara Glenn,Mirakl HudsonsB Network,212 Quail Hill Pkwy,Dock 12,Network ship location,Irvine,CA,92607,Orange,USA,ship-mirakl-hudsonsb@example.com,(949) 555-2106,,,,,,,,,,,,,,,,,,,1,2026-02-05,AUSTIN-06-BLUSH-A12,,,SNEAKER,,,EA,,,,,,,,1,0,,1,,120.00,120.00,120.00,120.00,0.00,,120.00,Y,N,Y,Y,,,,,,,,,,,,Shipped,N,,,,,
SO2026-000174,1,4,2026-01-31,2026-02-05,2026-02-28,2026-02-01,,,,,JCPenney,JCPenney,,30,USD,168.25,168.25,173.99,0.00,168.25,0,0.00,0,0.00,5.74,0.00,,,,,173.99,,0.00,,,,,,,,,,,,,,,Shipped,Paid,,,,,,,30007,10575,30007-2026-000174,,,,,,,,,JCPenney Shipping,Alex Reed,Zane Holt,JCPenney Stores,213 Gateway Rd,Dock 13,Retail ship location,San Diego,CA,92106,San Diego,USA,ship-jcpenney@example.com,(619) 555-2206,,,,,,,,,,,,,,,,,,,1,2026-01-31,CORA-01-CAME-10,,,CROSS FRONT SANDAL,,,EA,,,,,,,,3,0,,3,,10.75,10.75,32.25,32.25,0.00,,32.25,Y,N,Y,Y,,,,,,,,,,,,Shipped,N,,,,,
SO2026-000174,1,4,2026-01-31,2026-02-05,2026-02-28,2026-02-01,,,,,JCPenney,JCPenney,,30,USD,168.25,168.25,173.99,0.00,168.25,0,0.00,0,0.00,5.74,0.00,,,,,173.99,,0.00,,,,,,,,,,,,,,,Shipped,Paid,,,,,,,30007,10575,30007-2026-000174,,,,,,,,,JCPenney Shipping,Alex Reed,Zane Holt,JCPenney Stores,213 Gateway Rd,Dock 13,Retail ship location,San Diego,CA,92106,San Diego,USA,ship-jcpenney@example.com,(619) 555-2206,,,,,,,,,,,,,,,,,,,2,2026-01-31,FA13501DM-RINSEWSFT-28-32,809666858464,,Maya Basic Dark Handsand Wash Midrise Skinny Jeans,,,EA,,,,,,,,4,0,,4,,34.00,34.00,136.00,136.00,0.00,,136.00,Y,N,Y,Y,,,,,,,,,,,,Shipped,N,,,,,
SO2026-000175,1,4,2026-01-06,2026-01-07,2026-02-28,2026-01-07,,,,,Macys,Macys,,60,USD,78.00,78.00,95.46,0.00,78.00,0,0.00,0,0.00,17.46,0.00,,,,,95.46,,0.00,,,,,,,,,,,,,,,Shipped,Paid,,,,,,,30005,10574,30005-2026-000175,,,,,,,,,Macys Shipping,Taylor Kim,Blake Jett,Macys Stores,215 King St,Dock 15,Department ship location,San Francisco,CA,94107,San Francisco,USA,ship-macys@example.com,(415) 555-2406,,,,,,,,,,,,,,,,,,,1,2026-01-06,FA16023WV-MIDNIGHTCAMO-S-STD,809666795752,,Olivia Woven Chiffon Camo Print Kimono Wrap Maxi Dress,,,EA,,,,,,,,2,0,,2,,39.00,39.00,78.00,78.00,0.00,,78.00,Y,N,Y,Y,,,,,,,,,,,,Shipped,N,,,,,
SO2026-000176,1,4,2026-02-09,2026-02-12,2026-02-28,2026-02-10,,,,,Veeqo-Amazon,Veeqo Amazon,,45,USD,124.00,124.00,140.42,0.00,124.00,0,0.00,0,0.00,16.42,0.00,,,,,140.42,,0.00,,,,,,,,,,,,,,,Shipped,Paid,,,,,,,10016,10579,10016-2026-000176,,,,,,,,,Veeqo Amazon Shipping,Jamie Clark,Owen Pike,Veeqo Amazon Retail,202 Distribution Way,Dock 2,Regional ship location,Irvine,CA,92603,Orange,USA,ship-veeqo-amazon@example.com,(949) 555-1106,,,,,,,,,,,,,,,,,,,1,2026-02-09,CAMILA-06-NUDE-5,,,COSS FRONT SLIP ON SLIDES,,,EA,,,,,,,,4,0,,4,,8.00,8.00,32.00,32.00,0.00,,32.00,Y,N,Y,Y,,,,,,,,,,,,Shipped,N,,,,,
SO2026-000176,1,4,2026-02-09,2026-02-12,2026-02-28,2026-02-10,,,,,Veeqo-Amazon,Veeqo Amazon,,45,USD,124.00,124.00,140.42,0.00,124.00,0,0.00,0,0.00,16.42,0.00,,,,,140.42,,0.00,,,,,,,,,,,,,,,Shipped,Paid,,,,,,,10016,10579,10016-2026-000176,,,,,,,,,Veeqo Amazon Shipping,Jamie Clark,Owen Pike,Veeqo Amazon Retail,202 Distribution Way,Dock 2,Regional ship location,Irvine,CA,92603,Orange,USA,ship-veeqo-amazon@example.com,(949) 555-1106,,,,,,,,,,,,,,,,,,,2,2026-02-09,CAMILA-06-NUDE-12,,,COSS FRONT SLIP ON SLIDES,,,EA,,,,,,,,3,0,,3,,8.00,8.00,24.00,24.00,0.00,,24.00,Y,N,Y,Y,,,,,,,,,,,,Shipped,N,,,,,
SO2026-000176,1,4,2026-02-09,2026-02-12,2026-02-28,2026-02-10,,,,,Veeqo-Amazon,Veeqo Amazon,,45,USD,124.00,124.00,140.42,0.00,124.00,0,0.00,0,0.00,16.42,0.00,,,,,140.42,,0.00,,,,,,,,,,,,,,,Shipped,Paid,,,,,,,10016,10579,10016-2026-000176,,,,,,,,,Veeqo Amazon Shipping,Jamie Clark,Owen Pike,Veeqo Amazon Retail,202 Distribution Way,Dock 2,Regional ship location,Irvine,CA,92603,Orange,USA,ship-veeqo-amazon@example.com,(949) 555-1106,,,,,,,,,,,,,,,,,,,3,2026-02-09,F13031C-1742VNTGCO-28-STD,809666254907,,Cayden Vintage Beujolias Corduroy Skinny Jeans,,,EA,,,,,,,,2,0,,2,,34.00,34.00,68.00,68.00,0.00,,68.00,Y,N,Y,Y,,,,,,,,,,,,Shipped,N,,,,,
SO2026-000177,1,4,2026-01-13,2026-01-14,2026-02-12,2026-01-13,,,,,eBay,eBay,,30,USD,41.50,41.50,47.35,0.00,41.50,0,0.00,0,0.00,5.85,0.00,,,,,47.35,,0.00,,,,,,,,,,,,,,,Shipped,Paid,,,,,,,10004,10570,10004-2026-000177,,,,,,,,,eBay Shipping,Morgan Lee,Quentin Hale,eBay Commerce,204 Fulfillment Ave,Dock 4,Standard ship location,San Jose,CA,95111,Santa Clara,USA,ship-ebay@example.com,(408) 555-1306,,,,,,,,,,,,,,,,,,,1,2026-01-13,ASTRID-01-GREY-11,,,SLIP ON SNEAKER,,,EA,,,,,,,,2,0,,2,,20.75,20.75,41.50,41.50,0.00,,41.50,Y,N,Y,Y,,,,,,,,,,,,Shipped,N,,,,,
SO2026-000178,1,4,2026-01-03,2026-01-03,2026-02-02,2026-01-03,,,,,JCPenney,JCPenney,,30,USD,344.50,344.50,345.46,0.00,344.50,0,0.00,0,0.00,0.96,0.00,,,,,345.46,,0.00,,,,,,,,,,,,,,,Shipped,Paid,,,,,,,30007,10575,30007-2026-000178,,,,,,,,,JCPenney Shipping,Alex Reed,Zane Holt,JCPenney Stores,213 Gateway Rd,Dock 13,Retail ship location,San Diego,CA,92106,San Diego,USA,ship-jcpenney@example.com,(619) 555-2206,,,,,,,,,,,,,,,,,,,1,2026-01-03,ADELINE-03-TAUPE-10,,,BUCKLE FRONT FLAT SANDALS,,,EA,,,,,,,,3,0,,3,,18.50,18.50,55.50,55.50,0.00,,55.50,Y,N,Y,Y,,,,,,,,,,,,Shipped,N,,,,,
SO2026-000178,1,4,2026-01-03,2026-01-03,2026-02-02,2026-01-03,,,,,JCPenney,JCPenney,,30,USD,344.50,344.50,345.46,0.00,344.50,0,0.00,0,0.00,0.96,0.00,,,,,345.46,,0.00,,,,,,,,,,,,,,,Shipped,Paid,,,,,,,30007,10575,30007-2026-000178,,,,,,,,,JCPenney Shipping,Alex Reed,Zane Holt,JCPenney Stores,213 Gateway Rd,Dock 13,Retail ship location,San Diego,CA,92106,San Diego,USA,ship-jcpenney@example.com,(619) 555-2206,,,,,,,,,,,,,,,,,,,2,2026-01-03,FD9801506P-CHERRY-1X-STD,809666395310,,Natalia Solid Button-Up Wrap Lantern Sleeve Dress,,,EA,,,,,,,,1,0,,1,,49.00,49.00,49.00,49.00,0.00,,49.00,Y,N,Y,Y,,,,,,,,,,,,Shipped,N,,,,,
SO2026-000178,1,4,2026-01-03,2026-01-03,2026-02-02,2026-01-03,,,,,JCPenney,JCPenney,,30,USD,344.50,344.50,345.46,0.00,344.50,0,0.00,0,0.00,0.96,0.00,,,,,345.46,,0.00,,,,,,,,,,,,,,,Shipped,Paid,,,,,,,30007,10575,30007-2026-000178,,,,,,,,,JCPenney Shipping,Alex Reed,Zane Holt,JCPenney Stores,213 Gateway Rd,Dock 13,Retail ship location,San Diego,CA,92106,San Diego,USA,ship-jcpenney@example.com,(619) 555-2206,,,,,,,,,,,,,,,,,,,3,2026-01-03,AUSTIN-06-NUDE-A12,,,SNEAKER,,,EA,,,,,,,,2,0,,2,,120.00,120.00,240.00,240.00,0.00,,240.00,Y,N,Y,Y,,,,,,,,,,,,Shipped,N,,,,,
SO2026-000179,1,4,2026-02-26,2026-02-27,2026-02-28,2026-02-27,,,,,eBay,eBay,,30,USD,48.00,48.00,61.29,0.00,48.00,0,0.00,0,0.00,13.29,0.00,,,,,61.29,,0.00,,,,,,,,,,,,,,,Shipped,Paid,,,,,,,10004,10570,10004-2026-000179,,,,,,,,,eBay Shipping,Morgan Lee,Quentin Hale,eBay Commerce,204 Fulfillment Ave,Dock 4,Standard ship location,San Jose,CA,95111,Santa Clara,USA,ship-ebay@example.com,(408) 555-1306,,,,,,,,,,,,,,,,,,,1,2026-02-26,173451-1183CITIZEN-11-34,809666377781,,Susan Stretch Denim Skinny Jeans Medium Blue 5 Pocket Wash,,,EA,,,,,,,,2,0,,2,,24.00,24.00,48.00,48.00,0.00,,48.00,Y,N,Y,Y,,,,,,,,,,,,Shipped,N,,,,,
SO2026-000180,1,4,2026-02-10,2026-02-10,2026-02-28,2026-02-10,,,,,Macys,Macys,,60,USD,71.50,71.50,83.95,0.00,71.50,0,0.00,0,0.00,12.45,0.00,,,,,83.95,,0.00,,,,,,,,,,,,,,,Shipped,Paid,,,,,,,30005,10574,30005-2026-000180,,,,,,,,,Macys Shipping,Taylor Kim,Blake Jett,Macys Stores,215 King St,Dock 15,Department ship location,San Francisco,CA,94107,San Francisco,USA,ship-macys@example.com,(415) 555-2406,,,,,,,,,,,,,,,,,,,1,2026-02-10,AUSTIN-06-NUDE-5.5,,,SNEAKER,,,EA,,,,,,,,3,0,,3,,10.00,10.00,30.00,30.00,0.00,,30.00,Y,N,Y,Y,,,,,,,,,,,,Shipped,N,,,,,
SO2026-000180,1,4,2026-02-10,2026-02-10,2026-02-28,2026-02-10,,,,,Macys,Macys,,60,USD,71.50,71.50,83.95,0.00,71.50,0,0.00,0,0.00,12.45,0.00,,,,,83.95,,0.00,,,,,,,,,,,,,,,Shipped,Paid,,,,,,,30005,10574,30005-2026-000180,,,,,,,,,Macys Shipping,Taylor Kim,Blake Jett,Macys Stores,215 King St,Dock 15,Department ship location,San Francisco,CA,94107,San Francisco,USA,ship-macys@example.com,(415) 555-2406,,,,,,,,,,,,,,,,,,,2,2026-02-10,ASTRID-01-GREY-8.5,,,SLIP ON SNEAKER,,,EA,,,,,,,,2,0,,2,,20.75,20.75,41.50,41.50,0.00,,41.50,Y,N,Y,Y,,,,,,,,,,,,Shipped,N,,,,,
SO2026-000181,1,4,2026-01-31,2026-02-04,2026-02-28,2026-01-31,,,,,Squarespace,Squarespace,,60,USD,210.00,210.00,221.15,0.00,210.00,0,0.00,0,0.00,11.15,0.00,,,,,221.15,,0.00,,,,,,,,,,,,,,,Shipped,Paid,,,,,,,20006,10582,20006-2026-000181,,,,,,,,,Squarespace Shipping,Jamie Clark,Elin Marsh,Squarespace Digital,218 Camino Del Rio,Dock 18,Digital ship location,San Diego,CA,92108,San Diego,USA,ship-squarespace@example.com,(619) 555-2706,,,,,,,,,,,,,,,,,,,1,2026-01-31,ADELINE-03-BLUE-5,,,BUCKLE FRONT FLAT SANDALS,,,EA,,,,,,,,3,0,,3,,18.50,18.50,55.50,55.50,0.00,,55.50,Y,N,Y,Y,,,,,,,,,,,,Shipped,N,,,,,
SO2026-000181,1,4,2026-01-31,2026-02-04,2026-02-28,2026-01-31,,,,,Squarespace,Squarespace,,60,USD,210.00,210.00,221.15,0.00,210.00,0,0.00,0,0.00,11.15,0.00,,,,,221.15,,0.00,,,,,,,,,,,,,,,Shipped,Paid,,,,,,,20006,10582,20006-2026-000181,,,,,,,,,Squarespace Shipping,Jamie Clark,Elin Marsh,Squarespace Digital,218 Camino Del Rio,Dock 18,Digital ship location,San Diego,CA,92108,San Diego,USA,ship-squarespace@example.com,(619) 555-2706,,,,,,,,,,,,,,,,,,,2,2026-01-31,ADELINE-02-BLACK-10,,,WOVEN SLIDE SANDAL,,,EA,,,,,,,,3,0,,3,,11.50,11.50,34.50,34.50,0.00,,34.50,Y,N,Y,Y,,,,,,,,,,,,Shipped,N,,,,,
SO2026-000181,1,4,2026-01-31,2026-02-04,2026-02-28,2026-01-31,,,,,Squarespace,Squarespace,,60,USD,210.00,210.00,221.15,0.00,210.00,0,0.00,0,0.00,11.15,0.00,,,,,221.15,,0.00,,,,,,,,,,,,,,,Shipped,Paid,,,,,,,20006,10582,20006-2026-000181,,,,,,,,,Squarespace Shipping,Jamie Clark,Elin Marsh,Squarespace Digital,218 Camino Del Rio,Dock 18,Digital ship location,San Diego,CA,92108,San Diego,USA,ship-squarespace@example.com,(619) 555-2706,,,,,,,,,,,,,,,,,,,3,2026-01-31,AUSTIN-06-CAMEL-S,,,SNEAKER,,,EA,,,,,,,,1,0,,1,,120.00,120.00,120.00,120.00,0.00,,120.00,Y,N,Y,Y,,,,,,,,,,,,Shipped,N,,,,,
SO2026-000182,1,4,2026-01-19,2026-01-23,2026-02-28,2026-01-20,,,,,Shopify,Shopify,,45,USD,192.00,192.00,201.48,0.00,192.00,0,0.00,0,0.00,9.48,0.00,,,,,201.48,,0.00,,,,,,,,,,,,,,,Shipped,Paid,,,,,,,20001,10580,20001-2026-000182,,,,,,,,,Shopify Shipping,Alex Reed,Dario Lowe,Shopify Commerce,217 Barranca Pkwy,Dock 17,Commerce ship location,Irvine,CA,92609,Orange,USA,ship-shopify@example.com,(949) 555-2606,,,,,,,,,,,,,,,,,,,1,2026-01-19,CAMILA-06-NUDE-6,,,COSS FRONT SLIP ON SLIDES,,,EA,,,,,,,,3,0,,3,,8.00,8.00,24.00,24.00,0.00,,24.00,Y,N,Y,Y,,,,,,,,,,,,Shipped,N,,,,,
SO2026-000182,1,4,2026-01-19,2026-01-23,2026-02-28,2026-01-20,,,,,Shopify,Shopify,,45,USD,192.00,192.00,201.48,0.00,192.00,0,0.00,0,0.00,9.48,0.00,,,,,201.48,,0.00,,,,,,,,,,,,,,,Shipped,Paid,,,,,,,20001,10580,20001-2026-000182,,,,,,,,,Shopify Shipping,Alex Reed,Dario Lowe,Shopify Commerce,217 Barranca Pkwy,Dock 17,Commerce ship location,Irvine,CA,92609,Orange,USA,ship-shopify@example.com,(949) 555-2606,,,,,,,,,,,,,,,,,,,2,2026-01-19,CAMILA-06-NUDE-11,,,COSS FRONT SLIP ON SLIDES,,,EA,,,,,,,,4,0,,4,,8.00,8.00,32.00,32.00,0.00,,32.00,Y,N,Y,Y,,,,,,,,,,,,Shipped,N,,,,,
SO2026-000182,1,4,2026-01-19,2026-01-23,2026-02-28,2026-01-20,,,,,Shopify,Shopify,,45,USD,192.00,192.00,201.48,0.00,192.00,0,0.00,0,0.00,9.48,0.00,,,,,201.48,,0.00,,,,,,,,,,,,,,,Shipped,Paid,,,,,,,20001,10580,20001-2026-000182,,,,,,,,,Shopify Shipping,Alex Reed,Dario Lowe,Shopify Commerce,217 Barranca Pkwy,Dock 17,Commerce ship location,Irvine,CA,92609,Orange,USA,ship-shopify@example.com,(949) 555-2606,,,,,,,,,,,,,,,,,,,3,2026-01-19,F13031C-1742VNTGBJ,,,Five-pocket stretch woven corduroy skinny pants with wine stitching and copper hardware.,,,EA,,,,,,,,4,0,,4,,34.00,34.00,136.00,136.00,0.00,,136.00,Y,N,Y,Y,,,,,,,,,,,,Shipped,N,,,,,
SO2026-000183,1,4,2026-02-17,2026-02-20,2026-02-28,2026-02-17,,,,,Mirakl-HudsonsB,Mirakl HudsonsB,,60,USD,136.00,136.00,148.41,0.00,136.00,0,0.00,0,0.00,12.41,0.00,,,,,148.41,,0.00,,,,,,,,,,,,,,,Shipped,Paid,,,,,,,10005,10577,10005-2026-000183,,,,,,,,,Mirakl HudsonsB Shipping,Morgan Lee,Yara Glenn,Mirakl HudsonsB Network,212 Quail Hill Pkwy,Dock 12,Network ship location,Irvine,CA,92607,Orange,USA,ship-mirakl-hudsonsb@example.com,(949) 555-2106,,,,,,,,,,,,,,,,,,,1,2026-02-17,F13031C-1742VNTGDM-30-STD,809666255010,,Cayden Vintage Beujolias Corduroy Skinny Jeans,,,EA,,,,,,,,4,0,,4,,34.00,34.00,136.00,136.00,0.00,,136.00,Y,N,Y,Y,,,,,,,,,,,,Shipped,N,,,,,
SO2026-000184,1,4,2026-02-02,2026-02-02,2026-02-28,2026-02-03,,,,,Mirakl-HudsonsB,Mirakl HudsonsB,,60,USD,387.00,387.00,393.78,0.00,387.00,0,0.00,0,0.00,6.78,0.00,,,,,393.78,,0.00,,,,,,,,,,,,,,,Shipped,Paid,,,,,,,10005,10577,10005-2026-000184,,,,,,,,,Mirakl HudsonsB Shipping,Morgan Lee,Yara Glenn,Mirakl HudsonsB Network,212 Quail Hill Pkwy,Dock 12,Network ship location,Irvine,CA,92607,Orange,USA,ship-mirakl-hudsonsb@example.com,(949) 555-2106,,,,,,,,,,,,,,,,,,,1,2026-02-02,CORA-01-TAUP-B12,,,CROSS FRONT SANDAL,,,EA,,,,,,,,3,0,,3,,129.00,129.00,387.00,387.00,0.00,,387.00,Y,N,Y,Y,,,,,,,,,,,,Shipped,N,,,,,
SO2026-000185,1,4,2026-01-27,2026-01-28,2026-02-28,2026-01-29,,,,,Etsy-VS,Etsy VS,,60,USD,185.75,185.75,192.14,0.00,185.75,0,0.00,0,0.00,6.39,0.00,,,,,192.14,,0.00,,,,,,,,,,,,,,,Shipped,Paid,,,,,,,10008,10572,10008-2026-000185,,,,,,,,,Etsy VS Shipping,Jamie Clark,Soren Vale,Etsy VS Marketplace,206 Pacific Hwy,Dock 6,Seasonal ship location,Los Angeles,CA,90004,Los Angeles,USA,ship-etsy-vs@example.com,(213) 555-1506,,,,,,,,,,,,,,,,,,,1,2026-01-27,CORA-01-LEOP-9,,,CROSS FRONT SANDAL,,,EA,,,,,,,,2,0,,2,,10.75,10.75,21.50,21.50,0.00,,21.50,Y,N,Y,Y,,,,,,,,,,,,Shipped,N,,,,,
SO2026-000185,1,4,2026-01-27,2026-01-28,2026-02-28,2026-01-29,,,,,Etsy-VS,Etsy VS,,60,USD,185.75,185.75,192.14,0.00,185.75,0,0.00,0,0.00,6.39,0.00,,,,,192.14,,0.00,,,,,,,,,,,,,,,Shipped,Paid,,,,,,,10008,10572,10008-2026-000185,,,,,,,,,Etsy VS Shipping,Jamie Clark,Soren Vale,Etsy VS Marketplace,206 Pacific Hwy,Dock 6,Seasonal ship location,Los Angeles,CA,90004,Los Angeles,USA,ship-etsy-vs@example.com,(213) 555-1506,,,,,,,,,,,,,,,,,,,2,2026-01-27,F13031C-1742VNTGST-32-STD,809666255126,,Cayden Vintage Beujolias Corduroy Skinny Jeans,,,EA,,,,,,,,3,0,,3,,34.00,34.00,102.00,102.00,0.00,,102.00,Y,N,Y,Y,,,,,,,,,,,,Shipped,N,,,,,
SO2026-000185,1,4,2026-01-27,2026-01-28,2026-02-28,2026-01-29,,,,,Etsy-VS,Etsy VS,,60,USD,185.75,185.75,192.14,0.00,185.75,0,0.00,0,0.00,6.39,0.00,,,,,192.14,,0.00,,,,,,,,,,,,,,,Shipped,Paid,,,,,,,10008,10572,10008-2026-000185,,,,,,,,,Etsy VS Shipping,Jamie Clark,Soren Vale,Etsy VS Marketplace,206 Pacific Hwy,Dock 6,Seasonal ship location,Los Angeles,CA,90004,Los Angeles,USA,ship-etsy-vs@example.com,(213) 555-1506,,,,,,,,,,,,,,,,,,,3,2026-01-27,ASTRID-01-BLACK-12,,,SLIP ON SNEAKER,,,EA,,,,,,,,3,0,,3,,20.75,20.75,62.25,62.25,0.00,,62.25,Y,N,Y,Y,,,,,,,,,,,,Shipped,N,,,,,
SO2026-000186,1,4,2026-01-29,2026-01-29,2026-02-28,2026-01-31,,,,,Mirakl-Kohls,Mirakl Kohls,,45,USD,43.00,43.00,57.55,0.00,43.00,0,0.00,0,0.00,14.55,0.00,,,,,57.55,,0.00,,,,,,,,,,,,,,,Shipped,Paid,,,,,,,10013,10576,10013-2026-000186,,,,,,,,,Mirakl Kohls Shipping,Jamie Clark,Asha Ives,Mirakl Kohls Network,214 Silver Creek Rd,Dock 14,Partner ship location,San Jose,CA,95115,Santa Clara,USA,ship-mirakl-kohls@example.com,(408) 555-2306,,,,,,,,,,,,,,,,,,,1,2026-01-29,CORA-01-FUCH-8,,,CROSS FRONT SANDAL,,,EA,,,,,,,,4,0,,4,,10.75,10.75,43.00,43.00,0.00,,43.00,Y,N,Y,Y,,,,,,,,,,,,Shipped,N,,,,,
SO2026-000187,1,4,2026-02-20,2026-02-24,2026-02-28,2026-02-22,,,,,Magento,Magento,,30,USD,184.00,184.00,197.96,0.00,184.00,0,0.00,0,0.00,13.96,0.00,,,,,197.96,,0.00,,,,,,,,,,,,,,,Shipped,Paid,,,,,,,20003,10581,20003-2026-000187,,,,,,,,,Magento Shipping,Morgan Lee,Cora Knox,Magento Platform,216 Century Blvd,Dock 16,Platform ship location,Los Angeles,CA,90008,Los Angeles,USA,ship-magento@example.com,(213) 555-2506,,,,,,,,,,,,,,,,,,,1,2026-02-20,F13T007SS-CABERNET,,,F13T007SS-CABERNET,,,EA,,,,,,,,4,0,,4,,29.00,29.00,116.00,116.00,0.00,,116.00,Y,N,Y,Y,,,,,,,,,,,,Shipped,N,,,,,
SO2026-000187,1,4,2026-02-20,2026-02-24,2026-02-28,2026-02-22,,,,,Magento,Magento,,30,USD,184.00,184.00,197.96,0.00,184.00,0,0.00,0,0.00,13.96,0.00,,,,,197.96,,0.00,,,,,,,,,,,,,,,Shipped,Paid,,,,,,,20003,10581,20003-2026-000187,,,,,,,,,Magento Shipping,Morgan Lee,Cora Knox,Magento Platform,216 Century Blvd,Dock 16,Platform ship location,Los Angeles,CA,90008,Los Angeles,USA,ship-magento@example.com,(213) 555-2506,,,,,,,,,,,,,,,,,,,2,2026-02-20,AUSTIN-06-CAMEL-8,,,SNEAKER,,,EA,,,,,,,,2,0,,2,,10.00,10.00,20.00,20.00,0.00,,20.00,Y,N,Y,Y,,,,,,,,,,,,Shipped,N,,,,,
SO2026-000187,1,4,2026-02-20,2026-02-24,2026-02-28,2026-02-22,,,,,Magento,Magento,,30,USD,184.00,184.00,197.96,0.00,184.00,0,0.00,0,0.00,13.96,0.00,,,,,197.96,,0.00,,,,,,,,,,,,,,,Shipped,Paid,,,,,,,20003,10581,20003-2026-000187,,,,,,,,,Magento Shipping,Morgan Lee,Cora Knox,Magento Platform,216 Century Blvd,Dock 16,Platform ship location,Los Angeles,CA,90008,Los Angeles,USA,ship-magento@example.com,(213) 555-2506,,,,,,,,,,,,,,,,,,,3,2026-02-20,173451-1183CITIZEN-19-STD,809666377958,,Susan Stretch Denim Skinny Jeans Medium Blue 5 Pocket Wash,,,EA,,,,,,,,2,0,,2,,24.00,24.00,48.00,48.00,0.00,,48.00,Y,N,Y,Y,,,,,,,,,,,,Shipped,N,,,,,
SO2026-000188,1,4,2026-01-16,2026-01-16,2026-02-28,2026-01-17,,,,,Macys,Macys,,60,USD,170.00,170.00,170.00,0.00,170.00,0,0.00,0,0.00,0.00,0.00,,,,,170.00,,0.00,,,,,,,,,,,,,,,Shipped,Paid,,,,,,,30005,10574,30005-2026-000188,,,,,,,,,Macys Shipping,Taylor Kim,Blake Jett,Macys Stores,215 King St,Dock 15,Department ship location,San Francisco,CA,94107,San Francisco,USA,ship-macys@example.com,(415) 555-2406,,,,,,,,,,,,,,,,,,,1,2026-01-16,F13031C-1742VNTGDM-25-STD,809666254969,,Cayden Vintage Beujolias Corduroy Skinny Jeans,,,EA,,,,,,,,3,0,,3,,34.00,34.00,102.00,102.00,0.00,,102.00,Y,N,Y,Y,,,,,,,,,,,,Shipped,N,,,,,
SO2026-000188,1,4,2026-01-16,2026-01-16,2026-02-28,2026-01-17,,,,,Macys,Macys,,60,USD,170.00,170.00,170.00,0.00,170.00,0,0.00,0,0.00,0.00,0.00,,,,,170.00,,0.00,,,,,,,,,,,,,,,Shipped,Paid,,,,,,,30005,10574,30005-2026-000188,,,,,,,,,Macys Shipping,Taylor Kim,Blake Jett,Macys Stores,215 King St,Dock 15,Department ship location,San Francisco,CA,94107,San Francisco,USA,ship-macys@example.com,(415) 555-2406,,,,,,,,,,,,,,,,,,,2,2026-01-16,F13031C-1742VNTGCO-30-STD,809666254921,,Cayden Vintage Beujolias Corduroy Skinny Jeans,,,EA,,,,,,,,1,0,,1,,34.00,34.00,34.00,34.00,0.00,,34.00,Y,N,Y,Y,,,,,,,,,,,,Shipped,N,,,,,
SO2026-000188,1,4,2026-01-16,2026-01-16,2026-02-28,2026-01-17,,,,,Macys,Macys,,60,USD,170.00,170.00,170.00,0.00,170.00,0,0.00,0,0.00,0.00,0.00,,,,,170.00,,0.00,,,,,,,,,,,,,,,Shipped,Paid,,,,,,,30005,10574,30005-2026-000188,,,,,,,,,Macys Shipping,Taylor Kim,Blake Jett,Macys Stores,215 King St,Dock 15,Department ship location,San Francisco,CA,94107,San Francisco,USA,ship-macys@example.com,(415) 555-2406,,,,,,,,,,,,,,,,,,,3,2026-01-16,FA13512DM-1847DPOCN-30-30,809666864939,,Angie Stud Bling Pocket Low Rise Skinny Jeans,,,EA,,,,,,,,1,0,,1,,34.00,34.00,34.00,34.00,0.00,,34.00,Y,N,Y,Y,,,,,,,,,,,,Shipped,N,,,,,
SO2026-000189,1,4,2026-02-07,2026-02-07,2026-02-28,2026-02-09,,,,,Macys,Macys,,60,USD,48.75,48.75,59.92,0.00,48.75,0,0.00,0,0.00,11.17,0.00,,,,,59.92,,0.00,,,,,,,,,,,,,,,Shipped,Paid,,,,,,,30005,10574,30005-2026-000189,,,,,,,,,Macys Shipping,Taylor Kim,Blake Jett,Macys Stores,215 King St,Dock 15,Department ship location,San Francisco,CA,94107,San Francisco,USA,ship-macys@example.com,(415) 555-2406,,,,,,,,,,,,,,,,,,,1,2026-02-07,AVIANA-06-BEIGE-7,,,FUR SLIPPER,,,EA,,,,,,,,3,0,,3,,16.25,16.25,48.75,48.75,0.00,,48.75,Y,N,Y,Y,,,,,,,,,,,,Shipped,N,,,,,
SO2026-000190,1,4,2026-02-20,2026-02-25,2026-02-28,2026-02-20,,,,,JCPenney,JCPenney,,30,USD,91.50,91.50,91.50,0.00,91.50,0,0.00,0,0.00,0.00,0.00,,,,,91.50,,0.00,,,,,,,,,,,,,,,Shipped,Paid,,,,,,,30007,10575,30007-2026-000190,,,,,,,,,JCPenney Shipping,Alex Reed,Zane Holt,JCPenney Stores,213 Gateway Rd,Dock 13,Retail ship location,San Diego,CA,92106,San Diego,USA,ship-jcpenney@example.com,(619) 555-2206,,,,,,,,,,,,,,,,,,,1,2026-02-20,ADELINE-02-NUDE-12,,,WOVEN SLIDE SANDAL,,,EA,,,,,,,,2,0,,2,,11.50,11.50,23.00,23.00,0.00,,23.00,Y,N,Y,Y,,,,,,,,,,,,Shipped,N,,,,,
SO2026-000190,1,4,2026-02-20,2026-02-25,2026-02-28,2026-02-20,,,,,JCPenney,JCPenney,,30,USD,91.50,91.50,91.50,0.00,91.50,0,0.00,0,0.00,0.00,0.00,,,,,91.50,,0.00,,,,,,,,,,,,,,,Shipped,Paid,,,,,,,30007,10575,30007-2026-000190,,,,,,,,,JCPenney Shipping,Alex Reed,Zane Holt,JCPenney Stores,213 Gateway Rd,Dock 13,Retail ship location,San Diego,CA,92106,San Diego,USA,ship-jcpenney@example.com,(619) 555-2206,,,,,,,,,,,,,,,,,,,2,2026-02-20,ADELINE-02-CAMEL-6.5,,,WOVEN SLIDE SANDAL,,,EA,,,,,,,,3,0,,3,,11.50,11.50,34.50,34.50,0.00,,34.50,Y,N,Y,Y,,,,,,,,,,,,Shipped,N,,,,,
SO2026-000190,1,4,2026-02-20,2026-02-25,2026-02-28,2026-02-20,,,,,JCPenney,JCPenney,,30,USD,91.50,91.50,91.50,0.00,91.50,0,0.00,0,0.00,0.00,0.00,,,,,91.50,,0.00,,,,,,,,,,,,,,,Shipped,Paid,,,,,,,30007,10575,30007-2026-000190,,,,,,,,,JCPenney Shipping,Alex Reed,Zane Holt,JCPenney Stores,213 Gateway Rd,Dock 13,Retail ship location,San Diego,CA,92106,San Diego,USA,ship-jcpenney@example.com,(619) 555-2206,,,,,,,,,,,,,,,,,,,3,2026-02-20,FA13501DM-1608BLAU2-30-32,809666857887,,Maya Basic Dark Handsand Wash Midrise Skinny Jeans,,,EA,,,,,,,,1,0,,1,,34.00,34.00,34.00,34.00,0.00,,34.00,Y,N,Y,Y,,,,,,,,,,,,Shipped,N,,,,,
SO2026-000191,1,4,2026-02-10,2026-02-12,2026-02-28,2026-02-12,,,,,AMZ-eCom,AMZ eCom,,30,USD,107.00,107.00,123.57,0.00,107.00,0,0.00,0,0.00,16.57,0.00,,,,,123.57,,0.00,,,,,,,,,,,,,,,Shipped,Paid,,,,,,,10001,10565,10001-2026-000191,,,,,,,,,AMZ eCom Shipping,Alex Reed,Nora Lane,AMZ eCom Retail,201 Harbor Ave,Dock 1,Main ship location,Los Angeles,CA,90002,Los Angeles,USA,ship-amz-ecom@example.com,(213) 555-1006,,,,,,,,,,,,,,,,,,,1,2026-02-10,F13031C-1742VNTGST-24-STD,809666255041,,Cayden Vintage Beujolias Corduroy Skinny Jeans,,,EA,,,,,,,,2,0,,2,,34.00,34.00,68.00,68.00,0.00,,68.00,Y,N,Y,Y,,,,,,,,,,,,Shipped,N,,,,,
SO2026-000191,1,4,2026-02-10,2026-02-12,2026-02-28,2026-02-12,,,,,AMZ-eCom,AMZ eCom,,30,USD,107.00,107.00,123.57,0.00,107.00,0,0.00,0,0.00,16.57,0.00,,,,,123.57,,0.00,,,,,,,,,,,,,,,Shipped,Paid,,,,,,,10001,10565,10001-2026-000191,,,,,,,,,AMZ eCom Shipping,Alex Reed,Nora Lane,AMZ eCom Retail,201 Harbor Ave,Dock 1,Main ship location,Los Angeles,CA,90002,Los Angeles,USA,ship-amz-ecom@example.com,(213) 555-1006,,,,,,,,,,,,,,,,,,,2,2026-02-10,FA16023WV-MIDNIGHTCAMO-XL-STD,809666795783,,Olivia Woven Chiffon Camo Print Kimono Wrap Maxi Dress,,,EA,,,,,,,,1,0,,1,,39.00,39.00,39.00,39.00,0.00,,39.00,Y,N,Y,Y,,,,,,,,,,,,Shipped,N,,,,,
SO2026-000192,1,4,2026-02-07,2026-02-07,2026-02-28,2026-02-08,,,,,Shopify,Shopify,,45,USD,37.00,37.00,51.72,0.00,37.00,0,0.00,0,0.00,14.72,0.00,,,,,51.72,,0.00,,,,,,,,,,,,,,,Shipped,Paid,,,,,,,20001,10580,20001-2026-000192,,,,,,,,,Shopify Shipping,Alex Reed,Dario Lowe,Shopify Commerce,217 Barranca Pkwy,Dock 17,Commerce ship location,Irvine,CA,92609,Orange,USA,ship-shopify@example.com,(949) 555-2606,,,,,,,,,,,,,,,,,,,1,2026-02-07,ADELINE-03-GOLD-11,,,BUCKLE FRONT FLAT SANDALS,,,EA,,,,,,,,2,0,,2,,18.50,18.50,37.00,37.00,0.00,,37.00,Y,N,Y,Y,,,,,,,,,,,,Shipped,N,,,,,
SO2026-000193,1,4,2026-01-31,2026-02-03,2026-02-28,2026-02-02,,,,,Mirakl-Kohls,Mirakl Kohls,,45,USD,210.00,210.00,216.30,0.00,210.00,0,0.00,0,0.00,6.30,0.00,,,,,216.30,,0.00,,,,,,,,,,,,,,,Shipped,Paid,,,,,,,10013,10576,10013-2026-000193,,,,,,,,,Mirakl Kohls Shipping,Jamie Clark,Asha Ives,Mirakl Kohls Network,214 Silver Creek Rd,Dock 14,Partner ship location,San Jose,CA,95115,Santa Clara,USA,ship-mirakl-kohls@example.com,(408) 555-2306,,,,,,,,,,,,,,,,,,,1,2026-01-31,F13031C-1742VNTGST-25-STD,809666255058,,Cayden Vintage Beujolias Corduroy Skinny Jeans,,,EA,,,,,,,,3,0,,3,,34.00,34.00,102.00,102.00,0.00,,102.00,Y,N,Y,Y,,,,,,,,,,,,Shipped,N,,,,,
SO2026-000193,1,4,2026-01-31,2026-02-03,2026-02-28,2026-02-02,,,,,Mirakl-Kohls,Mirakl Kohls,,45,USD,210.00,210.00,216.30,0.00,210.00,0,0.00,0,0.00,6.30,0.00,,,,,216.30,,0.00,,,,,,,,,,,,,,,Shipped,Paid,,,,,,,10013,10576,10013-2026-000193,,,,,,,,,Mirakl Kohls Shipping,Jamie Clark,Asha Ives,Mirakl Kohls Network,214 Silver Creek Rd,Dock 14,Partner ship location,San Jose,CA,95115,Santa Clara,USA,ship-mirakl-kohls@example.com,(408) 555-2306,,,,,,,,,,,,,,,,,,,2,2026-01-31,AUSTIN-06-WHITE-5,,,SNEAKER,,,EA,,,,,,,,1,0,,1,,10.00,10.00,10.00,10.00,0.00,,10.00,Y,N,Y,Y,,,,,,,,,,,,Shipped,N,,,,,
SO2026-000193,1,4,2026-01-31,2026-02-03,2026-02-28,2026-02-02,,,,,Mirakl-Kohls,Mirakl Kohls,,45,USD,210.00,210.00,216.30,0.00,210.00,0,0.00,0,0.00,6.30,0.00,,,,,216.30,,0.00,,,,,,,,,,,,,,,Shipped,Paid,,,,,,,10013,10576,10013-2026-000193,,,,,,,,,Mirakl Kohls Shipping,Jamie Clark,Asha Ives,Mirakl Kohls Network,214 Silver Creek Rd,Dock 14,Partner ship location,San Jose,CA,95115,Santa Clara,USA,ship-mirakl-kohls@example.com,(408) 555-2306,,,,,,,,,,,,,,,,,,,3,2026-01-31,FD9801506P-BLACK,,,"Wear as a dress or a longline tunic over pants, this sleek asymmetrical dress features trendy statem",,,EA,,,,,,,,2,0,,2,,49.00,49.00,98.00,98.00,0.00,,98.00,Y,N,Y,Y,,,,,,,,,,,,Shipped,N,,,,,
SO2026-000194,1,4,2026-02-11,2026-02-13,2026-02-28,2026-02-12,,,,,Shopify,Shopify,,45,USD,55.50,55.50,61.18,0.00,55.50,0,0.00,0,0.00,5.68,0.00,,,,,61.18,,0.00,,,,,,,,,,,,,,,Shipped,Paid,,,,,,,20001,10580,20001-2026-000194,,,,,,,,,Shopify Shipping,Alex Reed,Dario Lowe,Shopify Commerce,217 Barranca Pkwy,Dock 17,Commerce ship location,Irvine,CA,92609,Orange,USA,ship-shopify@example.com,(949) 555-2606,,,,,,,,,,,,,,,,,,,1,2026-02-11,ADELINE-03-GOLD-9.5,,,BUCKLE FRONT FLAT SANDALS,,,EA,,,,,,,,3,0,,3,,18.50,18.50,55.50,55.50,0.00,,55.50,Y,N,Y,Y,,,,,,,,,,,,Shipped,N,,,,,
SO2026-000195,1,4,2026-02-10,2026-02-11,2026-02-28,2026-02-10,,,,,JCPenney,JCPenney,,30,USD,37.00,37.00,45.03,0.00,37.00,0,0.00,0,0.00,8.03,0.00,,,,,45.03,,0.00,,,,,,,,,,,,,,,Shipped,Paid,,,,,,,30007,10575,30007-2026-000195,,,,,,,,,JCPenney Shipping,Alex Reed,Zane Holt,JCPenney Stores,213 Gateway Rd,Dock 13,Retail ship location,San Diego,CA,92106,San Diego,USA,ship-jcpenney@example.com,(619) 555-2206,,,,,,,,,,,,,,,,,,,1,2026-02-10,ADELINE-03-BLACK-12,,,BUCKLE FRONT FLAT SANDALS,,,EA,,,,,,,,1,0,,1,,18.50,18.50,18.50,18.50,0.00,,18.50,Y,N,Y,Y,,,,,,,,,,,,Shipped,N,,,,,
SO2026-000195,1,4,2026-02-10,2026-02-11,2026-02-28,2026-02-10,,,,,JCPenney,JCPenney,,30,USD,37.00,37.00,45.03,0.00,37.00,0,0.00,0,0.00,8.03,0.00,,,,,45.03,,0.00,,,,,,,,,,,,,,,Shipped,Paid,,,,,,,30007,10575,30007-2026-000195,,,,,,,,,JCPenney Shipping,Alex Reed,Zane Holt,JCPenney Stores,213 Gateway Rd,Dock 13,Retail ship location,San Diego,CA,92106,San Diego,USA,ship-jcpenney@example.com,(619) 555-2206,,,,,,,,,,,,,,,,,,,2,2026-02-10,ADELINE-03-BROWN-11,,,BUCKLE FRONT FLAT SANDALS,,,EA,,,,,,,,1,0,,1,,18.50,18.50,18.50,18.50,0.00,,18.50,Y,N,Y,Y,,,,,,,,,,,,Shipped,N,,,,,
SO2026-000196,1,4,2026-01-15,2026-01-20,2026-02-14,2026-01-15,,,,,JCPenney,JCPenney,,30,USD,147.50,147.50,152.42,0.00,147.50,0,0.00,0,0.00,4.92,0.00,,,,,152.42,,0.00,,,,,,,,,,,,,,,Shipped,Paid,,,,,,,30007,10575,30007-2026-000196,,,,,,,,,JCPenney Shipping,Alex Reed,Zane Holt,JCPenney Stores,213 Gateway Rd,Dock 13,Retail ship location,San Diego,CA,92106,San Diego,USA,ship-jcpenney@example.com,(619) 555-2206,,,,,,,,,,,,,,,,,,,1,2026-01-15,CAMILA-06-GREEN-7.5,,,COSS FRONT SLIP ON SLIDES,,,EA,,,,,,,,4,0,,4,,8.00,8.00,32.00,32.00,0.00,,32.00,Y,N,Y,Y,,,,,,,,,,,,Shipped,N,,,,,
SO2026-000196,1,4,2026-01-15,2026-01-20,2026-02-14,2026-01-15,,,,,JCPenney,JCPenney,,30,USD,147.50,147.50,152.42,0.00,147.50,0,0.00,0,0.00,4.92,0.00,,,,,152.42,,0.00,,,,,,,,,,,,,,,Shipped,Paid,,,,,,,30007,10575,30007-2026-000196,,,,,,,,,JCPenney Shipping,Alex Reed,Zane Holt,JCPenney Stores,213 Gateway Rd,Dock 13,Retail ship location,San Diego,CA,92106,San Diego,USA,ship-jcpenney@example.com,(619) 555-2206,,,,,,,,,,,,,,,,,,,2,2026-01-15,ASTRID-01-GREY-6,,,SLIP ON SNEAKER,,,EA,,,,,,,,4,0,,4,,20.75,20.75,83.00,83.00,0.00,,83.00,Y,N,Y,Y,,,,,,,,,,,,Shipped,N,,,,,
SO2026-000196,1,4,2026-01-15,2026-01-20,2026-02-14,2026-01-15,,,,,JCPenney,JCPenney,,30,USD,147.50,147.50,152.42,0.00,147.50,0,0.00,0,0.00,4.92,0.00,,,,,152.42,,0.00,,,,,,,,,,,,,,,Shipped,Paid,,,,,,,30007,10575,30007-2026-000196,,,,,,,,,JCPenney Shipping,Alex Reed,Zane Holt,JCPenney Stores,213 Gateway Rd,Dock 13,Retail ship location,San Diego,CA,92106,San Diego,USA,ship-jcpenney@example.com,(619) 555-2206,,,,,,,,,,,,,,,,,,,3,2026-01-15,AVIANA-06-BLACK-5.5,,,FUR SLIPPER,,,EA,,,,,,,,2,0,,2,,16.25,16.25,32.50,32.50,0.00,,32.50,Y,N,Y,Y,,,,,,,,,,,,Shipped,N,,,,,
SO2026-000197,1,4,2026-01-30,2026-02-01,2026-02-28,2026-01-30,,,,,Etsy-LS,Etsy LS,,45,USD,55.50,55.50,55.50,0.00,55.50,0,0.00,0,0.00,0.00,0.00,,,,,55.50,,0.00,,,,,,,,,,,,,,,Shipped,Paid,,,,,,,10008,10571,10008-2026-000197,,,,,,,,,Etsy LS Shipping,Alex Reed,Rhea Moss,Etsy LS Marketplace,205 Mission St,Dock 5,Marketplace ship location,San Francisco,CA,94103,San Francisco,USA,ship-etsy-ls@example.com,(415) 555-1406,,,,,,,,,,,,,,,,,,,1,2026-01-30,ADELINE-03-TAUPE-8,,,BUCKLE FRONT FLAT SANDALS,,,EA,,,,,,,,3,0,,3,,18.50,18.50,55.50,55.50,0.00,,55.50,Y,N,Y,Y,,,,,,,,,,,,Shipped,N,,,,,
SO2026-000198,1,4,2026-01-10,2026-01-14,2026-02-24,2026-01-11,,,,,Etsy-LS,Etsy LS,,45,USD,86.00,86.00,89.33,0.00,86.00,0,0.00,0,0.00,3.33,0.00,,,,,89.33,,0.00,,,,,,,,,,,,,,,Shipped,Paid,,,,,,,10008,10571,10008-2026-000198,,,,,,,,,Etsy LS Shipping,Alex Reed,Rhea Moss,Etsy LS Marketplace,205 Mission St,Dock 5,Marketplace ship location,San Francisco,CA,94103,San Francisco,USA,ship-etsy-ls@example.com,(415) 555-1406,,,,,,,,,,,,,,,,,,,1,2026-01-10,CAMILA-06-NUDE-5.5,,,COSS FRONT SLIP ON SLIDES,,,EA,,,,,,,,2,0,,2,,8.00,8.00,16.00,16.00,0.00,,16.00,Y,N,Y,Y,,,,,,,,,,,,Shipped,N,,,,,
SO2026-000198,1,4,2026-01-10,2026-01-14,2026-02-24,2026-01-11,,,,,Etsy-LS,Etsy LS,,45,USD,86.00,86.00,89.33,0.00,86.00,0,0.00,0,0.00,3.33,0.00,,,,,89.33,,0.00,,,,,,,,,,,,,,,Shipped,Paid,,,,,,,10008,10571,10008-2026-000198,,,,,,,,,Etsy LS Shipping,Alex Reed,Rhea Moss,Etsy LS Marketplace,205 Mission St,Dock 5,Marketplace ship location,San Francisco,CA,94103,San Francisco,USA,ship-etsy-ls@example.com,(415) 555-1406,,,,,,,,,,,,,,,,,,,2,2026-01-10,AUSTIN-06-BLACK-5,,,SNEAKER,,,EA,,,,,,,,3,0,,3,,10.00,10.00,30.00,30.00,0.00,,30.00,Y,N,Y,Y,,,,,,,,,,,,Shipped,N,,,,,
SO2026-000198,1,4,2026-01-10,2026-01-14,2026-02-24,2026-01-11,,,,,Etsy-LS,Etsy LS,,45,USD,86.00,86.00,89.33,0.00,86.00,0,0.00,0,0.00,3.33,0.00,,,,,89.33,,0.00,,,,,,,,,,,,,,,Shipped,Paid,,,,,,,10008,10571,10008-2026-000198,,,,,,,,,Etsy LS Shipping,Alex Reed,Rhea Moss,Etsy LS Marketplace,205 Mission St,Dock 5,Marketplace ship location,San Francisco,CA,94103,San Francisco,USA,ship-etsy-ls@example.com,(415) 555-1406,,,,,,,,,,,,,,,,,,,3,2026-01-10,AUSTIN-06-BLACK-9,,,SNEAKER,,,EA,,,,,,,,4,0,,4,,10.00,10.00,40.00,40.00,0.00,,40.00,Y,N,Y,Y,,,,,,,,,,,,Shipped,N,,,,,
SO2026-000199,1,4,2026-01-10,2026-01-11,2026-02-24,2026-01-11,,,,,Mirakl-Kohls,Mirakl Kohls,,45,USD,72.00,72.00,89.15,0.00,72.00,0,0.00,0,0.00,17.15,0.00,,,,,89.15,,0.00,,,,,,,,,,,,,,,Shipped,Paid,,,,,,,10013,10576,10013-2026-000199,,,,,,,,,Mirakl Kohls Shipping,Jamie Clark,Asha Ives,Mirakl Kohls Network,214 Silver Creek Rd,Dock 14,Partner ship location,San Jose,CA,95115,Santa Clara,USA,ship-mirakl-kohls@example.com,(408) 555-2306,,,,,,,,,,,,,,,,,,,1,2026-01-10,CAMILA-06-LILAC-11,,,COSS FRONT SLIP ON SLIDES,,,EA,,,,,,,,4,0,,4,,8.00,8.00,32.00,32.00,0.00,,32.00,Y,N,Y,Y,,,,,,,,,,,,Shipped,N,,,,,
SO2026-000199,1,4,2026-01-10,2026-01-11,2026-02-24,2026-01-11,,,,,Mirakl-Kohls,Mirakl Kohls,,45,USD,72.00,72.00,89.15,0.00,72.00,0,0.00,0,0.00,17.15,0.00,,,,,89.15,,0.00,,,,,,,,,,,,,,,Shipped,Paid,,,,,,,10013,10576,10013-2026-000199,,,,,,,,,Mirakl Kohls Shipping,Jamie Clark,Asha Ives,Mirakl Kohls Network,214 Silver Creek Rd,Dock 14,Partner ship location,San Jose,CA,95115,Santa Clara,USA,ship-mirakl-kohls@example.com,(408) 555-2306,,,,,,,,,,,,,,,,,,,2,2026-01-10,AUSTIN-06-BLACK-9.5,,,SNEAKER,,,EA,,,,,,,,4,0,,4,,10.00,10.00,40.00,40.00,0.00,,40.00,Y,N,Y,Y,,,,,,,,,,,,Shipped,N,,,,,
SO2026-000200,1,4,2026-02-11,2026-02-15,2026-02-28,2026-02-12,,,,,Squarespace,Squarespace,,60,USD,242.75,242.75,254.69,0.00,242.75,0,0.00,0,0.00,11.94,0.00,,,,,254.69,,0.00,,,,,,,,,,,,,,,Shipped,Paid,,,,,,,20006,10582,20006-2026-000200,,,,,,,,,Squarespace Shipping,Jamie Clark,Elin Marsh,Squarespace Digital,218 Camino Del Rio,Dock 18,Digital ship location,San Diego,CA,92108,San Diego,USA,ship-squarespace@example.com,(619) 555-2706,,,,,,,,,,,,,,,,,,,1,2026-02-11,ADELINE-03-GOLD-A12,,,BUCKLE FRONT FLAT SANDALS,,,EA,,,,,,,,1,0,,1,,222.00,222.00,222.00,222.00,0.00,,222.00,Y,N,Y,Y,,,,,,,,,,,,Shipped,N,,,,,
SO2026-000200,1,4,2026-02-11,2026-02-15,2026-02-28,2026-02-12,,,,,Squarespace,Squarespace,,60,USD,242.75,242.75,254.69,0.00,242.75,0,0.00,0,0.00,11.94,0.00,,,,,254.69,,0.00,,,,,,,,,,,,,,,Shipped,Paid,,,,,,,20006,10582,20006-2026-000200,,,,,,,,,Squarespace Shipping,Jamie Clark,Elin Marsh,Squarespace Digital,218 Camino Del Rio,Dock 18,Digital ship location,San Diego,CA,92108,San Diego,USA,ship-squarespace@example.com,(619) 555-2706,,,,,,,,,,,,,,,,,,,2,2026-02-11,ASTRID-01-NUDE-6,,,SLIP ON SNEAKER,,,EA,,,,,,,,1,0,,1,,20.75,20.75,20.75,20.75,0.00,,20.75,Y,N,Y,Y,,,,,,,,,,,,Shipped,N,,,,,
SO2026-000201,1,4,2026-01-07,2026-01-10,2026-02-06,2026-01-09,,,,,AMZ-eCom,AMZ eCom,,30,USD,354.00,354.00,364.23,0.00,354.00,0,0.00,0,0.00,10.23,0.00,,,,,364.23,,0.00,,,,,,,,,,,,,,,Shipped,Paid,,,,,,,10001,10565,10001-2026-000201,,,,,,,,,AMZ eCom Shipping,Alex Reed,Nora Lane,AMZ eCom Retail,201 Harbor Ave,Dock 1,Main ship location,Los Angeles,CA,90002,Los Angeles,USA,ship-amz-ecom@example.com,(213) 555-1006,,,,,,,,,,,,,,,,,,,1,2026-01-07,ADELINE-03-GOLD,,,BUCKLE FRONT FLAT SANDALS,,,EA,,,,,,,,2,0,,2,,177.00,177.00,354.00,354.00,0.00,,354.00,Y,N,Y,Y,,,,,,,,,,,,Shipped,N,,,,,
SO2026-000202,1,4,2026-01-14,2026-01-17,2026-02-28,2026-01-16,,,,,Walmart-eComm,Walmart eComm,,45,USD,78.25,78.25,85.03,0.00,78.25,0,0.00,0,0.00,6.78,0.00,,,,,85.03,,0.00,,,,,,,,,,,,,,,Shipped,Paid,,,,,,,10002,10566,10002-2026-000202,,,,,,,,,Walmart eComm Shipping,Morgan Lee,Gavin Orr,Walmart eComm Retail,220 Townsend St,Dock 20,National ship location,San Francisco,CA,94109,San Francisco,USA,ship-walmart-ecomm@example.com,(415) 555-2906,,,,,,,,,,,,,,,,,,,1,2026-01-14,ADELINE-02-NUDE-5,,,WOVEN SLIDE SANDAL,,,EA,,,,,,,,4,0,,4,,11.50,11.50,46.00,46.00,0.00,,46.00,Y,N,Y,Y,,,,,,,,,,,,Shipped,N,,,,,
SO2026-000202,1,4,2026-01-14,2026-01-17,2026-02-28,2026-01-16,,,,,Walmart-eComm,Walmart eComm,,45,USD,78.25,78.25,85.03,0.00,78.25,0,0.00,0,0.00,6.78,0.00,,,,,85.03,,0.00,,,,,,,,,,,,,,,Shipped,Paid,,,,,,,10002,10566,10002-2026-000202,,,,,,,,,Walmart eComm Shipping,Morgan Lee,Gavin Orr,Walmart eComm Retail,220 Townsend St,Dock 20,National ship location,San Francisco,CA,94109,San Francisco,USA,ship-walmart-ecomm@example.com,(415) 555-2906,,,,,,,,,,,,,,,,,,,2,2026-01-14,CORA-01-TAUP-10,,,CROSS FRONT SANDAL,,,EA,,,,,,,,3,0,,3,,10.75,10.75,32.25,32.25,0.00,,32.25,Y,N,Y,Y,,,,,,,,,,,,Shipped,N,,,,,
SO2026-000203,1,4,2026-01-04,2026-01-08,2026-02-28,2026-01-05,,,,,Squarespace,Squarespace,,60,USD,233.50,233.50,235.73,0.00,233.50,0,0.00,0,0.00,2.23,0.00,,,,,235.73,,0.00,,,,,,,,,,,,,,,Shipped,Paid,,,,,,,20006,10582,20006-2026-000203,,,,,,,,,Squarespace Shipping,Jamie Clark,Elin Marsh,Squarespace Digital,218 Camino Del Rio,Dock 18,Digital ship location,San Diego,CA,92108,San Diego,USA,ship-squarespace@example.com,(619) 555-2706,,,,,,,,,,,,,,,,,,,1,2026-01-04,ADELINE-03-TAUPE-S,,,BUCKLE FRONT FLAT SANDALS,,,EA,,,,,,,,1,0,,1,,222.00,222.00,222.00,222.00,0.00,,222.00,Y,N,Y,Y,,,,,,,,,,,,Shipped,N,,,,,
SO2026-000203,1,4,2026-01-04,2026-01-08,2026-02-28,2026-01-05,,,,,Squarespace,Squarespace,,60,USD,233.50,233.50,235.73,0.00,233.50,0,0.00,0,0.00,2.23,0.00,,,,,235.73,,0.00,,,,,,,,,,,,,,,Shipped,Paid,,,,,,,20006,10582,20006-2026-000203,,,,,,,,,Squarespace Shipping,Jamie Clark,Elin Marsh,Squarespace Digital,218 Camino Del Rio,Dock 18,Digital ship location,San Diego,CA,92108,San Diego,USA,ship-squarespace@example.com,(619) 555-2706,,,,,,,,,,,,,,,,,,,2,2026-01-04,ADELINE-02-CAMEL-7,,,WOVEN SLIDE SANDAL,,,EA,,,,,,,,1,0,,1,,11.50,11.50,11.50,11.50,0.00,,11.50,Y,N,Y,Y,,,,,,,,,,,,Shipped,N,,,,,
SO2026-000204,1,4,2026-01-18,2026-01-19,2026-02-17,2026-01-18,,,,,AMZ-eCom,AMZ eCom,,30,USD,85.50,85.50,96.85,0.00,85.50,0,0.00,0,0.00,11.35,0.00,,,,,96.85,,0.00,,,,,,,,,,,,,,,Shipped,Paid,,,,,,,10001,10565,10001-2026-000204,,,,,,,,,AMZ eCom Shipping,Alex Reed,Nora Lane,AMZ eCom Retail,201 Harbor Ave,Dock 1,Main ship location,Los Angeles,CA,90002,Los Angeles,USA,ship-amz-ecom@example.com,(213) 555-1006,,,,,,,,,,,,,,,,,,,1,2026-01-18,ADELINE-02-CAMEL-6,,,WOVEN SLIDE SANDAL,,,EA,,,,,,,,1,0,,1,,11.50,11.50,11.50,11.50,0.00,,11.50,Y,N,Y,Y,,,,,,,,,,,,Shipped,N,,,,,
SO2026-000204,1,4,2026-01-18,2026-01-19,2026-02-17,2026-01-18,,,,,AMZ-eCom,AMZ eCom,,30,USD,85.50,85.50,96.85,0.00,85.50,0,0.00,0,0.00,11.35,0.00,,,,,96.85,,0.00,,,,,,,,,,,,,,,Shipped,Paid,,,,,,,10001,10565,10001-2026-000204,,,,,,,,,AMZ eCom Shipping,Alex Reed,Nora Lane,AMZ eCom Retail,201 Harbor Ave,Dock 1,Main ship location,Los Angeles,CA,90002,Los Angeles,USA,ship-amz-ecom@example.com,(213) 555-1006,,,,,,,,,,,,,,,,,,,2,2026-01-18,ADELINE-03-BLUE-9,,,BUCKLE FRONT FLAT SANDALS,,,EA,,,,,,,,4,0,,4,,18.50,18.50,74.00,74.00,0.00,,74.00,Y,N,Y,Y,,,,,,,,,,,,Shipped,N,,,,,
SO2026-000205,1,4,2026-01-31,2026-02-01,2026-02-28,2026-02-01,,,,,JCPenney,JCPenney,,30,USD,266.00,266.00,277.79,0.00,266.00,0,0.00,0,0.00,11.79,0.00,,,,,277.79,,0.00,,,,,,,,,,,,,,,Shipped,Paid,,,,,,,30007,10575,30007-2026-000205,,,,,,,,,JCPenney Shipping,Alex Reed,Zane Holt,JCPenney Stores,213 Gateway Rd,Dock 13,Retail ship location,San Diego,CA,92106,San Diego,USA,ship-jcpenney@example.com,(619) 555-2206,,,,,,,,,,,,,,,,,,,1,2026-01-31,FA13512DM-1847DPOCN-29-32,809666865073,,Angie Stud Bling Pocket Low Rise Skinny Jeans,,,EA,,,,,,,,2,0,,2,,34.00,34.00,68.00,68.00,0.00,,68.00,Y,N,Y,Y,,,,,,,,,,,,Shipped,N,,,,,
SO2026-000205,1,4,2026-01-31,2026-02-01,2026-02-28,2026-02-01,,,,,JCPenney,JCPenney,,30,USD,266.00,266.00,277.79,0.00,266.00,0,0.00,0,0.00,11.79,0.00,,,,,277.79,,0.00,,,,,,,,,,,,,,,Shipped,Paid,,,,,,,30007,10575,30007-2026-000205,,,,,,,,,JCPenney Shipping,Alex Reed,Zane Holt,JCPenney Stores,213 Gateway Rd,Dock 13,Retail ship location,San Diego,CA,92106,San Diego,USA,ship-jcpenney@example.com,(619) 555-2206,,,,,,,,,,,,,,,,,,,2,2026-01-31,173451-1183CITIZEN-9-STD,809666377903,,Susan Stretch Denim Skinny Jeans Medium Blue 5 Pocket Wash,,,EA,,,,,,,,4,0,,4,,24.00,24.00,96.00,96.00,0.00,,96.00,Y,N,Y,Y,,,,,,,,,,,,Shipped,N,,,,,
SO2026-000205,1,4,2026-01-31,2026-02-01,2026-02-28,2026-02-01,,,,,JCPenney,JCPenney,,30,USD,266.00,266.00,277.79,0.00,266.00,0,0.00,0,0.00,11.79,0.00,,,,,277.79,,0.00,,,,,,,,,,,,,,,Shipped,Paid,,,,,,,30007,10575,30007-2026-000205,,,,,,,,,JCPenney Shipping,Alex Reed,Zane Holt,JCPenney Stores,213 Gateway Rd,Dock 13,Retail ship location,San Diego,CA,92106,San Diego,USA,ship-jcpenney@example.com,(619) 555-2206,,,,,,,,,,,,,,,,,,,3,2026-01-31,FA13501DM-1464KINGSC-29-30,809666852479,,Maya Basic Dark Handsand Wash Midrise Skinny Jeans,,,EA,,,,,,,,3,0,,3,,34.00,34.00,102.00,102.00,0.00,,102.00,Y,N,Y,Y,,,,,,,,,,,,Shipped,N,,,,,
SO2026-000206,1,4,2026-02-11,2026-02-16,2026-02-28,2026-02-12,,,,,eBay,eBay,,30,USD,96.25,96.25,101.34,0.00,96.25,0,0.00,0,0.00,5.09,0.00,,,,,101.34,,0.00,,,,,,,,,,,,,,,Shipped,Paid,,,,,,,10004,10570,10004-2026-000206,,,,,,,,,eBay Shipping,Morgan Lee,Quentin Hale,eBay Commerce,204 Fulfillment Ave,Dock 4,Standard ship location,San Jose,CA,95111,Santa Clara,USA,ship-ebay@example.com,(408) 555-1306,,,,,,,,,,,,,,,,,,,1,2026-02-11,ASTRID-01-BLUSH-8.5,,,SLIP ON SNEAKER,,,EA,,,,,,,,3,0,,3,,20.75,20.75,62.25,62.25,0.00,,62.25,Y,N,Y,Y,,,,,,,,,,,,Shipped,N,,,,,
SO2026-000206,1,4,2026-02-11,2026-02-16,2026-02-28,2026-02-12,,,,,eBay,eBay,,30,USD,96.25,96.25,101.34,0.00,96.25,0,0.00,0,0.00,5.09,0.00,,,,,101.34,,0.00,,,,,,,,,,,,,,,Shipped,Paid,,,,,,,10004,10570,10004-2026-000206,,,,,,,,,eBay Shipping,Morgan Lee,Quentin Hale,eBay Commerce,204 Fulfillment Ave,Dock 4,Standard ship location,San Jose,CA,95111,Santa Clara,USA,ship-ebay@example.com,(408) 555-1306,,,,,,,,,,,,,,,,,,,2,2026-02-11,FA13501DM-RINSEWSFT-32-30,809666858358,,Maya Basic Dark Handsand Wash Midrise Skinny Jeans,,,EA,,,,,,,,1,0,,1,,34.00,34.00,34.00,34.00,0.00,,34.00,Y,N,Y,Y,,,,,,,,,,,,Shipped,N,,,,,
SO2026-000207,1,4,2026-02-22,2026-02-27,2026-02-28,2026-02-24,,,,,AMZ-eCom,AMZ eCom,,30,USD,212.00,212.00,222.18,0.00,212.00,0,0.00,0,0.00,10.18,0.00,,,,,222.18,,0.00,,,,,,,,,,,,,,,Shipped,Paid,,,,,,,10001,10565,10001-2026-000207,,,,,,,,,AMZ eCom Shipping,Alex Reed,Nora Lane,AMZ eCom Retail,201 Harbor Ave,Dock 1,Main ship location,Los Angeles,CA,90002,Los Angeles,USA,ship-amz-ecom@example.com,(213) 555-1006,,,,,,,,,,,,,,,,,,,1,2026-02-22,FD9801506P-BLACK-1X-STD,809666395280,,Natalia Solid Button-Up Wrap Lantern Sleeve Dress,,,EA,,,,,,,,1,0,,1,,49.00,49.00,49.00,49.00,0.00,,49.00,Y,N,Y,Y,,,,,,,,,,,,Shipped,N,,,,,
SO2026-000207,1,4,2026-02-22,2026-02-27,2026-02-28,2026-02-24,,,,,AMZ-eCom,AMZ eCom,,30,USD,212.00,212.00,222.18,0.00,212.00,0,0.00,0,0.00,10.18,0.00,,,,,222.18,,0.00,,,,,,,,,,,,,,,Shipped,Paid,,,,,,,10001,10565,10001-2026-000207,,,,,,,,,AMZ eCom Shipping,Alex Reed,Nora Lane,AMZ eCom Retail,201 Harbor Ave,Dock 1,Main ship location,Los Angeles,CA,90002,Los Angeles,USA,ship-amz-ecom@example.com,(213) 555-1006,,,,,,,,,,,,,,,,,,,2,2026-02-22,CAMILA-06-BLACK-12,,,COSS FRONT SLIP ON SLIDES,,,EA,,,,,,,,2,0,,2,,8.00,8.00,16.00,16.00,0.00,,16.00,Y,N,Y,Y,,,,,,,,,,,,Shipped,N,,,,,
SO2026-000207,1,4,2026-02-22,2026-02-27,2026-02-28,2026-02-24,,,,,AMZ-eCom,AMZ eCom,,30,USD,212.00,212.00,222.18,0.00,212.00,0,0.00,0,0.00,10.18,0.00,,,,,222.18,,0.00,,,,,,,,,,,,,,,Shipped,Paid,,,,,,,10001,10565,10001-2026-000207,,,,,,,,,AMZ eCom Shipping,Alex Reed,Nora Lane,AMZ eCom Retail,201 Harbor Ave,Dock 1,Main ship location,Los Angeles,CA,90002,Los Angeles,USA,ship-amz-ecom@example.com,(213) 555-1006,,,,,,,,,,,,,,,,,,,3,2026-02-22,FD3601033-3022FROZENPD,,,Jay-Low Tencel Denim Shirtdress - Chiffon Collar and Tie Sleeve,,,EA,,,,,,,,3,0,,3,,49.00,49.00,147.00,147.00,0.00,,147.00,Y,N,Y,Y,,,,,,,,,,,,Shipped,N,,,,,
SO2026-000208,1,4,2026-02-07,2026-02-11,2026-02-28,2026-02-07,,,,,eBay,eBay,,30,USD,319.00,319.00,326.37,0.00,319.00,0,0.00,0,0.00,7.37,0.00,,,,,326.37,,0.00,,,,,,,,,,,,,,,Shipped,Paid,,,,,,,10004,10570,10004-2026-000208,,,,,,,,,eBay Shipping,Morgan Lee,Quentin Hale,eBay Commerce,204 Fulfillment Ave,Dock 4,Standard ship location,San Jose,CA,95111,Santa Clara,USA,ship-ebay@example.com,(408) 555-1306,,,,,,,,,,,,,,,,,,,1,2026-02-07,CORA-01-CAME-6,,,CROSS FRONT SANDAL,,,EA,,,,,,,,4,0,,4,,10.75,10.75,43.00,43.00,0.00,,43.00,Y,N,Y,Y,,,,,,,,,,,,Shipped,N,,,,,
SO2026-000208,1,4,2026-02-07,2026-02-11,2026-02-28,2026-02-07,,,,,eBay,eBay,,30,USD,319.00,319.00,326.37,0.00,319.00,0,0.00,0,0.00,7.37,0.00,,,,,326.37,,0.00,,,,,,,,,,,,,,,Shipped,Paid,,,,,,,10004,10570,10004-2026-000208,,,,,,,,,eBay Shipping,Morgan Lee,Quentin Hale,eBay Commerce,204 Fulfillment Ave,Dock 4,Standard ship location,San Jose,CA,95111,Santa Clara,USA,ship-ebay@example.com,(408) 555-1306,,,,,,,,,,,,,,,,,,,2,2026-02-07,CORA-01-FUCH-S,,,CROSS FRONT SANDAL,,,EA,,,,,,,,1,0,,1,,129.00,129.00,129.00,129.00,0.00,,129.00,Y,N,Y,Y,,,,,,,,,,,,Shipped,N,,,,,
SO2026-000208,1,4,2026-02-07,2026-02-11,2026-02-28,2026-02-07,,,,,eBay,eBay,,30,USD,319.00,319.00,326.37,0.00,319.00,0,0.00,0,0.00,7.37,0.00,,,,,326.37,,0.00,,,,,,,,,,,,,,,Shipped,Paid,,,,,,,10004,10570,10004-2026-000208,,,,,,,,,eBay Shipping,Morgan Lee,Quentin Hale,eBay Commerce,204 Fulfillment Ave,Dock 4,Standard ship location,San Jose,CA,95111,Santa Clara,USA,ship-ebay@example.com,(408) 555-1306,,,,,,,,,,,,,,,,,,,3,2026-02-07,FD9801506P-GINGER,,,"Wear as a dress or a longline tunic over pants, this sleek asymmetrical dress features trendy statem",,,EA,,,,,,,,3,0,,3,,49.00,49.00,147.00,147.00,0.00,,147.00,Y,N,Y,Y,,,,,,,,,,,,Shipped,N,,,,,
SO2026-000209,1,4,2026-01-14,2026-01-19,2026-02-28,2026-01-15,,,,,Mirakl-Kohls,Mirakl Kohls,,45,USD,40.00,40.00,48.40,0.00,40.00,0,0.00,0,0.00,8.40,0.00,,,,,48.40,,0.00,,,,,,,,,,,,,,,Shipped,Paid,,,,,,,10013,10576,10013-2026-000209,,,,,,,,,Mirakl Kohls Shipping,Jamie Clark,Asha Ives,Mirakl Kohls Network,214 Silver Creek Rd,Dock 14,Partner ship location,San Jose,CA,95115,Santa Clara,USA,ship-mirakl-kohls@example.com,(408) 555-2306,,,,,,,,,,,,,,,,,,,1,2026-01-14,AUSTIN-06-BLUSH-12,,,SNEAKER,,,EA,,,,,,,,4,0,,4,,10.00,10.00,40.00,40.00,0.00,,40.00,Y,N,Y,Y,,,,,,,,,,,,Shipped,N,,,,,
SO2026-000210,1,4,2026-02-08,2026-02-12,2026-02-28,2026-02-10,,,,,Macys,Macys,,60,USD,342.00,342.00,351.93,0.00,342.00,0,0.00,0,0.00,9.93,0.00,,,,,351.93,,0.00,,,,,,,,,,,,,,,Shipped,Paid,,,,,,,30005,10574,30005-2026-000210,,,,,,,,,Macys Shipping,Taylor Kim,Blake Jett,Macys Stores,215 King St,Dock 15,Department ship location,San Francisco,CA,94107,San Francisco,USA,ship-macys@example.com,(415) 555-2406,,,,,,,,,,,,,,,,,,,1,2026-02-08,ADELINE-03-TAUPE-B12,,,BUCKLE FRONT FLAT SANDALS,,,EA,,,,,,,,1,0,,1,,222.00,222.00,222.00,222.00,0.00,,222.00,Y,N,Y,Y,,,,,,,,,,,,Shipped,N,,,,,
SO2026-000210,1,4,2026-02-08,2026-02-12,2026-02-28,2026-02-10,,,,,Macys,Macys,,60,USD,342.00,342.00,351.93,0.00,342.00,0,0.00,0,0.00,9.93,0.00,,,,,351.93,,0.00,,,,,,,,,,,,,,,Shipped,Paid,,,,,,,30005,10574,30005-2026-000210,,,,,,,,,Macys Shipping,Taylor Kim,Blake Jett,Macys Stores,215 King St,Dock 15,Department ship location,San Francisco,CA,94107,San Francisco,USA,ship-macys@example.com,(415) 555-2406,,,,,,,,,,,,,,,,,,,2,2026-02-08,AUSTIN-06-BLACK-B12,,,SNEAKER,,,EA,,,,,,,,1,0,,1,,120.00,120.00,120.00,120.00,0.00,,120.00,Y,N,Y,Y,,,,,,,,,,,,Shipped,N,,,,,
SO2026-000211,1,4,2026-01-24,2026-01-29,2026-02-28,2026-01-26,,,,,Veeqo-Amazon,Veeqo Amazon,,45,USD,255.00,255.00,263.75,0.00,255.00,0,0.00,0,0.00,8.75,0.00,,,,,263.75,,0.00,,,,,,,,,,,,,,,Shipped,Paid,,,,,,,10016,10579,10016-2026-000211,,,,,,,,,Veeqo Amazon Shipping,Jamie Clark,Owen Pike,Veeqo Amazon Retail,202 Distribution Way,Dock 2,Regional ship location,Irvine,CA,92603,Orange,USA,ship-veeqo-amazon@example.com,(949) 555-1106,,,,,,,,,,,,,,,,,,,1,2026-01-24,ADELINE-02-BLACK-A12,,,WOVEN SLIDE SANDAL,,,EA,,,,,,,,1,0,,1,,138.00,138.00,138.00,138.00,0.00,,138.00,Y,N,Y,Y,,,,,,,,,,,,Shipped,N,,,,,
SO2026-000211,1,4,2026-01-24,2026-01-29,2026-02-28,2026-01-26,,,,,Veeqo-Amazon,Veeqo Amazon,,45,USD,255.00,255.00,263.75,0.00,255.00,0,0.00,0,0.00,8.75,0.00,,,,,263.75,,0.00,,,,,,,,,,,,,,,Shipped,Paid,,,,,,,10016,10579,10016-2026-000211,,,,,,,,,Veeqo Amazon Shipping,Jamie Clark,Owen Pike,Veeqo Amazon Retail,202 Distribution Way,Dock 2,Regional ship location,Irvine,CA,92603,Orange,USA,ship-veeqo-amazon@example.com,(949) 555-1106,,,,,,,,,,,,,,,,,,,2,2026-01-24,FA16105WV-MIDNIGHTBLUE-XL-STD,809666795561,,Patricia Woven Chiffon Midnight Blue Palazzo Pant W Elastic Waist,,,EA,,,,,,,,3,0,,3,,39.00,39.00,117.00,117.00,0.00,,117.00,Y,N,Y,Y,,,,,,,,,,,,Shipped,N,,,,,
SO2026-000212,1,4,2026-02-12,2026-02-16,2026-02-28,2026-02-14,,,,,Mirakl-HudsonsB,Mirakl HudsonsB,,60,USD,354.00,354.00,363.61,0.00,354.00,0,0.00,0,0.00,9.61,0.00,,,,,363.61,,0.00,,,,,,,,,,,,,,,Shipped,Paid,,,,,,,10005,10577,10005-2026-000212,,,,,,,,,Mirakl HudsonsB Shipping,Morgan Lee,Yara Glenn,Mirakl HudsonsB Network,212 Quail Hill Pkwy,Dock 12,Network ship location,Irvine,CA,92607,Orange,USA,ship-mirakl-hudsonsb@example.com,(949) 555-2106,,,,,,,,,,,,,,,,,,,1,2026-02-12,ADELINE-03-BLACK,,,BUCKLE FRONT FLAT SANDALS,,,EA,,,,,,,,2,0,,2,,177.00,177.00,354.00,354.00,0.00,,354.00,Y,N,Y,Y,,,,,,,,,,,,Shipped,N,,,,,
SO2026-000213,1,4,2026-01-04,2026-01-08,2026-02-18,2026-01-05,,,,,Veeqo-Amazon,Veeqo Amazon,,45,USD,32.25,32.25,47.67,0.00,32.25,0,0.00,0,0.00,15.42,0.00,,,,,47.67,,0.00,,,,,,,,,,,,,,,Shipped,Paid,,,,,,,10016,10579,10016-2026-000213,,,,,,,,,Veeqo Amazon Shipping,Jamie Clark,Owen Pike,Veeqo Amazon Retail,202 Distribution Way,Dock 2,Regional ship location,Irvine,CA,92603,Orange,USA,ship-veeqo-amazon@example.com,(949) 555-1106,,,,,,,,,,,,,,,,,,,1,2026-01-04,CORA-01-CAME-6.5,,,CROSS FRONT SANDAL,,,EA,,,,,,,,3,0,,3,,10.75,10.75,32.25,32.25,0.00,,32.25,Y,N,Y,Y,,,,,,,,,,,,Shipped,N,,,,,
SO2026-000214,1,4,2026-01-21,2026-01-26,2026-02-28,2026-01-22,,,,,Veeqo-Amazon,Veeqo Amazon,,45,USD,41.50,41.50,53.63,0.00,41.50,0,0.00,0,0.00,12.13,0.00,,,,,53.63,,0.00,,,,,,,,,,,,,,,Shipped,Paid,,,,,,,10016,10579,10016-2026-000214,,,,,,,,,Veeqo Amazon Shipping,Jamie Clark,Owen Pike,Veeqo Amazon Retail,202 Distribution Way,Dock 2,Regional ship location,Irvine,CA,92603,Orange,USA,ship-veeqo-amazon@example.com,(949) 555-1106,,,,,,,,,,,,,,,,,,,1,2026-01-21,ASTRID-01-GREY-10,,,SLIP ON SNEAKER,,,EA,,,,,,,,2,0,,2,,20.75,20.75,41.50,41.50,0.00,,41.50,Y,N,Y,Y,,,,,,,,,,,,Shipped,N,,,,,
SO2026-000215,1,4,2026-01-18,2026-01-18,2026-02-17,2026-01-20,,,,,AMZ-eCom,AMZ eCom,,30,USD,134.00,134.00,144.93,0.00,134.00,0,0.00,0,0.00,10.93,0.00,,,,,144.93,,0.00,,,,,,,,,,,,,,,Shipped,Paid,,,,,,,10001,10565,10001-2026-000215,,,,,,,,,AMZ eCom Shipping,Alex Reed,Nora Lane,AMZ eCom Retail,201 Harbor Ave,Dock 1,Main ship location,Los Angeles,CA,90002,Los Angeles,USA,ship-amz-ecom@example.com,(213) 555-1006,,,,,,,,,,,,,,,,,,,1,2026-01-18,FA13501DM-RINSEWSFT-26-32,809666858440,,Maya Basic Dark Handsand Wash Midrise Skinny Jeans,,,EA,,,,,,,,3,0,,3,,34.00,34.00,102.00,102.00,0.00,,102.00,Y,N,Y,Y,,,,,,,,,,,,Shipped,N,,,,,
SO2026-000215,1,4,2026-01-18,2026-01-18,2026-02-17,2026-01-20,,,,,AMZ-eCom,AMZ eCom,,30,USD,134.00,134.00,144.93,0.00,134.00,0,0.00,0,0.00,10.93,0.00,,,,,144.93,,0.00,,,,,,,,,,,,,,,Shipped,Paid,,,,,,,10001,10565,10001-2026-000215,,,,,,,,,AMZ eCom Shipping,Alex Reed,Nora Lane,AMZ eCom Retail,201 Harbor Ave,Dock 1,Main ship location,Los Angeles,CA,90002,Los Angeles,USA,ship-amz-ecom@example.com,(213) 555-1006,,,,,,,,,,,,,,,,,,,2,2026-01-18,CAMILA-06-BLACK-6,,,COSS FRONT SLIP ON SLIDES,,,EA,,,,,,,,4,0,,4,,8.00,8.00,32.00,32.00,0.00,,32.00,Y,N,Y,Y,,,,,,,,,,,,Shipped,N,,,,,
SO2026-000216,1,4,2026-01-14,2026-01-19,2026-02-28,2026-01-16,,,,,Veeqo-Amazon,Veeqo Amazon,,45,USD,106.50,106.50,117.44,0.00,106.50,0,0.00,0,0.00,10.94,0.00,,,,,117.44,,0.00,,,,,,,,,,,,,,,Shipped,Paid,,,,,,,10016,10579,10016-2026-000216,,,,,,,,,Veeqo Amazon Shipping,Jamie Clark,Owen Pike,Veeqo Amazon Retail,202 Distribution Way,Dock 2,Regional ship location,Irvine,CA,92603,Orange,USA,ship-veeqo-amazon@example.com,(949) 555-1106,,,,,,,,,,,,,,,,,,,1,2026-01-14,ASTRID-01-GREY-8,,,SLIP ON SNEAKER,,,EA,,,,,,,,2,0,,2,,20.75,20.75,41.50,41.50,0.00,,41.50,Y,N,Y,Y,,,,,,,,,,,,Shipped,N,,,,,
SO2026-000216,1,4,2026-01-14,2026-01-19,2026-02-28,2026-01-16,,,,,Veeqo-Amazon,Veeqo Amazon,,45,USD,106.50,106.50,117.44,0.00,106.50,0,0.00,0,0.00,10.94,0.00,,,,,117.44,,0.00,,,,,,,,,,,,,,,Shipped,Paid,,,,,,,10016,10579,10016-2026-000216,,,,,,,,,Veeqo Amazon Shipping,Jamie Clark,Owen Pike,Veeqo Amazon Retail,202 Distribution Way,Dock 2,Regional ship location,Irvine,CA,92603,Orange,USA,ship-veeqo-amazon@example.com,(949) 555-1106,,,,,,,,,,,,,,,,,,,2,2026-01-14,AVIANA-06-PINK-10,,,FUR SLIPPER,,,EA,,,,,,,,4,0,,4,,16.25,16.25,65.00,65.00,0.00,,65.00,Y,N,Y,Y,,,,,,,,,,,,Shipped,N,,,,,
SO2026-000217,1,4,2026-01-31,2026-02-01,2026-02-28,2026-02-01,,,,,AMZ-eCom,AMZ eCom,,30,USD,126.00,126.00,130.11,0.00,126.00,0,0.00,0,0.00,4.11,0.00,,,,,130.11,,0.00,,,,,,,,,,,,,,,Shipped,Paid,,,,,,,10001,10565,10001-2026-000217,,,,,,,,,AMZ eCom Shipping,Alex Reed,Nora Lane,AMZ eCom Retail,201 Harbor Ave,Dock 1,Main ship location,Los Angeles,CA,90002,Los Angeles,USA,ship-amz-ecom@example.com,(213) 555-1006,,,,,,,,,,,,,,,,,,,1,2026-01-31,CORA-01-TAUP-8,,,CROSS FRONT SANDAL,,,EA,,,,,,,,4,0,,4,,10.75,10.75,43.00,43.00,0.00,,43.00,Y,N,Y,Y,,,,,,,,,,,,Shipped,N,,,,,
SO2026-000217,1,4,2026-01-31,2026-02-01,2026-02-28,2026-02-01,,,,,AMZ-eCom,AMZ eCom,,30,USD,126.00,126.00,130.11,0.00,126.00,0,0.00,0,0.00,4.11,0.00,,,,,130.11,,0.00,,,,,,,,,,,,,,,Shipped,Paid,,,,,,,10001,10565,10001-2026-000217,,,,,,,,,AMZ eCom Shipping,Alex Reed,Nora Lane,AMZ eCom Retail,201 Harbor Ave,Dock 1,Main ship location,Los Angeles,CA,90002,Los Angeles,USA,ship-amz-ecom@example.com,(213) 555-1006,,,,,,,,,,,,,,,,,,,2,2026-01-31,ASTRID-01-BLACK-7,,,SLIP ON SNEAKER,,,EA,,,,,,,,4,0,,4,,20.75,20.75,83.00,83.00,0.00,,83.00,Y,N,Y,Y,,,,,,,,,,,,Shipped,N,,,,,
SO2026-000218,1,4,2026-02-20,2026-02-25,2026-02-28,2026-02-21,,,,,Shopify,Shopify,,45,USD,168.75,168.75,178.37,0.00,168.75,0,0.00,0,0.00,9.62,0.00,,,,,178.37,,0.00,,,,,,,,,,,,,,,Shipped,Paid,,,,,,,20001,10580,20001-2026-000218,,,,,,,,,Shopify Shipping,Alex Reed,Dario Lowe,Shopify Commerce,217 Barranca Pkwy,Dock 17,Commerce ship location,Irvine,CA,92609,Orange,USA,ship-shopify@example.com,(949) 555-2606,,,,,,,,,,,,,,,,,,,1,2026-02-20,ADELINE-02-NUDE-8,,,WOVEN SLIDE SANDAL,,,EA,,,,,,,,4,0,,4,,11.50,11.50,46.00,46.00,0.00,,46.00,Y,N,Y,Y,,,,,,,,,,,,Shipped,N,,,,,
SO2026-000218,1,4,2026-02-20,2026-02-25,2026-02-28,2026-02-21,,,,,Shopify,Shopify,,45,USD,168.75,168.75,178.37,0.00,168.75,0,0.00,0,0.00,9.62,0.00,,,,,178.37,,0.00,,,,,,,,,,,,,,,Shipped,Paid,,,,,,,20001,10580,20001-2026-000218,,,,,,,,,Shopify Shipping,Alex Reed,Dario Lowe,Shopify Commerce,217 Barranca Pkwy,Dock 17,Commerce ship location,Irvine,CA,92609,Orange,USA,ship-shopify@example.com,(949) 555-2606,,,,,,,,,,,,,,,,,,,2,2026-02-20,ASTRID-01-BLUSH-10,,,SLIP ON SNEAKER,,,EA,,,,,,,,1,0,,1,,20.75,20.75,20.75,20.75,0.00,,20.75,Y,N,Y,Y,,,,,,,,,,,,Shipped,N,,,,,
SO2026-000218,1,4,2026-02-20,2026-02-25,2026-02-28,2026-02-21,,,,,Shopify,Shopify,,45,USD,168.75,168.75,178.37,0.00,168.75,0,0.00,0,0.00,9.62,0.00,,,,,178.37,,0.00,,,,,,,,,,,,,,,Shipped,Paid,,,,,,,20001,10580,20001-2026-000218,,,,,,,,,Shopify Shipping,Alex Reed,Dario Lowe,Shopify Commerce,217 Barranca Pkwy,Dock 17,Commerce ship location,Irvine,CA,92609,Orange,USA,ship-shopify@example.com,(949) 555-2606,,,,,,,,,,,,,,,,,,,3,2026-02-20,F13031C-1742VNTGDM-31-STD,809666255027,,Cayden Vintage Beujolias Corduroy Skinny Jeans,,,EA,,,,,,,,3,0,,3,,34.00,34.00,102.00,102.00,0.00,,102.00,Y,N,Y,Y,,,,,,,,,,,,Shipped,N,,,,,
SO2026-000219,1,4,2026-02-06,2026-02-11,2026-02-28,2026-02-07,,,,,JCPenney,JCPenney,,30,USD,57.50,57.50,57.50,0.00,57.50,0,0.00,0,0.00,0.00,0.00,,,,,57.50,,0.00,,,,,,,,,,,,,,,Shipped,Paid,,,,,,,30007,10575,30007-2026-000219,,,,,,,,,JCPenney Shipping,Alex Reed,Zane Holt,JCPenney Stores,213 Gateway Rd,Dock 13,Retail ship location,San Diego,CA,92106,San Diego,USA,ship-jcpenney@example.com,(619) 555-2206,,,,,,,,,,,,,,,,,,,1,2026-02-06,FA16105WV-MIDNIGHTCAMO-S-STD,809666795578,,Patricia Woven Chiffon Midnight Blue Palazzo Pant W Elastic Waist,,,EA,,,,,,,,1,0,,1,,39.00,39.00,39.00,39.00,0.00,,39.00,Y,N,Y,Y,,,,,,,,,,,,Shipped,N,,,,,
SO2026-000219,1,4,2026-02-06,2026-02-11,2026-02-28,2026-02-07,,,,,JCPenney,JCPenney,,30,USD,57.50,57.50,57.50,0.00,57.50,0,0.00,0,0.00,0.00,0.00,,,,,57.50,,0.00,,,,,,,,,,,,,,,Shipped,Paid,,,,,,,30007,10575,30007-2026-000219,,,,,,,,,JCPenney Shipping,Alex Reed,Zane Holt,JCPenney Stores,213 Gateway Rd,Dock 13,Retail ship location,San Diego,CA,92106,San Diego,USA,ship-jcpenney@example.com,(619) 555-2206,,,,,,,,,,,,,,,,,,,2,2026-02-06,ADELINE-03-TAUPE-7,,,BUCKLE FRONT FLAT SANDALS,,,EA,,,,,,,,1,0,,1,,18.50,18.50,18.50,18.50,0.00,,18.50,Y,N,Y,Y,,,,,,,,,,,,Shipped,N,,,,,
SO2026-000220,1,4,2026-01-17,2026-01-18,2026-02-16,2026-01-17,,,,,eBay,eBay,,30,USD,393.00,393.00,402.39,0.00,393.00,0,0.00,0,0.00,9.39,0.00,,,,,402.39,,0.00,,,,,,,,,,,,,,,Shipped,Paid,,,,,,,10004,10570,10004-2026-000220,,,,,,,,,eBay Shipping,Morgan Lee,Quentin Hale,eBay Commerce,204 Fulfillment Ave,Dock 4,Standard ship location,San Jose,CA,95111,Santa Clara,USA,ship-ebay@example.com,(408) 555-1306,,,,,,,,,,,,,,,,,,,1,2026-01-17,ADELINE-02-WHITE-S,,,WOVEN SLIDE SANDAL,,,EA,,,,,,,,2,0,,2,,138.00,138.00,276.00,276.00,0.00,,276.00,Y,N,Y,Y,,,,,,,,,,,,Shipped,N,,,,,
SO2026-000220,1,4,2026-01-17,2026-01-18,2026-02-16,2026-01-17,,,,,eBay,eBay,,30,USD,393.00,393.00,402.39,0.00,393.00,0,0.00,0,0.00,9.39,0.00,,,,,402.39,,0.00,,,,,,,,,,,,,,,Shipped,Paid,,,,,,,10004,10570,10004-2026-000220,,,,,,,,,eBay Shipping,Morgan Lee,Quentin Hale,eBay Commerce,204 Fulfillment Ave,Dock 4,Standard ship location,San Jose,CA,95111,Santa Clara,USA,ship-ebay@example.com,(408) 555-1306,,,,,,,,,,,,,,,,,,,2,2026-01-17,ADELINE-03-TAUPE-5,,,BUCKLE FRONT FLAT SANDALS,,,EA,,,,,,,,4,0,,4,,18.50,18.50,74.00,74.00,0.00,,74.00,Y,N,Y,Y,,,,,,,,,,,,Shipped,N,,,,,
SO2026-000220,1,4,2026-01-17,2026-01-18,2026-02-16,2026-01-17,,,,,eBay,eBay,,30,USD,393.00,393.00,402.39,0.00,393.00,0,0.00,0,0.00,9.39,0.00,,,,,402.39,,0.00,,,,,,,,,,,,,,,Shipped,Paid,,,,,,,10004,10570,10004-2026-000220,,,,,,,,,eBay Shipping,Morgan Lee,Quentin Hale,eBay Commerce,204 Fulfillment Ave,Dock 4,Standard ship location,San Jose,CA,95111,Santa Clara,USA,ship-ebay@example.com,(408) 555-1306,,,,,,,,,,,,,,,,,,,3,2026-01-17,CORA-01-FUCH-7,,,CROSS FRONT SANDAL,,,EA,,,,,,,,4,0,,4,,10.75,10.75,43.00,43.00,0.00,,43.00,Y,N,Y,Y,,,,,,,,,,,,Shipped,N,,,,,
SO2026-000221,1,4,2026-01-07,2026-01-07,2026-02-21,2026-01-07,,,,,Shopify,Shopify,,45,USD,136.00,136.00,136.00,0.00,136.00,0,0.00,0,0.00,0.00,0.00,,,,,136.00,,0.00,,,,,,,,,,,,,,,Shipped,Paid,,,,,,,20001,10580,20001-2026-000221,,,,,,,,,Shopify Shipping,Alex Reed,Dario Lowe,Shopify Commerce,217 Barranca Pkwy,Dock 17,Commerce ship location,Irvine,CA,92609,Orange,USA,ship-shopify@example.com,(949) 555-2606,,,,,,,,,,,,,,,,,,,1,2026-01-07,FA13512DM,,,"Five-pocket twill woven lowrise skinny jeans with gold stitching and hardware. Light hand sanding, w",,,EA,,,,,,,,4,0,,4,,34.00,34.00,136.00,136.00,0.00,,136.00,Y,N,Y,Y,,,,,,,,,,,,Shipped,N,,,,,
SO2026-000222,1,4,2026-01-08,2026-01-13,2026-02-28,2026-01-09,,,,,Squarespace,Squarespace,,60,USD,53.25,53.25,53.25,0.00,53.25,0,0.00,0,0.00,0.00,0.00,,,,,53.25,,0.00,,,,,,,,,,,,,,,Shipped,Paid,,,,,,,20006,10582,20006-2026-000222,,,,,,,,,Squarespace Shipping,Jamie Clark,Elin Marsh,Squarespace Digital,218 Camino Del Rio,Dock 18,Digital ship location,San Diego,CA,92108,San Diego,USA,ship-squarespace@example.com,(619) 555-2706,,,,,,,,,,,,,,,,,,,1,2026-01-08,ASTRID-01-GREY-5,,,SLIP ON SNEAKER,,,EA,,,,,,,,1,0,,1,,20.75,20.75,20.75,20.75,0.00,,20.75,Y,N,Y,Y,,,,,,,,,,,,Shipped,N,,,,,
SO2026-000222,1,4,2026-01-08,2026-01-13,2026-02-28,2026-01-09,,,,,Squarespace,Squarespace,,60,USD,53.25,53.25,53.25,0.00,53.25,0,0.00,0,0.00,0.00,0.00,,,,,53.25,,0.00,,,,,,,,,,,,,,,Shipped,Paid,,,,,,,20006,10582,20006-2026-000222,,,,,,,,,Squarespace Shipping,Jamie Clark,Elin Marsh,Squarespace Digital,218 Camino Del Rio,Dock 18,Digital ship location,San Diego,CA,92108,San Diego,USA,ship-squarespace@example.com,(619) 555-2706,,,,,,,,,,,,,,,,,,,2,2026-01-08,AVIANA-06-PINK-7.5,,,FUR SLIPPER,,,EA,,,,,,,,2,0,,2,,16.25,16.25,32.50,32.50,0.00,,32.50,Y,N,Y,Y,,,,,,,,,,,,Shipped,N,,,,,
SO2026-000223,1,4,2026-01-06,2026-01-07,2026-02-05,2026-01-08,,,,,AMZ-eCom,AMZ eCom,,30,USD,109.50,109.50,109.50,0.00,109.50,0,0.00,0,0.00,0.00,0.00,,,,,109.50,,0.00,,,,,,,,,,,,,,,Shipped,Paid,,,,,,,10001,10565,10001-2026-000223,,,,,,,,,AMZ eCom Shipping,Alex Reed,Nora Lane,AMZ eCom Retail,201 Harbor Ave,Dock 1,Main ship location,Los Angeles,CA,90002,Los Angeles,USA,ship-amz-ecom@example.com,(213) 555-1006,,,,,,,,,,,,,,,,,,,1,2026-01-06,ADELINE-02-WHITE-9.5,,,WOVEN SLIDE SANDAL,,,EA,,,,,,,,3,0,,3,,11.50,11.50,34.50,34.50,0.00,,34.50,Y,N,Y,Y,,,,,,,,,,,,Shipped,N,,,,,
SO2026-000223,1,4,2026-01-06,2026-01-07,2026-02-05,2026-01-08,,,,,AMZ-eCom,AMZ eCom,,30,USD,109.50,109.50,109.50,0.00,109.50,0,0.00,0,0.00,0.00,0.00,,,,,109.50,,0.00,,,,,,,,,,,,,,,Shipped,Paid,,,,,,,10001,10565,10001-2026-000223,,,,,,,,,AMZ eCom Shipping,Alex Reed,Nora Lane,AMZ eCom Retail,201 Harbor Ave,Dock 1,Main ship location,Los Angeles,CA,90002,Los Angeles,USA,ship-amz-ecom@example.com,(213) 555-1006,,,,,,,,,,,,,,,,,,,2,2026-01-06,CORA-01-YLW-6,,,CROSS FRONT SANDAL,,,EA,,,,,,,,4,0,,4,,10.75,10.75,43.00,43.00,0.00,,43.00,Y,N,Y,Y,,,,,,,,,,,,Shipped,N,,,,,
SO2026-000223,1,4,2026-01-06,2026-01-07,2026-02-05,2026-01-08,,,,,AMZ-eCom,AMZ eCom,,30,USD,109.50,109.50,109.50,0.00,109.50,0,0.00,0,0.00,0.00,0.00,,,,,109.50,,0.00,,,,,,,,,,,,,,,Shipped,Paid,,,,,,,10001,10565,10001-2026-000223,,,,,,,,,AMZ eCom Shipping,Alex Reed,Nora Lane,AMZ eCom Retail,201 Harbor Ave,Dock 1,Main ship location,Los Angeles,CA,90002,Los Angeles,USA,ship-amz-ecom@example.com,(213) 555-1006,,,,,,,,,,,,,,,,,,,3,2026-01-06,CAMILA-06-LILAC-7,,,COSS FRONT SLIP ON SLIDES,,,EA,,,,,,,,4,0,,4,,8.00,8.00,32.00,32.00,0.00,,32.00,Y,N,Y,Y,,,,,,,,,,,,Shipped,N,,,,,
SO2026-000224,1,4,2026-01-06,2026-01-10,2026-02-05,2026-01-08,,,,,AMZ-eCom,AMZ eCom,,30,USD,103.75,103.75,103.75,0.00,103.75,0,0.00,0,0.00,0.00,0.00,,,,,103.75,,0.00,,,,,,,,,,,,,,,Shipped,Paid,,,,,,,10001,10565,10001-2026-000224,,,,,,,,,AMZ eCom Shipping,Alex Reed,Nora Lane,AMZ eCom Retail,201 Harbor Ave,Dock 1,Main ship location,Los Angeles,CA,90002,Los Angeles,USA,ship-amz-ecom@example.com,(213) 555-1006,,,,,,,,,,,,,,,,,,,1,2026-01-06,AUSTIN-06-BLACK-11,,,SNEAKER,,,EA,,,,,,,,2,0,,2,,10.00,10.00,20.00,20.00,0.00,,20.00,Y,N,Y,Y,,,,,,,,,,,,Shipped,N,,,,,
SO2026-000224,1,4,2026-01-06,2026-01-10,2026-02-05,2026-01-08,,,,,AMZ-eCom,AMZ eCom,,30,USD,103.75,103.75,103.75,0.00,103.75,0,0.00,0,0.00,0.00,0.00,,,,,103.75,,0.00,,,,,,,,,,,,,,,Shipped,Paid,,,,,,,10001,10565,10001-2026-000224,,,,,,,,,AMZ eCom Shipping,Alex Reed,Nora Lane,AMZ eCom Retail,201 Harbor Ave,Dock 1,Main ship location,Los Angeles,CA,90002,Los Angeles,USA,ship-amz-ecom@example.com,(213) 555-1006,,,,,,,,,,,,,,,,,,,2,2026-01-06,CORA-01-FUCH-9.5,,,CROSS FRONT SANDAL,,,EA,,,,,,,,2,0,,2,,10.75,10.75,21.50,21.50,0.00,,21.50,Y,N,Y,Y,,,,,,,,,,,,Shipped,N,,,,,
SO2026-000224,1,4,2026-01-06,2026-01-10,2026-02-05,2026-01-08,,,,,AMZ-eCom,AMZ eCom,,30,USD,103.75,103.75,103.75,0.00,103.75,0,0.00,0,0.00,0.00,0.00,,,,,103.75,,0.00,,,,,,,,,,,,,,,Shipped,Paid,,,,,,,10001,10565,10001-2026-000224,,,,,,,,,AMZ eCom Shipping,Alex Reed,Nora Lane,AMZ eCom Retail,201 Harbor Ave,Dock 1,Main ship location,Los Angeles,CA,90002,Los Angeles,USA,ship-amz-ecom@example.com,(213) 555-1006,,,,,,,,,,,,,,,,,,,3,2026-01-06,ASTRID-01-GREY-7,,,SLIP ON SNEAKER,,,EA,,,,,,,,3,0,,3,,20.75,20.75,62.25,62.25,0.00,,62.25,Y,N,Y,Y,,,,,,,,,,,,Shipped,N,,,,,
SO2026-000225,1,4,2026-01-13,2026-01-13,2026-02-27,2026-01-15,,,,,Mirakl-Kohls,Mirakl Kohls,,45,USD,87.50,87.50,103.90,0.00,87.50,0,0.00,0,0.00,16.40,0.00,,,,,103.90,,0.00,,,,,,,,,,,,,,,Shipped,Paid,,,,,,,10013,10576,10013-2026-000225,,,,,,,,,Mirakl Kohls Shipping,Jamie Clark,Asha Ives,Mirakl Kohls Network,214 Silver Creek Rd,Dock 14,Partner ship location,San Jose,CA,95115,Santa Clara,USA,ship-mirakl-kohls@example.com,(408) 555-2306,,,,,,,,,,,,,,,,,,,1,2026-01-13,FA13501DM-1464KINGSC-32-30,809666852509,,Maya Basic Dark Handsand Wash Midrise Skinny Jeans,,,EA,,,,,,,,2,0,,2,,34.00,34.00,68.00,68.00,0.00,,68.00,Y,N,Y,Y,,,,,,,,,,,,Shipped,N,,,,,
SO2026-000225,1,4,2026-01-13,2026-01-13,2026-02-27,2026-01-15,,,,,Mirakl-Kohls,Mirakl Kohls,,45,USD,87.50,87.50,103.90,0.00,87.50,0,0.00,0,0.00,16.40,0.00,,,,,103.90,,0.00,,,,,,,,,,,,,,,Shipped,Paid,,,,,,,10013,10576,10013-2026-000225,,,,,,,,,Mirakl Kohls Shipping,Jamie Clark,Asha Ives,Mirakl Kohls Network,214 Silver Creek Rd,Dock 14,Partner ship location,San Jose,CA,95115,Santa Clara,USA,ship-mirakl-kohls@example.com,(408) 555-2306,,,,,,,,,,,,,,,,,,,2,2026-01-13,CAMILA-06-NUDE-8.5,,,COSS FRONT SLIP ON SLIDES,,,EA,,,,,,,,1,0,,1,,8.00,8.00,8.00,8.00,0.00,,8.00,Y,N,Y,Y,,,,,,,,,,,,Shipped,N,,,,,
SO2026-000225,1,4,2026-01-13,2026-01-13,2026-02-27,2026-01-15,,,,,Mirakl-Kohls,Mirakl Kohls,,45,USD,87.50,87.50,103.90,0.00,87.50,0,0.00,0,0.00,16.40,0.00,,,,,103.90,,0.00,,,,,,,,,,,,,,,Shipped,Paid,,,,,,,10013,10576,10013-2026-000225,,,,,,,,,Mirakl Kohls Shipping,Jamie Clark,Asha Ives,Mirakl Kohls Network,214 Silver Creek Rd,Dock 14,Partner ship location,San Jose,CA,95115,Santa Clara,USA,ship-mirakl-kohls@example.com,(408) 555-2306,,,,,,,,,,,,,,,,,,,3,2026-01-13,ADELINE-02-PINK-9.5,,,WOVEN SLIDE SANDAL,,,EA,,,,,,,,1,0,,1,,11.50,11.50,11.50,11.50,0.00,,11.50,Y,N,Y,Y,,,,,,,,,,,,Shipped,N,,,,,
SO2026-000226,1,4,2026-01-04,2026-01-06,2026-02-28,2026-01-04,,,,,Squarespace,Squarespace,,60,USD,150.75,150.75,158.06,0.00,150.75,0,0.00,0,0.00,7.31,0.00,,,,,158.06,,0.00,,,,,,,,,,,,,,,Shipped,Paid,,,,,,,20006,10582,20006-2026-000226,,,,,,,,,Squarespace Shipping,Jamie Clark,Elin Marsh,Squarespace Digital,218 Camino Del Rio,Dock 18,Digital ship location,San Diego,CA,92108,San Diego,USA,ship-squarespace@example.com,(619) 555-2706,,,,,,,,,,,,,,,,,,,1,2026-01-04,AVIANA-06-BLACK-9,,,FUR SLIPPER,,,EA,,,,,,,,3,0,,3,,16.25,16.25,48.75,48.75,0.00,,48.75,Y,N,Y,Y,,,,,,,,,,,,Shipped,N,,,,,
SO2026-000226,1,4,2026-01-04,2026-01-06,2026-02-28,2026-01-04,,,,,Squarespace,Squarespace,,60,USD,150.75,150.75,158.06,0.00,150.75,0,0.00,0,0.00,7.31,0.00,,,,,158.06,,0.00,,,,,,,,,,,,,,,Shipped,Paid,,,,,,,20006,10582,20006-2026-000226,,,,,,,,,Squarespace Shipping,Jamie Clark,Elin Marsh,Squarespace Digital,218 Camino Del Rio,Dock 18,Digital ship location,San Diego,CA,92108,San Diego,USA,ship-squarespace@example.com,(619) 555-2706,,,,,,,,,,,,,,,,,,,2,2026-01-04,F13031C-1742VNTGST-29-STD,809666255096,,Cayden Vintage Beujolias Corduroy Skinny Jeans,,,EA,,,,,,,,3,0,,3,,34.00,34.00,102.00,102.00,0.00,,102.00,Y,N,Y,Y,,,,,,,,,,,,Shipped,N,,,,,
SO2026-000227,1,4,2026-02-27,2026-02-28,2026-02-28,2026-02-28,,,,,Magento,Magento,,30,USD,64.50,64.50,82.21,0.00,64.50,0,0.00,0,0.00,17.71,0.00,,,,,82.21,,0.00,,,,,,,,,,,,,,,Shipped,Paid,,,,,,,20003,10581,20003-2026-000227,,,,,,,,,Magento Shipping,Morgan Lee,Cora Knox,Magento Platform,216 Century Blvd,Dock 16,Platform ship location,Los Angeles,CA,90008,Los Angeles,USA,ship-magento@example.com,(213) 555-2506,,,,,,,,,,,,,,,,,,,1,2026-02-27,CORA-01-LEOP-7.5,,,CROSS FRONT SANDAL,,,EA,,,,,,,,3,0,,3,,10.75,10.75,32.25,32.25,0.00,,32.25,Y,N,Y,Y,,,,,,,,,,,,Shipped,N,,,,,
SO2026-000227,1,4,2026-02-27,2026-02-28,2026-02-28,2026-02-28,,,,,Magento,Magento,,30,USD,64.50,64.50,82.21,0.00,64.50,0,0.00,0,0.00,17.71,0.00,,,,,82.21,,0.00,,,,,,,,,,,,,,,Shipped,Paid,,,,,,,20003,10581,20003-2026-000227,,,,,,,,,Magento Shipping,Morgan Lee,Cora Knox,Magento Platform,216 Century Blvd,Dock 16,Platform ship location,Los Angeles,CA,90008,Los Angeles,USA,ship-magento@example.com,(213) 555-2506,,,,,,,,,,,,,,,,,,,2,2026-02-27,CORA-01-BLK-5,,,CROSS FRONT SANDAL,,,EA,,,,,,,,3,0,,3,,10.75,10.75,32.25,32.25,0.00,,32.25,Y,N,Y,Y,,,,,,,,,,,,Shipped,N,,,,,
SO2026-000228,1,4,2026-01-27,2026-01-29,2026-02-28,2026-01-27,,,,,Etsy-LS,Etsy LS,,45,USD,86.50,86.50,97.39,0.00,86.50,0,0.00,0,0.00,10.89,0.00,,,,,97.39,,0.00,,,,,,,,,,,,,,,Shipped,Paid,,,,,,,10008,10571,10008-2026-000228,,,,,,,,,Etsy LS Shipping,Alex Reed,Rhea Moss,Etsy LS Marketplace,205 Mission St,Dock 5,Marketplace ship location,San Francisco,CA,94103,San Francisco,USA,ship-etsy-ls@example.com,(415) 555-1406,,,,,,,,,,,,,,,,,,,1,2026-01-27,CORA-01-TAUP-11,,,CROSS FRONT SANDAL,,,EA,,,,,,,,2,0,,2,,10.75,10.75,21.50,21.50,0.00,,21.50,Y,N,Y,Y,,,,,,,,,,,,Shipped,N,,,,,
SO2026-000228,1,4,2026-01-27,2026-01-29,2026-02-28,2026-01-27,,,,,Etsy-LS,Etsy LS,,45,USD,86.50,86.50,97.39,0.00,86.50,0,0.00,0,0.00,10.89,0.00,,,,,97.39,,0.00,,,,,,,,,,,,,,,Shipped,Paid,,,,,,,10008,10571,10008-2026-000228,,,,,,,,,Etsy LS Shipping,Alex Reed,Rhea Moss,Etsy LS Marketplace,205 Mission St,Dock 5,Marketplace ship location,San Francisco,CA,94103,San Francisco,USA,ship-etsy-ls@example.com,(415) 555-1406,,,,,,,,,,,,,,,,,,,2,2026-01-27,AVIANA-06-BEIGE-9,,,FUR SLIPPER,,,EA,,,,,,,,4,0,,4,,16.25,16.25,65.00,65.00,0.00,,65.00,Y,N,Y,Y,,,,,,,,,,,,Shipped,N,,,,,
SO2026-000229,1,4,2026-02-03,2026-02-04,2026-02-28,2026-02-04,,,,,Etsy-VS,Etsy VS,,60,USD,186.00,186.00,197.93,0.00,186.00,0,0.00,0,0.00,11.93,0.00,,,,,197.93,,0.00,,,,,,,,,,,,,,,Shipped,Paid,,,,,,,10008,10572,10008-2026-000229,,,,,,,,,Etsy VS Shipping,Jamie Clark,Soren Vale,Etsy VS Marketplace,206 Pacific Hwy,Dock 6,Seasonal ship location,Los Angeles,CA,90004,Los Angeles,USA,ship-etsy-vs@example.com,(213) 555-1506,,,,,,,,,,,,,,,,,,,1,2026-02-03,FA13501DM-1464KINGSC-27-32,809666852752,,Maya Basic Dark Handsand Wash Midrise Skinny Jeans,,,EA,,,,,,,,1,0,,1,,34.00,34.00,34.00,34.00,0.00,,34.00,Y,N,Y,Y,,,,,,,,,,,,Shipped,N,,,,,
SO2026-000229,1,4,2026-02-03,2026-02-04,2026-02-28,2026-02-04,,,,,Etsy-VS,Etsy VS,,60,USD,186.00,186.00,197.93,0.00,186.00,0,0.00,0,0.00,11.93,0.00,,,,,197.93,,0.00,,,,,,,,,,,,,,,Shipped,Paid,,,,,,,10008,10572,10008-2026-000229,,,,,,,,,Etsy VS Shipping,Jamie Clark,Soren Vale,Etsy VS Marketplace,206 Pacific Hwy,Dock 6,Seasonal ship location,Los Angeles,CA,90004,Los Angeles,USA,ship-etsy-vs@example.com,(213) 555-1506,,,,,,,,,,,,,,,,,,,2,2026-02-03,173451-1183CITIZEN-11-STD,809666377910,,Susan Stretch Denim Skinny Jeans Medium Blue 5 Pocket Wash,,,EA,,,,,,,,3,0,,3,,24.00,24.00,72.00,72.00,0.00,,72.00,Y,N,Y,Y,,,,,,,,,,,,Shipped,N,,,,,
SO2026-000229,1,4,2026-02-03,2026-02-04,2026-02-28,2026-02-04,,,,,Etsy-VS,Etsy VS,,60,USD,186.00,186.00,197.93,0.00,186.00,0,0.00,0,0.00,11.93,0.00,,,,,197.93,,0.00,,,,,,,,,,,,,,,Shipped,Paid,,,,,,,10008,10572,10008-2026-000229,,,,,,,,,Etsy VS Shipping,Jamie Clark,Soren Vale,Etsy VS Marketplace,206 Pacific Hwy,Dock 6,Seasonal ship location,Los Angeles,CA,90004,Los Angeles,USA,ship-etsy-vs@example.com,(213) 555-1506,,,,,,,,,,,,,,,,,,,3,2026-02-03,FA16023WV-SMOKELEOPARD-XL-STD,809666395914,,Olivia Smoke Leopard Print Kimono Wrap Maxi Dress,,,EA,,,,,,,,2,0,,2,,40.00,40.00,80.00,80.00,0.00,,80.00,Y,N,Y,Y,,,,,,,,,,,,Shipped,N,,,,,
SO2026-000230,1,4,2026-01-25,2026-01-26,2026-02-28,2026-01-26,,,,,Etsy-VS,Etsy VS,,60,USD,43.00,43.00,59.68,0.00,43.00,0,0.00,0,0.00,16.68,0.00,,,,,59.68,,0.00,,,,,,,,,,,,,,,Shipped,Paid,,,,,,,10008,10572,10008-2026-000230,,,,,,,,,Etsy VS Shipping,Jamie Clark,Soren Vale,Etsy VS Marketplace,206 Pacific Hwy,Dock 6,Seasonal ship location,Los Angeles,CA,90004,Los Angeles,USA,ship-etsy-vs@example.com,(213) 555-1506,,,,,,,,,,,,,,,,,,,1,2026-01-25,CORA-01-LEOP-8.5,,,CROSS FRONT SANDAL,,,EA,,,,,,,,4,0,,4,,10.75,10.75,43.00,43.00,0.00,,43.00,Y,N,Y,Y,,,,,,,,,,,,Shipped,N,,,,,
SO2026-000231,1,4,2026-01-21,2026-01-25,2026-02-28,2026-01-22,,,,,Walmart-eComm,Walmart eComm,,45,USD,74.00,74.00,85.26,0.00,74.00,0,0.00,0,0.00,11.26,0.00,,,,,85.26,,0.00,,,,,,,,,,,,,,,Shipped,Paid,,,,,,,10002,10566,10002-2026-000231,,,,,,,,,Walmart eComm Shipping,Morgan Lee,Gavin Orr,Walmart eComm Retail,220 Townsend St,Dock 20,National ship location,San Francisco,CA,94109,San Francisco,USA,ship-walmart-ecomm@example.com,(415) 555-2906,,,,,,,,,,,,,,,,,,,1,2026-01-21,ADELINE-03-BLACK-11,,,BUCKLE FRONT FLAT SANDALS,,,EA,,,,,,,,4,0,,4,,18.50,18.50,74.00,74.00,0.00,,74.00,Y,N,Y,Y,,,,,,,,,,,,Shipped,N,,,,,
SO2026-000232,1,4,2026-01-10,2026-01-13,2026-02-09,2026-01-10,,,,,eBay,eBay,,30,USD,82.75,82.75,82.75,0.00,82.75,0,0.00,0,0.00,0.00,0.00,,,,,82.75,,0.00,,,,,,,,,,,,,,,Shipped,Paid,,,,,,,10004,10570,10004-2026-000232,,,,,,,,,eBay Shipping,Morgan Lee,Quentin Hale,eBay Commerce,204 Fulfillment Ave,Dock 4,Standard ship location,San Jose,CA,95111,Santa Clara,USA,ship-ebay@example.com,(408) 555-1306,,,,,,,,,,,,,,,,,,,1,2026-01-10,AUSTIN-06-BLACK-10,,,SNEAKER,,,EA,,,,,,,,4,0,,4,,10.00,10.00,40.00,40.00,0.00,,40.00,Y,N,Y,Y,,,,,,,,,,,,Shipped,N,,,,,
SO2026-000232,1,4,2026-01-10,2026-01-13,2026-02-09,2026-01-10,,,,,eBay,eBay,,30,USD,82.75,82.75,82.75,0.00,82.75,0,0.00,0,0.00,0.00,0.00,,,,,82.75,,0.00,,,,,,,,,,,,,,,Shipped,Paid,,,,,,,10004,10570,10004-2026-000232,,,,,,,,,eBay Shipping,Morgan Lee,Quentin Hale,eBay Commerce,204 Fulfillment Ave,Dock 4,Standard ship location,San Jose,CA,95111,Santa Clara,USA,ship-ebay@example.com,(408) 555-1306,,,,,,,,,,,,,,,,,,,2,2026-01-10,CAMILA-06-BLACK-7,,,COSS FRONT SLIP ON SLIDES,,,EA,,,,,,,,4,0,,4,,8.00,8.00,32.00,32.00,0.00,,32.00,Y,N,Y,Y,,,,,,,,,,,,Shipped,N,,,,,
SO2026-000232,1,4,2026-01-10,2026-01-13,2026-02-09,2026-01-10,,,,,eBay,eBay,,30,USD,82.75,82.75,82.75,0.00,82.75,0,0.00,0,0.00,0.00,0.00,,,,,82.75,,0.00,,,,,,,,,,,,,,,Shipped,Paid,,,,,,,10004,10570,10004-2026-000232,,,,,,,,,eBay Shipping,Morgan Lee,Quentin Hale,eBay Commerce,204 Fulfillment Ave,Dock 4,Standard ship location,San Jose,CA,95111,Santa Clara,USA,ship-ebay@example.com,(408) 555-1306,,,,,,,,,,,,,,,,,,,3,2026-01-10,CORA-01-TAUP-9.5,,,CROSS FRONT SANDAL,,,EA,,,,,,,,1,0,,1,,10.75,10.75,10.75,10.75,0.00,,10.75,Y,N,Y,Y,,,,,,,,,,,,Shipped,N,,,,,
SO2026-000233,1,4,2026-01-15,2026-01-16,2026-02-28,2026-01-15,,,,,Squarespace,Squarespace,,60,USD,46.00,46.00,50.16,0.00,46.00,0,0.00,0,0.00,4.16,0.00,,,,,50.16,,0.00,,,,,,,,,,,,,,,Shipped,Paid,,,,,,,20006,10582,20006-2026-000233,,,,,,,,,Squarespace Shipping,Jamie Clark,Elin Marsh,Squarespace Digital,218 Camino Del Rio,Dock 18,Digital ship location,San Diego,CA,92108,San Diego,USA,ship-squarespace@example.com,(619) 555-2706,,,,,,,,,,,,,,,,,,,1,2026-01-15,ADELINE-02-BLACK-12,,,WOVEN SLIDE SANDAL,,,EA,,,,,,,,4,0,,4,,11.50,11.50,46.00,46.00,0.00,,46.00,Y,N,Y,Y,,,,,,,,,,,,Shipped,N,,,,,
SO2026-000234,1,4,2026-01-21,2026-01-25,2026-02-20,2026-01-21,,,,,AMZ-eCom,AMZ eCom,,30,USD,192.00,192.00,205.99,0.00,192.00,0,0.00,0,0.00,13.99,0.00,,,,,205.99,,0.00,,,,,,,,,,,,,,,Shipped,Paid,,,,,,,10001,10565,10001-2026-000234,,,,,,,,,AMZ eCom Shipping,Alex Reed,Nora Lane,AMZ eCom Retail,201 Harbor Ave,Dock 1,Main ship location,Los Angeles,CA,90002,Los Angeles,USA,ship-amz-ecom@example.com,(213) 555-1006,,,,,,,,,,,,,,,,,,,1,2026-01-21,CAMILA-06-LILAC-B12,,,COSS FRONT SLIP ON SLIDES,,,EA,,,,,,,,2,0,,2,,96.00,96.00,192.00,192.00,0.00,,192.00,Y,N,Y,Y,,,,,,,,,,,,Shipped,N,,,,,
SO2026-000235,1,4,2026-01-01,2026-01-06,2026-02-28,2026-01-03,,,,,Etsy-VS,Etsy VS,,60,USD,433.00,433.00,436.60,0.00,433.00,0,0.00,0,0.00,3.60,0.00,,,,,436.60,,0.00,,,,,,,,,,,,,,,Shipped,Paid,,,,,,,10008,10572,10008-2026-000235,,,,,,,,,Etsy VS Shipping,Jamie Clark,Soren Vale,Etsy VS Marketplace,206 Pacific Hwy,Dock 6,Seasonal ship location,Los Angeles,CA,90004,Los Angeles,USA,ship-etsy-vs@example.com,(213) 555-1506,,,,,,,,,,,,,,,,,,,1,2026-01-01,CORA-01-FUCH-B12,,,CROSS FRONT SANDAL,,,EA,,,,,,,,3,0,,3,,129.00,129.00,387.00,387.00,0.00,,387.00,Y,N,Y,Y,,,,,,,,,,,,Shipped,N,,,,,
SO2026-000235,1,4,2026-01-01,2026-01-06,2026-02-28,2026-01-03,,,,,Etsy-VS,Etsy VS,,60,USD,433.00,433.00,436.60,0.00,433.00,0,0.00,0,0.00,3.60,0.00,,,,,436.60,,0.00,,,,,,,,,,,,,,,Shipped,Paid,,,,,,,10008,10572,10008-2026-000235,,,,,,,,,Etsy VS Shipping,Jamie Clark,Soren Vale,Etsy VS Marketplace,206 Pacific Hwy,Dock 6,Seasonal ship location,Los Angeles,CA,90004,Los Angeles,USA,ship-etsy-vs@example.com,(213) 555-1506,,,,,,,,,,,,,,,,,,,2,2026-01-01,ADELINE-02-BLACK-9.5,,,WOVEN SLIDE SANDAL,,,EA,,,,,,,,4,0,,4,,11.50,11.50,46.00,46.00,0.00,,46.00,Y,N,Y,Y,,,,,,,,,,,,Shipped,N,,,,,
SO2026-000236,1,4,2026-01-17,2026-01-17,2026-02-16,2026-01-19,,,,,eBay,eBay,,30,USD,201.00,201.00,210.71,0.00,201.00,0,0.00,0,0.00,9.71,0.00,,,,,210.71,,0.00,,,,,,,,,,,,,,,Shipped,Paid,,,,,,,10004,10570,10004-2026-000236,,,,,,,,,eBay Shipping,Morgan Lee,Quentin Hale,eBay Commerce,204 Fulfillment Ave,Dock 4,Standard ship location,San Jose,CA,95111,Santa Clara,USA,ship-ebay@example.com,(408) 555-1306,,,,,,,,,,,,,,,,,,,1,2026-01-17,ADELINE-03-BROWN-9,,,BUCKLE FRONT FLAT SANDALS,,,EA,,,,,,,,2,0,,2,,18.50,18.50,37.00,37.00,0.00,,37.00,Y,N,Y,Y,,,,,,,,,,,,Shipped,N,,,,,
SO2026-000236,1,4,2026-01-17,2026-01-17,2026-02-16,2026-01-19,,,,,eBay,eBay,,30,USD,201.00,201.00,210.71,0.00,201.00,0,0.00,0,0.00,9.71,0.00,,,,,210.71,,0.00,,,,,,,,,,,,,,,Shipped,Paid,,,,,,,10004,10570,10004-2026-000236,,,,,,,,,eBay Shipping,Morgan Lee,Quentin Hale,eBay Commerce,204 Fulfillment Ave,Dock 4,Standard ship location,San Jose,CA,95111,Santa Clara,USA,ship-ebay@example.com,(408) 555-1306,,,,,,,,,,,,,,,,,,,2,2026-01-17,FA13501DM-1608BLAU2-29-32,809666857870,,Maya Basic Dark Handsand Wash Midrise Skinny Jeans,,,EA,,,,,,,,2,0,,2,,34.00,34.00,68.00,68.00,0.00,,68.00,Y,N,Y,Y,,,,,,,,,,,,Shipped,N,,,,,
SO2026-000236,1,4,2026-01-17,2026-01-17,2026-02-16,2026-01-19,,,,,eBay,eBay,,30,USD,201.00,201.00,210.71,0.00,201.00,0,0.00,0,0.00,9.71,0.00,,,,,210.71,,0.00,,,,,,,,,,,,,,,Shipped,Paid,,,,,,,10004,10570,10004-2026-000236,,,,,,,,,eBay Shipping,Morgan Lee,Quentin Hale,eBay Commerce,204 Fulfillment Ave,Dock 4,Standard ship location,San Jose,CA,95111,Santa Clara,USA,ship-ebay@example.com,(408) 555-1306,,,,,,,,,,,,,,,,,,,3,2026-01-17,173451-1183CITIZEN-19-34,809666377828,,Susan Stretch Denim Skinny Jeans Medium Blue 5 Pocket Wash,,,EA,,,,,,,,4,0,,4,,24.00,24.00,96.00,96.00,0.00,,96.00,Y,N,Y,Y,,,,,,,,,,,,Shipped,N,,,,,
SO2026-000237,1,4,2026-02-07,2026-02-07,2026-02-28,2026-02-08,,,,,JCPenney,JCPenney,,30,USD,417.00,417.00,417.00,0.00,417.00,0,0.00,0,0.00,0.00,0.00,,,,,417.00,,0.00,,,,,,,,,,,,,,,Shipped,Paid,,,,,,,30007,10575,30007-2026-000237,,,,,,,,,JCPenney Shipping,Alex Reed,Zane Holt,JCPenney Stores,213 Gateway Rd,Dock 13,Retail ship location,San Diego,CA,92106,San Diego,USA,ship-jcpenney@example.com,(619) 555-2206,,,,,,,,,,,,,,,,,,,1,2026-02-07,CORA-01-BLK-A12,,,CROSS FRONT SANDAL,,,EA,,,,,,,,1,0,,1,,129.00,129.00,129.00,129.00,0.00,,129.00,Y,N,Y,Y,,,,,,,,,,,,Shipped,N,,,,,
SO2026-000237,1,4,2026-02-07,2026-02-07,2026-02-28,2026-02-08,,,,,JCPenney,JCPenney,,30,USD,417.00,417.00,417.00,0.00,417.00,0,0.00,0,0.00,0.00,0.00,,,,,417.00,,0.00,,,,,,,,,,,,,,,Shipped,Paid,,,,,,,30007,10575,30007-2026-000237,,,,,,,,,JCPenney Shipping,Alex Reed,Zane Holt,JCPenney Stores,213 Gateway Rd,Dock 13,Retail ship location,San Diego,CA,92106,San Diego,USA,ship-jcpenney@example.com,(619) 555-2206,,,,,,,,,,,,,,,,,,,2,2026-02-07,CAMILA-06-TAUPE-B12,,,COSS FRONT SLIP ON SLIDES,,,EA,,,,,,,,3,0,,3,,96.00,96.00,288.00,288.00,0.00,,288.00,Y,N,Y,Y,,,,,,,,,,,,Shipped,N,,,,,
SO2026-000238,1,4,2026-01-21,2026-01-21,2026-02-28,2026-01-23,,,,,Veeqo-Amazon,Veeqo Amazon,,45,USD,75.75,75.75,81.68,0.00,75.75,0,0.00,0,0.00,5.93,0.00,,,,,81.68,,0.00,,,,,,,,,,,,,,,Shipped,Paid,,,,,,,10016,10579,10016-2026-000238,,,,,,,,,Veeqo Amazon Shipping,Jamie Clark,Owen Pike,Veeqo Amazon Retail,202 Distribution Way,Dock 2,Regional ship location,Irvine,CA,92603,Orange,USA,ship-veeqo-amazon@example.com,(949) 555-1106,,,,,,,,,,,,,,,,,,,1,2026-01-21,AVIANA-06-PINK-5.5,,,FUR SLIPPER,,,EA,,,,,,,,4,0,,4,,16.25,16.25,65.00,65.00,0.00,,65.00,Y,N,Y,Y,,,,,,,,,,,,Shipped,N,,,,,
SO2026-000238,1,4,2026-01-21,2026-01-21,2026-02-28,2026-01-23,,,,,Veeqo-Amazon,Veeqo Amazon,,45,USD,75.75,75.75,81.68,0.00,75.75,0,0.00,0,0.00,5.93,0.00,,,,,81.68,,0.00,,,,,,,,,,,,,,,Shipped,Paid,,,,,,,10016,10579,10016-2026-000238,,,,,,,,,Veeqo Amazon Shipping,Jamie Clark,Owen Pike,Veeqo Amazon Retail,202 Distribution Way,Dock 2,Regional ship location,Irvine,CA,92603,Orange,USA,ship-veeqo-amazon@example.com,(949) 555-1106,,,,,,,,,,,,,,,,,,,2,2026-01-21,CORA-01-BLK-9,,,CROSS FRONT SANDAL,,,EA,,,,,,,,1,0,,1,,10.75,10.75,10.75,10.75,0.00,,10.75,Y,N,Y,Y,,,,,,,,,,,,Shipped,N,,,,,
SO2026-000239,1,4,2026-02-13,2026-02-13,2026-02-28,2026-02-13,,,,,Veeqo-Amazon,Veeqo Amazon,,45,USD,146.75,146.75,155.47,0.00,146.75,0,0.00,0,0.00,8.72,0.00,,,,,155.47,,0.00,,,,,,,,,,,,,,,Shipped,Paid,,,,,,,10016,10579,10016-2026-000239,,,,,,,,,Veeqo Amazon Shipping,Jamie Clark,Owen Pike,Veeqo Amazon Retail,202 Distribution Way,Dock 2,Regional ship location,Irvine,CA,92603,Orange,USA,ship-veeqo-amazon@example.com,(949) 555-1106,,,,,,,,,,,,,,,,,,,1,2026-02-13,F13031C-1742VNTGCO-31-STD,809666254938,,Cayden Vintage Beujolias Corduroy Skinny Jeans,,,EA,,,,,,,,4,0,,4,,34.00,34.00,136.00,136.00,0.00,,136.00,Y,N,Y,Y,,,,,,,,,,,,Shipped,N,,,,,
SO2026-000239,1,4,2026-02-13,2026-02-13,2026-02-28,2026-02-13,,,,,Veeqo-Amazon,Veeqo Amazon,,45,USD,146.75,146.75,155.47,0.00,146.75,0,0.00,0,0.00,8.72,0.00,,,,,155.47,,0.00,,,,,,,,,,,,,,,Shipped,Paid,,,,,,,10016,10579,10016-2026-000239,,,,,,,,,Veeqo Amazon Shipping,Jamie Clark,Owen Pike,Veeqo Amazon Retail,202 Distribution Way,Dock 2,Regional ship location,Irvine,CA,92603,Orange,USA,ship-veeqo-amazon@example.com,(949) 555-1106,,,,,,,,,,,,,,,,,,,2,2026-02-13,CORA-01-LEOP-7,,,CROSS FRONT SANDAL,,,EA,,,,,,,,1,0,,1,,10.75,10.75,10.75,10.75,0.00,,10.75,Y,N,Y,Y,,,,,,,,,,,,Shipped,N,,,,,
SO2026-000240,1,4,2026-02-07,2026-02-08,2026-02-28,2026-02-09,,,,,AMZ-eCom,AMZ eCom,,30,USD,78.00,78.00,85.82,0.00,78.00,0,0.00,0,0.00,7.82,0.00,,,,,85.82,,0.00,,,,,,,,,,,,,,,Shipped,Paid,,,,,,,10001,10565,10001-2026-000240,,,,,,,,,AMZ eCom Shipping,Alex Reed,Nora Lane,AMZ eCom Retail,201 Harbor Ave,Dock 1,Main ship location,Los Angeles,CA,90002,Los Angeles,USA,ship-amz-ecom@example.com,(213) 555-1006,,,,,,,,,,,,,,,,,,,1,2026-02-07,CAMILA-06-BLACK-5.5,,,COSS FRONT SLIP ON SLIDES,,,EA,,,,,,,,4,0,,4,,8.00,8.00,32.00,32.00,0.00,,32.00,Y,N,Y,Y,,,,,,,,,,,,Shipped,N,,,,,
SO2026-000240,1,4,2026-02-07,2026-02-08,2026-02-28,2026-02-09,,,,,AMZ-eCom,AMZ eCom,,30,USD,78.00,78.00,85.82,0.00,78.00,0,0.00,0,0.00,7.82,0.00,,,,,85.82,,0.00,,,,,,,,,,,,,,,Shipped,Paid,,,,,,,10001,10565,10001-2026-000240,,,,,,,,,AMZ eCom Shipping,Alex Reed,Nora Lane,AMZ eCom Retail,201 Harbor Ave,Dock 1,Main ship location,Los Angeles,CA,90002,Los Angeles,USA,ship-amz-ecom@example.com,(213) 555-1006,,,,,,,,,,,,,,,,,,,2,2026-02-07,ADELINE-02-WHITE-10,,,WOVEN SLIDE SANDAL,,,EA,,,,,,,,4,0,,4,,11.50,11.50,46.00,46.00,0.00,,46.00,Y,N,Y,Y,,,,,,,,,,,,Shipped,N,,,,,
SO2026-000241,1,4,2026-02-23,2026-02-23,2026-02-28,2026-02-25,,,,,Mirakl-HudsonsB,Mirakl HudsonsB,,60,USD,434.00,434.00,444.03,0.00,434.00,0,0.00,0,0.00,10.03,0.00,,,,,444.03,,0.00,,,,,,,,,,,,,,,Shipped,Paid,,,,,,,10005,10577,10005-2026-000241,,,,,,,,,Mirakl HudsonsB Shipping,Morgan Lee,Yara Glenn,Mirakl HudsonsB Network,212 Quail Hill Pkwy,Dock 12,Network ship location,Irvine,CA,92607,Orange,USA,ship-mirakl-hudsonsb@example.com,(949) 555-2106,,,,,,,,,,,,,,,,,,,1,2026-02-23,ADELINE-03-BROWN-10,,,BUCKLE FRONT FLAT SANDALS,,,EA,,,,,,,,4,0,,4,,18.50,18.50,74.00,74.00,0.00,,74.00,Y,N,Y,Y,,,,,,,,,,,,Shipped,N,,,,,
SO2026-000241,1,4,2026-02-23,2026-02-23,2026-02-28,2026-02-25,,,,,Mirakl-HudsonsB,Mirakl HudsonsB,,60,USD,434.00,434.00,444.03,0.00,434.00,0,0.00,0,0.00,10.03,0.00,,,,,444.03,,0.00,,,,,,,,,,,,,,,Shipped,Paid,,,,,,,10005,10577,10005-2026-000241,,,,,,,,,Mirakl HudsonsB Shipping,Morgan Lee,Yara Glenn,Mirakl HudsonsB Network,212 Quail Hill Pkwy,Dock 12,Network ship location,Irvine,CA,92607,Orange,USA,ship-mirakl-hudsonsb@example.com,(949) 555-2106,,,,,,,,,,,,,,,,,,,2,2026-02-23,F13031C-1742VNTGDM-28-STD,809666254990,,Cayden Vintage Beujolias Corduroy Skinny Jeans,,,EA,,,,,,,,3,0,,3,,34.00,34.00,102.00,102.00,0.00,,102.00,Y,N,Y,Y,,,,,,,,,,,,Shipped,N,,,,,
SO2026-000241,1,4,2026-02-23,2026-02-23,2026-02-28,2026-02-25,,,,,Mirakl-HudsonsB,Mirakl HudsonsB,,60,USD,434.00,434.00,444.03,0.00,434.00,0,0.00,0,0.00,10.03,0.00,,,,,444.03,,0.00,,,,,,,,,,,,,,,Shipped,Paid,,,,,,,10005,10577,10005-2026-000241,,,,,,,,,Mirakl HudsonsB Shipping,Morgan Lee,Yara Glenn,Mirakl HudsonsB Network,212 Quail Hill Pkwy,Dock 12,Network ship location,Irvine,CA,92607,Orange,USA,ship-mirakl-hudsonsb@example.com,(949) 555-2106,,,,,,,,,,,,,,,,,,,3,2026-02-23,CORA-01-CAME-B12,,,CROSS FRONT SANDAL,,,EA,,,,,,,,2,0,,2,,129.00,129.00,258.00,258.00,0.00,,258.00,Y,N,Y,Y,,,,,,,,,,,,Shipped,N,,,,,
SO2026-000242,1,4,2026-01-04,2026-01-08,2026-02-28,2026-01-04,,,,,Macys,Macys,,60,USD,177.50,177.50,189.52,0.00,177.50,0,0.00,0,0.00,12.02,0.00,,,,,189.52,,0.00,,,,,,,,,,,,,,,Shipped,Paid,,,,,,,30005,10574,30005-2026-000242,,,,,,,,,Macys Shipping,Taylor Kim,Blake Jett,Macys Stores,215 King St,Dock 15,Department ship location,San Francisco,CA,94107,San Francisco,USA,ship-macys@example.com,(415) 555-2406,,,,,,,,,,,,,,,,,,,1,2026-01-04,ASTRID-01-BLACK-6.5,,,SLIP ON SNEAKER,,,EA,,,,,,,,2,0,,2,,20.75,20.75,41.50,41.50,0.00,,41.50,Y,N,Y,Y,,,,,,,,,,,,Shipped,N,,,,,
SO2026-000242,1,4,2026-01-04,2026-01-08,2026-02-28,2026-01-04,,,,,Macys,Macys,,60,USD,177.50,177.50,189.52,0.00,177.50,0,0.00,0,0.00,12.02,0.00,,,,,189.52,,0.00,,,,,,,,,,,,,,,Shipped,Paid,,,,,,,30005,10574,30005-2026-000242,,,,,,,,,Macys Shipping,Taylor Kim,Blake Jett,Macys Stores,215 King St,Dock 15,Department ship location,San Francisco,CA,94107,San Francisco,USA,ship-macys@example.com,(415) 555-2406,,,,,,,,,,,,,,,,,,,2,2026-01-04,F13031C-1742VNTGBJ-25-STD,809666254785,,Cayden Vintage Beujolias Corduroy Skinny Jeans,,,EA,,,,,,,,4,0,,4,,34.00,34.00,136.00,136.00,0.00,,136.00,Y,N,Y,Y,,,,,,,,,,,,Shipped,N,,,,,
SO2026-000243,1,4,2026-02-05,2026-02-08,2026-02-28,2026-02-07,,,,,Etsy-LS,Etsy LS,,45,USD,41.50,41.50,54.76,0.00,41.50,0,0.00,0,0.00,13.26,0.00,,,,,54.76,,0.00,,,,,,,,,,,,,,,Shipped,Paid,,,,,,,10008,10571,10008-2026-000243,,,,,,,,,Etsy LS Shipping,Alex Reed,Rhea Moss,Etsy LS Marketplace,205 Mission St,Dock 5,Marketplace ship location,San Francisco,CA,94103,San Francisco,USA,ship-etsy-ls@example.com,(415) 555-1406,,,,,,,,,,,,,,,,,,,1,2026-02-05,ASTRID-01-BLUSH-6.5,,,SLIP ON SNEAKER,,,EA,,,,,,,,2,0,,2,,20.75,20.75,41.50,41.50,0.00,,41.50,Y,N,Y,Y,,,,,,,,,,,,Shipped,N,,,,,
SO2026-000244,1,4,2026-01-24,2026-01-25,2026-02-28,2026-01-25,,,,,Squarespace,Squarespace,,60,USD,73.75,73.75,75.75,0.00,73.75,0,0.00,0,0.00,2.00,0.00,,,,,75.75,,0.00,,,,,,,,,,,,,,,Shipped,Paid,,,,,,,20006,10582,20006-2026-000244,,,,,,,,,Squarespace Shipping,Jamie Clark,Elin Marsh,Squarespace Digital,218 Camino Del Rio,Dock 18,Digital ship location,San Diego,CA,92108,San Diego,USA,ship-squarespace@example.com,(619) 555-2706,,,,,,,,,,,,,,,,,,,1,2026-01-24,CORA-01-BLK-7.5,,,CROSS FRONT SANDAL,,,EA,,,,,,,,3,0,,3,,10.75,10.75,32.25,32.25,0.00,,32.25,Y,N,Y,Y,,,,,,,,,,,,Shipped,N,,,,,
SO2026-000244,1,4,2026-01-24,2026-01-25,2026-02-28,2026-01-25,,,,,Squarespace,Squarespace,,60,USD,73.75,73.75,75.75,0.00,73.75,0,0.00,0,0.00,2.00,0.00,,,,,75.75,,0.00,,,,,,,,,,,,,,,Shipped,Paid,,,,,,,20006,10582,20006-2026-000244,,,,,,,,,Squarespace Shipping,Jamie Clark,Elin Marsh,Squarespace Digital,218 Camino Del Rio,Dock 18,Digital ship location,San Diego,CA,92108,San Diego,USA,ship-squarespace@example.com,(619) 555-2706,,,,,,,,,,,,,,,,,,,2,2026-01-24,ASTRID-01-GREY-7.5,,,SLIP ON SNEAKER,,,EA,,,,,,,,2,0,,2,,20.75,20.75,41.50,41.50,0.00,,41.50,Y,N,Y,Y,,,,,,,,,,,,Shipped,N,,,,,
SO2026-000245,1,4,2026-02-17,2026-02-21,2026-02-28,2026-02-17,,,,,AMZ-eCom,AMZ eCom,,30,USD,96.00,96.00,96.00,0.00,96.00,0,0.00,0,0.00,0.00,0.00,,,,,96.00,,0.00,,,,,,,,,,,,,,,Shipped,Paid,,,,,,,10001,10565,10001-2026-000245,,,,,,,,,AMZ eCom Shipping,Alex Reed,Nora Lane,AMZ eCom Retail,201 Harbor Ave,Dock 1,Main ship location,Los Angeles,CA,90002,Los Angeles,USA,ship-amz-ecom@example.com,(213) 555-1006,,,,,,,,,,,,,,,,,,,1,2026-02-17,173451-1183CITIZEN-25-STD,809666377989,,Susan Stretch Denim Skinny Jeans Medium Blue 5 Pocket Wash,,,EA,,,,,,,,4,0,,4,,24.00,24.00,96.00,96.00,0.00,,96.00,Y,N,Y,Y,,,,,,,,,,,,Shipped,N,,,,,
SO2026-000246,1,4,2026-02-09,2026-02-10,2026-02-28,2026-02-11,,,,,Mirakl-Kohls,Mirakl Kohls,,45,USD,64.25,64.25,65.00,0.00,64.25,0,0.00,0,0.00,0.75,0.00,,,,,65.00,,0.00,,,,,,,,,,,,,,,Shipped,Paid,,,,,,,10013,10576,10013-2026-000246,,,,,,,,,Mirakl Kohls Shipping,Jamie Clark,Asha Ives,Mirakl Kohls Network,214 Silver Creek Rd,Dock 14,Partner ship location,San Jose,CA,95115,Santa Clara,USA,ship-mirakl-kohls@example.com,(408) 555-2306,,,,,,,,,,,,,,,,,,,1,2026-02-09,CORA-01-FUCH-7.5,,,CROSS FRONT SANDAL,,,EA,,,,,,,,3,0,,3,,10.75,10.75,32.25,32.25,0.00,,32.25,Y,N,Y,Y,,,,,,,,,,,,Shipped,N,,,,,
SO2026-000246,1,4,2026-02-09,2026-02-10,2026-02-28,2026-02-11,,,,,Mirakl-Kohls,Mirakl Kohls,,45,USD,64.25,64.25,65.00,0.00,64.25,0,0.00,0,0.00,0.75,0.00,,,,,65.00,,0.00,,,,,,,,,,,,,,,Shipped,Paid,,,,,,,10013,10576,10013-2026-000246,,,,,,,,,Mirakl Kohls Shipping,Jamie Clark,Asha Ives,Mirakl Kohls Network,214 Silver Creek Rd,Dock 14,Partner ship location,San Jose,CA,95115,Santa Clara,USA,ship-mirakl-kohls@example.com,(408) 555-2306,,,,,,,,,,,,,,,,,,,2,2026-02-09,CAMILA-06-GREEN-9,,,COSS FRONT SLIP ON SLIDES,,,EA,,,,,,,,4,0,,4,,8.00,8.00,32.00,32.00,0.00,,32.00,Y,N,Y,Y,,,,,,,,,,,,Shipped,N,,,,,
SO2026-000247,1,4,2026-02-25,2026-02-28,2026-02-28,2026-02-27,,,,,Magento,Magento,,30,USD,220.00,220.00,234.60,0.00,220.00,0,0.00,0,0.00,14.60,0.00,,,,,234.60,,0.00,,,,,,,,,,,,,,,Shipped,Paid,,,,,,,20003,10581,20003-2026-000247,,,,,,,,,Magento Shipping,Morgan Lee,Cora Knox,Magento Platform,216 Century Blvd,Dock 16,Platform ship location,Los Angeles,CA,90008,Los Angeles,USA,ship-magento@example.com,(213) 555-2506,,,,,,,,,,,,,,,,,,,1,2026-02-25,FD3601033-3022FROZENPD-XL-STD,809666343830,,Jay-Low Tencel Denim Shirtdress - Chiffon Collar and Tie Sleeve,,,EA,,,,,,,,4,0,,4,,49.00,49.00,196.00,196.00,0.00,,196.00,Y,N,Y,Y,,,,,,,,,,,,Shipped,N,,,,,
SO2026-000247,1,4,2026-02-25,2026-02-28,2026-02-28,2026-02-27,,,,,Magento,Magento,,30,USD,220.00,220.00,234.60,0.00,220.00,0,0.00,0,0.00,14.60,0.00,,,,,234.60,,0.00,,,,,,,,,,,,,,,Shipped,Paid,,,,,,,20003,10581,20003-2026-000247,,,,,,,,,Magento Shipping,Morgan Lee,Cora Knox,Magento Platform,216 Century Blvd,Dock 16,Platform ship location,Los Angeles,CA,90008,Los Angeles,USA,ship-magento@example.com,(213) 555-2506,,,,,,,,,,,,,,,,,,,2,2026-02-25,CAMILA-06-GREEN-8,,,COSS FRONT SLIP ON SLIDES,,,EA,,,,,,,,3,0,,3,,8.00,8.00,24.00,24.00,0.00,,24.00,Y,N,Y,Y,,,,,,,,,,,,Shipped,N,,,,,
SO2026-000248,1,4,2026-02-08,2026-02-09,2026-02-28,2026-02-09,,,,,Etsy-LS,Etsy LS,,45,USD,41.50,41.50,50.87,0.00,41.50,0,0.00,0,0.00,9.37,0.00,,,,,50.87,,0.00,,,,,,,,,,,,,,,Shipped,Paid,,,,,,,10008,10571,10008-2026-000248,,,,,,,,,Etsy LS Shipping,Alex Reed,Rhea Moss,Etsy LS Marketplace,205 Mission St,Dock 5,Marketplace ship location,San Francisco,CA,94103,San Francisco,USA,ship-etsy-ls@example.com,(415) 555-1406,,,,,,,,,,,,,,,,,,,1,2026-02-08,AUSTIN-06-BLUSH-7,,,SNEAKER,,,EA,,,,,,,,2,0,,2,,10.00,10.00,20.00,20.00,0.00,,20.00,Y,N,Y,Y,,,,,,,,,,,,Shipped,N,,,,,
SO2026-000248,1,4,2026-02-08,2026-02-09,2026-02-28,2026-02-09,,,,,Etsy-LS,Etsy LS,,45,USD,41.50,41.50,50.87,0.00,41.50,0,0.00,0,0.00,9.37,0.00,,,,,50.87,,0.00,,,,,,,,,,,,,,,Shipped,Paid,,,,,,,10008,10571,10008-2026-000248,,,,,,,,,Etsy LS Shipping,Alex Reed,Rhea Moss,Etsy LS Marketplace,205 Mission St,Dock 5,Marketplace ship location,San Francisco,CA,94103,San Francisco,USA,ship-etsy-ls@example.com,(415) 555-1406,,,,,,,,,,,,,,,,,,,2,2026-02-08,CORA-01-TAUP-7,,,CROSS FRONT SANDAL,,,EA,,,,,,,,2,0,,2,,10.75,10.75,21.50,21.50,0.00,,21.50,Y,N,Y,Y,,,,,,,,,,,,Shipped,N,,,,,
SO2026-000249,1,4,2026-01-11,2026-01-11,2026-02-10,2026-01-11,,,,,JCPenney,JCPenney,,30,USD,142.00,142.00,142.00,0.00,142.00,0,0.00,0,0.00,0.00,0.00,,,,,142.00,,0.00,,,,,,,,,,,,,,,Shipped,Paid,,,,,,,30007,10575,30007-2026-000249,,,,,,,,,JCPenney Shipping,Alex Reed,Zane Holt,JCPenney Stores,213 Gateway Rd,Dock 13,Retail ship location,San Diego,CA,92106,San Diego,USA,ship-jcpenney@example.com,(619) 555-2206,,,,,,,,,,,,,,,,,,,1,2026-01-11,173451-1183CITIZEN-15-STD,809666377934,,Susan Stretch Denim Skinny Jeans Medium Blue 5 Pocket Wash,,,EA,,,,,,,,4,0,,4,,24.00,24.00,96.00,96.00,0.00,,96.00,Y,N,Y,Y,,,,,,,,,,,,Shipped,N,,,,,
SO2026-000249,1,4,2026-01-11,2026-01-11,2026-02-10,2026-01-11,,,,,JCPenney,JCPenney,,30,USD,142.00,142.00,142.00,0.00,142.00,0,0.00,0,0.00,0.00,0.00,,,,,142.00,,0.00,,,,,,,,,,,,,,,Shipped,Paid,,,,,,,30007,10575,30007-2026-000249,,,,,,,,,JCPenney Shipping,Alex Reed,Zane Holt,JCPenney Stores,213 Gateway Rd,Dock 13,Retail ship location,San Diego,CA,92106,San Diego,USA,ship-jcpenney@example.com,(619) 555-2206,,,,,,,,,,,,,,,,,,,2,2026-01-11,ADELINE-02-CAMEL-8,,,WOVEN SLIDE SANDAL,,,EA,,,,,,,,4,0,,4,,11.50,11.50,46.00,46.00,0.00,,46.00,Y,N,Y,Y,,,,,,,,,,,,Shipped,N,,,,,
SO2026-000250,1,4,2026-01-31,2026-02-05,2026-02-28,2026-02-02,,,,,Etsy-VS,Etsy VS,,60,USD,95.50,95.50,105.80,0.00,95.50,0,0.00,0,0.00,10.30,0.00,,,,,105.80,,0.00,,,,,,,,,,,,,,,Shipped,Paid,,,,,,,10008,10572,10008-2026-000250,,,,,,,,,Etsy VS Shipping,Jamie Clark,Soren Vale,Etsy VS Marketplace,206 Pacific Hwy,Dock 6,Seasonal ship location,Los Angeles,CA,90004,Los Angeles,USA,ship-etsy-vs@example.com,(213) 555-1506,,,,,,,,,,,,,,,,,,,1,2026-01-31,ADELINE-03-TAUPE-6,,,BUCKLE FRONT FLAT SANDALS,,,EA,,,,,,,,4,0,,4,,18.50,18.50,74.00,74.00,0.00,,74.00,Y,N,Y,Y,,,,,,,,,,,,Shipped,N,,,,,
SO2026-000250,1,4,2026-01-31,2026-02-05,2026-02-28,2026-02-02,,,,,Etsy-VS,Etsy VS,,60,USD,95.50,95.50,105.80,0.00,95.50,0,0.00,0,0.00,10.30,0.00,,,,,105.80,,0.00,,,,,,,,,,,,,,,Shipped,Paid,,,,,,,10008,10572,10008-2026-000250,,,,,,,,,Etsy VS Shipping,Jamie Clark,Soren Vale,Etsy VS Marketplace,206 Pacific Hwy,Dock 6,Seasonal ship location,Los Angeles,CA,90004,Los Angeles,USA,ship-etsy-vs@example.com,(213) 555-1506,,,,,,,,,,,,,,,,,,,2,2026-01-31,CORA-01-CAME-5.5,,,CROSS FRONT SANDAL,,,EA,,,,,,,,2,0,,2,,10.75,10.75,21.50,21.50,0.00,,21.50,Y,N,Y,Y,,,,,,,,,,,,Shipped,N,,,,,
SO2026-000251,1,4,2026-01-22,2026-01-27,2026-02-28,2026-01-24,,,,,Squarespace,Squarespace,,60,USD,294.00,294.00,302.52,0.00,294.00,0,0.00,0,0.00,8.52,0.00,,,,,302.52,,0.00,,,,,,,,,,,,,,,Shipped,Paid,,,,,,,20006,10582,20006-2026-000251,,,,,,,,,Squarespace Shipping,Jamie Clark,Elin Marsh,Squarespace Digital,218 Camino Del Rio,Dock 18,Digital ship location,San Diego,CA,92108,San Diego,USA,ship-squarespace@example.com,(619) 555-2706,,,,,,,,,,,,,,,,,,,1,2026-01-22,FD3601734-MEDBLEACH-M-STD,809666438437,,Ally Women's Full Sleeve Denim Shirt Dress,,,EA,,,,,,,,3,0,,3,,98.00,98.00,294.00,294.00,0.00,,294.00,Y,N,Y,Y,,,,,,,,,,,,Shipped,N,,,,,
SO2026-000252,1,4,2026-02-07,2026-02-07,2026-02-28,2026-02-09,,,,,JCPenney,JCPenney,,30,USD,156.00,156.00,159.00,0.00,156.00,0,0.00,0,0.00,3.00,0.00,,,,,159.00,,0.00,,,,,,,,,,,,,,,Shipped,Paid,,,,,,,30007,10575,30007-2026-000252,,,,,,,,,JCPenney Shipping,Alex Reed,Zane Holt,JCPenney Stores,213 Gateway Rd,Dock 13,Retail ship location,San Diego,CA,92106,San Diego,USA,ship-jcpenney@example.com,(619) 555-2206,,,,,,,,,,,,,,,,,,,1,2026-02-07,FA16023WV-SLATE,,,GGT wrap kimono maxi dress,,,EA,,,,,,,,4,0,,4,,39.00,39.00,156.00,156.00,0.00,,156.00,Y,N,Y,Y,,,,,,,,,,,,Shipped,N,,,,,
SO2026-000253,1,4,2026-02-06,2026-02-11,2026-02-28,2026-02-08,,,,,Macys,Macys,,60,USD,46.00,46.00,46.01,0.00,46.00,0,0.00,0,0.00,0.01,0.00,,,,,46.01,,0.00,,,,,,,,,,,,,,,Shipped,Paid,,,,,,,30005,10574,30005-2026-000253,,,,,,,,,Macys Shipping,Taylor Kim,Blake Jett,Macys Stores,215 King St,Dock 15,Department ship location,San Francisco,CA,94107,San Francisco,USA,ship-macys@example.com,(415) 555-2406,,,,,,,,,,,,,,,,,,,1,2026-02-06,ADELINE-02-PINK-11,,,WOVEN SLIDE SANDAL,,,EA,,,,,,,,4,0,,4,,11.50,11.50,46.00,46.00,0.00,,46.00,Y,N,Y,Y,,,,,,,,,,,,Shipped,N,,,,,
SO2026-000254,1,4,2026-01-08,2026-01-08,2026-02-22,2026-01-09,,,,,Shopify,Shopify,,45,USD,102.00,102.00,115.58,0.00,102.00,0,0.00,0,0.00,13.58,0.00,,,,,115.58,,0.00,,,,,,,,,,,,,,,Shipped,Paid,,,,,,,20001,10580,20001-2026-000254,,,,,,,,,Shopify Shipping,Alex Reed,Dario Lowe,Shopify Commerce,217 Barranca Pkwy,Dock 17,Commerce ship location,Irvine,CA,92609,Orange,USA,ship-shopify@example.com,(949) 555-2606,,,,,,,,,,,,,,,,,,,1,2026-01-08,FA13501DM-1608BLAU2-30-30,809666857733,,Maya Basic Dark Handsand Wash Midrise Skinny Jeans,,,EA,,,,,,,,3,0,,3,,34.00,34.00,102.00,102.00,0.00,,102.00,Y,N,Y,Y,,,,,,,,,,,,Shipped,N,,,,,
SO2026-000255,1,4,2026-01-26,2026-01-28,2026-02-28,2026-01-26,,,,,Veeqo-Amazon,Veeqo Amazon,,45,USD,204.00,204.00,212.96,0.00,204.00,0,0.00,0,0.00,8.96,0.00,,,,,212.96,,0.00,,,,,,,,,,,,,,,Shipped,Paid,,,,,,,10016,10579,10016-2026-000255,,,,,,,,,Veeqo Amazon Shipping,Jamie Clark,Owen Pike,Veeqo Amazon Retail,202 Distribution Way,Dock 2,Regional ship location,Irvine,CA,92603,Orange,USA,ship-veeqo-amazon@example.com,(949) 555-1106,,,,,,,,,,,,,,,,,,,1,2026-01-26,F13031C-1742VNTGBJ-28-STD,809666254815,,Cayden Vintage Beujolias Corduroy Skinny Jeans,,,EA,,,,,,,,4,0,,4,,34.00,34.00,136.00,136.00,0.00,,136.00,Y,N,Y,Y,,,,,,,,,,,,Shipped,N,,,,,
SO2026-000255,1,4,2026-01-26,2026-01-28,2026-02-28,2026-01-26,,,,,Veeqo-Amazon,Veeqo Amazon,,45,USD,204.00,204.00,212.96,0.00,204.00,0,0.00,0,0.00,8.96,0.00,,,,,212.96,,0.00,,,,,,,,,,,,,,,Shipped,Paid,,,,,,,10016,10579,10016-2026-000255,,,,,,,,,Veeqo Amazon Shipping,Jamie Clark,Owen Pike,Veeqo Amazon Retail,202 Distribution Way,Dock 2,Regional ship location,Irvine,CA,92603,Orange,USA,ship-veeqo-amazon@example.com,(949) 555-1106,,,,,,,,,,,,,,,,,,,2,2026-01-26,FA13501DM-RINSEWSFT-29-30,809666858327,,Maya Basic Dark Handsand Wash Midrise Skinny Jeans,,,EA,,,,,,,,2,0,,2,,34.00,34.00,68.00,68.00,0.00,,68.00,Y,N,Y,Y,,,,,,,,,,,,Shipped,N,,,,,
SO2026-000256,1,4,2026-02-20,2026-02-23,2026-02-28,2026-02-21,,,,,Macys,Macys,,60,USD,72.25,72.25,80.57,0.00,72.25,0,0.00,0,0.00,8.32,0.00,,,,,80.57,,0.00,,,,,,,,,,,,,,,Shipped,Paid,,,,,,,30005,10574,30005-2026-000256,,,,,,,,,Macys Shipping,Taylor Kim,Blake Jett,Macys Stores,215 King St,Dock 15,Department ship location,San Francisco,CA,94107,San Francisco,USA,ship-macys@example.com,(415) 555-2406,,,,,,,,,,,,,,,,,,,1,2026-02-20,AUSTIN-06-WHITE-12,,,SNEAKER,,,EA,,,,,,,,4,0,,4,,10.00,10.00,40.00,40.00,0.00,,40.00,Y,N,Y,Y,,,,,,,,,,,,Shipped,N,,,,,
SO2026-000256,1,4,2026-02-20,2026-02-23,2026-02-28,2026-02-21,,,,,Macys,Macys,,60,USD,72.25,72.25,80.57,0.00,72.25,0,0.00,0,0.00,8.32,0.00,,,,,80.57,,0.00,,,,,,,,,,,,,,,Shipped,Paid,,,,,,,30005,10574,30005-2026-000256,,,,,,,,,Macys Shipping,Taylor Kim,Blake Jett,Macys Stores,215 King St,Dock 15,Department ship location,San Francisco,CA,94107,San Francisco,USA,ship-macys@example.com,(415) 555-2406,,,,,,,,,,,,,,,,,,,2,2026-02-20,CORA-01-BLK-11,,,CROSS FRONT SANDAL,,,EA,,,,,,,,3,0,,3,,10.75,10.75,32.25,32.25,0.00,,32.25,Y,N,Y,Y,,,,,,,,,,,,Shipped,N,,,,,
SO2026-000257,1,4,2026-02-08,2026-02-10,2026-02-28,2026-02-09,,,,,Macys,Macys,,60,USD,176.00,176.00,193.64,0.00,176.00,0,0.00,0,0.00,17.64,0.00,,,,,193.64,,0.00,,,,,,,,,,,,,,,Shipped,Paid,,,,,,,30005,10574,30005-2026-000257,,,,,,,,,Macys Shipping,Taylor Kim,Blake Jett,Macys Stores,215 King St,Dock 15,Department ship location,San Francisco,CA,94107,San Francisco,USA,ship-macys@example.com,(415) 555-2406,,,,,,,,,,,,,,,,,,,1,2026-02-08,FA13501DM-1608BLAU2-26-30,809666857696,,Maya Basic Dark Handsand Wash Midrise Skinny Jeans,,,EA,,,,,,,,4,0,,4,,34.00,34.00,136.00,136.00,0.00,,136.00,Y,N,Y,Y,,,,,,,,,,,,Shipped,N,,,,,
SO2026-000257,1,4,2026-02-08,2026-02-10,2026-02-28,2026-02-09,,,,,Macys,Macys,,60,USD,176.00,176.00,193.64,0.00,176.00,0,0.00,0,0.00,17.64,0.00,,,,,193.64,,0.00,,,,,,,,,,,,,,,Shipped,Paid,,,,,,,30005,10574,30005-2026-000257,,,,,,,,,Macys Shipping,Taylor Kim,Blake Jett,Macys Stores,215 King St,Dock 15,Department ship location,San Francisco,CA,94107,San Francisco,USA,ship-macys@example.com,(415) 555-2406,,,,,,,,,,,,,,,,,,,2,2026-02-08,AUSTIN-06-BLUSH-9.5,,,SNEAKER,,,EA,,,,,,,,4,0,,4,,10.00,10.00,40.00,40.00,0.00,,40.00,Y,N,Y,Y,,,,,,,,,,,,Shipped,N,,,,,
SO2026-000258,1,4,2026-01-07,2026-01-10,2026-02-21,2026-01-07,,,,,Walmart-eComm,Walmart eComm,,45,USD,384.00,384.00,397.34,0.00,384.00,0,0.00,0,0.00,13.34,0.00,,,,,397.34,,0.00,,,,,,,,,,,,,,,Shipped,Paid,,,,,,,10002,10566,10002-2026-000258,,,,,,,,,Walmart eComm Shipping,Morgan Lee,Gavin Orr,Walmart eComm Retail,220 Townsend St,Dock 20,National ship location,San Francisco,CA,94109,San Francisco,USA,ship-walmart-ecomm@example.com,(415) 555-2906,,,,,,,,,,,,,,,,,,,1,2026-01-07,CAMILA-06-NUDE-S,,,COSS FRONT SLIP ON SLIDES,,,EA,,,,,,,,4,0,,4,,96.00,96.00,384.00,384.00,0.00,,384.00,Y,N,Y,Y,,,,,,,,,,,,Shipped,N,,,,,
SO2026-000259,1,4,2026-02-11,2026-02-14,2026-02-28,2026-02-11,,,,,Squarespace,Squarespace,,60,USD,176.00,176.00,176.00,0.00,176.00,0,0.00,0,0.00,0.00,0.00,,,,,176.00,,0.00,,,,,,,,,,,,,,,Shipped,Paid,,,,,,,20006,10582,20006-2026-000259,,,,,,,,,Squarespace Shipping,Jamie Clark,Elin Marsh,Squarespace Digital,218 Camino Del Rio,Dock 18,Digital ship location,San Diego,CA,92108,San Diego,USA,ship-squarespace@example.com,(619) 555-2706,,,,,,,,,,,,,,,,,,,1,2026-02-11,AUSTIN-06-NUDE-12,,,SNEAKER,,,EA,,,,,,,,4,0,,4,,10.00,10.00,40.00,40.00,0.00,,40.00,Y,N,Y,Y,,,,,,,,,,,,Shipped,N,,,,,
SO2026-000259,1,4,2026-02-11,2026-02-14,2026-02-28,2026-02-11,,,,,Squarespace,Squarespace,,60,USD,176.00,176.00,176.00,0.00,176.00,0,0.00,0,0.00,0.00,0.00,,,,,176.00,,0.00,,,,,,,,,,,,,,,Shipped,Paid,,,,,,,20006,10582,20006-2026-000259,,,,,,,,,Squarespace Shipping,Jamie Clark,Elin Marsh,Squarespace Digital,218 Camino Del Rio,Dock 18,Digital ship location,San Diego,CA,92108,San Diego,USA,ship-squarespace@example.com,(619) 555-2706,,,,,,,,,,,,,,,,,,,2,2026-02-11,F13031C-1742VNTGDM-27-STD,809666254983,,Cayden Vintage Beujolias Corduroy Skinny Jeans,,,EA,,,,,,,,3,0,,3,,34.00,34.00,102.00,102.00,0.00,,102.00,Y,N,Y,Y,,,,,,,,,,,,Shipped,N,,,,,
SO2026-000259,1,4,2026-02-11,2026-02-14,2026-02-28,2026-02-11,,,,,Squarespace,Squarespace,,60,USD,176.00,176.00,176.00,0.00,176.00,0,0.00,0,0.00,0.00,0.00,,,,,176.00,,0.00,,,,,,,,,,,,,,,Shipped,Paid,,,,,,,20006,10582,20006-2026-000259,,,,,,,,,Squarespace Shipping,Jamie Clark,Elin Marsh,Squarespace Digital,218 Camino Del Rio,Dock 18,Digital ship location,San Diego,CA,92108,San Diego,USA,ship-squarespace@example.com,(619) 555-2706,,,,,,,,,,,,,,,,,,,3,2026-02-11,FA13501DM-1464KINGSC-26-32,809666852745,,Maya Basic Dark Handsand Wash Midrise Skinny Jeans,,,EA,,,,,,,,1,0,,1,,34.00,34.00,34.00,34.00,0.00,,34.00,Y,N,Y,Y,,,,,,,,,,,,Shipped,N,,,,,
SO2026-000260,1,4,2026-02-15,2026-02-15,2026-02-28,2026-02-17,,,,,Veeqo-Amazon,Veeqo Amazon,,45,USD,37.00,37.00,45.38,0.00,37.00,0,0.00,0,0.00,8.38,0.00,,,,,45.38,,0.00,,,,,,,,,,,,,,,Shipped,Paid,,,,,,,10016,10579,10016-2026-000260,,,,,,,,,Veeqo Amazon Shipping,Jamie Clark,Owen Pike,Veeqo Amazon Retail,202 Distribution Way,Dock 2,Regional ship location,Irvine,CA,92603,Orange,USA,ship-veeqo-amazon@example.com,(949) 555-1106,,,,,,,,,,,,,,,,,,,1,2026-02-15,ADELINE-03-BROWN-6,,,BUCKLE FRONT FLAT SANDALS,,,EA,,,,,,,,2,0,,2,,18.50,18.50,37.00,37.00,0.00,,37.00,Y,N,Y,Y,,,,,,,,,,,,Shipped,N,,,,,
SO2026-000261,1,4,2026-01-03,2026-01-07,2026-02-17,2026-01-04,,,,,Mirakl-Kohls,Mirakl Kohls,,45,USD,55.50,55.50,68.96,0.00,55.50,0,0.00,0,0.00,13.46,0.00,,,,,68.96,,0.00,,,,,,,,,,,,,,,Shipped,Paid,,,,,,,10013,10576,10013-2026-000261,,,,,,,,,Mirakl Kohls Shipping,Jamie Clark,Asha Ives,Mirakl Kohls Network,214 Silver Creek Rd,Dock 14,Partner ship location,San Jose,CA,95115,Santa Clara,USA,ship-mirakl-kohls@example.com,(408) 555-2306,,,,,,,,,,,,,,,,,,,1,2026-01-03,ADELINE-03-BROWN-5.5,,,BUCKLE FRONT FLAT SANDALS,,,EA,,,,,,,,3,0,,3,,18.50,18.50,55.50,55.50,0.00,,55.50,Y,N,Y,Y,,,,,,,,,,,,Shipped,N,,,,,
SO2026-000262,1,4,2026-01-08,2026-01-13,2026-02-07,2026-01-08,,,,,Magento,Magento,,30,USD,128.00,128.00,144.01,0.00,128.00,0,0.00,0,0.00,16.01,0.00,,,,,144.01,,0.00,,,,,,,,,,,,,,,Shipped,Paid,,,,,,,20003,10581,20003-2026-000262,,,,,,,,,Magento Shipping,Morgan Lee,Cora Knox,Magento Platform,216 Century Blvd,Dock 16,Platform ship location,Los Angeles,CA,90008,Los Angeles,USA,ship-magento@example.com,(213) 555-2506,,,,,,,,,,,,,,,,,,,1,2026-01-08,173451-1183CITIZEN-7-34,809666377767,,Susan Stretch Denim Skinny Jeans Medium Blue 5 Pocket Wash,,,EA,,,,,,,,2,0,,2,,24.00,24.00,48.00,48.00,0.00,,48.00,Y,N,Y,Y,,,,,,,,,,,,Shipped,N,,,,,
SO2026-000262,1,4,2026-01-08,2026-01-13,2026-02-07,2026-01-08,,,,,Magento,Magento,,30,USD,128.00,128.00,144.01,0.00,128.00,0,0.00,0,0.00,16.01,0.00,,,,,144.01,,0.00,,,,,,,,,,,,,,,Shipped,Paid,,,,,,,20003,10581,20003-2026-000262,,,,,,,,,Magento Shipping,Morgan Lee,Cora Knox,Magento Platform,216 Century Blvd,Dock 16,Platform ship location,Los Angeles,CA,90008,Los Angeles,USA,ship-magento@example.com,(213) 555-2506,,,,,,,,,,,,,,,,,,,2,2026-01-08,173451-1183CITIZEN-23-STD,809666377972,,Susan Stretch Denim Skinny Jeans Medium Blue 5 Pocket Wash,,,EA,,,,,,,,3,0,,3,,24.00,24.00,72.00,72.00,0.00,,72.00,Y,N,Y,Y,,,,,,,,,,,,Shipped,N,,,,,
SO2026-000262,1,4,2026-01-08,2026-01-13,2026-02-07,2026-01-08,,,,,Magento,Magento,,30,USD,128.00,128.00,144.01,0.00,128.00,0,0.00,0,0.00,16.01,0.00,,,,,144.01,,0.00,,,,,,,,,,,,,,,Shipped,Paid,,,,,,,20003,10581,20003-2026-000262,,,,,,,,,Magento Shipping,Morgan Lee,Cora Knox,Magento Platform,216 Century Blvd,Dock 16,Platform ship location,Los Angeles,CA,90008,Los Angeles,USA,ship-magento@example.com,(213) 555-2506,,,,,,,,,,,,,,,,,,,3,2026-01-08,CAMILA-06-TAUPE-11,,,COSS FRONT SLIP ON SLIDES,,,EA,,,,,,,,1,0,,1,,8.00,8.00,8.00,8.00,0.00,,8.00,Y,N,Y,Y,,,,,,,,,,,,Shipped,N,,,,,
SO2026-000263,1,4,2026-01-06,2026-01-10,2026-02-28,2026-01-06,,,,,Macys,Macys,,60,USD,120.50,120.50,137.76,0.00,120.50,0,0.00,0,0.00,17.26,0.00,,,,,137.76,,0.00,,,,,,,,,,,,,,,Shipped,Paid,,,,,,,30005,10574,30005-2026-000263,,,,,,,,,Macys Shipping,Taylor Kim,Blake Jett,Macys Stores,215 King St,Dock 15,Department ship location,San Francisco,CA,94107,San Francisco,USA,ship-macys@example.com,(415) 555-2406,,,,,,,,,,,,,,,,,,,1,2026-01-06,F13031C-1742VNTGST-28-STD,809666255089,,Cayden Vintage Beujolias Corduroy Skinny Jeans,,,EA,,,,,,,,3,0,,3,,34.00,34.00,102.00,102.00,0.00,,102.00,Y,N,Y,Y,,,,,,,,,,,,Shipped,N,,,,,
SO2026-000263,1,4,2026-01-06,2026-01-10,2026-02-28,2026-01-06,,,,,Macys,Macys,,60,USD,120.50,120.50,137.76,0.00,120.50,0,0.00,0,0.00,17.26,0.00,,,,,137.76,,0.00,,,,,,,,,,,,,,,Shipped,Paid,,,,,,,30005,10574,30005-2026-000263,,,,,,,,,Macys Shipping,Taylor Kim,Blake Jett,Macys Stores,215 King St,Dock 15,Department ship location,San Francisco,CA,94107,San Francisco,USA,ship-macys@example.com,(415) 555-2406,,,,,,,,,,,,,,,,,,,2,2026-01-06,ADELINE-03-BLUE-8.5,,,BUCKLE FRONT FLAT SANDALS,,,EA,,,,,,,,1,0,,1,,18.50,18.50,18.50,18.50,0.00,,18.50,Y,N,Y,Y,,,,,,,,,,,,Shipped,N,,,,,
SO2026-000264,1,4,2026-01-22,2026-01-23,2026-02-21,2026-01-24,,,,,JCPenney,JCPenney,,30,USD,97.00,97.00,111.50,0.00,97.00,0,0.00,0,0.00,14.50,0.00,,,,,111.50,,0.00,,,,,,,,,,,,,,,Shipped,Paid,,,,,,,30007,10575,30007-2026-000264,,,,,,,,,JCPenney Shipping,Alex Reed,Zane Holt,JCPenney Stores,213 Gateway Rd,Dock 13,Retail ship location,San Diego,CA,92106,San Diego,USA,ship-jcpenney@example.com,(619) 555-2206,,,,,,,,,,,,,,,,,,,1,2026-01-22,AUSTIN-06-NUDE-7,,,SNEAKER,,,EA,,,,,,,,1,0,,1,,10.00,10.00,10.00,10.00,0.00,,10.00,Y,N,Y,Y,,,,,,,,,,,,Shipped,N,,,,,
SO2026-000264,1,4,2026-01-22,2026-01-23,2026-02-21,2026-01-24,,,,,JCPenney,JCPenney,,30,USD,97.00,97.00,111.50,0.00,97.00,0,0.00,0,0.00,14.50,0.00,,,,,111.50,,0.00,,,,,,,,,,,,,,,Shipped,Paid,,,,,,,30007,10575,30007-2026-000264,,,,,,,,,JCPenney Shipping,Alex Reed,Zane Holt,JCPenney Stores,213 Gateway Rd,Dock 13,Retail ship location,San Diego,CA,92106,San Diego,USA,ship-jcpenney@example.com,(619) 555-2206,,,,,,,,,,,,,,,,,,,2,2026-01-22,F13T007SS-CABERNET-M-STD,809666393125,,S&P V-neck Sleeveless Peplum Blouse Front Hook-and-eye Closu,,,EA,,,,,,,,3,0,,3,,29.00,29.00,87.00,87.00,0.00,,87.00,Y,N,Y,Y,,,,,,,,,,,,Shipped,N,,,,,
SO2026-000265,1,4,2026-02-16,2026-02-19,2026-02-28,2026-02-17,,,,,Squarespace,Squarespace,,60,USD,82.50,82.50,90.53,0.00,82.50,0,0.00,0,0.00,8.03,0.00,,,,,90.53,,0.00,,,,,,,,,,,,,,,Shipped,Paid,,,,,,,20006,10582,20006-2026-000265,,,,,,,,,Squarespace Shipping,Jamie Clark,Elin Marsh,Squarespace Digital,218 Camino Del Rio,Dock 18,Digital ship location,San Diego,CA,92108,San Diego,USA,ship-squarespace@example.com,(619) 555-2706,,,,,,,,,,,,,,,,,,,1,2026-02-16,ADELINE-03-BLUE-10,,,BUCKLE FRONT FLAT SANDALS,,,EA,,,,,,,,2,0,,2,,18.50,18.50,37.00,37.00,0.00,,37.00,Y,N,Y,Y,,,,,,,,,,,,Shipped,N,,,,,
SO2026-000265,1,4,2026-02-16,2026-02-19,2026-02-28,2026-02-17,,,,,Squarespace,Squarespace,,60,USD,82.50,82.50,90.53,0.00,82.50,0,0.00,0,0.00,8.03,0.00,,,,,90.53,,0.00,,,,,,,,,,,,,,,Shipped,Paid,,,,,,,20006,10582,20006-2026-000265,,,,,,,,,Squarespace Shipping,Jamie Clark,Elin Marsh,Squarespace Digital,218 Camino Del Rio,Dock 18,Digital ship location,San Diego,CA,92108,San Diego,USA,ship-squarespace@example.com,(619) 555-2706,,,,,,,,,,,,,,,,,,,2,2026-02-16,CORA-01-YLW-7,,,CROSS FRONT SANDAL,,,EA,,,,,,,,2,0,,2,,10.75,10.75,21.50,21.50,0.00,,21.50,Y,N,Y,Y,,,,,,,,,,,,Shipped,N,,,,,
SO2026-000265,1,4,2026-02-16,2026-02-19,2026-02-28,2026-02-17,,,,,Squarespace,Squarespace,,60,USD,82.50,82.50,90.53,0.00,82.50,0,0.00,0,0.00,8.03,0.00,,,,,90.53,,0.00,,,,,,,,,,,,,,,Shipped,Paid,,,,,,,20006,10582,20006-2026-000265,,,,,,,,,Squarespace Shipping,Jamie Clark,Elin Marsh,Squarespace Digital,218 Camino Del Rio,Dock 18,Digital ship location,San Diego,CA,92108,San Diego,USA,ship-squarespace@example.com,(619) 555-2706,,,,,,,,,,,,,,,,,,,3,2026-02-16,173451-1183CITIZEN-9-34,809666377774,,Susan Stretch Denim Skinny Jeans Medium Blue 5 Pocket Wash,,,EA,,,,,,,,1,0,,1,,24.00,24.00,24.00,24.00,0.00,,24.00,Y,N,Y,Y,,,,,,,,,,,,Shipped,N,,,,,
SO2026-000266,1,4,2026-01-11,2026-01-12,2026-02-25,2026-01-13,,,,,Mirakl-Kohls,Mirakl Kohls,,45,USD,333.00,333.00,335.97,0.00,333.00,0,0.00,0,0.00,2.97,0.00,,,,,335.97,,0.00,,,,,,,,,,,,,,,Shipped,Paid,,,,,,,10013,10576,10013-2026-000266,,,,,,,,,Mirakl Kohls Shipping,Jamie Clark,Asha Ives,Mirakl Kohls Network,214 Silver Creek Rd,Dock 14,Partner ship location,San Jose,CA,95115,Santa Clara,USA,ship-mirakl-kohls@example.com,(408) 555-2306,,,,,,,,,,,,,,,,,,,1,2026-01-11,AVIANA-06-BLACK-7,,,FUR SLIPPER,,,EA,,,,,,,,4,0,,4,,16.25,16.25,65.00,65.00,0.00,,65.00,Y,N,Y,Y,,,,,,,,,,,,Shipped,N,,,,,
SO2026-000266,1,4,2026-01-11,2026-01-12,2026-02-25,2026-01-13,,,,,Mirakl-Kohls,Mirakl Kohls,,45,USD,333.00,333.00,335.97,0.00,333.00,0,0.00,0,0.00,2.97,0.00,,,,,335.97,,0.00,,,,,,,,,,,,,,,Shipped,Paid,,,,,,,10013,10576,10013-2026-000266,,,,,,,,,Mirakl Kohls Shipping,Jamie Clark,Asha Ives,Mirakl Kohls Network,214 Silver Creek Rd,Dock 14,Partner ship location,San Jose,CA,95115,Santa Clara,USA,ship-mirakl-kohls@example.com,(408) 555-2306,,,,,,,,,,,,,,,,,,,2,2026-01-11,CORA-01-TAUP-S,,,CROSS FRONT SANDAL,,,EA,,,,,,,,2,0,,2,,129.00,129.00,258.00,258.00,0.00,,258.00,Y,N,Y,Y,,,,,,,,,,,,Shipped,N,,,,,
SO2026-000266,1,4,2026-01-11,2026-01-12,2026-02-25,2026-01-13,,,,,Mirakl-Kohls,Mirakl Kohls,,45,USD,333.00,333.00,335.97,0.00,333.00,0,0.00,0,0.00,2.97,0.00,,,,,335.97,,0.00,,,,,,,,,,,,,,,Shipped,Paid,,,,,,,10013,10576,10013-2026-000266,,,,,,,,,Mirakl Kohls Shipping,Jamie Clark,Asha Ives,Mirakl Kohls Network,214 Silver Creek Rd,Dock 14,Partner ship location,San Jose,CA,95115,Santa Clara,USA,ship-mirakl-kohls@example.com,(408) 555-2306,,,,,,,,,,,,,,,,,,,3,2026-01-11,AUSTIN-06-WHITE-8,,,SNEAKER,,,EA,,,,,,,,1,0,,1,,10.00,10.00,10.00,10.00,0.00,,10.00,Y,N,Y,Y,,,,,,,,,,,,Shipped,N,,,,,
SO2026-000267,1,4,2026-02-02,2026-02-03,2026-02-28,2026-02-02,,,,,Mirakl-Kohls,Mirakl Kohls,,45,USD,57.00,57.00,70.04,0.00,57.00,0,0.00,0,0.00,13.04,0.00,,,,,70.04,,0.00,,,,,,,,,,,,,,,Shipped,Paid,,,,,,,10013,10576,10013-2026-000267,,,,,,,,,Mirakl Kohls Shipping,Jamie Clark,Asha Ives,Mirakl Kohls Network,214 Silver Creek Rd,Dock 14,Partner ship location,San Jose,CA,95115,Santa Clara,USA,ship-mirakl-kohls@example.com,(408) 555-2306,,,,,,,,,,,,,,,,,,,1,2026-02-02,ADELINE-02-PINK-5.5,,,WOVEN SLIDE SANDAL,,,EA,,,,,,,,2,0,,2,,11.50,11.50,23.00,23.00,0.00,,23.00,Y,N,Y,Y,,,,,,,,,,,,Shipped,N,,,,,
SO2026-000267,1,4,2026-02-02,2026-02-03,2026-02-28,2026-02-02,,,,,Mirakl-Kohls,Mirakl Kohls,,45,USD,57.00,57.00,70.04,0.00,57.00,0,0.00,0,0.00,13.04,0.00,,,,,70.04,,0.00,,,,,,,,,,,,,,,Shipped,Paid,,,,,,,10013,10576,10013-2026-000267,,,,,,,,,Mirakl Kohls Shipping,Jamie Clark,Asha Ives,Mirakl Kohls Network,214 Silver Creek Rd,Dock 14,Partner ship location,San Jose,CA,95115,Santa Clara,USA,ship-mirakl-kohls@example.com,(408) 555-2306,,,,,,,,,,,,,,,,,,,2,2026-02-02,F13031C-1742VNTGBJ-31-STD,809666254846,,Cayden Vintage Beujolias Corduroy Skinny Jeans,,,EA,,,,,,,,1,0,,1,,34.00,34.00,34.00,34.00,0.00,,34.00,Y,N,Y,Y,,,,,,,,,,,,Shipped,N,,,,,
SO2026-000268,1,4,2026-01-17,2026-01-21,2026-02-28,2026-01-18,,,,,Macys,Macys,,60,USD,43.75,43.75,46.00,0.00,43.75,0,0.00,0,0.00,2.25,0.00,,,,,46.00,,0.00,,,,,,,,,,,,,,,Shipped,Paid,,,,,,,30005,10574,30005-2026-000268,,,,,,,,,Macys Shipping,Taylor Kim,Blake Jett,Macys Stores,215 King St,Dock 15,Department ship location,San Francisco,CA,94107,San Francisco,USA,ship-macys@example.com,(415) 555-2406,,,,,,,,,,,,,,,,,,,1,2026-01-17,ADELINE-02-WHITE-6,,,WOVEN SLIDE SANDAL,,,EA,,,,,,,,1,0,,1,,11.50,11.50,11.50,11.50,0.00,,11.50,Y,N,Y,Y,,,,,,,,,,,,Shipped,N,,,,,
SO2026-000268,1,4,2026-01-17,2026-01-21,2026-02-28,2026-01-18,,,,,Macys,Macys,,60,USD,43.75,43.75,46.00,0.00,43.75,0,0.00,0,0.00,2.25,0.00,,,,,46.00,,0.00,,,,,,,,,,,,,,,Shipped,Paid,,,,,,,30005,10574,30005-2026-000268,,,,,,,,,Macys Shipping,Taylor Kim,Blake Jett,Macys Stores,215 King St,Dock 15,Department ship location,San Francisco,CA,94107,San Francisco,USA,ship-macys@example.com,(415) 555-2406,,,,,,,,,,,,,,,,,,,2,2026-01-17,CAMILA-06-NUDE-9,,,COSS FRONT SLIP ON SLIDES,,,EA,,,,,,,,2,0,,2,,8.00,8.00,16.00,16.00,0.00,,16.00,Y,N,Y,Y,,,,,,,,,,,,Shipped,N,,,,,
SO2026-000268,1,4,2026-01-17,2026-01-21,2026-02-28,2026-01-18,,,,,Macys,Macys,,60,USD,43.75,43.75,46.00,0.00,43.75,0,0.00,0,0.00,2.25,0.00,,,,,46.00,,0.00,,,,,,,,,,,,,,,Shipped,Paid,,,,,,,30005,10574,30005-2026-000268,,,,,,,,,Macys Shipping,Taylor Kim,Blake Jett,Macys Stores,215 King St,Dock 15,Department ship location,San Francisco,CA,94107,San Francisco,USA,ship-macys@example.com,(415) 555-2406,,,,,,,,,,,,,,,,,,,3,2026-01-17,AVIANA-06-WHITE-5,,,FUR SLIPPER,,,EA,,,,,,,,1,0,,1,,16.25,16.25,16.25,16.25,0.00,,16.25,Y,N,Y,Y,,,,,,,,,,,,Shipped,N,,,,,
SO2026-000269,1,4,2026-02-01,2026-02-04,2026-02-28,2026-02-03,,,,,Etsy-LS,Etsy LS,,45,USD,88.75,88.75,100.65,0.00,88.75,0,0.00,0,0.00,11.90,0.00,,,,,100.65,,0.00,,,,,,,,,,,,,,,Shipped,Paid,,,,,,,10008,10571,10008-2026-000269,,,,,,,,,Etsy LS Shipping,Alex Reed,Rhea Moss,Etsy LS Marketplace,205 Mission St,Dock 5,Marketplace ship location,San Francisco,CA,94103,San Francisco,USA,ship-etsy-ls@example.com,(415) 555-1406,,,,,,,,,,,,,,,,,,,1,2026-02-01,FA16023WV-MIDNIGHTBLUE,,,GGT wrap kimono maxi dress,,,EA,,,,,,,,2,0,,2,,39.00,39.00,78.00,78.00,0.00,,78.00,Y,N,Y,Y,,,,,,,,,,,,Shipped,N,,,,,
SO2026-000269,1,4,2026-02-01,2026-02-04,2026-02-28,2026-02-03,,,,,Etsy-LS,Etsy LS,,45,USD,88.75,88.75,100.65,0.00,88.75,0,0.00,0,0.00,11.90,0.00,,,,,100.65,,0.00,,,,,,,,,,,,,,,Shipped,Paid,,,,,,,10008,10571,10008-2026-000269,,,,,,,,,Etsy LS Shipping,Alex Reed,Rhea Moss,Etsy LS Marketplace,205 Mission St,Dock 5,Marketplace ship location,San Francisco,CA,94103,San Francisco,USA,ship-etsy-ls@example.com,(415) 555-1406,,,,,,,,,,,,,,,,,,,2,2026-02-01,CORA-01-BLK-6,,,CROSS FRONT SANDAL,,,EA,,,,,,,,1,0,,1,,10.75,10.75,10.75,10.75,0.00,,10.75,Y,N,Y,Y,,,,,,,,,,,,Shipped,N,,,,,
SO2026-000270,1,4,2026-02-24,2026-02-27,2026-02-28,2026-02-26,,,,,Squarespace,Squarespace,,60,USD,72.00,72.00,86.34,0.00,72.00,0,0.00,0,0.00,14.34,0.00,,,,,86.34,,0.00,,,,,,,,,,,,,,,Shipped,Paid,,,,,,,20006,10582,20006-2026-000270,,,,,,,,,Squarespace Shipping,Jamie Clark,Elin Marsh,Squarespace Digital,218 Camino Del Rio,Dock 18,Digital ship location,San Diego,CA,92108,San Diego,USA,ship-squarespace@example.com,(619) 555-2706,,,,,,,,,,,,,,,,,,,1,2026-02-24,173451-1183CITIZEN-1-34,809666377736,,Susan Stretch Denim Skinny Jeans Medium Blue 5 Pocket Wash,,,EA,,,,,,,,3,0,,3,,24.00,24.00,72.00,72.00,0.00,,72.00,Y,N,Y,Y,,,,,,,,,,,,Shipped,N,,,,,
SO2026-000271,1,4,2026-02-04,2026-02-04,2026-02-28,2026-02-04,,,,,AMZ-eCom,AMZ eCom,,30,USD,46.00,46.00,53.24,0.00,46.00,0,0.00,0,0.00,7.24,0.00,,,,,53.24,,0.00,,,,,,,,,,,,,,,Shipped,Paid,,,,,,,10001,10565,10001-2026-000271,,,,,,,,,AMZ eCom Shipping,Alex Reed,Nora Lane,AMZ eCom Retail,201 Harbor Ave,Dock 1,Main ship location,Los Angeles,CA,90002,Los Angeles,USA,ship-amz-ecom@example.com,(213) 555-1006,,,,,,,,,,,,,,,,,,,1,2026-02-04,CAMILA-06-NUDE-10,,,COSS FRONT SLIP ON SLIDES,,,EA,,,,,,,,2,0,,2,,8.00,8.00,16.00,16.00,0.00,,16.00,Y,N,Y,Y,,,,,,,,,,,,Shipped,N,,,,,
SO2026-000271,1,4,2026-02-04,2026-02-04,2026-02-28,2026-02-04,,,,,AMZ-eCom,AMZ eCom,,30,USD,46.00,46.00,53.24,0.00,46.00,0,0.00,0,0.00,7.24,0.00,,,,,53.24,,0.00,,,,,,,,,,,,,,,Shipped,Paid,,,,,,,10001,10565,10001-2026-000271,,,,,,,,,AMZ eCom Shipping,Alex Reed,Nora Lane,AMZ eCom Retail,201 Harbor Ave,Dock 1,Main ship location,Los Angeles,CA,90002,Los Angeles,USA,ship-amz-ecom@example.com,(213) 555-1006,,,,,,,,,,,,,,,,,,,2,2026-02-04,AUSTIN-06-BLUSH-6.5,,,SNEAKER,,,EA,,,,,,,,3,0,,3,,10.00,10.00,30.00,30.00,0.00,,30.00,Y,N,Y,Y,,,,,,,,,,,,Shipped,N,,,,,
SO2026-000272,1,4,2026-02-09,2026-02-11,2026-02-28,2026-02-10,,,,,Mirakl-HudsonsB,Mirakl HudsonsB,,60,USD,428.50,428.50,435.73,0.00,428.50,0,0.00,0,0.00,7.23,0.00,,,,,435.73,,0.00,,,,,,,,,,,,,,,Shipped,Paid,,,,,,,10005,10577,10005-2026-000272,,,,,,,,,Mirakl HudsonsB Shipping,Morgan Lee,Yara Glenn,Mirakl HudsonsB Network,212 Quail Hill Pkwy,Dock 12,Network ship location,Irvine,CA,92607,Orange,USA,ship-mirakl-hudsonsb@example.com,(949) 555-2106,,,,,,,,,,,,,,,,,,,1,2026-02-09,ASTRID-01-GREY-9.5,,,SLIP ON SNEAKER,,,EA,,,,,,,,2,0,,2,,20.75,20.75,41.50,41.50,0.00,,41.50,Y,N,Y,Y,,,,,,,,,,,,Shipped,N,,,,,
SO2026-000272,1,4,2026-02-09,2026-02-11,2026-02-28,2026-02-10,,,,,Mirakl-HudsonsB,Mirakl HudsonsB,,60,USD,428.50,428.50,435.73,0.00,428.50,0,0.00,0,0.00,7.23,0.00,,,,,435.73,,0.00,,,,,,,,,,,,,,,Shipped,Paid,,,,,,,10005,10577,10005-2026-000272,,,,,,,,,Mirakl HudsonsB Shipping,Morgan Lee,Yara Glenn,Mirakl HudsonsB Network,212 Quail Hill Pkwy,Dock 12,Network ship location,Irvine,CA,92607,Orange,USA,ship-mirakl-hudsonsb@example.com,(949) 555-2106,,,,,,,,,,,,,,,,,,,2,2026-02-09,CORA-01-LEOP-S,,,CROSS FRONT SANDAL,,,EA,,,,,,,,3,0,,3,,129.00,129.00,387.00,387.00,0.00,,387.00,Y,N,Y,Y,,,,,,,,,,,,Shipped,N,,,,,
SO2026-000273,1,4,2026-02-07,2026-02-08,2026-02-28,2026-02-07,,,,,Shopify,Shopify,,45,USD,32.00,32.00,48.51,0.00,32.00,0,0.00,0,0.00,16.51,0.00,,,,,48.51,,0.00,,,,,,,,,,,,,,,Shipped,Paid,,,,,,,20001,10580,20001-2026-000273,,,,,,,,,Shopify Shipping,Alex Reed,Dario Lowe,Shopify Commerce,217 Barranca Pkwy,Dock 17,Commerce ship location,Irvine,CA,92609,Orange,USA,ship-shopify@example.com,(949) 555-2606,,,,,,,,,,,,,,,,,,,1,2026-02-07,CAMILA-06-LILAC-9,,,COSS FRONT SLIP ON SLIDES,,,EA,,,,,,,,4,0,,4,,8.00,8.00,32.00,32.00,0.00,,32.00,Y,N,Y,Y,,,,,,,,,,,,Shipped,N,,,,,
SO2026-000274,1,4,2026-01-20,2026-01-24,2026-02-28,2026-01-20,,,,,Veeqo-Amazon,Veeqo Amazon,,45,USD,32.25,32.25,46.87,0.00,32.25,0,0.00,0,0.00,14.62,0.00,,,,,46.87,,0.00,,,,,,,,,,,,,,,Shipped,Paid,,,,,,,10016,10579,10016-2026-000274,,,,,,,,,Veeqo Amazon Shipping,Jamie Clark,Owen Pike,Veeqo Amazon Retail,202 Distribution Way,Dock 2,Regional ship location,Irvine,CA,92603,Orange,USA,ship-veeqo-amazon@example.com,(949) 555-1106,,,,,,,,,,,,,,,,,,,1,2026-01-20,CORA-01-CAME-5,,,CROSS FRONT SANDAL,,,EA,,,,,,,,3,0,,3,,10.75,10.75,32.25,32.25,0.00,,32.25,Y,N,Y,Y,,,,,,,,,,,,Shipped,N,,,,,
SO2026-000275,1,4,2026-01-05,2026-01-09,2026-02-28,2026-01-06,,,,,Macys,Macys,,60,USD,45.50,45.50,56.70,0.00,45.50,0,0.00,0,0.00,11.20,0.00,,,,,56.70,,0.00,,,,,,,,,,,,,,,Shipped,Paid,,,,,,,30005,10574,30005-2026-000275,,,,,,,,,Macys Shipping,Taylor Kim,Blake Jett,Macys Stores,215 King St,Dock 15,Department ship location,San Francisco,CA,94107,San Francisco,USA,ship-macys@example.com,(415) 555-2406,,,,,,,,,,,,,,,,,,,1,2026-01-05,ADELINE-02-WHITE-5.5,,,WOVEN SLIDE SANDAL,,,EA,,,,,,,,1,0,,1,,11.50,11.50,11.50,11.50,0.00,,11.50,Y,N,Y,Y,,,,,,,,,,,,Shipped,N,,,,,
SO2026-000275,1,4,2026-01-05,2026-01-09,2026-02-28,2026-01-06,,,,,Macys,Macys,,60,USD,45.50,45.50,56.70,0.00,45.50,0,0.00,0,0.00,11.20,0.00,,,,,56.70,,0.00,,,,,,,,,,,,,,,Shipped,Paid,,,,,,,30005,10574,30005-2026-000275,,,,,,,,,Macys Shipping,Taylor Kim,Blake Jett,Macys Stores,215 King St,Dock 15,Department ship location,San Francisco,CA,94107,San Francisco,USA,ship-macys@example.com,(415) 555-2406,,,,,,,,,,,,,,,,,,,2,2026-01-05,FA13501DM-1608BLAU2-31-32,809666857894,,Maya Basic Dark Handsand Wash Midrise Skinny Jeans,,,EA,,,,,,,,1,0,,1,,34.00,34.00,34.00,34.00,0.00,,34.00,Y,N,Y,Y,,,,,,,,,,,,Shipped,N,,,,,
SO2026-000276,1,4,2026-02-03,2026-02-05,2026-02-28,2026-02-03,,,,,Mirakl-Kohls,Mirakl Kohls,,45,USD,90.00,90.00,106.37,0.00,90.00,0,0.00,0,0.00,16.37,0.00,,,,,106.37,,0.00,,,,,,,,,,,,,,,Shipped,Paid,,,,,,,10013,10576,10013-2026-000276,,,,,,,,,Mirakl Kohls Shipping,Jamie Clark,Asha Ives,Mirakl Kohls Network,214 Silver Creek Rd,Dock 14,Partner ship location,San Jose,CA,95115,Santa Clara,USA,ship-mirakl-kohls@example.com,(408) 555-2306,,,,,,,,,,,,,,,,,,,1,2026-02-03,ADELINE-03-BROWN-8,,,BUCKLE FRONT FLAT SANDALS,,,EA,,,,,,,,4,0,,4,,18.50,18.50,74.00,74.00,0.00,,74.00,Y,N,Y,Y,,,,,,,,,,,,Shipped,N,,,,,
SO2026-000276,1,4,2026-02-03,2026-02-05,2026-02-28,2026-02-03,,,,,Mirakl-Kohls,Mirakl Kohls,,45,USD,90.00,90.00,106.37,0.00,90.00,0,0.00,0,0.00,16.37,0.00,,,,,106.37,,0.00,,,,,,,,,,,,,,,Shipped,Paid,,,,,,,10013,10576,10013-2026-000276,,,,,,,,,Mirakl Kohls Shipping,Jamie Clark,Asha Ives,Mirakl Kohls Network,214 Silver Creek Rd,Dock 14,Partner ship location,San Jose,CA,95115,Santa Clara,USA,ship-mirakl-kohls@example.com,(408) 555-2306,,,,,,,,,,,,,,,,,,,2,2026-02-03,CAMILA-06-GREEN-9.5,,,COSS FRONT SLIP ON SLIDES,,,EA,,,,,,,,2,0,,2,,8.00,8.00,16.00,16.00,0.00,,16.00,Y,N,Y,Y,,,,,,,,,,,,Shipped,N,,,,,
SO2026-000277,1,4,2026-01-09,2026-01-10,2026-02-23,2026-01-11,,,,,Shopify,Shopify,,45,USD,251.50,251.50,260.22,0.00,251.50,0,0.00,0,0.00,8.72,0.00,,,,,260.22,,0.00,,,,,,,,,,,,,,,Shipped,Paid,,,,,,,20001,10580,20001-2026-000277,,,,,,,,,Shopify Shipping,Alex Reed,Dario Lowe,Shopify Commerce,217 Barranca Pkwy,Dock 17,Commerce ship location,Irvine,CA,92609,Orange,USA,ship-shopify@example.com,(949) 555-2606,,,,,,,,,,,,,,,,,,,1,2026-01-09,FD3601033-3022FROZENPD-S-STD,809666343809,,Jay-Low Tencel Denim Shirtdress - Chiffon Collar and Tie Sleeve,,,EA,,,,,,,,4,0,,4,,49.00,49.00,196.00,196.00,0.00,,196.00,Y,N,Y,Y,,,,,,,,,,,,Shipped,N,,,,,
SO2026-000277,1,4,2026-01-09,2026-01-10,2026-02-23,2026-01-11,,,,,Shopify,Shopify,,45,USD,251.50,251.50,260.22,0.00,251.50,0,0.00,0,0.00,8.72,0.00,,,,,260.22,,0.00,,,,,,,,,,,,,,,Shipped,Paid,,,,,,,20001,10580,20001-2026-000277,,,,,,,,,Shopify Shipping,Alex Reed,Dario Lowe,Shopify Commerce,217 Barranca Pkwy,Dock 17,Commerce ship location,Irvine,CA,92609,Orange,USA,ship-shopify@example.com,(949) 555-2606,,,,,,,,,,,,,,,,,,,2,2026-01-09,ADELINE-03-BLUE-7.5,,,BUCKLE FRONT FLAT SANDALS,,,EA,,,,,,,,3,0,,3,,18.50,18.50,55.50,55.50,0.00,,55.50,Y,N,Y,Y,,,,,,,,,,,,Shipped,N,,,,,
SO2026-000278,1,4,2026-02-17,2026-02-21,2026-02-28,2026-02-19,,,,,Magento,Magento,,30,USD,78.00,78.00,90.79,0.00,78.00,0,0.00,0,0.00,12.79,0.00,,,,,90.79,,0.00,,,,,,,,,,,,,,,Shipped,Paid,,,,,,,20003,10581,20003-2026-000278,,,,,,,,,Magento Shipping,Morgan Lee,Cora Knox,Magento Platform,216 Century Blvd,Dock 16,Platform ship location,Los Angeles,CA,90008,Los Angeles,USA,ship-magento@example.com,(213) 555-2506,,,,,,,,,,,,,,,,,,,1,2026-02-17,CAMILA-06-LILAC-8.5,,,COSS FRONT SLIP ON SLIDES,,,EA,,,,,,,,2,0,,2,,8.00,8.00,16.00,16.00,0.00,,16.00,Y,N,Y,Y,,,,,,,,,,,,Shipped,N,,,,,
SO2026-000278,1,4,2026-02-17,2026-02-21,2026-02-28,2026-02-19,,,,,Magento,Magento,,30,USD,78.00,78.00,90.79,0.00,78.00,0,0.00,0,0.00,12.79,0.00,,,,,90.79,,0.00,,,,,,,,,,,,,,,Shipped,Paid,,,,,,,20003,10581,20003-2026-000278,,,,,,,,,Magento Shipping,Morgan Lee,Cora Knox,Magento Platform,216 Century Blvd,Dock 16,Platform ship location,Los Angeles,CA,90008,Los Angeles,USA,ship-magento@example.com,(213) 555-2506,,,,,,,,,,,,,,,,,,,2,2026-02-17,CAMILA-06-LILAC-5.5,,,COSS FRONT SLIP ON SLIDES,,,EA,,,,,,,,4,0,,4,,8.00,8.00,32.00,32.00,0.00,,32.00,Y,N,Y,Y,,,,,,,,,,,,Shipped,N,,,,,
SO2026-000278,1,4,2026-02-17,2026-02-21,2026-02-28,2026-02-19,,,,,Magento,Magento,,30,USD,78.00,78.00,90.79,0.00,78.00,0,0.00,0,0.00,12.79,0.00,,,,,90.79,,0.00,,,,,,,,,,,,,,,Shipped,Paid,,,,,,,20003,10581,20003-2026-000278,,,,,,,,,Magento Shipping,Morgan Lee,Cora Knox,Magento Platform,216 Century Blvd,Dock 16,Platform ship location,Los Angeles,CA,90008,Los Angeles,USA,ship-magento@example.com,(213) 555-2506,,,,,,,,,,,,,,,,,,,3,2026-02-17,AUSTIN-06-NUDE-8.5,,,SNEAKER,,,EA,,,,,,,,3,0,,3,,10.00,10.00,30.00,30.00,0.00,,30.00,Y,N,Y,Y,,,,,,,,,,,,Shipped,N,,,,,
SO2026-000279,1,4,2026-01-18,2026-01-23,2026-02-28,2026-01-19,,,,,Walmart-eComm,Walmart eComm,,45,USD,107.00,107.00,108.03,0.00,107.00,0,0.00,0,0.00,1.03,0.00,,,,,108.03,,0.00,,,,,,,,,,,,,,,Shipped,Paid,,,,,,,10002,10566,10002-2026-000279,,,,,,,,,Walmart eComm Shipping,Morgan Lee,Gavin Orr,Walmart eComm Retail,220 Townsend St,Dock 20,National ship location,San Francisco,CA,94109,San Francisco,USA,ship-walmart-ecomm@example.com,(415) 555-2906,,,,,,,,,,,,,,,,,,,1,2026-01-18,ASTRID-01-BLACK-6,,,SLIP ON SNEAKER,,,EA,,,,,,,,4,0,,4,,20.75,20.75,83.00,83.00,0.00,,83.00,Y,N,Y,Y,,,,,,,,,,,,Shipped,N,,,,,
SO2026-000279,1,4,2026-01-18,2026-01-23,2026-02-28,2026-01-19,,,,,Walmart-eComm,Walmart eComm,,45,USD,107.00,107.00,108.03,0.00,107.00,0,0.00,0,0.00,1.03,0.00,,,,,108.03,,0.00,,,,,,,,,,,,,,,Shipped,Paid,,,,,,,10002,10566,10002-2026-000279,,,,,,,,,Walmart eComm Shipping,Morgan Lee,Gavin Orr,Walmart eComm Retail,220 Townsend St,Dock 20,National ship location,San Francisco,CA,94109,San Francisco,USA,ship-walmart-ecomm@example.com,(415) 555-2906,,,,,,,,,,,,,,,,,,,2,2026-01-18,CAMILA-06-NUDE-7.5,,,COSS FRONT SLIP ON SLIDES,,,EA,,,,,,,,3,0,,3,,8.00,8.00,24.00,24.00,0.00,,24.00,Y,N,Y,Y,,,,,,,,,,,,Shipped,N,,,,,
SO2026-000280,1,4,2026-01-22,2026-01-25,2026-02-21,2026-01-23,,,,,Magento,Magento,,30,USD,88.00,88.00,100.04,0.00,88.00,0,0.00,0,0.00,12.04,0.00,,,,,100.04,,0.00,,,,,,,,,,,,,,,Shipped,Paid,,,,,,,20003,10581,20003-2026-000280,,,,,,,,,Magento Shipping,Morgan Lee,Cora Knox,Magento Platform,216 Century Blvd,Dock 16,Platform ship location,Los Angeles,CA,90008,Los Angeles,USA,ship-magento@example.com,(213) 555-2506,,,,,,,,,,,,,,,,,,,1,2026-01-22,CAMILA-06-GREEN-7,,,COSS FRONT SLIP ON SLIDES,,,EA,,,,,,,,1,0,,1,,8.00,8.00,8.00,8.00,0.00,,8.00,Y,N,Y,Y,,,,,,,,,,,,Shipped,N,,,,,
SO2026-000280,1,4,2026-01-22,2026-01-25,2026-02-21,2026-01-23,,,,,Magento,Magento,,30,USD,88.00,88.00,100.04,0.00,88.00,0,0.00,0,0.00,12.04,0.00,,,,,100.04,,0.00,,,,,,,,,,,,,,,Shipped,Paid,,,,,,,20003,10581,20003-2026-000280,,,,,,,,,Magento Shipping,Morgan Lee,Cora Knox,Magento Platform,216 Century Blvd,Dock 16,Platform ship location,Los Angeles,CA,90008,Los Angeles,USA,ship-magento@example.com,(213) 555-2506,,,,,,,,,,,,,,,,,,,2,2026-01-22,AUSTIN-06-CAMEL-9.5,,,SNEAKER,,,EA,,,,,,,,4,0,,4,,10.00,10.00,40.00,40.00,0.00,,40.00,Y,N,Y,Y,,,,,,,,,,,,Shipped,N,,,,,
SO2026-000280,1,4,2026-01-22,2026-01-25,2026-02-21,2026-01-23,,,,,Magento,Magento,,30,USD,88.00,88.00,100.04,0.00,88.00,0,0.00,0,0.00,12.04,0.00,,,,,100.04,,0.00,,,,,,,,,,,,,,,Shipped,Paid,,,,,,,20003,10581,20003-2026-000280,,,,,,,,,Magento Shipping,Morgan Lee,Cora Knox,Magento Platform,216 Century Blvd,Dock 16,Platform ship location,Los Angeles,CA,90008,Los Angeles,USA,ship-magento@example.com,(213) 555-2506,,,,,,,,,,,,,,,,,,,3,2026-01-22,AUSTIN-06-CAMEL-7.5,,,SNEAKER,,,EA,,,,,,,,4,0,,4,,10.00,10.00,40.00,40.00,0.00,,40.00,Y,N,Y,Y,,,,,,,,,,,,Shipped,N,,,,,
SO2026-000281,1,4,2026-02-23,2026-02-27,2026-02-28,2026-02-24,,,,,eBay,eBay,,30,USD,135.50,135.50,141.66,0.00,135.50,0,0.00,0,0.00,6.16,0.00,,,,,141.66,,0.00,,,,,,,,,,,,,,,Shipped,Paid,,,,,,,10004,10570,10004-2026-000281,,,,,,,,,eBay Shipping,Morgan Lee,Quentin Hale,eBay Commerce,204 Fulfillment Ave,Dock 4,Standard ship location,San Jose,CA,95111,Santa Clara,USA,ship-ebay@example.com,(408) 555-1306,,,,,,,,,,,,,,,,,,,1,2026-02-23,AUSTIN-06-BLUSH-10,,,SNEAKER,,,EA,,,,,,,,2,0,,2,,10.00,10.00,20.00,20.00,0.00,,20.00,Y,N,Y,Y,,,,,,,,,,,,Shipped,N,,,,,
SO2026-000281,1,4,2026-02-23,2026-02-27,2026-02-28,2026-02-24,,,,,eBay,eBay,,30,USD,135.50,135.50,141.66,0.00,135.50,0,0.00,0,0.00,6.16,0.00,,,,,141.66,,0.00,,,,,,,,,,,,,,,Shipped,Paid,,,,,,,10004,10570,10004-2026-000281,,,,,,,,,eBay Shipping,Morgan Lee,Quentin Hale,eBay Commerce,204 Fulfillment Ave,Dock 4,Standard ship location,San Jose,CA,95111,Santa Clara,USA,ship-ebay@example.com,(408) 555-1306,,,,,,,,,,,,,,,,,,,2,2026-02-23,ADELINE-03-TAUPE-7.5,,,BUCKLE FRONT FLAT SANDALS,,,EA,,,,,,,,4,0,,4,,18.50,18.50,74.00,74.00,0.00,,74.00,Y,N,Y,Y,,,,,,,,,,,,Shipped,N,,,,,
SO2026-000281,1,4,2026-02-23,2026-02-27,2026-02-28,2026-02-24,,,,,eBay,eBay,,30,USD,135.50,135.50,141.66,0.00,135.50,0,0.00,0,0.00,6.16,0.00,,,,,141.66,,0.00,,,,,,,,,,,,,,,Shipped,Paid,,,,,,,10004,10570,10004-2026-000281,,,,,,,,,eBay Shipping,Morgan Lee,Quentin Hale,eBay Commerce,204 Fulfillment Ave,Dock 4,Standard ship location,San Jose,CA,95111,Santa Clara,USA,ship-ebay@example.com,(408) 555-1306,,,,,,,,,,,,,,,,,,,3,2026-02-23,ASTRID-01-BLUSH-7,,,SLIP ON SNEAKER,,,EA,,,,,,,,2,0,,2,,20.75,20.75,41.50,41.50,0.00,,41.50,Y,N,Y,Y,,,,,,,,,,,,Shipped,N,,,,,
SO2026-000282,1,4,2026-01-02,2026-01-03,2026-02-16,2026-01-03,,,,,Veeqo-Amazon,Veeqo Amazon,,45,USD,294.00,294.00,300.75,0.00,294.00,0,0.00,0,0.00,6.75,0.00,,,,,300.75,,0.00,,,,,,,,,,,,,,,Shipped,Paid,,,,,,,10016,10579,10016-2026-000282,,,,,,,,,Veeqo Amazon Shipping,Jamie Clark,Owen Pike,Veeqo Amazon Retail,202 Distribution Way,Dock 2,Regional ship location,Irvine,CA,92603,Orange,USA,ship-veeqo-amazon@example.com,(949) 555-1106,,,,,,,,,,,,,,,,,,,1,2026-01-02,FD3601734-MEDBLEACH-S-STD,809666438420,,Ally Women's Full Sleeve Denim Shirt Dress,,,EA,,,,,,,,3,0,,3,,98.00,98.00,294.00,294.00,0.00,,294.00,Y,N,Y,Y,,,,,,,,,,,,Shipped,N,,,,,
SO2026-000283,1,4,2026-01-12,2026-01-12,2026-02-11,2026-01-12,,,,,Magento,Magento,,30,USD,43.00,43.00,58.29,0.00,43.00,0,0.00,0,0.00,15.29,0.00,,,,,58.29,,0.00,,,,,,,,,,,,,,,Shipped,Paid,,,,,,,20003,10581,20003-2026-000283,,,,,,,,,Magento Shipping,Morgan Lee,Cora Knox,Magento Platform,216 Century Blvd,Dock 16,Platform ship location,Los Angeles,CA,90008,Los Angeles,USA,ship-magento@example.com,(213) 555-2506,,,,,,,,,,,,,,,,,,,1,2026-01-12,CORA-01-FUCH-8.5,,,CROSS FRONT SANDAL,,,EA,,,,,,,,4,0,,4,,10.75,10.75,43.00,43.00,0.00,,43.00,Y,N,Y,Y,,,,,,,,,,,,Shipped,N,,,,,
SO2026-000284,1,4,2026-02-04,2026-02-09,2026-02-28,2026-02-06,,,,,Etsy-LS,Etsy LS,,45,USD,138.00,138.00,148.44,0.00,138.00,0,0.00,0,0.00,10.44,0.00,,,,,148.44,,0.00,,,,,,,,,,,,,,,Shipped,Paid,,,,,,,10008,10571,10008-2026-000284,,,,,,,,,Etsy LS Shipping,Alex Reed,Rhea Moss,Etsy LS Marketplace,205 Mission St,Dock 5,Marketplace ship location,San Francisco,CA,94103,San Francisco,USA,ship-etsy-ls@example.com,(415) 555-1406,,,,,,,,,,,,,,,,,,,1,2026-02-04,F13031C-1742VNTGDM,,,Five-pocket stretch woven corduroy skinny pants with wine stitching and copper hardware.,,,EA,,,,,,,,3,0,,3,,34.00,34.00,102.00,102.00,0.00,,102.00,Y,N,Y,Y,,,,,,,,,,,,Shipped,N,,,,,
SO2026-000284,1,4,2026-02-04,2026-02-09,2026-02-28,2026-02-06,,,,,Etsy-LS,Etsy LS,,45,USD,138.00,138.00,148.44,0.00,138.00,0,0.00,0,0.00,10.44,0.00,,,,,148.44,,0.00,,,,,,,,,,,,,,,Shipped,Paid,,,,,,,10008,10571,10008-2026-000284,,,,,,,,,Etsy LS Shipping,Alex Reed,Rhea Moss,Etsy LS Marketplace,205 Mission St,Dock 5,Marketplace ship location,San Francisco,CA,94103,San Francisco,USA,ship-etsy-ls@example.com,(415) 555-1406,,,,,,,,,,,,,,,,,,,2,2026-02-04,AUSTIN-06-WHITE-6,,,SNEAKER,,,EA,,,,,,,,2,0,,2,,10.00,10.00,20.00,20.00,0.00,,20.00,Y,N,Y,Y,,,,,,,,,,,,Shipped,N,,,,,
SO2026-000284,1,4,2026-02-04,2026-02-09,2026-02-28,2026-02-06,,,,,Etsy-LS,Etsy LS,,45,USD,138.00,138.00,148.44,0.00,138.00,0,0.00,0,0.00,10.44,0.00,,,,,148.44,,0.00,,,,,,,,,,,,,,,Shipped,Paid,,,,,,,10008,10571,10008-2026-000284,,,,,,,,,Etsy LS Shipping,Alex Reed,Rhea Moss,Etsy LS Marketplace,205 Mission St,Dock 5,Marketplace ship location,San Francisco,CA,94103,San Francisco,USA,ship-etsy-ls@example.com,(415) 555-1406,,,,,,,,,,,,,,,,,,,3,2026-02-04,CAMILA-06-NUDE-6.5,,,COSS FRONT SLIP ON SLIDES,,,EA,,,,,,,,2,0,,2,,8.00,8.00,16.00,16.00,0.00,,16.00,Y,N,Y,Y,,,,,,,,,,,,Shipped,N,,,,,
SO2026-000285,1,4,2026-02-11,2026-02-12,2026-02-28,2026-02-11,,,,,eBay,eBay,,30,USD,434.25,434.25,437.33,0.00,434.25,0,0.00,0,0.00,3.08,0.00,,,,,437.33,,0.00,,,,,,,,,,,,,,,Shipped,Paid,,,,,,,10004,10570,10004-2026-000285,,,,,,,,,eBay Shipping,Morgan Lee,Quentin Hale,eBay Commerce,204 Fulfillment Ave,Dock 4,Standard ship location,San Jose,CA,95111,Santa Clara,USA,ship-ebay@example.com,(408) 555-1306,,,,,,,,,,,,,,,,,,,1,2026-02-11,ADELINE-03-BLUE-S,,,BUCKLE FRONT FLAT SANDALS,,,EA,,,,,,,,1,0,,1,,222.00,222.00,222.00,222.00,0.00,,222.00,Y,N,Y,Y,,,,,,,,,,,,Shipped,N,,,,,
SO2026-000285,1,4,2026-02-11,2026-02-12,2026-02-28,2026-02-11,,,,,eBay,eBay,,30,USD,434.25,434.25,437.33,0.00,434.25,0,0.00,0,0.00,3.08,0.00,,,,,437.33,,0.00,,,,,,,,,,,,,,,Shipped,Paid,,,,,,,10004,10570,10004-2026-000285,,,,,,,,,eBay Shipping,Morgan Lee,Quentin Hale,eBay Commerce,204 Fulfillment Ave,Dock 4,Standard ship location,San Jose,CA,95111,Santa Clara,USA,ship-ebay@example.com,(408) 555-1306,,,,,,,,,,,,,,,,,,,2,2026-02-11,AVIANA-06-PINK-7,,,FUR SLIPPER,,,EA,,,,,,,,1,0,,1,,16.25,16.25,16.25,16.25,0.00,,16.25,Y,N,Y,Y,,,,,,,,,,,,Shipped,N,,,,,
SO2026-000285,1,4,2026-02-11,2026-02-12,2026-02-28,2026-02-11,,,,,eBay,eBay,,30,USD,434.25,434.25,437.33,0.00,434.25,0,0.00,0,0.00,3.08,0.00,,,,,437.33,,0.00,,,,,,,,,,,,,,,Shipped,Paid,,,,,,,10004,10570,10004-2026-000285,,,,,,,,,eBay Shipping,Morgan Lee,Quentin Hale,eBay Commerce,204 Fulfillment Ave,Dock 4,Standard ship location,San Jose,CA,95111,Santa Clara,USA,ship-ebay@example.com,(408) 555-1306,,,,,,,,,,,,,,,,,,,3,2026-02-11,FD9801506P-BLACKBROWN,,,This asymmetrical hem wrap dress features an on-trend button front and elegant billow sleeves. The k,,,EA,,,,,,,,4,0,,4,,49.00,49.00,196.00,196.00,0.00,,196.00,Y,N,Y,Y,,,,,,,,,,,,Shipped,N,,,,,
SO2026-000286,1,4,2026-01-16,2026-01-19,2026-02-28,2026-01-16,,,,,Mirakl-HudsonsB,Mirakl HudsonsB,,60,USD,288.00,288.00,297.39,0.00,288.00,0,0.00,0,0.00,9.39,0.00,,,,,297.39,,0.00,,,,,,,,,,,,,,,Shipped,Paid,,,,,,,10005,10577,10005-2026-000286,,,,,,,,,Mirakl HudsonsB Shipping,Morgan Lee,Yara Glenn,Mirakl HudsonsB Network,212 Quail Hill Pkwy,Dock 12,Network ship location,Irvine,CA,92607,Orange,USA,ship-mirakl-hudsonsb@example.com,(949) 555-2106,,,,,,,,,,,,,,,,,,,1,2026-01-16,173451-1183CITIZEN-13-34,809666377798,,Susan Stretch Denim Skinny Jeans Medium Blue 5 Pocket Wash,,,EA,,,,,,,,2,0,,2,,24.00,24.00,48.00,48.00,0.00,,48.00,Y,N,Y,Y,,,,,,,,,,,,Shipped,N,,,,,
SO2026-000286,1,4,2026-01-16,2026-01-19,2026-02-28,2026-01-16,,,,,Mirakl-HudsonsB,Mirakl HudsonsB,,60,USD,288.00,288.00,297.39,0.00,288.00,0,0.00,0,0.00,9.39,0.00,,,,,297.39,,0.00,,,,,,,,,,,,,,,Shipped,Paid,,,,,,,10005,10577,10005-2026-000286,,,,,,,,,Mirakl HudsonsB Shipping,Morgan Lee,Yara Glenn,Mirakl HudsonsB Network,212 Quail Hill Pkwy,Dock 12,Network ship location,Irvine,CA,92607,Orange,USA,ship-mirakl-hudsonsb@example.com,(949) 555-2106,,,,,,,,,,,,,,,,,,,2,2026-01-16,AUSTIN-06-BLACK-S,,,SNEAKER,,,EA,,,,,,,,2,0,,2,,120.00,120.00,240.00,240.00,0.00,,240.00,Y,N,Y,Y,,,,,,,,,,,,Shipped,N,,,,,
SO2026-000287,1,4,2026-01-09,2026-01-14,2026-02-08,2026-01-10,,,,,JCPenney,JCPenney,,30,USD,46.00,46.00,52.38,0.00,46.00,0,0.00,0,0.00,6.38,0.00,,,,,52.38,,0.00,,,,,,,,,,,,,,,Shipped,Paid,,,,,,,30007,10575,30007-2026-000287,,,,,,,,,JCPenney Shipping,Alex Reed,Zane Holt,JCPenney Stores,213 Gateway Rd,Dock 13,Retail ship location,San Diego,CA,92106,San Diego,USA,ship-jcpenney@example.com,(619) 555-2206,,,,,,,,,,,,,,,,,,,1,2026-01-09,ADELINE-02-PINK-8,,,WOVEN SLIDE SANDAL,,,EA,,,,,,,,4,0,,4,,11.50,11.50,46.00,46.00,0.00,,46.00,Y,N,Y,Y,,,,,,,,,,,,Shipped,N,,,,,
SO2026-000288,1,4,2026-02-27,2026-02-28,2026-02-28,2026-02-28,,,,,Mirakl-Kohls,Mirakl Kohls,,45,USD,424.00,424.00,438.21,0.00,424.00,0,0.00,0,0.00,14.21,0.00,,,,,438.21,,0.00,,,,,,,,,,,,,,,Shipped,Paid,,,,,,,10013,10576,10013-2026-000288,,,,,,,,,Mirakl Kohls Shipping,Jamie Clark,Asha Ives,Mirakl Kohls Network,214 Silver Creek Rd,Dock 14,Partner ship location,San Jose,CA,95115,Santa Clara,USA,ship-mirakl-kohls@example.com,(408) 555-2306,,,,,,,,,,,,,,,,,,,1,2026-02-27,F13031C-1742VNTGDM-29-STD,809666255003,,Cayden Vintage Beujolias Corduroy Skinny Jeans,,,EA,,,,,,,,4,0,,4,,34.00,34.00,136.00,136.00,0.00,,136.00,Y,N,Y,Y,,,,,,,,,,,,Shipped,N,,,,,
SO2026-000288,1,4,2026-02-27,2026-02-28,2026-02-28,2026-02-28,,,,,Mirakl-Kohls,Mirakl Kohls,,45,USD,424.00,424.00,438.21,0.00,424.00,0,0.00,0,0.00,14.21,0.00,,,,,438.21,,0.00,,,,,,,,,,,,,,,Shipped,Paid,,,,,,,10013,10576,10013-2026-000288,,,,,,,,,Mirakl Kohls Shipping,Jamie Clark,Asha Ives,Mirakl Kohls Network,214 Silver Creek Rd,Dock 14,Partner ship location,San Jose,CA,95115,Santa Clara,USA,ship-mirakl-kohls@example.com,(408) 555-2306,,,,,,,,,,,,,,,,,,,2,2026-02-27,CAMILA-06-BLACK-S,,,COSS FRONT SLIP ON SLIDES,,,EA,,,,,,,,3,0,,3,,96.00,96.00,288.00,288.00,0.00,,288.00,Y,N,Y,Y,,,,,,,,,,,,Shipped,N,,,,,
SO2026-000289,1,4,2026-01-17,2026-01-21,2026-02-28,2026-01-18,,,,,Etsy-LS,Etsy LS,,45,USD,64.25,64.25,78.24,0.00,64.25,0,0.00,0,0.00,13.99,0.00,,,,,78.24,,0.00,,,,,,,,,,,,,,,Shipped,Paid,,,,,,,10008,10571,10008-2026-000289,,,,,,,,,Etsy LS Shipping,Alex Reed,Rhea Moss,Etsy LS Marketplace,205 Mission St,Dock 5,Marketplace ship location,San Francisco,CA,94103,San Francisco,USA,ship-etsy-ls@example.com,(415) 555-1406,,,,,,,,,,,,,,,,,,,1,2026-01-17,CORA-01-CAME-12,,,CROSS FRONT SANDAL,,,EA,,,,,,,,3,0,,3,,10.75,10.75,32.25,32.25,0.00,,32.25,Y,N,Y,Y,,,,,,,,,,,,Shipped,N,,,,,
SO2026-000289,1,4,2026-01-17,2026-01-21,2026-02-28,2026-01-18,,,,,Etsy-LS,Etsy LS,,45,USD,64.25,64.25,78.24,0.00,64.25,0,0.00,0,0.00,13.99,0.00,,,,,78.24,,0.00,,,,,,,,,,,,,,,Shipped,Paid,,,,,,,10008,10571,10008-2026-000289,,,,,,,,,Etsy LS Shipping,Alex Reed,Rhea Moss,Etsy LS Marketplace,205 Mission St,Dock 5,Marketplace ship location,San Francisco,CA,94103,San Francisco,USA,ship-etsy-ls@example.com,(415) 555-1406,,,,,,,,,,,,,,,,,,,2,2026-01-17,CAMILA-06-LILAC-8,,,COSS FRONT SLIP ON SLIDES,,,EA,,,,,,,,4,0,,4,,8.00,8.00,32.00,32.00,0.00,,32.00,Y,N,Y,Y,,,,,,,,,,,,Shipped,N,,,,,
SO2026-000290,1,4,2026-01-03,2026-01-07,2026-02-17,2026-01-03,,,,,Veeqo-Amazon,Veeqo Amazon,,45,USD,148.00,148.00,158.02,0.00,148.00,0,0.00,0,0.00,10.02,0.00,,,,,158.02,,0.00,,,,,,,,,,,,,,,Shipped,Paid,,,,,,,10016,10579,10016-2026-000290,,,,,,,,,Veeqo Amazon Shipping,Jamie Clark,Owen Pike,Veeqo Amazon Retail,202 Distribution Way,Dock 2,Regional ship location,Irvine,CA,92603,Orange,USA,ship-veeqo-amazon@example.com,(949) 555-1106,,,,,,,,,,,,,,,,,,,1,2026-01-03,173451-1183CITIZEN-3-STD,809666377873,,Susan Stretch Denim Skinny Jeans Medium Blue 5 Pocket Wash,,,EA,,,,,,,,3,0,,3,,24.00,24.00,72.00,72.00,0.00,,72.00,Y,N,Y,Y,,,,,,,,,,,,Shipped,N,,,,,
SO2026-000290,1,4,2026-01-03,2026-01-07,2026-02-17,2026-01-03,,,,,Veeqo-Amazon,Veeqo Amazon,,45,USD,148.00,148.00,158.02,0.00,148.00,0,0.00,0,0.00,10.02,0.00,,,,,158.02,,0.00,,,,,,,,,,,,,,,Shipped,Paid,,,,,,,10016,10579,10016-2026-000290,,,,,,,,,Veeqo Amazon Shipping,Jamie Clark,Owen Pike,Veeqo Amazon Retail,202 Distribution Way,Dock 2,Regional ship location,Irvine,CA,92603,Orange,USA,ship-veeqo-amazon@example.com,(949) 555-1106,,,,,,,,,,,,,,,,,,,2,2026-01-03,AUSTIN-06-BLUSH-9,,,SNEAKER,,,EA,,,,,,,,3,0,,3,,10.00,10.00,30.00,30.00,0.00,,30.00,Y,N,Y,Y,,,,,,,,,,,,Shipped,N,,,,,
SO2026-000290,1,4,2026-01-03,2026-01-07,2026-02-17,2026-01-03,,,,,Veeqo-Amazon,Veeqo Amazon,,45,USD,148.00,148.00,158.02,0.00,148.00,0,0.00,0,0.00,10.02,0.00,,,,,158.02,,0.00,,,,,,,,,,,,,,,Shipped,Paid,,,,,,,10016,10579,10016-2026-000290,,,,,,,,,Veeqo Amazon Shipping,Jamie Clark,Owen Pike,Veeqo Amazon Retail,202 Distribution Way,Dock 2,Regional ship location,Irvine,CA,92603,Orange,USA,ship-veeqo-amazon@example.com,(949) 555-1106,,,,,,,,,,,,,,,,,,,3,2026-01-03,ADELINE-02-WHITE-8.5,,,WOVEN SLIDE SANDAL,,,EA,,,,,,,,4,0,,4,,11.50,11.50,46.00,46.00,0.00,,46.00,Y,N,Y,Y,,,,,,,,,,,,Shipped,N,,,,,
SO2026-000291,1,4,2026-01-16,2026-01-21,2026-02-28,2026-01-18,,,,,Squarespace,Squarespace,,60,USD,426.00,426.00,434.24,0.00,426.00,0,0.00,0,0.00,8.24,0.00,,,,,434.24,,0.00,,,,,,,,,,,,,,,Shipped,Paid,,,,,,,20006,10582,20006-2026-000291,,,,,,,,,Squarespace Shipping,Jamie Clark,Elin Marsh,Squarespace Digital,218 Camino Del Rio,Dock 18,Digital ship location,San Diego,CA,92108,San Diego,USA,ship-squarespace@example.com,(619) 555-2706,,,,,,,,,,,,,,,,,,,1,2026-01-16,FA16023WV-MIDNIGHTBLUE-L-STD,809666795738,,Olivia Woven GGT Midnight Blue Kimono Wrap Maxi Dress,,,EA,,,,,,,,4,0,,4,,39.00,39.00,156.00,156.00,0.00,,156.00,Y,N,Y,Y,,,,,,,,,,,,Shipped,N,,,,,
SO2026-000291,1,4,2026-01-16,2026-01-21,2026-02-28,2026-01-18,,,,,Squarespace,Squarespace,,60,USD,426.00,426.00,434.24,0.00,426.00,0,0.00,0,0.00,8.24,0.00,,,,,434.24,,0.00,,,,,,,,,,,,,,,Shipped,Paid,,,,,,,20006,10582,20006-2026-000291,,,,,,,,,Squarespace Shipping,Jamie Clark,Elin Marsh,Squarespace Digital,218 Camino Del Rio,Dock 18,Digital ship location,San Diego,CA,92108,San Diego,USA,ship-squarespace@example.com,(619) 555-2706,,,,,,,,,,,,,,,,,,,2,2026-01-16,173451-1183CITIZEN-3-34,809666377743,,Susan Stretch Denim Skinny Jeans Medium Blue 5 Pocket Wash,,,EA,,,,,,,,2,0,,2,,24.00,24.00,48.00,48.00,0.00,,48.00,Y,N,Y,Y,,,,,,,,,,,,Shipped,N,,,,,
SO2026-000291,1,4,2026-01-16,2026-01-21,2026-02-28,2026-01-18,,,,,Squarespace,Squarespace,,60,USD,426.00,426.00,434.24,0.00,426.00,0,0.00,0,0.00,8.24,0.00,,,,,434.24,,0.00,,,,,,,,,,,,,,,Shipped,Paid,,,,,,,20006,10582,20006-2026-000291,,,,,,,,,Squarespace Shipping,Jamie Clark,Elin Marsh,Squarespace Digital,218 Camino Del Rio,Dock 18,Digital ship location,San Diego,CA,92108,San Diego,USA,ship-squarespace@example.com,(619) 555-2706,,,,,,,,,,,,,,,,,,,3,2026-01-16,ADELINE-03-BLUE-A12,,,BUCKLE FRONT FLAT SANDALS,,,EA,,,,,,,,1,0,,1,,222.00,222.00,222.00,222.00,0.00,,222.00,Y,N,Y,Y,,,,,,,,,,,,Shipped,N,,,,,
SO2026-000292,1,4,2026-02-14,2026-02-14,2026-02-28,2026-02-15,,,,,Squarespace,Squarespace,,60,USD,94.25,94.25,94.70,0.00,94.25,0,0.00,0,0.00,0.45,0.00,,,,,94.70,,0.00,,,,,,,,,,,,,,,Shipped,Paid,,,,,,,20006,10582,20006-2026-000292,,,,,,,,,Squarespace Shipping,Jamie Clark,Elin Marsh,Squarespace Digital,218 Camino Del Rio,Dock 18,Digital ship location,San Diego,CA,92108,San Diego,USA,ship-squarespace@example.com,(619) 555-2706,,,,,,,,,,,,,,,,,,,1,2026-02-14,CAMILA-06-NUDE-7,,,COSS FRONT SLIP ON SLIDES,,,EA,,,,,,,,4,0,,4,,8.00,8.00,32.00,32.00,0.00,,32.00,Y,N,Y,Y,,,,,,,,,,,,Shipped,N,,,,,
SO2026-000292,1,4,2026-02-14,2026-02-14,2026-02-28,2026-02-15,,,,,Squarespace,Squarespace,,60,USD,94.25,94.25,94.70,0.00,94.25,0,0.00,0,0.00,0.45,0.00,,,,,94.70,,0.00,,,,,,,,,,,,,,,Shipped,Paid,,,,,,,20006,10582,20006-2026-000292,,,,,,,,,Squarespace Shipping,Jamie Clark,Elin Marsh,Squarespace Digital,218 Camino Del Rio,Dock 18,Digital ship location,San Diego,CA,92108,San Diego,USA,ship-squarespace@example.com,(619) 555-2706,,,,,,,,,,,,,,,,,,,2,2026-02-14,ASTRID-01-BLUSH-7.5,,,SLIP ON SNEAKER,,,EA,,,,,,,,3,0,,3,,20.75,20.75,62.25,62.25,0.00,,62.25,Y,N,Y,Y,,,,,,,,,,,,Shipped,N,,,,,
SO2026-000293,1,4,2026-01-07,2026-01-11,2026-02-06,2026-01-09,,,,,AMZ-eCom,AMZ eCom,,30,USD,55.50,55.50,55.50,0.00,55.50,0,0.00,0,0.00,0.00,0.00,,,,,55.50,,0.00,,,,,,,,,,,,,,,Shipped,Paid,,,,,,,10001,10565,10001-2026-000293,,,,,,,,,AMZ eCom Shipping,Alex Reed,Nora Lane,AMZ eCom Retail,201 Harbor Ave,Dock 1,Main ship location,Los Angeles,CA,90002,Los Angeles,USA,ship-amz-ecom@example.com,(213) 555-1006,,,,,,,,,,,,,,,,,,,1,2026-01-07,ADELINE-03-BLUE-7,,,BUCKLE FRONT FLAT SANDALS,,,EA,,,,,,,,3,0,,3,,18.50,18.50,55.50,55.50,0.00,,55.50,Y,N,Y,Y,,,,,,,,,,,,Shipped,N,,,,,
SO2026-000294,1,4,2026-01-28,2026-01-30,2026-02-27,2026-01-29,,,,,Magento,Magento,,30,USD,221.00,221.00,238.69,0.00,221.00,0,0.00,0,0.00,17.69,0.00,,,,,238.69,,0.00,,,,,,,,,,,,,,,Shipped,Paid,,,,,,,20003,10581,20003-2026-000294,,,,,,,,,Magento Shipping,Morgan Lee,Cora Knox,Magento Platform,216 Century Blvd,Dock 16,Platform ship location,Los Angeles,CA,90008,Los Angeles,USA,ship-magento@example.com,(213) 555-2506,,,,,,,,,,,,,,,,,,,1,2026-01-28,FD9801506P-GINGER-2X-STD,809666395358,,Natalia Solid Button-Up Wrap Lantern Sleeve Dress,,,EA,,,,,,,,3,0,,3,,49.00,49.00,147.00,147.00,0.00,,147.00,Y,N,Y,Y,,,,,,,,,,,,Shipped,N,,,,,
SO2026-000294,1,4,2026-01-28,2026-01-30,2026-02-27,2026-01-29,,,,,Magento,Magento,,30,USD,221.00,221.00,238.69,0.00,221.00,0,0.00,0,0.00,17.69,0.00,,,,,238.69,,0.00,,,,,,,,,,,,,,,Shipped,Paid,,,,,,,20003,10581,20003-2026-000294,,,,,,,,,Magento Shipping,Morgan Lee,Cora Knox,Magento Platform,216 Century Blvd,Dock 16,Platform ship location,Los Angeles,CA,90008,Los Angeles,USA,ship-magento@example.com,(213) 555-2506,,,,,,,,,,,,,,,,,,,2,2026-01-28,ADELINE-03-GOLD-6,,,BUCKLE FRONT FLAT SANDALS,,,EA,,,,,,,,4,0,,4,,18.50,18.50,74.00,74.00,0.00,,74.00,Y,N,Y,Y,,,,,,,,,,,,Shipped,N,,,,,
SO2026-000295,1,4,2026-02-06,2026-02-08,2026-02-28,2026-02-07,,,,,Shopify,Shopify,,45,USD,294.00,294.00,308.80,0.00,294.00,0,0.00,0,0.00,14.80,0.00,,,,,308.80,,0.00,,,,,,,,,,,,,,,Shipped,Paid,,,,,,,20001,10580,20001-2026-000295,,,,,,,,,Shopify Shipping,Alex Reed,Dario Lowe,Shopify Commerce,217 Barranca Pkwy,Dock 17,Commerce ship location,Irvine,CA,92609,Orange,USA,ship-shopify@example.com,(949) 555-2606,,,,,,,,,,,,,,,,,,,1,2026-02-06,FD3601734-MEDBLEACH-L-STD,809666438444,,Ally Women's Full Sleeve Denim Shirt Dress,,,EA,,,,,,,,3,0,,3,,98.00,98.00,294.00,294.00,0.00,,294.00,Y,N,Y,Y,,,,,,,,,,,,Shipped,N,,,,,
SO2026-000296,1,4,2026-02-08,2026-02-09,2026-02-28,2026-02-10,,,,,Walmart-eComm,Walmart eComm,,45,USD,40.00,40.00,48.87,0.00,40.00,0,0.00,0,0.00,8.87,0.00,,,,,48.87,,0.00,,,,,,,,,,,,,,,Shipped,Paid,,,,,,,10002,10566,10002-2026-000296,,,,,,,,,Walmart eComm Shipping,Morgan Lee,Gavin Orr,Walmart eComm Retail,220 Townsend St,Dock 20,National ship location,San Francisco,CA,94109,San Francisco,USA,ship-walmart-ecomm@example.com,(415) 555-2906,,,,,,,,,,,,,,,,,,,1,2026-02-08,CAMILA-06-GREEN-10,,,COSS FRONT SLIP ON SLIDES,,,EA,,,,,,,,3,0,,3,,8.00,8.00,24.00,24.00,0.00,,24.00,Y,N,Y,Y,,,,,,,,,,,,Shipped,N,,,,,
SO2026-000296,1,4,2026-02-08,2026-02-09,2026-02-28,2026-02-10,,,,,Walmart-eComm,Walmart eComm,,45,USD,40.00,40.00,48.87,0.00,40.00,0,0.00,0,0.00,8.87,0.00,,,,,48.87,,0.00,,,,,,,,,,,,,,,Shipped,Paid,,,,,,,10002,10566,10002-2026-000296,,,,,,,,,Walmart eComm Shipping,Morgan Lee,Gavin Orr,Walmart eComm Retail,220 Townsend St,Dock 20,National ship location,San Francisco,CA,94109,San Francisco,USA,ship-walmart-ecomm@example.com,(415) 555-2906,,,,,,,,,,,,,,,,,,,2,2026-02-08,CAMILA-06-GREEN-6,,,COSS FRONT SLIP ON SLIDES,,,EA,,,,,,,,2,0,,2,,8.00,8.00,16.00,16.00,0.00,,16.00,Y,N,Y,Y,,,,,,,,,,,,Shipped,N,,,,,
SO2026-000297,1,4,2026-01-13,2026-01-17,2026-02-12,2026-01-13,,,,,JCPenney,JCPenney,,30,USD,156.00,156.00,159.65,0.00,156.00,0,0.00,0,0.00,3.65,0.00,,,,,159.65,,0.00,,,,,,,,,,,,,,,Shipped,Paid,,,,,,,30007,10575,30007-2026-000297,,,,,,,,,JCPenney Shipping,Alex Reed,Zane Holt,JCPenney Stores,213 Gateway Rd,Dock 13,Retail ship location,San Diego,CA,92106,San Diego,USA,ship-jcpenney@example.com,(619) 555-2206,,,,,,,,,,,,,,,,,,,1,2026-01-13,FB3601737-3219UNFORGV-29-STD,809666434392,,Rainie Light Hand-Sanded Denim Stretch High-Waist Slit Hem Jeans,,,EA,,,,,,,,4,0,,4,,39.00,39.00,156.00,156.00,0.00,,156.00,Y,N,Y,Y,,,,,,,,,,,,Shipped,N,,,,,
SO2026-000298,1,4,2026-01-31,2026-02-02,2026-02-28,2026-02-02,,,,,JCPenney,JCPenney,,30,USD,78.00,78.00,88.34,0.00,78.00,0,0.00,0,0.00,10.34,0.00,,,,,88.34,,0.00,,,,,,,,,,,,,,,Shipped,Paid,,,,,,,30007,10575,30007-2026-000298,,,,,,,,,JCPenney Shipping,Alex Reed,Zane Holt,JCPenney Stores,213 Gateway Rd,Dock 13,Retail ship location,San Diego,CA,92106,San Diego,USA,ship-jcpenney@example.com,(619) 555-2206,,,,,,,,,,,,,,,,,,,1,2026-01-31,FA16023WV-SMOKEYROSE-S-STD,809666901139,,Olivia Gray Floral Print Kimono Chiffon Wrap Maxi Dress,,,EA,,,,,,,,2,0,,2,,39.00,39.00,78.00,78.00,0.00,,78.00,Y,N,Y,Y,,,,,,,,,,,,Shipped,N,,,,,
SO2026-000299,1,4,2026-01-21,2026-01-22,2026-02-28,2026-01-22,,,,,Mirakl-Kohls,Mirakl Kohls,,45,USD,191.00,191.00,207.57,0.00,191.00,0,0.00,0,0.00,16.57,0.00,,,,,207.57,,0.00,,,,,,,,,,,,,,,Shipped,Paid,,,,,,,10013,10576,10013-2026-000299,,,,,,,,,Mirakl Kohls Shipping,Jamie Clark,Asha Ives,Mirakl Kohls Network,214 Silver Creek Rd,Dock 14,Partner ship location,San Jose,CA,95115,Santa Clara,USA,ship-mirakl-kohls@example.com,(408) 555-2306,,,,,,,,,,,,,,,,,,,1,2026-01-21,F13031C-1742VNTGST-31-STD,809666255119,,Cayden Vintage Beujolias Corduroy Skinny Jeans,,,EA,,,,,,,,4,0,,4,,34.00,34.00,136.00,136.00,0.00,,136.00,Y,N,Y,Y,,,,,,,,,,,,Shipped,N,,,,,
SO2026-000299,1,4,2026-01-21,2026-01-22,2026-02-28,2026-01-22,,,,,Mirakl-Kohls,Mirakl Kohls,,45,USD,191.00,191.00,207.57,0.00,191.00,0,0.00,0,0.00,16.57,0.00,,,,,207.57,,0.00,,,,,,,,,,,,,,,Shipped,Paid,,,,,,,10013,10576,10013-2026-000299,,,,,,,,,Mirakl Kohls Shipping,Jamie Clark,Asha Ives,Mirakl Kohls Network,214 Silver Creek Rd,Dock 14,Partner ship location,San Jose,CA,95115,Santa Clara,USA,ship-mirakl-kohls@example.com,(408) 555-2306,,,,,,,,,,,,,,,,,,,2,2026-01-21,CAMILA-06-BLACK-5,,,COSS FRONT SLIP ON SLIDES,,,EA,,,,,,,,2,0,,2,,8.00,8.00,16.00,16.00,0.00,,16.00,Y,N,Y,Y,,,,,,,,,,,,Shipped,N,,,,,
SO2026-000299,1,4,2026-01-21,2026-01-22,2026-02-28,2026-01-22,,,,,Mirakl-Kohls,Mirakl Kohls,,45,USD,191.00,191.00,207.57,0.00,191.00,0,0.00,0,0.00,16.57,0.00,,,,,207.57,,0.00,,,,,,,,,,,,,,,Shipped,Paid,,,,,,,10013,10576,10013-2026-000299,,,,,,,,,Mirakl Kohls Shipping,Jamie Clark,Asha Ives,Mirakl Kohls Network,214 Silver Creek Rd,Dock 14,Partner ship location,San Jose,CA,95115,Santa Clara,USA,ship-mirakl-kohls@example.com,(408) 555-2306,,,,,,,,,,,,,,,,,,,3,2026-01-21,FA16105WV-MIDNIGHTBLUE-M-STD,809666795547,,Patricia Woven Chiffon Midnight Blue Palazzo Pant W Elastic Waist,,,EA,,,,,,,,1,0,,1,,39.00,39.00,39.00,39.00,0.00,,39.00,Y,N,Y,Y,,,,,,,,,,,,Shipped,N,,,,,
SO2026-000300,1,4,2026-02-19,2026-02-19,2026-02-28,2026-02-21,,,,,Macys,Macys,,60,USD,156.00,156.00,162.19,0.00,156.00,0,0.00,0,0.00,6.19,0.00,,,,,162.19,,0.00,,,,,,,,,,,,,,,Shipped,Paid,,,,,,,30005,10574,30005-2026-000300,,,,,,,,,Macys Shipping,Taylor Kim,Blake Jett,Macys Stores,215 King St,Dock 15,Department ship location,San Francisco,CA,94107,San Francisco,USA,ship-macys@example.com,(415) 555-2406,,,,,,,,,,,,,,,,,,,1,2026-02-19,FA16023WV-MIDNIGHTCAMO-M-STD,809666795769,,Olivia Woven Chiffon Camo Print Kimono Wrap Maxi Dress,,,EA,,,,,,,,4,0,,4,,39.00,39.00,156.00,156.00,0.00,,156.00,Y,N,Y,Y,,,,,,,,,,,,Shipped,N,,,,,
SO2026-000301,1,4,2026-01-29,2026-01-30,2026-02-28,2026-01-29,,,,,Mirakl-Kohls,Mirakl Kohls,,45,USD,355.00,355.00,356.61,0.00,355.00,0,0.00,0,0.00,1.61,0.00,,,,,356.61,,0.00,,,,,,,,,,,,,,,Shipped,Paid,,,,,,,10013,10576,10013-2026-000301,,,,,,,,,Mirakl Kohls Shipping,Jamie Clark,Asha Ives,Mirakl Kohls Network,214 Silver Creek Rd,Dock 14,Partner ship location,San Jose,CA,95115,Santa Clara,USA,ship-mirakl-kohls@example.com,(408) 555-2306,,,,,,,,,,,,,,,,,,,1,2026-01-29,CORA-01-CAME-8,,,CROSS FRONT SANDAL,,,EA,,,,,,,,4,0,,4,,10.75,10.75,43.00,43.00,0.00,,43.00,Y,N,Y,Y,,,,,,,,,,,,Shipped,N,,,,,
SO2026-000301,1,4,2026-01-29,2026-01-30,2026-02-28,2026-01-29,,,,,Mirakl-Kohls,Mirakl Kohls,,45,USD,355.00,355.00,356.61,0.00,355.00,0,0.00,0,0.00,1.61,0.00,,,,,356.61,,0.00,,,,,,,,,,,,,,,Shipped,Paid,,,,,,,10013,10576,10013-2026-000301,,,,,,,,,Mirakl Kohls Shipping,Jamie Clark,Asha Ives,Mirakl Kohls Network,214 Silver Creek Rd,Dock 14,Partner ship location,San Jose,CA,95115,Santa Clara,USA,ship-mirakl-kohls@example.com,(408) 555-2306,,,,,,,,,,,,,,,,,,,2,2026-01-29,FB3601737-3219UNFORGV-26-STD,809666434361,,Rainie Light Hand-Sanded Denim Stretch High-Waist Slit Hem Jeans,,,EA,,,,,,,,4,0,,4,,39.00,39.00,156.00,156.00,0.00,,156.00,Y,N,Y,Y,,,,,,,,,,,,Shipped,N,,,,,
SO2026-000301,1,4,2026-01-29,2026-01-30,2026-02-28,2026-01-29,,,,,Mirakl-Kohls,Mirakl Kohls,,45,USD,355.00,355.00,356.61,0.00,355.00,0,0.00,0,0.00,1.61,0.00,,,,,356.61,,0.00,,,,,,,,,,,,,,,Shipped,Paid,,,,,,,10013,10576,10013-2026-000301,,,,,,,,,Mirakl Kohls Shipping,Jamie Clark,Asha Ives,Mirakl Kohls Network,214 Silver Creek Rd,Dock 14,Partner ship location,San Jose,CA,95115,Santa Clara,USA,ship-mirakl-kohls@example.com,(408) 555-2306,,,,,,,,,,,,,,,,,,,3,2026-01-29,FA16023WV-MIDNIGHTCAMO,,,GGT wrap kimono maxi dress,,,EA,,,,,,,,4,0,,4,,39.00,39.00,156.00,156.00,0.00,,156.00,Y,N,Y,Y,,,,,,,,,,,,Shipped,N,,,,,
SO2026-000302,1,4,2026-01-03,2026-01-03,2026-02-17,2026-01-04,,,,,Shopify,Shopify,,45,USD,328.00,328.00,329.33,0.00,328.00,0,0.00,0,0.00,1.33,0.00,,,,,329.33,,0.00,,,,,,,,,,,,,,,Shipped,Paid,,,,,,,20001,10580,20001-2026-000302,,,,,,,,,Shopify Shipping,Alex Reed,Dario Lowe,Shopify Commerce,217 Barranca Pkwy,Dock 17,Commerce ship location,Irvine,CA,92609,Orange,USA,ship-shopify@example.com,(949) 555-2606,,,,,,,,,,,,,,,,,,,1,2026-01-03,AUSTIN-06-NUDE-9,,,SNEAKER,,,EA,,,,,,,,4,0,,4,,10.00,10.00,40.00,40.00,0.00,,40.00,Y,N,Y,Y,,,,,,,,,,,,Shipped,N,,,,,
SO2026-000302,1,4,2026-01-03,2026-01-03,2026-02-17,2026-01-04,,,,,Shopify,Shopify,,45,USD,328.00,328.00,329.33,0.00,328.00,0,0.00,0,0.00,1.33,0.00,,,,,329.33,,0.00,,,,,,,,,,,,,,,Shipped,Paid,,,,,,,20001,10580,20001-2026-000302,,,,,,,,,Shopify Shipping,Alex Reed,Dario Lowe,Shopify Commerce,217 Barranca Pkwy,Dock 17,Commerce ship location,Irvine,CA,92609,Orange,USA,ship-shopify@example.com,(949) 555-2606,,,,,,,,,,,,,,,,,,,2,2026-01-03,CORA-01-CAME-S,,,CROSS FRONT SANDAL,,,EA,,,,,,,,2,0,,2,,129.00,129.00,258.00,258.00,0.00,,258.00,Y,N,Y,Y,,,,,,,,,,,,Shipped,N,,,,,
SO2026-000302,1,4,2026-01-03,2026-01-03,2026-02-17,2026-01-04,,,,,Shopify,Shopify,,45,USD,328.00,328.00,329.33,0.00,328.00,0,0.00,0,0.00,1.33,0.00,,,,,329.33,,0.00,,,,,,,,,,,,,,,Shipped,Paid,,,,,,,20001,10580,20001-2026-000302,,,,,,,,,Shopify Shipping,Alex Reed,Dario Lowe,Shopify Commerce,217 Barranca Pkwy,Dock 17,Commerce ship location,Irvine,CA,92609,Orange,USA,ship-shopify@example.com,(949) 555-2606,,,,,,,,,,,,,,,,,,,3,2026-01-03,AUSTIN-06-CAMEL-5,,,SNEAKER,,,EA,,,,,,,,3,0,,3,,10.00,10.00,30.00,30.00,0.00,,30.00,Y,N,Y,Y,,,,,,,,,,,,Shipped,N,,,,,
SO2026-000303,1,4,2026-02-08,2026-02-13,2026-02-28,2026-02-09,,,,,Mirakl-HudsonsB,Mirakl HudsonsB,,60,USD,65.00,65.00,77.23,0.00,65.00,0,0.00,0,0.00,12.23,0.00,,,,,77.23,,0.00,,,,,,,,,,,,,,,Shipped,Paid,,,,,,,10005,10577,10005-2026-000303,,,,,,,,,Mirakl HudsonsB Shipping,Morgan Lee,Yara Glenn,Mirakl HudsonsB Network,212 Quail Hill Pkwy,Dock 12,Network ship location,Irvine,CA,92607,Orange,USA,ship-mirakl-hudsonsb@example.com,(949) 555-2106,,,,,,,,,,,,,,,,,,,1,2026-02-08,AVIANA-06-PINK-12,,,FUR SLIPPER,,,EA,,,,,,,,4,0,,4,,16.25,16.25,65.00,65.00,0.00,,65.00,Y,N,Y,Y,,,,,,,,,,,,Shipped,N,,,,,
SO2026-000304,1,4,2026-01-31,2026-02-04,2026-02-28,2026-02-01,,,,,Macys,Macys,,60,USD,146.75,146.75,147.97,0.00,146.75,0,0.00,0,0.00,1.22,0.00,,,,,147.97,,0.00,,,,,,,,,,,,,,,Shipped,Paid,,,,,,,30005,10574,30005-2026-000304,,,,,,,,,Macys Shipping,Taylor Kim,Blake Jett,Macys Stores,215 King St,Dock 15,Department ship location,San Francisco,CA,94107,San Francisco,USA,ship-macys@example.com,(415) 555-2406,,,,,,,,,,,,,,,,,,,1,2026-01-31,AVIANA-06-BEIGE-6.5,,,FUR SLIPPER,,,EA,,,,,,,,3,0,,3,,16.25,16.25,48.75,48.75,0.00,,48.75,Y,N,Y,Y,,,,,,,,,,,,Shipped,N,,,,,
SO2026-000304,1,4,2026-01-31,2026-02-04,2026-02-28,2026-02-01,,,,,Macys,Macys,,60,USD,146.75,146.75,147.97,0.00,146.75,0,0.00,0,0.00,1.22,0.00,,,,,147.97,,0.00,,,,,,,,,,,,,,,Shipped,Paid,,,,,,,30005,10574,30005-2026-000304,,,,,,,,,Macys Shipping,Taylor Kim,Blake Jett,Macys Stores,215 King St,Dock 15,Department ship location,San Francisco,CA,94107,San Francisco,USA,ship-macys@example.com,(415) 555-2406,,,,,,,,,,,,,,,,,,,2,2026-01-31,FD9801506P,,,FD9801506P,,,EA,,,,,,,,2,0,,2,,49.00,49.00,98.00,98.00,0.00,,98.00,Y,N,Y,Y,,,,,,,,,,,,Shipped,N,,,,,
SO2026-000305,1,4,2026-01-31,2026-02-02,2026-02-28,2026-02-01,,,,,eBay,eBay,,30,USD,48.00,48.00,48.00,0.00,48.00,0,0.00,0,0.00,0.00,0.00,,,,,48.00,,0.00,,,,,,,,,,,,,,,Shipped,Paid,,,,,,,10004,10570,10004-2026-000305,,,,,,,,,eBay Shipping,Morgan Lee,Quentin Hale,eBay Commerce,204 Fulfillment Ave,Dock 4,Standard ship location,San Jose,CA,95111,Santa Clara,USA,ship-ebay@example.com,(408) 555-1306,,,,,,,,,,,,,,,,,,,1,2026-01-31,AUSTIN-06-WHITE-8.5,,,SNEAKER,,,EA,,,,,,,,4,0,,4,,10.00,10.00,40.00,40.00,0.00,,40.00,Y,N,Y,Y,,,,,,,,,,,,Shipped,N,,,,,
SO2026-000305,1,4,2026-01-31,2026-02-02,2026-02-28,2026-02-01,,,,,eBay,eBay,,30,USD,48.00,48.00,48.00,0.00,48.00,0,0.00,0,0.00,0.00,0.00,,,,,48.00,,0.00,,,,,,,,,,,,,,,Shipped,Paid,,,,,,,10004,10570,10004-2026-000305,,,,,,,,,eBay Shipping,Morgan Lee,Quentin Hale,eBay Commerce,204 Fulfillment Ave,Dock 4,Standard ship location,San Jose,CA,95111,Santa Clara,USA,ship-ebay@example.com,(408) 555-1306,,,,,,,,,,,,,,,,,,,2,2026-01-31,CAMILA-06-BLACK-6.5,,,COSS FRONT SLIP ON SLIDES,,,EA,,,,,,,,1,0,,1,,8.00,8.00,8.00,8.00,0.00,,8.00,Y,N,Y,Y,,,,,,,,,,,,Shipped,N,,,,,
SO2026-000306,1,4,2026-01-07,2026-01-10,2026-02-28,2026-01-08,,,,,Mirakl-HudsonsB,Mirakl HudsonsB,,60,USD,34.00,34.00,51.80,0.00,34.00,0,0.00,0,0.00,17.80,0.00,,,,,51.80,,0.00,,,,,,,,,,,,,,,Shipped,Paid,,,,,,,10005,10577,10005-2026-000306,,,,,,,,,Mirakl HudsonsB Shipping,Morgan Lee,Yara Glenn,Mirakl HudsonsB Network,212 Quail Hill Pkwy,Dock 12,Network ship location,Irvine,CA,92607,Orange,USA,ship-mirakl-hudsonsb@example.com,(949) 555-2106,,,,,,,,,,,,,,,,,,,1,2026-01-07,F13031C-1742VNTGCO-26-STD,809666254884,,Cayden Vintage Beujolias Corduroy Skinny Jeans,,,EA,,,,,,,,1,0,,1,,34.00,34.00,34.00,34.00,0.00,,34.00,Y,N,Y,Y,,,,,,,,,,,,Shipped,N,,,,,
SO2026-000307,1,4,2026-01-16,2026-01-20,2026-02-28,2026-01-17,,,,,Etsy-VS,Etsy VS,,60,USD,316.50,316.50,322.41,0.00,316.50,0,0.00,0,0.00,5.91,0.00,,,,,322.41,,0.00,,,,,,,,,,,,,,,Shipped,Paid,,,,,,,10008,10572,10008-2026-000307,,,,,,,,,Etsy VS Shipping,Jamie Clark,Soren Vale,Etsy VS Marketplace,206 Pacific Hwy,Dock 6,Seasonal ship location,Los Angeles,CA,90004,Los Angeles,USA,ship-etsy-vs@example.com,(213) 555-1506,,,,,,,,,,,,,,,,,,,1,2026-01-16,ADELINE-03-TAUPE-9,,,BUCKLE FRONT FLAT SANDALS,,,EA,,,,,,,,3,0,,3,,18.50,18.50,55.50,55.50,0.00,,55.50,Y,N,Y,Y,,,,,,,,,,,,Shipped,N,,,,,
SO2026-000307,1,4,2026-01-16,2026-01-20,2026-02-28,2026-01-17,,,,,Etsy-VS,Etsy VS,,60,USD,316.50,316.50,322.41,0.00,316.50,0,0.00,0,0.00,5.91,0.00,,,,,322.41,,0.00,,,,,,,,,,,,,,,Shipped,Paid,,,,,,,10008,10572,10008-2026-000307,,,,,,,,,Etsy VS Shipping,Jamie Clark,Soren Vale,Etsy VS Marketplace,206 Pacific Hwy,Dock 6,Seasonal ship location,Los Angeles,CA,90004,Los Angeles,USA,ship-etsy-vs@example.com,(213) 555-1506,,,,,,,,,,,,,,,,,,,2,2026-01-16,ADELINE-03-GOLD-B12,,,BUCKLE FRONT FLAT SANDALS,,,EA,,,,,,,,1,0,,1,,222.00,222.00,222.00,222.00,0.00,,222.00,Y,N,Y,Y,,,,,,,,,,,,Shipped,N,,,,,
SO2026-000307,1,4,2026-01-16,2026-01-20,2026-02-28,2026-01-17,,,,,Etsy-VS,Etsy VS,,60,USD,316.50,316.50,322.41,0.00,316.50,0,0.00,0,0.00,5.91,0.00,,,,,322.41,,0.00,,,,,,,,,,,,,,,Shipped,Paid,,,,,,,10008,10572,10008-2026-000307,,,,,,,,,Etsy VS Shipping,Jamie Clark,Soren Vale,Etsy VS Marketplace,206 Pacific Hwy,Dock 6,Seasonal ship location,Los Angeles,CA,90004,Los Angeles,USA,ship-etsy-vs@example.com,(213) 555-1506,,,,,,,,,,,,,,,,,,,3,2026-01-16,FA16023WV-SLATE-L-STD,809666901115,,Olivia Slate Blue Chiffon Kimono Wrap Dress,,,EA,,,,,,,,1,0,,1,,39.00,39.00,39.00,39.00,0.00,,39.00,Y,N,Y,Y,,,,,,,,,,,,Shipped,N,,,,,
SO2026-000308,1,4,2026-02-20,2026-02-24,2026-02-28,2026-02-20,,,,,AMZ-eCom,AMZ eCom,,30,USD,222.00,222.00,224.93,0.00,222.00,0,0.00,0,0.00,2.93,0.00,,,,,224.93,,0.00,,,,,,,,,,,,,,,Shipped,Paid,,,,,,,10001,10565,10001-2026-000308,,,,,,,,,AMZ eCom Shipping,Alex Reed,Nora Lane,AMZ eCom Retail,201 Harbor Ave,Dock 1,Main ship location,Los Angeles,CA,90002,Los Angeles,USA,ship-amz-ecom@example.com,(213) 555-1006,,,,,,,,,,,,,,,,,,,1,2026-02-20,ADELINE-03-BLUE-B12,,,BUCKLE FRONT FLAT SANDALS,,,EA,,,,,,,,1,0,,1,,222.00,222.00,222.00,222.00,0.00,,222.00,Y,N,Y,Y,,,,,,,,,,,,Shipped,N,,,,,
SO2026-000309,1,4,2026-01-07,2026-01-07,2026-02-28,2026-01-08,,,,,Mirakl-HudsonsB,Mirakl HudsonsB,,60,USD,120.00,120.00,135.42,0.00,120.00,0,0.00,0,0.00,15.42,0.00,,,,,135.42,,0.00,,,,,,,,,,,,,,,Shipped,Paid,,,,,,,10005,10577,10005-2026-000309,,,,,,,,,Mirakl HudsonsB Shipping,Morgan Lee,Yara Glenn,Mirakl HudsonsB Network,212 Quail Hill Pkwy,Dock 12,Network ship location,Irvine,CA,92607,Orange,USA,ship-mirakl-hudsonsb@example.com,(949) 555-2106,,,,,,,,,,,,,,,,,,,1,2026-01-07,AUSTIN-06-WHITE-A12,,,SNEAKER,,,EA,,,,,,,,1,0,,1,,120.00,120.00,120.00,120.00,0.00,,120.00,Y,N,Y,Y,,,,,,,,,,,,Shipped,N,,,,,
SO2026-000310,1,4,2026-01-14,2026-01-15,2026-02-13,2026-01-14,,,,,Magento,Magento,,30,USD,265.75,265.75,281.82,0.00,265.75,0,0.00,0,0.00,16.07,0.00,,,,,281.82,,0.00,,,,,,,,,,,,,,,Shipped,Paid,,,,,,,20003,10581,20003-2026-000310,,,,,,,,,Magento Shipping,Morgan Lee,Cora Knox,Magento Platform,216 Century Blvd,Dock 16,Platform ship location,Los Angeles,CA,90008,Los Angeles,USA,ship-magento@example.com,(213) 555-2506,,,,,,,,,,,,,,,,,,,1,2026-01-14,ASTRID-01-GREY-9,,,SLIP ON SNEAKER,,,EA,,,,,,,,1,0,,1,,20.75,20.75,20.75,20.75,0.00,,20.75,Y,N,Y,Y,,,,,,,,,,,,Shipped,N,,,,,
SO2026-000310,1,4,2026-01-14,2026-01-15,2026-02-13,2026-01-14,,,,,Magento,Magento,,30,USD,265.75,265.75,281.82,0.00,265.75,0,0.00,0,0.00,16.07,0.00,,,,,281.82,,0.00,,,,,,,,,,,,,,,Shipped,Paid,,,,,,,20003,10581,20003-2026-000310,,,,,,,,,Magento Shipping,Morgan Lee,Cora Knox,Magento Platform,216 Century Blvd,Dock 16,Platform ship location,Los Angeles,CA,90008,Los Angeles,USA,ship-magento@example.com,(213) 555-2506,,,,,,,,,,,,,,,,,,,2,2026-01-14,ADELINE-02-PINK,,,WOVEN SLIDE SANDAL,,,EA,,,,,,,,1,0,,1,,171.00,171.00,171.00,171.00,0.00,,171.00,Y,N,Y,Y,,,,,,,,,,,,Shipped,N,,,,,
SO2026-000310,1,4,2026-01-14,2026-01-15,2026-02-13,2026-01-14,,,,,Magento,Magento,,30,USD,265.75,265.75,281.82,0.00,265.75,0,0.00,0,0.00,16.07,0.00,,,,,281.82,,0.00,,,,,,,,,,,,,,,Shipped,Paid,,,,,,,20003,10581,20003-2026-000310,,,,,,,,,Magento Shipping,Morgan Lee,Cora Knox,Magento Platform,216 Century Blvd,Dock 16,Platform ship location,Los Angeles,CA,90008,Los Angeles,USA,ship-magento@example.com,(213) 555-2506,,,,,,,,,,,,,,,,,,,3,2026-01-14,ADELINE-03-BROWN-5,,,BUCKLE FRONT FLAT SANDALS,,,EA,,,,,,,,4,0,,4,,18.50,18.50,74.00,74.00,0.00,,74.00,Y,N,Y,Y,,,,,,,,,,,,Shipped,N,,,,,
SO2026-000311,1,4,2026-01-10,2026-01-12,2026-02-24,2026-01-10,,,,,Walmart-eComm,Walmart eComm,,45,USD,51.50,51.50,53.09,0.00,51.50,0,0.00,0,0.00,1.59,0.00,,,,,53.09,,0.00,,,,,,,,,,,,,,,Shipped,Paid,,,,,,,10002,10566,10002-2026-000311,,,,,,,,,Walmart eComm Shipping,Morgan Lee,Gavin Orr,Walmart eComm Retail,220 Townsend St,Dock 20,National ship location,San Francisco,CA,94109,San Francisco,USA,ship-walmart-ecomm@example.com,(415) 555-2906,,,,,,,,,,,,,,,,,,,1,2026-01-10,AUSTIN-06-WHITE-7,,,SNEAKER,,,EA,,,,,,,,2,0,,2,,10.00,10.00,20.00,20.00,0.00,,20.00,Y,N,Y,Y,,,,,,,,,,,,Shipped,N,,,,,
SO2026-000311,1,4,2026-01-10,2026-01-12,2026-02-24,2026-01-10,,,,,Walmart-eComm,Walmart eComm,,45,USD,51.50,51.50,53.09,0.00,51.50,0,0.00,0,0.00,1.59,0.00,,,,,53.09,,0.00,,,,,,,,,,,,,,,Shipped,Paid,,,,,,,10002,10566,10002-2026-000311,,,,,,,,,Walmart eComm Shipping,Morgan Lee,Gavin Orr,Walmart eComm Retail,220 Townsend St,Dock 20,National ship location,San Francisco,CA,94109,San Francisco,USA,ship-walmart-ecomm@example.com,(415) 555-2906,,,,,,,,,,,,,,,,,,,2,2026-01-10,CORA-01-YLW-9.5,,,CROSS FRONT SANDAL,,,EA,,,,,,,,2,0,,2,,10.75,10.75,21.50,21.50,0.00,,21.50,Y,N,Y,Y,,,,,,,,,,,,Shipped,N,,,,,
SO2026-000311,1,4,2026-01-10,2026-01-12,2026-02-24,2026-01-10,,,,,Walmart-eComm,Walmart eComm,,45,USD,51.50,51.50,53.09,0.00,51.50,0,0.00,0,0.00,1.59,0.00,,,,,53.09,,0.00,,,,,,,,,,,,,,,Shipped,Paid,,,,,,,10002,10566,10002-2026-000311,,,,,,,,,Walmart eComm Shipping,Morgan Lee,Gavin Orr,Walmart eComm Retail,220 Townsend St,Dock 20,National ship location,San Francisco,CA,94109,San Francisco,USA,ship-walmart-ecomm@example.com,(415) 555-2906,,,,,,,,,,,,,,,,,,,3,2026-01-10,AUSTIN-06-BLUSH-5.5,,,SNEAKER,,,EA,,,,,,,,1,0,,1,,10.00,10.00,10.00,10.00,0.00,,10.00,Y,N,Y,Y,,,,,,,,,,,,Shipped,N,,,,,
SO2026-000312,1,4,2026-02-10,2026-02-11,2026-02-28,2026-02-12,,,,,Shopify,Shopify,,45,USD,152.00,152.00,152.00,0.00,152.00,0,0.00,0,0.00,0.00,0.00,,,,,152.00,,0.00,,,,,,,,,,,,,,,Shipped,Paid,,,,,,,20001,10580,20001-2026-000312,,,,,,,,,Shopify Shipping,Alex Reed,Dario Lowe,Shopify Commerce,217 Barranca Pkwy,Dock 17,Commerce ship location,Irvine,CA,92609,Orange,USA,ship-shopify@example.com,(949) 555-2606,,,,,,,,,,,,,,,,,,,1,2026-02-10,CAMILA-06-LILAC-10,,,COSS FRONT SLIP ON SLIDES,,,EA,,,,,,,,4,0,,4,,8.00,8.00,32.00,32.00,0.00,,32.00,Y,N,Y,Y,,,,,,,,,,,,Shipped,N,,,,,
SO2026-000312,1,4,2026-02-10,2026-02-11,2026-02-28,2026-02-12,,,,,Shopify,Shopify,,45,USD,152.00,152.00,152.00,0.00,152.00,0,0.00,0,0.00,0.00,0.00,,,,,152.00,,0.00,,,,,,,,,,,,,,,Shipped,Paid,,,,,,,20001,10580,20001-2026-000312,,,,,,,,,Shopify Shipping,Alex Reed,Dario Lowe,Shopify Commerce,217 Barranca Pkwy,Dock 17,Commerce ship location,Irvine,CA,92609,Orange,USA,ship-shopify@example.com,(949) 555-2606,,,,,,,,,,,,,,,,,,,2,2026-02-10,AUSTIN-06-WHITE-B12,,,SNEAKER,,,EA,,,,,,,,1,0,,1,,120.00,120.00,120.00,120.00,0.00,,120.00,Y,N,Y,Y,,,,,,,,,,,,Shipped,N,,,,,
SO2026-000313,1,4,2026-02-11,2026-02-15,2026-02-28,2026-02-12,,,,,Etsy-LS,Etsy LS,,45,USD,81.25,81.25,81.25,0.00,81.25,0,0.00,0,0.00,0.00,0.00,,,,,81.25,,0.00,,,,,,,,,,,,,,,Shipped,Paid,,,,,,,10008,10571,10008-2026-000313,,,,,,,,,Etsy LS Shipping,Alex Reed,Rhea Moss,Etsy LS Marketplace,205 Mission St,Dock 5,Marketplace ship location,San Francisco,CA,94103,San Francisco,USA,ship-etsy-ls@example.com,(415) 555-1406,,,,,,,,,,,,,,,,,,,1,2026-02-11,AVIANA-06-BEIGE-6,,,FUR SLIPPER,,,EA,,,,,,,,3,0,,3,,16.25,16.25,48.75,48.75,0.00,,48.75,Y,N,Y,Y,,,,,,,,,,,,Shipped,N,,,,,
SO2026-000313,1,4,2026-02-11,2026-02-15,2026-02-28,2026-02-12,,,,,Etsy-LS,Etsy LS,,45,USD,81.25,81.25,81.25,0.00,81.25,0,0.00,0,0.00,0.00,0.00,,,,,81.25,,0.00,,,,,,,,,,,,,,,Shipped,Paid,,,,,,,10008,10571,10008-2026-000313,,,,,,,,,Etsy LS Shipping,Alex Reed,Rhea Moss,Etsy LS Marketplace,205 Mission St,Dock 5,Marketplace ship location,San Francisco,CA,94103,San Francisco,USA,ship-etsy-ls@example.com,(415) 555-1406,,,,,,,,,,,,,,,,,,,2,2026-02-11,AVIANA-06-PINK-8.5,,,FUR SLIPPER,,,EA,,,,,,,,2,0,,2,,16.25,16.25,32.50,32.50,0.00,,32.50,Y,N,Y,Y,,,,,,,,,,,,Shipped,N,,,,,
SO2026-000314,1,4,2026-01-06,2026-01-08,2026-02-28,2026-01-08,,,,,Mirakl-HudsonsB,Mirakl HudsonsB,,60,USD,167.00,167.00,182.32,0.00,167.00,0,0.00,0,0.00,15.32,0.00,,,,,182.32,,0.00,,,,,,,,,,,,,,,Shipped,Paid,,,,,,,10005,10577,10005-2026-000314,,,,,,,,,Mirakl HudsonsB Shipping,Morgan Lee,Yara Glenn,Mirakl HudsonsB Network,212 Quail Hill Pkwy,Dock 12,Network ship location,Irvine,CA,92607,Orange,USA,ship-mirakl-hudsonsb@example.com,(949) 555-2106,,,,,,,,,,,,,,,,,,,1,2026-01-06,FD9801506P-BLACKBROWN-2X-STD,809666394979,,Natalia Leopard Print Button-up Wrap Dress,,,EA,,,,,,,,3,0,,3,,49.00,49.00,147.00,147.00,0.00,,147.00,Y,N,Y,Y,,,,,,,,,,,,Shipped,N,,,,,
SO2026-000314,1,4,2026-01-06,2026-01-08,2026-02-28,2026-01-08,,,,,Mirakl-HudsonsB,Mirakl HudsonsB,,60,USD,167.00,167.00,182.32,0.00,167.00,0,0.00,0,0.00,15.32,0.00,,,,,182.32,,0.00,,,,,,,,,,,,,,,Shipped,Paid,,,,,,,10005,10577,10005-2026-000314,,,,,,,,,Mirakl HudsonsB Shipping,Morgan Lee,Yara Glenn,Mirakl HudsonsB Network,212 Quail Hill Pkwy,Dock 12,Network ship location,Irvine,CA,92607,Orange,USA,ship-mirakl-hudsonsb@example.com,(949) 555-2106,,,,,,,,,,,,,,,,,,,2,2026-01-06,AUSTIN-06-CAMEL-6,,,SNEAKER,,,EA,,,,,,,,2,0,,2,,10.00,10.00,20.00,20.00,0.00,,20.00,Y,N,Y,Y,,,,,,,,,,,,Shipped,N,,,,,
SO2026-000315,1,4,2026-02-20,2026-02-20,2026-02-28,2026-02-21,,,,,Magento,Magento,,30,USD,138.00,138.00,153.39,0.00,138.00,0,0.00,0,0.00,15.39,0.00,,,,,153.39,,0.00,,,,,,,,,,,,,,,Shipped,Paid,,,,,,,20003,10581,20003-2026-000315,,,,,,,,,Magento Shipping,Morgan Lee,Cora Knox,Magento Platform,216 Century Blvd,Dock 16,Platform ship location,Los Angeles,CA,90008,Los Angeles,USA,ship-magento@example.com,(213) 555-2506,,,,,,,,,,,,,,,,,,,1,2026-02-20,ADELINE-02-NUDE-A12,,,WOVEN SLIDE SANDAL,,,EA,,,,,,,,1,0,,1,,138.00,138.00,138.00,138.00,0.00,,138.00,Y,N,Y,Y,,,,,,,,,,,,Shipped,N,,,,,
SO2026-000316,1,4,2026-02-25,2026-02-26,2026-02-28,2026-02-25,,,,,AMZ-eCom,AMZ eCom,,30,USD,371.00,371.00,386.45,0.00,371.00,0,0.00,0,0.00,15.45,0.00,,,,,386.45,,0.00,,,,,,,,,,,,,,,Shipped,Paid,,,,,,,10001,10565,10001-2026-000316,,,,,,,,,AMZ eCom Shipping,Alex Reed,Nora Lane,AMZ eCom Retail,201 Harbor Ave,Dock 1,Main ship location,Los Angeles,CA,90002,Los Angeles,USA,ship-amz-ecom@example.com,(213) 555-1006,,,,,,,,,,,,,,,,,,,1,2026-02-25,CAMILA-06-BLACK-B12,,,COSS FRONT SLIP ON SLIDES,,,EA,,,,,,,,3,0,,3,,96.00,96.00,288.00,288.00,0.00,,288.00,Y,N,Y,Y,,,,,,,,,,,,Shipped,N,,,,,
SO2026-000316,1,4,2026-02-25,2026-02-26,2026-02-28,2026-02-25,,,,,AMZ-eCom,AMZ eCom,,30,USD,371.00,371.00,386.45,0.00,371.00,0,0.00,0,0.00,15.45,0.00,,,,,386.45,,0.00,,,,,,,,,,,,,,,Shipped,Paid,,,,,,,10001,10565,10001-2026-000316,,,,,,,,,AMZ eCom Shipping,Alex Reed,Nora Lane,AMZ eCom Retail,201 Harbor Ave,Dock 1,Main ship location,Los Angeles,CA,90002,Los Angeles,USA,ship-amz-ecom@example.com,(213) 555-1006,,,,,,,,,,,,,,,,,,,2,2026-02-25,ASTRID-01-BLUSH-9.5,,,SLIP ON SNEAKER,,,EA,,,,,,,,4,0,,4,,20.75,20.75,83.00,83.00,0.00,,83.00,Y,N,Y,Y,,,,,,,,,,,,Shipped,N,,,,,
SO2026-000317,1,4,2026-02-23,2026-02-24,2026-02-28,2026-02-24,,,,,Squarespace,Squarespace,,60,USD,78.50,78.50,92.03,0.00,78.50,0,0.00,0,0.00,13.53,0.00,,,,,92.03,,0.00,,,,,,,,,,,,,,,Shipped,Paid,,,,,,,20006,10582,20006-2026-000317,,,,,,,,,Squarespace Shipping,Jamie Clark,Elin Marsh,Squarespace Digital,218 Camino Del Rio,Dock 18,Digital ship location,San Diego,CA,92108,San Diego,USA,ship-squarespace@example.com,(619) 555-2706,,,,,,,,,,,,,,,,,,,1,2026-02-23,ASTRID-01-NUDE-5.5,,,SLIP ON SNEAKER,,,EA,,,,,,,,3,0,,3,,20.75,20.75,62.25,62.25,0.00,,62.25,Y,N,Y,Y,,,,,,,,,,,,Shipped,N,,,,,
SO2026-000317,1,4,2026-02-23,2026-02-24,2026-02-28,2026-02-24,,,,,Squarespace,Squarespace,,60,USD,78.50,78.50,92.03,0.00,78.50,0,0.00,0,0.00,13.53,0.00,,,,,92.03,,0.00,,,,,,,,,,,,,,,Shipped,Paid,,,,,,,20006,10582,20006-2026-000317,,,,,,,,,Squarespace Shipping,Jamie Clark,Elin Marsh,Squarespace Digital,218 Camino Del Rio,Dock 18,Digital ship location,San Diego,CA,92108,San Diego,USA,ship-squarespace@example.com,(619) 555-2706,,,,,,,,,,,,,,,,,,,2,2026-02-23,AVIANA-06-WHITE-8,,,FUR SLIPPER,,,EA,,,,,,,,1,0,,1,,16.25,16.25,16.25,16.25,0.00,,16.25,Y,N,Y,Y,,,,,,,,,,,,Shipped,N,,,,,
SO2026-000318,1,4,2026-01-18,2026-01-22,2026-02-17,2026-01-18,,,,,Magento,Magento,,30,USD,414.25,414.25,423.26,0.00,414.25,0,0.00,0,0.00,9.01,0.00,,,,,423.26,,0.00,,,,,,,,,,,,,,,Shipped,Paid,,,,,,,20003,10581,20003-2026-000318,,,,,,,,,Magento Shipping,Morgan Lee,Cora Knox,Magento Platform,216 Century Blvd,Dock 16,Platform ship location,Los Angeles,CA,90008,Los Angeles,USA,ship-magento@example.com,(213) 555-2506,,,,,,,,,,,,,,,,,,,1,2026-01-18,ASTRID-01-BLACK-10,,,SLIP ON SNEAKER,,,EA,,,,,,,,3,0,,3,,20.75,20.75,62.25,62.25,0.00,,62.25,Y,N,Y,Y,,,,,,,,,,,,Shipped,N,,,,,
SO2026-000318,1,4,2026-01-18,2026-01-22,2026-02-17,2026-01-18,,,,,Magento,Magento,,30,USD,414.25,414.25,423.26,0.00,414.25,0,0.00,0,0.00,9.01,0.00,,,,,423.26,,0.00,,,,,,,,,,,,,,,Shipped,Paid,,,,,,,20003,10581,20003-2026-000318,,,,,,,,,Magento Shipping,Morgan Lee,Cora Knox,Magento Platform,216 Century Blvd,Dock 16,Platform ship location,Los Angeles,CA,90008,Los Angeles,USA,ship-magento@example.com,(213) 555-2506,,,,,,,,,,,,,,,,,,,2,2026-01-18,AUSTIN-06-BLACK-6.5,,,SNEAKER,,,EA,,,,,,,,1,0,,1,,10.00,10.00,10.00,10.00,0.00,,10.00,Y,N,Y,Y,,,,,,,,,,,,Shipped,N,,,,,
SO2026-000318,1,4,2026-01-18,2026-01-22,2026-02-17,2026-01-18,,,,,Magento,Magento,,30,USD,414.25,414.25,423.26,0.00,414.25,0,0.00,0,0.00,9.01,0.00,,,,,423.26,,0.00,,,,,,,,,,,,,,,Shipped,Paid,,,,,,,20003,10581,20003-2026-000318,,,,,,,,,Magento Shipping,Morgan Lee,Cora Knox,Magento Platform,216 Century Blvd,Dock 16,Platform ship location,Los Angeles,CA,90008,Los Angeles,USA,ship-magento@example.com,(213) 555-2506,,,,,,,,,,,,,,,,,,,3,2026-01-18,ADELINE-02,,,WOVEN SLIDE SANDAL,,,EA,,,,,,,,2,0,,2,,171.00,171.00,342.00,342.00,0.00,,342.00,Y,N,Y,Y,,,,,,,,,,,,Shipped,N,,,,,
SO2026-000319,1,4,2026-01-30,2026-02-01,2026-02-28,2026-01-31,,,,,Mirakl-HudsonsB,Mirakl HudsonsB,,60,USD,197.00,197.00,198.27,0.00,197.00,0,0.00,0,0.00,1.27,0.00,,,,,198.27,,0.00,,,,,,,,,,,,,,,Shipped,Paid,,,,,,,10005,10577,10005-2026-000319,,,,,,,,,Mirakl HudsonsB Shipping,Morgan Lee,Yara Glenn,Mirakl HudsonsB Network,212 Quail Hill Pkwy,Dock 12,Network ship location,Irvine,CA,92607,Orange,USA,ship-mirakl-hudsonsb@example.com,(949) 555-2106,,,,,,,,,,,,,,,,,,,1,2026-01-30,ADELINE-03-BLUE-11,,,BUCKLE FRONT FLAT SANDALS,,,EA,,,,,,,,2,0,,2,,18.50,18.50,37.00,37.00,0.00,,37.00,Y,N,Y,Y,,,,,,,,,,,,Shipped,N,,,,,
SO2026-000319,1,4,2026-01-30,2026-02-01,2026-02-28,2026-01-31,,,,,Mirakl-HudsonsB,Mirakl HudsonsB,,60,USD,197.00,197.00,198.27,0.00,197.00,0,0.00,0,0.00,1.27,0.00,,,,,198.27,,0.00,,,,,,,,,,,,,,,Shipped,Paid,,,,,,,10005,10577,10005-2026-000319,,,,,,,,,Mirakl HudsonsB Shipping,Morgan Lee,Yara Glenn,Mirakl HudsonsB Network,212 Quail Hill Pkwy,Dock 12,Network ship location,Irvine,CA,92607,Orange,USA,ship-mirakl-hudsonsb@example.com,(949) 555-2106,,,,,,,,,,,,,,,,,,,2,2026-01-30,CORA-01-YLW-6.5,,,CROSS FRONT SANDAL,,,EA,,,,,,,,4,0,,4,,10.75,10.75,43.00,43.00,0.00,,43.00,Y,N,Y,Y,,,,,,,,,,,,Shipped,N,,,,,
SO2026-000319,1,4,2026-01-30,2026-02-01,2026-02-28,2026-01-31,,,,,Mirakl-HudsonsB,Mirakl HudsonsB,,60,USD,197.00,197.00,198.27,0.00,197.00,0,0.00,0,0.00,1.27,0.00,,,,,198.27,,0.00,,,,,,,,,,,,,,,Shipped,Paid,,,,,,,10005,10577,10005-2026-000319,,,,,,,,,Mirakl HudsonsB Shipping,Morgan Lee,Yara Glenn,Mirakl HudsonsB Network,212 Quail Hill Pkwy,Dock 12,Network ship location,Irvine,CA,92607,Orange,USA,ship-mirakl-hudsonsb@example.com,(949) 555-2106,,,,,,,,,,,,,,,,,,,3,2026-01-30,FA16105WV-MIDNIGHTBLUE-L-STD,809666795554,,Patricia Woven Chiffon Midnight Blue Palazzo Pant W Elastic Waist,,,EA,,,,,,,,3,0,,3,,39.00,39.00,117.00,117.00,0.00,,117.00,Y,N,Y,Y,,,,,,,,,,,,Shipped,N,,,,,
SO2026-000320,1,4,2026-02-01,2026-02-04,2026-02-28,2026-02-02,,,,,Veeqo-Amazon,Veeqo Amazon,,45,USD,94.50,94.50,103.70,0.00,94.50,0,0.00,0,0.00,9.20,0.00,,,,,103.70,,0.00,,,,,,,,,,,,,,,Shipped,Paid,,,,,,,10016,10579,10016-2026-000320,,,,,,,,,Veeqo Amazon Shipping,Jamie Clark,Owen Pike,Veeqo Amazon Retail,202 Distribution Way,Dock 2,Regional ship location,Irvine,CA,92603,Orange,USA,ship-veeqo-amazon@example.com,(949) 555-1106,,,,,,,,,,,,,,,,,,,1,2026-02-01,AVIANA-06-WHITE-9.5,,,FUR SLIPPER,,,EA,,,,,,,,2,0,,2,,16.25,16.25,32.50,32.50,0.00,,32.50,Y,N,Y,Y,,,,,,,,,,,,Shipped,N,,,,,
SO2026-000320,1,4,2026-02-01,2026-02-04,2026-02-28,2026-02-02,,,,,Veeqo-Amazon,Veeqo Amazon,,45,USD,94.50,94.50,103.70,0.00,94.50,0,0.00,0,0.00,9.20,0.00,,,,,103.70,,0.00,,,,,,,,,,,,,,,Shipped,Paid,,,,,,,10016,10579,10016-2026-000320,,,,,,,,,Veeqo Amazon Shipping,Jamie Clark,Owen Pike,Veeqo Amazon Retail,202 Distribution Way,Dock 2,Regional ship location,Irvine,CA,92603,Orange,USA,ship-veeqo-amazon@example.com,(949) 555-1106,,,,,,,,,,,,,,,,,,,2,2026-02-01,ADELINE-02-NUDE-8.5,,,WOVEN SLIDE SANDAL,,,EA,,,,,,,,2,0,,2,,11.50,11.50,23.00,23.00,0.00,,23.00,Y,N,Y,Y,,,,,,,,,,,,Shipped,N,,,,,
SO2026-000320,1,4,2026-02-01,2026-02-04,2026-02-28,2026-02-02,,,,,Veeqo-Amazon,Veeqo Amazon,,45,USD,94.50,94.50,103.70,0.00,94.50,0,0.00,0,0.00,9.20,0.00,,,,,103.70,,0.00,,,,,,,,,,,,,,,Shipped,Paid,,,,,,,10016,10579,10016-2026-000320,,,,,,,,,Veeqo Amazon Shipping,Jamie Clark,Owen Pike,Veeqo Amazon Retail,202 Distribution Way,Dock 2,Regional ship location,Irvine,CA,92603,Orange,USA,ship-veeqo-amazon@example.com,(949) 555-1106,,,,,,,,,,,,,,,,,,,3,2026-02-01,FB3601737-3219UNFORGV-27-STD,809666434378,,Rainie Light Hand-Sanded Denim Stretch High-Waist Slit Hem Jeans,,,EA,,,,,,,,1,0,,1,,39.00,39.00,39.00,39.00,0.00,,39.00,Y,N,Y,Y,,,,,,,,,,,,Shipped,N,,,,,
SO2026-000321,1,4,2026-02-03,2026-02-03,2026-02-28,2026-02-03,,,,,Macys,Macys,,60,USD,354.00,354.00,354.00,0.00,354.00,0,0.00,0,0.00,0.00,0.00,,,,,354.00,,0.00,,,,,,,,,,,,,,,Shipped,Paid,,,,,,,30005,10574,30005-2026-000321,,,,,,,,,Macys Shipping,Taylor Kim,Blake Jett,Macys Stores,215 King St,Dock 15,Department ship location,San Francisco,CA,94107,San Francisco,USA,ship-macys@example.com,(415) 555-2406,,,,,,,,,,,,,,,,,,,1,2026-02-03,ADELINE-03,,,BUCKLE FRONT FLAT SANDALS,,,EA,,,,,,,,2,0,,2,,177.00,177.00,354.00,354.00,0.00,,354.00,Y,N,Y,Y,,,,,,,,,,,,Shipped,N,,,,,
SO2026-000322,1,4,2026-02-17,2026-02-17,2026-02-28,2026-02-18,,,,,Walmart-eComm,Walmart eComm,,45,USD,238.00,238.00,247.37,0.00,238.00,0,0.00,0,0.00,9.37,0.00,,,,,247.37,,0.00,,,,,,,,,,,,,,,Shipped,Paid,,,,,,,10002,10566,10002-2026-000322,,,,,,,,,Walmart eComm Shipping,Morgan Lee,Gavin Orr,Walmart eComm Retail,220 Townsend St,Dock 20,National ship location,San Francisco,CA,94109,San Francisco,USA,ship-walmart-ecomm@example.com,(415) 555-2906,,,,,,,,,,,,,,,,,,,1,2026-02-17,FA13512DM-1847DPOCN-27-32,809666865059,,Angie Stud Bling Pocket Low Rise Skinny Jeans,,,EA,,,,,,,,4,0,,4,,34.00,34.00,136.00,136.00,0.00,,136.00,Y,N,Y,Y,,,,,,,,,,,,Shipped,N,,,,,
SO2026-000322,1,4,2026-02-17,2026-02-17,2026-02-28,2026-02-18,,,,,Walmart-eComm,Walmart eComm,,45,USD,238.00,238.00,247.37,0.00,238.00,0,0.00,0,0.00,9.37,0.00,,,,,247.37,,0.00,,,,,,,,,,,,,,,Shipped,Paid,,,,,,,10002,10566,10002-2026-000322,,,,,,,,,Walmart eComm Shipping,Morgan Lee,Gavin Orr,Walmart eComm Retail,220 Townsend St,Dock 20,National ship location,San Francisco,CA,94109,San Francisco,USA,ship-walmart-ecomm@example.com,(415) 555-2906,,,,,,,,,,,,,,,,,,,2,2026-02-17,FA13501DM-1464KINGSC-30-30,809666852486,,Maya Basic Dark Handsand Wash Midrise Skinny Jeans,,,EA,,,,,,,,1,0,,1,,34.00,34.00,34.00,34.00,0.00,,34.00,Y,N,Y,Y,,,,,,,,,,,,Shipped,N,,,,,
SO2026-000322,1,4,2026-02-17,2026-02-17,2026-02-28,2026-02-18,,,,,Walmart-eComm,Walmart eComm,,45,USD,238.00,238.00,247.37,0.00,238.00,0,0.00,0,0.00,9.37,0.00,,,,,247.37,,0.00,,,,,,,,,,,,,,,Shipped,Paid,,,,,,,10002,10566,10002-2026-000322,,,,,,,,,Walmart eComm Shipping,Morgan Lee,Gavin Orr,Walmart eComm Retail,220 Townsend St,Dock 20,National ship location,San Francisco,CA,94109,San Francisco,USA,ship-walmart-ecomm@example.com,(415) 555-2906,,,,,,,,,,,,,,,,,,,3,2026-02-17,FA13501DM-RINSEWSFT-27-32,809666858457,,Maya Basic Dark Handsand Wash Midrise Skinny Jeans,,,EA,,,,,,,,2,0,,2,,34.00,34.00,68.00,68.00,0.00,,68.00,Y,N,Y,Y,,,,,,,,,,,,Shipped,N,,,,,
SO2026-000323,1,4,2026-01-25,2026-01-30,2026-02-28,2026-01-27,,,,,Mirakl-HudsonsB,Mirakl HudsonsB,,60,USD,428.50,428.50,445.59,0.00,428.50,0,0.00,0,0.00,17.09,0.00,,,,,445.59,,0.00,,,,,,,,,,,,,,,Shipped,Paid,,,,,,,10005,10577,10005-2026-000323,,,,,,,,,Mirakl HudsonsB Shipping,Morgan Lee,Yara Glenn,Mirakl HudsonsB Network,212 Quail Hill Pkwy,Dock 12,Network ship location,Irvine,CA,92607,Orange,USA,ship-mirakl-hudsonsb@example.com,(949) 555-2106,,,,,,,,,,,,,,,,,,,1,2026-01-25,CORA-01-TAUP-A12,,,CROSS FRONT SANDAL,,,EA,,,,,,,,3,0,,3,,129.00,129.00,387.00,387.00,0.00,,387.00,Y,N,Y,Y,,,,,,,,,,,,Shipped,N,,,,,
SO2026-000323,1,4,2026-01-25,2026-01-30,2026-02-28,2026-01-27,,,,,Mirakl-HudsonsB,Mirakl HudsonsB,,60,USD,428.50,428.50,445.59,0.00,428.50,0,0.00,0,0.00,17.09,0.00,,,,,445.59,,0.00,,,,,,,,,,,,,,,Shipped,Paid,,,,,,,10005,10577,10005-2026-000323,,,,,,,,,Mirakl HudsonsB Shipping,Morgan Lee,Yara Glenn,Mirakl HudsonsB Network,212 Quail Hill Pkwy,Dock 12,Network ship location,Irvine,CA,92607,Orange,USA,ship-mirakl-hudsonsb@example.com,(949) 555-2106,,,,,,,,,,,,,,,,,,,2,2026-01-25,ADELINE-02-PINK-9,,,WOVEN SLIDE SANDAL,,,EA,,,,,,,,1,0,,1,,11.50,11.50,11.50,11.50,0.00,,11.50,Y,N,Y,Y,,,,,,,,,,,,Shipped,N,,,,,
SO2026-000323,1,4,2026-01-25,2026-01-30,2026-02-28,2026-01-27,,,,,Mirakl-HudsonsB,Mirakl HudsonsB,,60,USD,428.50,428.50,445.59,0.00,428.50,0,0.00,0,0.00,17.09,0.00,,,,,445.59,,0.00,,,,,,,,,,,,,,,Shipped,Paid,,,,,,,10005,10577,10005-2026-000323,,,,,,,,,Mirakl HudsonsB Shipping,Morgan Lee,Yara Glenn,Mirakl HudsonsB Network,212 Quail Hill Pkwy,Dock 12,Network ship location,Irvine,CA,92607,Orange,USA,ship-mirakl-hudsonsb@example.com,(949) 555-2106,,,,,,,,,,,,,,,,,,,3,2026-01-25,AUSTIN-06-BLUSH-6,,,SNEAKER,,,EA,,,,,,,,3,0,,3,,10.00,10.00,30.00,30.00,0.00,,30.00,Y,N,Y,Y,,,,,,,,,,,,Shipped,N,,,,,
SO2026-000324,1,4,2026-02-06,2026-02-10,2026-02-28,2026-02-08,,,,,Mirakl-Kohls,Mirakl Kohls,,45,USD,48.75,48.75,48.75,0.00,48.75,0,0.00,0,0.00,0.00,0.00,,,,,48.75,,0.00,,,,,,,,,,,,,,,Shipped,Paid,,,,,,,10013,10576,10013-2026-000324,,,,,,,,,Mirakl Kohls Shipping,Jamie Clark,Asha Ives,Mirakl Kohls Network,214 Silver Creek Rd,Dock 14,Partner ship location,San Jose,CA,95115,Santa Clara,USA,ship-mirakl-kohls@example.com,(408) 555-2306,,,,,,,,,,,,,,,,,,,1,2026-02-06,AVIANA-06-WHITE-6,,,FUR SLIPPER,,,EA,,,,,,,,3,0,,3,,16.25,16.25,48.75,48.75,0.00,,48.75,Y,N,Y,Y,,,,,,,,,,,,Shipped,N,,,,,
SO2026-000325,1,4,2026-01-20,2026-01-20,2026-02-28,2026-01-21,,,,,Shopify,Shopify,,45,USD,200.00,200.00,206.43,0.00,200.00,0,0.00,0,0.00,6.43,0.00,,,,,206.43,,0.00,,,,,,,,,,,,,,,Shipped,Paid,,,,,,,20001,10580,20001-2026-000325,,,,,,,,,Shopify Shipping,Alex Reed,Dario Lowe,Shopify Commerce,217 Barranca Pkwy,Dock 17,Commerce ship location,Irvine,CA,92609,Orange,USA,ship-shopify@example.com,(949) 555-2606,,,,,,,,,,,,,,,,,,,1,2026-01-20,ADELINE-02-WHITE-5,,,WOVEN SLIDE SANDAL,,,EA,,,,,,,,2,0,,2,,11.50,11.50,23.00,23.00,0.00,,23.00,Y,N,Y,Y,,,,,,,,,,,,Shipped,N,,,,,
SO2026-000325,1,4,2026-01-20,2026-01-20,2026-02-28,2026-01-21,,,,,Shopify,Shopify,,45,USD,200.00,200.00,206.43,0.00,200.00,0,0.00,0,0.00,6.43,0.00,,,,,206.43,,0.00,,,,,,,,,,,,,,,Shipped,Paid,,,,,,,20001,10580,20001-2026-000325,,,,,,,,,Shopify Shipping,Alex Reed,Dario Lowe,Shopify Commerce,217 Barranca Pkwy,Dock 17,Commerce ship location,Irvine,CA,92609,Orange,USA,ship-shopify@example.com,(949) 555-2606,,,,,,,,,,,,,,,,,,,2,2026-01-20,ADELINE-03-BROWN,,,BUCKLE FRONT FLAT SANDALS,,,EA,,,,,,,,1,0,,1,,177.00,177.00,177.00,177.00,0.00,,177.00,Y,N,Y,Y,,,,,,,,,,,,Shipped,N,,,,,
SO2026-000326,1,4,2026-01-30,2026-02-01,2026-02-28,2026-01-30,,,,,Mirakl-Kohls,Mirakl Kohls,,45,USD,53.75,53.75,53.75,0.00,53.75,0,0.00,0,0.00,0.00,0.00,,,,,53.75,,0.00,,,,,,,,,,,,,,,Shipped,Paid,,,,,,,10013,10576,10013-2026-000326,,,,,,,,,Mirakl Kohls Shipping,Jamie Clark,Asha Ives,Mirakl Kohls Network,214 Silver Creek Rd,Dock 14,Partner ship location,San Jose,CA,95115,Santa Clara,USA,ship-mirakl-kohls@example.com,(408) 555-2306,,,,,,,,,,,,,,,,,,,1,2026-01-30,CORA-01-TAUP-12,,,CROSS FRONT SANDAL,,,EA,,,,,,,,1,0,,1,,10.75,10.75,10.75,10.75,0.00,,10.75,Y,N,Y,Y,,,,,,,,,,,,Shipped,N,,,,,
SO2026-000326,1,4,2026-01-30,2026-02-01,2026-02-28,2026-01-30,,,,,Mirakl-Kohls,Mirakl Kohls,,45,USD,53.75,53.75,53.75,0.00,53.75,0,0.00,0,0.00,0.00,0.00,,,,,53.75,,0.00,,,,,,,,,,,,,,,Shipped,Paid,,,,,,,10013,10576,10013-2026-000326,,,,,,,,,Mirakl Kohls Shipping,Jamie Clark,Asha Ives,Mirakl Kohls Network,214 Silver Creek Rd,Dock 14,Partner ship location,San Jose,CA,95115,Santa Clara,USA,ship-mirakl-kohls@example.com,(408) 555-2306,,,,,,,,,,,,,,,,,,,2,2026-01-30,CORA-01-YLW-12,,,CROSS FRONT SANDAL,,,EA,,,,,,,,4,0,,4,,10.75,10.75,43.00,43.00,0.00,,43.00,Y,N,Y,Y,,,,,,,,,,,,Shipped,N,,,,,
SO2026-000327,1,4,2026-01-27,2026-01-31,2026-02-28,2026-01-27,,,,,Mirakl-HudsonsB,Mirakl HudsonsB,,60,USD,109.00,109.00,117.71,0.00,109.00,0,0.00,0,0.00,8.71,0.00,,,,,117.71,,0.00,,,,,,,,,,,,,,,Shipped,Paid,,,,,,,10005,10577,10005-2026-000327,,,,,,,,,Mirakl HudsonsB Shipping,Morgan Lee,Yara Glenn,Mirakl HudsonsB Network,212 Quail Hill Pkwy,Dock 12,Network ship location,Irvine,CA,92607,Orange,USA,ship-mirakl-hudsonsb@example.com,(949) 555-2106,,,,,,,,,,,,,,,,,,,1,2026-01-27,173451-1183CITIZEN-5-STD,809666377880,,Susan Stretch Denim Skinny Jeans Medium Blue 5 Pocket Wash,,,EA,,,,,,,,3,0,,3,,24.00,24.00,72.00,72.00,0.00,,72.00,Y,N,Y,Y,,,,,,,,,,,,Shipped,N,,,,,
SO2026-000327,1,4,2026-01-27,2026-01-31,2026-02-28,2026-01-27,,,,,Mirakl-HudsonsB,Mirakl HudsonsB,,60,USD,109.00,109.00,117.71,0.00,109.00,0,0.00,0,0.00,8.71,0.00,,,,,117.71,,0.00,,,,,,,,,,,,,,,Shipped,Paid,,,,,,,10005,10577,10005-2026-000327,,,,,,,,,Mirakl HudsonsB Shipping,Morgan Lee,Yara Glenn,Mirakl HudsonsB Network,212 Quail Hill Pkwy,Dock 12,Network ship location,Irvine,CA,92607,Orange,USA,ship-mirakl-hudsonsb@example.com,(949) 555-2106,,,,,,,,,,,,,,,,,,,2,2026-01-27,ADELINE-03-GOLD-8.5,,,BUCKLE FRONT FLAT SANDALS,,,EA,,,,,,,,2,0,,2,,18.50,18.50,37.00,37.00,0.00,,37.00,Y,N,Y,Y,,,,,,,,,,,,Shipped,N,,,,,
SO2026-000328,1,4,2026-02-06,2026-02-09,2026-02-28,2026-02-07,,,,,AMZ-eCom,AMZ eCom,,30,USD,148.00,148.00,153.49,0.00,148.00,0,0.00,0,0.00,5.49,0.00,,,,,153.49,,0.00,,,,,,,,,,,,,,,Shipped,Paid,,,,,,,10001,10565,10001-2026-000328,,,,,,,,,AMZ eCom Shipping,Alex Reed,Nora Lane,AMZ eCom Retail,201 Harbor Ave,Dock 1,Main ship location,Los Angeles,CA,90002,Los Angeles,USA,ship-amz-ecom@example.com,(213) 555-1006,,,,,,,,,,,,,,,,,,,1,2026-02-06,CAMILA-06-LILAC-6,,,COSS FRONT SLIP ON SLIDES,,,EA,,,,,,,,4,0,,4,,8.00,8.00,32.00,32.00,0.00,,32.00,Y,N,Y,Y,,,,,,,,,,,,Shipped,N,,,,,
SO2026-000328,1,4,2026-02-06,2026-02-09,2026-02-28,2026-02-07,,,,,AMZ-eCom,AMZ eCom,,30,USD,148.00,148.00,153.49,0.00,148.00,0,0.00,0,0.00,5.49,0.00,,,,,153.49,,0.00,,,,,,,,,,,,,,,Shipped,Paid,,,,,,,10001,10565,10001-2026-000328,,,,,,,,,AMZ eCom Shipping,Alex Reed,Nora Lane,AMZ eCom Retail,201 Harbor Ave,Dock 1,Main ship location,Los Angeles,CA,90002,Los Angeles,USA,ship-amz-ecom@example.com,(213) 555-1006,,,,,,,,,,,,,,,,,,,2,2026-02-06,173451-1183CITIZEN-15-34,809666377804,,Susan Stretch Denim Skinny Jeans Medium Blue 5 Pocket Wash,,,EA,,,,,,,,2,0,,2,,24.00,24.00,48.00,48.00,0.00,,48.00,Y,N,Y,Y,,,,,,,,,,,,Shipped,N,,,,,
SO2026-000328,1,4,2026-02-06,2026-02-09,2026-02-28,2026-02-07,,,,,AMZ-eCom,AMZ eCom,,30,USD,148.00,148.00,153.49,0.00,148.00,0,0.00,0,0.00,5.49,0.00,,,,,153.49,,0.00,,,,,,,,,,,,,,,Shipped,Paid,,,,,,,10001,10565,10001-2026-000328,,,,,,,,,AMZ eCom Shipping,Alex Reed,Nora Lane,AMZ eCom Retail,201 Harbor Ave,Dock 1,Main ship location,Los Angeles,CA,90002,Los Angeles,USA,ship-amz-ecom@example.com,(213) 555-1006,,,,,,,,,,,,,,,,,,,3,2026-02-06,FA13501DM-1464KINGSC-27-30,809666852455,,Maya Basic Dark Handsand Wash Midrise Skinny Jeans,,,EA,,,,,,,,2,0,,2,,34.00,34.00,68.00,68.00,0.00,,68.00,Y,N,Y,Y,,,,,,,,,,,,Shipped,N,,,,,
SO2026-000329,1,4,2026-02-21,2026-02-25,2026-02-28,2026-02-21,,,,,Mirakl-HudsonsB,Mirakl HudsonsB,,60,USD,65.00,65.00,70.44,0.00,65.00,0,0.00,0,0.00,5.44,0.00,,,,,70.44,,0.00,,,,,,,,,,,,,,,Shipped,Paid,,,,,,,10005,10577,10005-2026-000329,,,,,,,,,Mirakl HudsonsB Shipping,Morgan Lee,Yara Glenn,Mirakl HudsonsB Network,212 Quail Hill Pkwy,Dock 12,Network ship location,Irvine,CA,92607,Orange,USA,ship-mirakl-hudsonsb@example.com,(949) 555-2106,,,,,,,,,,,,,,,,,,,1,2026-02-21,AVIANA-06-WHITE-12,,,FUR SLIPPER,,,EA,,,,,,,,4,0,,4,,16.25,16.25,65.00,65.00,0.00,,65.00,Y,N,Y,Y,,,,,,,,,,,,Shipped,N,,,,,
SO2026-000330,1,4,2026-01-18,2026-01-19,2026-02-17,2026-01-18,,,,,Magento,Magento,,30,USD,48.75,48.75,62.17,0.00,48.75,0,0.00,0,0.00,13.42,0.00,,,,,62.17,,0.00,,,,,,,,,,,,,,,Shipped,Paid,,,,,,,20003,10581,20003-2026-000330,,,,,,,,,Magento Shipping,Morgan Lee,Cora Knox,Magento Platform,216 Century Blvd,Dock 16,Platform ship location,Los Angeles,CA,90008,Los Angeles,USA,ship-magento@example.com,(213) 555-2506,,,,,,,,,,,,,,,,,,,1,2026-01-18,AVIANA-06-PINK-6,,,FUR SLIPPER,,,EA,,,,,,,,3,0,,3,,16.25,16.25,48.75,48.75,0.00,,48.75,Y,N,Y,Y,,,,,,,,,,,,Shipped,N,,,,,
SO2026-000331,1,4,2026-01-14,2026-01-18,2026-02-13,2026-01-15,,,,,Magento,Magento,,30,USD,288.00,288.00,290.23,0.00,288.00,0,0.00,0,0.00,2.23,0.00,,,,,290.23,,0.00,,,,,,,,,,,,,,,Shipped,Paid,,,,,,,20003,10581,20003-2026-000331,,,,,,,,,Magento Shipping,Morgan Lee,Cora Knox,Magento Platform,216 Century Blvd,Dock 16,Platform ship location,Los Angeles,CA,90008,Los Angeles,USA,ship-magento@example.com,(213) 555-2506,,,,,,,,,,,,,,,,,,,1,2026-01-14,CAMILA-06-LILAC-A12,,,COSS FRONT SLIP ON SLIDES,,,EA,,,,,,,,3,0,,3,,96.00,96.00,288.00,288.00,0.00,,288.00,Y,N,Y,Y,,,,,,,,,,,,Shipped,N,,,,,
SO2026-000332,1,4,2026-02-17,2026-02-18,2026-02-28,2026-02-17,,,,,Etsy-VS,Etsy VS,,60,USD,400.25,400.25,401.81,0.00,400.25,0,0.00,0,0.00,1.56,0.00,,,,,401.81,,0.00,,,,,,,,,,,,,,,Shipped,Paid,,,,,,,10008,10572,10008-2026-000332,,,,,,,,,Etsy VS Shipping,Jamie Clark,Soren Vale,Etsy VS Marketplace,206 Pacific Hwy,Dock 6,Seasonal ship location,Los Angeles,CA,90004,Los Angeles,USA,ship-etsy-vs@example.com,(213) 555-1506,,,,,,,,,,,,,,,,,,,1,2026-02-17,AVIANA-06-WHITE-6.5,,,FUR SLIPPER,,,EA,,,,,,,,1,0,,1,,16.25,16.25,16.25,16.25,0.00,,16.25,Y,N,Y,Y,,,,,,,,,,,,Shipped,N,,,,,
SO2026-000332,1,4,2026-02-17,2026-02-18,2026-02-28,2026-02-17,,,,,Etsy-VS,Etsy VS,,60,USD,400.25,400.25,401.81,0.00,400.25,0,0.00,0,0.00,1.56,0.00,,,,,401.81,,0.00,,,,,,,,,,,,,,,Shipped,Paid,,,,,,,10008,10572,10008-2026-000332,,,,,,,,,Etsy VS Shipping,Jamie Clark,Soren Vale,Etsy VS Marketplace,206 Pacific Hwy,Dock 6,Seasonal ship location,Los Angeles,CA,90004,Los Angeles,USA,ship-etsy-vs@example.com,(213) 555-1506,,,,,,,,,,,,,,,,,,,2,2026-02-17,CAMILA-06-TAUPE-S,,,COSS FRONT SLIP ON SLIDES,,,EA,,,,,,,,4,0,,4,,96.00,96.00,384.00,384.00,0.00,,384.00,Y,N,Y,Y,,,,,,,,,,,,Shipped,N,,,,,
SO2026-000333,1,4,2026-02-06,2026-02-09,2026-02-28,2026-02-08,,,,,Shopify,Shopify,,45,USD,216.25,216.25,224.51,0.00,216.25,0,0.00,0,0.00,8.26,0.00,,,,,224.51,,0.00,,,,,,,,,,,,,,,Shipped,Paid,,,,,,,20001,10580,20001-2026-000333,,,,,,,,,Shopify Shipping,Alex Reed,Dario Lowe,Shopify Commerce,217 Barranca Pkwy,Dock 17,Commerce ship location,Irvine,CA,92609,Orange,USA,ship-shopify@example.com,(949) 555-2606,,,,,,,,,,,,,,,,,,,1,2026-02-06,ADELINE-02-BLACK-S,,,WOVEN SLIDE SANDAL,,,EA,,,,,,,,1,0,,1,,138.00,138.00,138.00,138.00,0.00,,138.00,Y,N,Y,Y,,,,,,,,,,,,Shipped,N,,,,,
SO2026-000333,1,4,2026-02-06,2026-02-09,2026-02-28,2026-02-08,,,,,Shopify,Shopify,,45,USD,216.25,216.25,224.51,0.00,216.25,0,0.00,0,0.00,8.26,0.00,,,,,224.51,,0.00,,,,,,,,,,,,,,,Shipped,Paid,,,,,,,20001,10580,20001-2026-000333,,,,,,,,,Shopify Shipping,Alex Reed,Dario Lowe,Shopify Commerce,217 Barranca Pkwy,Dock 17,Commerce ship location,Irvine,CA,92609,Orange,USA,ship-shopify@example.com,(949) 555-2606,,,,,,,,,,,,,,,,,,,2,2026-02-06,CAMILA-06-NUDE-8,,,COSS FRONT SLIP ON SLIDES,,,EA,,,,,,,,2,0,,2,,8.00,8.00,16.00,16.00,0.00,,16.00,Y,N,Y,Y,,,,,,,,,,,,Shipped,N,,,,,
SO2026-000333,1,4,2026-02-06,2026-02-09,2026-02-28,2026-02-08,,,,,Shopify,Shopify,,45,USD,216.25,216.25,224.51,0.00,216.25,0,0.00,0,0.00,8.26,0.00,,,,,224.51,,0.00,,,,,,,,,,,,,,,Shipped,Paid,,,,,,,20001,10580,20001-2026-000333,,,,,,,,,Shopify Shipping,Alex Reed,Dario Lowe,Shopify Commerce,217 Barranca Pkwy,Dock 17,Commerce ship location,Irvine,CA,92609,Orange,USA,ship-shopify@example.com,(949) 555-2606,,,,,,,,,,,,,,,,,,,3,2026-02-06,ASTRID-01-BLUSH-5,,,SLIP ON SNEAKER,,,EA,,,,,,,,3,0,,3,,20.75,20.75,62.25,62.25,0.00,,62.25,Y,N,Y,Y,,,,,,,,,,,,Shipped,N,,,,,
SO2026-000334,1,4,2026-02-02,2026-02-03,2026-02-28,2026-02-02,,,,,Veeqo-Amazon,Veeqo Amazon,,45,USD,91.00,91.00,91.00,0.00,91.00,0,0.00,0,0.00,0.00,0.00,,,,,91.00,,0.00,,,,,,,,,,,,,,,Shipped,Paid,,,,,,,10016,10579,10016-2026-000334,,,,,,,,,Veeqo Amazon Shipping,Jamie Clark,Owen Pike,Veeqo Amazon Retail,202 Distribution Way,Dock 2,Regional ship location,Irvine,CA,92603,Orange,USA,ship-veeqo-amazon@example.com,(949) 555-1106,,,,,,,,,,,,,,,,,,,1,2026-02-02,173451-1183CITIZEN-25-34,809666377859,,Susan Stretch Denim Skinny Jeans Medium Blue 5 Pocket Wash,,,EA,,,,,,,,2,0,,2,,24.00,24.00,48.00,48.00,0.00,,48.00,Y,N,Y,Y,,,,,,,,,,,,Shipped,N,,,,,
SO2026-000334,1,4,2026-02-02,2026-02-03,2026-02-28,2026-02-02,,,,,Veeqo-Amazon,Veeqo Amazon,,45,USD,91.00,91.00,91.00,0.00,91.00,0,0.00,0,0.00,0.00,0.00,,,,,91.00,,0.00,,,,,,,,,,,,,,,Shipped,Paid,,,,,,,10016,10579,10016-2026-000334,,,,,,,,,Veeqo Amazon Shipping,Jamie Clark,Owen Pike,Veeqo Amazon Retail,202 Distribution Way,Dock 2,Regional ship location,Irvine,CA,92603,Orange,USA,ship-veeqo-amazon@example.com,(949) 555-1106,,,,,,,,,,,,,,,,,,,2,2026-02-02,CORA-01-FUCH-5.5,,,CROSS FRONT SANDAL,,,EA,,,,,,,,4,0,,4,,10.75,10.75,43.00,43.00,0.00,,43.00,Y,N,Y,Y,,,,,,,,,,,,Shipped,N,,,,,
SO2026-000335,1,4,2026-02-13,2026-02-14,2026-02-28,2026-02-14,,,,,eBay,eBay,,30,USD,160.00,160.00,165.47,0.00,160.00,0,0.00,0,0.00,5.47,0.00,,,,,165.47,,0.00,,,,,,,,,,,,,,,Shipped,Paid,,,,,,,10004,10570,10004-2026-000335,,,,,,,,,eBay Shipping,Morgan Lee,Quentin Hale,eBay Commerce,204 Fulfillment Ave,Dock 4,Standard ship location,San Jose,CA,95111,Santa Clara,USA,ship-ebay@example.com,(408) 555-1306,,,,,,,,,,,,,,,,,,,1,2026-02-13,FA16023WV-SLATE-XL-STD,809666901122,,Olivia Slate Blue Chiffon Kimono Wrap Dress,,,EA,,,,,,,,3,0,,3,,39.00,39.00,117.00,117.00,0.00,,117.00,Y,N,Y,Y,,,,,,,,,,,,Shipped,N,,,,,
SO2026-000335,1,4,2026-02-13,2026-02-14,2026-02-28,2026-02-14,,,,,eBay,eBay,,30,USD,160.00,160.00,165.47,0.00,160.00,0,0.00,0,0.00,5.47,0.00,,,,,165.47,,0.00,,,,,,,,,,,,,,,Shipped,Paid,,,,,,,10004,10570,10004-2026-000335,,,,,,,,,eBay Shipping,Morgan Lee,Quentin Hale,eBay Commerce,204 Fulfillment Ave,Dock 4,Standard ship location,San Jose,CA,95111,Santa Clara,USA,ship-ebay@example.com,(408) 555-1306,,,,,,,,,,,,,,,,,,,2,2026-02-13,CORA-01-TAUP-8.5,,,CROSS FRONT SANDAL,,,EA,,,,,,,,4,0,,4,,10.75,10.75,43.00,43.00,0.00,,43.00,Y,N,Y,Y,,,,,,,,,,,,Shipped,N,,,,,
SO2026-000336,1,4,2026-01-12,2026-01-17,2026-02-26,2026-01-14,,,,,Etsy-LS,Etsy LS,,45,USD,40.00,40.00,56.85,0.00,40.00,0,0.00,0,0.00,16.85,0.00,,,,,56.85,,0.00,,,,,,,,,,,,,,,Shipped,Paid,,,,,,,10008,10571,10008-2026-000336,,,,,,,,,Etsy LS Shipping,Alex Reed,Rhea Moss,Etsy LS Marketplace,205 Mission St,Dock 5,Marketplace ship location,San Francisco,CA,94103,San Francisco,USA,ship-etsy-ls@example.com,(415) 555-1406,,,,,,,,,,,,,,,,,,,1,2026-01-12,AUSTIN-06-BLUSH-8.5,,,SNEAKER,,,EA,,,,,,,,4,0,,4,,10.00,10.00,40.00,40.00,0.00,,40.00,Y,N,Y,Y,,,,,,,,,,,,Shipped,N,,,,,
SO2026-000337,1,4,2026-02-20,2026-02-22,2026-02-28,2026-02-21,,,,,eBay,eBay,,30,USD,78.00,78.00,85.04,0.00,78.00,0,0.00,0,0.00,7.04,0.00,,,,,85.04,,0.00,,,,,,,,,,,,,,,Shipped,Paid,,,,,,,10004,10570,10004-2026-000337,,,,,,,,,eBay Shipping,Morgan Lee,Quentin Hale,eBay Commerce,204 Fulfillment Ave,Dock 4,Standard ship location,San Jose,CA,95111,Santa Clara,USA,ship-ebay@example.com,(408) 555-1306,,,,,,,,,,,,,,,,,,,1,2026-02-20,FA16105WV,,,Woven chiffon palazzo pant with elastic waist. Side entry pockets. Lined with a jersey short.,,,EA,,,,,,,,2,0,,2,,39.00,39.00,78.00,78.00,0.00,,78.00,Y,N,Y,Y,,,,,,,,,,,,Shipped,N,,,,,
SO2026-000338,1,4,2026-02-09,2026-02-09,2026-02-28,2026-02-11,,,,,Magento,Magento,,30,USD,111.00,111.00,121.14,0.00,111.00,0,0.00,0,0.00,10.14,0.00,,,,,121.14,,0.00,,,,,,,,,,,,,,,Shipped,Paid,,,,,,,20003,10581,20003-2026-000338,,,,,,,,,Magento Shipping,Morgan Lee,Cora Knox,Magento Platform,216 Century Blvd,Dock 16,Platform ship location,Los Angeles,CA,90008,Los Angeles,USA,ship-magento@example.com,(213) 555-2506,,,,,,,,,,,,,,,,,,,1,2026-02-09,AVIANA-06-BLACK-7.5,,,FUR SLIPPER,,,EA,,,,,,,,3,0,,3,,16.25,16.25,48.75,48.75,0.00,,48.75,Y,N,Y,Y,,,,,,,,,,,,Shipped,N,,,,,
SO2026-000338,1,4,2026-02-09,2026-02-09,2026-02-28,2026-02-11,,,,,Magento,Magento,,30,USD,111.00,111.00,121.14,0.00,111.00,0,0.00,0,0.00,10.14,0.00,,,,,121.14,,0.00,,,,,,,,,,,,,,,Shipped,Paid,,,,,,,20003,10581,20003-2026-000338,,,,,,,,,Magento Shipping,Morgan Lee,Cora Knox,Magento Platform,216 Century Blvd,Dock 16,Platform ship location,Los Angeles,CA,90008,Los Angeles,USA,ship-magento@example.com,(213) 555-2506,,,,,,,,,,,,,,,,,,,2,2026-02-09,ASTRID-01-NUDE-6.5,,,SLIP ON SNEAKER,,,EA,,,,,,,,3,0,,3,,20.75,20.75,62.25,62.25,0.00,,62.25,Y,N,Y,Y,,,,,,,,,,,,Shipped,N,,,,,
SO2026-000339,1,4,2026-02-10,2026-02-13,2026-02-28,2026-02-10,,,,,Etsy-VS,Etsy VS,,60,USD,32.00,32.00,49.38,0.00,32.00,0,0.00,0,0.00,17.38,0.00,,,,,49.38,,0.00,,,,,,,,,,,,,,,Shipped,Paid,,,,,,,10008,10572,10008-2026-000339,,,,,,,,,Etsy VS Shipping,Jamie Clark,Soren Vale,Etsy VS Marketplace,206 Pacific Hwy,Dock 6,Seasonal ship location,Los Angeles,CA,90004,Los Angeles,USA,ship-etsy-vs@example.com,(213) 555-1506,,,,,,,,,,,,,,,,,,,1,2026-02-10,CAMILA-06-BLACK-9,,,COSS FRONT SLIP ON SLIDES,,,EA,,,,,,,,4,0,,4,,8.00,8.00,32.00,32.00,0.00,,32.00,Y,N,Y,Y,,,,,,,,,,,,Shipped,N,,,,,
SO2026-000340,1,4,2026-02-22,2026-02-24,2026-02-28,2026-02-24,,,,,Etsy-VS,Etsy VS,,60,USD,190.00,190.00,203.88,0.00,190.00,0,0.00,0,0.00,13.88,0.00,,,,,203.88,,0.00,,,,,,,,,,,,,,,Shipped,Paid,,,,,,,10008,10572,10008-2026-000340,,,,,,,,,Etsy VS Shipping,Jamie Clark,Soren Vale,Etsy VS Marketplace,206 Pacific Hwy,Dock 6,Seasonal ship location,Los Angeles,CA,90004,Los Angeles,USA,ship-etsy-vs@example.com,(213) 555-1506,,,,,,,,,,,,,,,,,,,1,2026-02-22,ADELINE-02-NUDE-B12,,,WOVEN SLIDE SANDAL,,,EA,,,,,,,,1,0,,1,,138.00,138.00,138.00,138.00,0.00,,138.00,Y,N,Y,Y,,,,,,,,,,,,Shipped,N,,,,,
SO2026-000340,1,4,2026-02-22,2026-02-24,2026-02-28,2026-02-24,,,,,Etsy-VS,Etsy VS,,60,USD,190.00,190.00,203.88,0.00,190.00,0,0.00,0,0.00,13.88,0.00,,,,,203.88,,0.00,,,,,,,,,,,,,,,Shipped,Paid,,,,,,,10008,10572,10008-2026-000340,,,,,,,,,Etsy VS Shipping,Jamie Clark,Soren Vale,Etsy VS Marketplace,206 Pacific Hwy,Dock 6,Seasonal ship location,Los Angeles,CA,90004,Los Angeles,USA,ship-etsy-vs@example.com,(213) 555-1506,,,,,,,,,,,,,,,,,,,2,2026-02-22,AUSTIN-06-BLACK-12,,,SNEAKER,,,EA,,,,,,,,2,0,,2,,10.00,10.00,20.00,20.00,0.00,,20.00,Y,N,Y,Y,,,,,,,,,,,,Shipped,N,,,,,
SO2026-000340,1,4,2026-02-22,2026-02-24,2026-02-28,2026-02-24,,,,,Etsy-VS,Etsy VS,,60,USD,190.00,190.00,203.88,0.00,190.00,0,0.00,0,0.00,13.88,0.00,,,,,203.88,,0.00,,,,,,,,,,,,,,,Shipped,Paid,,,,,,,10008,10572,10008-2026-000340,,,,,,,,,Etsy VS Shipping,Jamie Clark,Soren Vale,Etsy VS Marketplace,206 Pacific Hwy,Dock 6,Seasonal ship location,Los Angeles,CA,90004,Los Angeles,USA,ship-etsy-vs@example.com,(213) 555-1506,,,,,,,,,,,,,,,,,,,3,2026-02-22,CAMILA-06-BLACK-10,,,COSS FRONT SLIP ON SLIDES,,,EA,,,,,,,,4,0,,4,,8.00,8.00,32.00,32.00,0.00,,32.00,Y,N,Y,Y,,,,,,,,,,,,Shipped,N,,,,,
SO2026-000341,1,4,2026-01-12,2026-01-13,2026-02-26,2026-01-13,,,,,Etsy-LS,Etsy LS,,45,USD,444.00,444.00,447.11,0.00,444.00,0,0.00,0,0.00,3.11,0.00,,,,,447.11,,0.00,,,,,,,,,,,,,,,Shipped,Paid,,,,,,,10008,10571,10008-2026-000341,,,,,,,,,Etsy LS Shipping,Alex Reed,Rhea Moss,Etsy LS Marketplace,205 Mission St,Dock 5,Marketplace ship location,San Francisco,CA,94103,San Francisco,USA,ship-etsy-ls@example.com,(415) 555-1406,,,,,,,,,,,,,,,,,,,1,2026-01-12,ADELINE-03-BROWN-S,,,BUCKLE FRONT FLAT SANDALS,,,EA,,,,,,,,1,0,,1,,222.00,222.00,222.00,222.00,0.00,,222.00,Y,N,Y,Y,,,,,,,,,,,,Shipped,N,,,,,
SO2026-000341,1,4,2026-01-12,2026-01-13,2026-02-26,2026-01-13,,,,,Etsy-LS,Etsy LS,,45,USD,444.00,444.00,447.11,0.00,444.00,0,0.00,0,0.00,3.11,0.00,,,,,447.11,,0.00,,,,,,,,,,,,,,,Shipped,Paid,,,,,,,10008,10571,10008-2026-000341,,,,,,,,,Etsy LS Shipping,Alex Reed,Rhea Moss,Etsy LS Marketplace,205 Mission St,Dock 5,Marketplace ship location,San Francisco,CA,94103,San Francisco,USA,ship-etsy-ls@example.com,(415) 555-1406,,,,,,,,,,,,,,,,,,,2,2026-01-12,ADELINE-03-GOLD-S,,,BUCKLE FRONT FLAT SANDALS,,,EA,,,,,,,,1,0,,1,,222.00,222.00,222.00,222.00,0.00,,222.00,Y,N,Y,Y,,,,,,,,,,,,Shipped,N,,,,,
SO2026-000342,1,4,2026-02-24,2026-02-27,2026-02-28,2026-02-26,,,,,eBay,eBay,,30,USD,414.00,414.00,426.40,0.00,414.00,0,0.00,0,0.00,12.40,0.00,,,,,426.40,,0.00,,,,,,,,,,,,,,,Shipped,Paid,,,,,,,10004,10570,10004-2026-000342,,,,,,,,,eBay Shipping,Morgan Lee,Quentin Hale,eBay Commerce,204 Fulfillment Ave,Dock 4,Standard ship location,San Jose,CA,95111,Santa Clara,USA,ship-ebay@example.com,(408) 555-1306,,,,,,,,,,,,,,,,,,,1,2026-02-24,CORA-01-LEOP-B12,,,CROSS FRONT SANDAL,,,EA,,,,,,,,2,0,,2,,129.00,129.00,258.00,258.00,0.00,,258.00,Y,N,Y,Y,,,,,,,,,,,,Shipped,N,,,,,
SO2026-000342,1,4,2026-02-24,2026-02-27,2026-02-28,2026-02-26,,,,,eBay,eBay,,30,USD,414.00,414.00,426.40,0.00,414.00,0,0.00,0,0.00,12.40,0.00,,,,,426.40,,0.00,,,,,,,,,,,,,,,Shipped,Paid,,,,,,,10004,10570,10004-2026-000342,,,,,,,,,eBay Shipping,Morgan Lee,Quentin Hale,eBay Commerce,204 Fulfillment Ave,Dock 4,Standard ship location,San Jose,CA,95111,Santa Clara,USA,ship-ebay@example.com,(408) 555-1306,,,,,,,,,,,,,,,,,,,2,2026-02-24,FA16105WV-MIDNIGHTCAMO-XL-STD,809666795608,,Patricia Woven Chiffon Midnight Blue Palazzo Pant W Elastic Waist,,,EA,,,,,,,,4,0,,4,,39.00,39.00,156.00,156.00,0.00,,156.00,Y,N,Y,Y,,,,,,,,,,,,Shipped,N,,,,,
SO2026-000343,1,4,2026-02-03,2026-02-06,2026-02-28,2026-02-04,,,,,eBay,eBay,,30,USD,75.50,75.50,81.06,0.00,75.50,0,0.00,0,0.00,5.56,0.00,,,,,81.06,,0.00,,,,,,,,,,,,,,,Shipped,Paid,,,,,,,10004,10570,10004-2026-000343,,,,,,,,,eBay Shipping,Morgan Lee,Quentin Hale,eBay Commerce,204 Fulfillment Ave,Dock 4,Standard ship location,San Jose,CA,95111,Santa Clara,USA,ship-ebay@example.com,(408) 555-1306,,,,,,,,,,,,,,,,,,,1,2026-02-03,CORA-01-BLK-6.5,,,CROSS FRONT SANDAL,,,EA,,,,,,,,4,0,,4,,10.75,10.75,43.00,43.00,0.00,,43.00,Y,N,Y,Y,,,,,,,,,,,,Shipped,N,,,,,
SO2026-000343,1,4,2026-02-03,2026-02-06,2026-02-28,2026-02-04,,,,,eBay,eBay,,30,USD,75.50,75.50,81.06,0.00,75.50,0,0.00,0,0.00,5.56,0.00,,,,,81.06,,0.00,,,,,,,,,,,,,,,Shipped,Paid,,,,,,,10004,10570,10004-2026-000343,,,,,,,,,eBay Shipping,Morgan Lee,Quentin Hale,eBay Commerce,204 Fulfillment Ave,Dock 4,Standard ship location,San Jose,CA,95111,Santa Clara,USA,ship-ebay@example.com,(408) 555-1306,,,,,,,,,,,,,,,,,,,2,2026-02-03,AVIANA-06-WHITE-8.5,,,FUR SLIPPER,,,EA,,,,,,,,2,0,,2,,16.25,16.25,32.50,32.50,0.00,,32.50,Y,N,Y,Y,,,,,,,,,,,,Shipped,N,,,,,
SO2026-000344,1,4,2026-01-06,2026-01-08,2026-02-28,2026-01-06,,,,,Mirakl-HudsonsB,Mirakl HudsonsB,,60,USD,40.00,40.00,48.52,0.00,40.00,0,0.00,0,0.00,8.52,0.00,,,,,48.52,,0.00,,,,,,,,,,,,,,,Shipped,Paid,,,,,,,10005,10577,10005-2026-000344,,,,,,,,,Mirakl HudsonsB Shipping,Morgan Lee,Yara Glenn,Mirakl HudsonsB Network,212 Quail Hill Pkwy,Dock 12,Network ship location,Irvine,CA,92607,Orange,USA,ship-mirakl-hudsonsb@example.com,(949) 555-2106,,,,,,,,,,,,,,,,,,,1,2026-01-06,AUSTIN-06-BLACK-7.5,,,SNEAKER,,,EA,,,,,,,,4,0,,4,,10.00,10.00,40.00,40.00,0.00,,40.00,Y,N,Y,Y,,,,,,,,,,,,Shipped,N,,,,,
SO2026-000345,1,4,2026-01-30,2026-01-31,2026-02-28,2026-01-31,,,,,eBay,eBay,,30,USD,154.75,154.75,169.65,0.00,154.75,0,0.00,0,0.00,14.90,0.00,,,,,169.65,,0.00,,,,,,,,,,,,,,,Shipped,Paid,,,,,,,10004,10570,10004-2026-000345,,,,,,,,,eBay Shipping,Morgan Lee,Quentin Hale,eBay Commerce,204 Fulfillment Ave,Dock 4,Standard ship location,San Jose,CA,95111,Santa Clara,USA,ship-ebay@example.com,(408) 555-1306,,,,,,,,,,,,,,,,,,,1,2026-01-30,CORA-01-BLK-8,,,CROSS FRONT SANDAL,,,EA,,,,,,,,1,0,,1,,10.75,10.75,10.75,10.75,0.00,,10.75,Y,N,Y,Y,,,,,,,,,,,,Shipped,N,,,,,
SO2026-000345,1,4,2026-01-30,2026-01-31,2026-02-28,2026-01-31,,,,,eBay,eBay,,30,USD,154.75,154.75,169.65,0.00,154.75,0,0.00,0,0.00,14.90,0.00,,,,,169.65,,0.00,,,,,,,,,,,,,,,Shipped,Paid,,,,,,,10004,10570,10004-2026-000345,,,,,,,,,eBay Shipping,Morgan Lee,Quentin Hale,eBay Commerce,204 Fulfillment Ave,Dock 4,Standard ship location,San Jose,CA,95111,Santa Clara,USA,ship-ebay@example.com,(408) 555-1306,,,,,,,,,,,,,,,,,,,2,2026-01-30,FA13501DM-1464KINGSC-31-30,809666852493,,Maya Basic Dark Handsand Wash Midrise Skinny Jeans,,,EA,,,,,,,,4,0,,4,,34.00,34.00,136.00,136.00,0.00,,136.00,Y,N,Y,Y,,,,,,,,,,,,Shipped,N,,,,,
SO2026-000345,1,4,2026-01-30,2026-01-31,2026-02-28,2026-01-31,,,,,eBay,eBay,,30,USD,154.75,154.75,169.65,0.00,154.75,0,0.00,0,0.00,14.90,0.00,,,,,169.65,,0.00,,,,,,,,,,,,,,,Shipped,Paid,,,,,,,10004,10570,10004-2026-000345,,,,,,,,,eBay Shipping,Morgan Lee,Quentin Hale,eBay Commerce,204 Fulfillment Ave,Dock 4,Standard ship location,San Jose,CA,95111,Santa Clara,USA,ship-ebay@example.com,(408) 555-1306,,,,,,,,,,,,,,,,,,,3,2026-01-30,CAMILA-06-GREEN-5.5,,,COSS FRONT SLIP ON SLIDES,,,EA,,,,,,,,1,0,,1,,8.00,8.00,8.00,8.00,0.00,,8.00,Y,N,Y,Y,,,,,,,,,,,,Shipped,N,,,,,
SO2026-000346,1,4,2026-01-23,2026-01-23,2026-02-28,2026-01-24,,,,,Walmart-eComm,Walmart eComm,,45,USD,99.50,99.50,116.35,0.00,99.50,0,0.00,0,0.00,16.85,0.00,,,,,116.35,,0.00,,,,,,,,,,,,,,,Shipped,Paid,,,,,,,10002,10566,10002-2026-000346,,,,,,,,,Walmart eComm Shipping,Morgan Lee,Gavin Orr,Walmart eComm Retail,220 Townsend St,Dock 20,National ship location,San Francisco,CA,94109,San Francisco,USA,ship-walmart-ecomm@example.com,(415) 555-2906,,,,,,,,,,,,,,,,,,,1,2026-01-23,AVIANA-06-BEIGE-12,,,FUR SLIPPER,,,EA,,,,,,,,3,0,,3,,16.25,16.25,48.75,48.75,0.00,,48.75,Y,N,Y,Y,,,,,,,,,,,,Shipped,N,,,,,
SO2026-000346,1,4,2026-01-23,2026-01-23,2026-02-28,2026-01-24,,,,,Walmart-eComm,Walmart eComm,,45,USD,99.50,99.50,116.35,0.00,99.50,0,0.00,0,0.00,16.85,0.00,,,,,116.35,,0.00,,,,,,,,,,,,,,,Shipped,Paid,,,,,,,10002,10566,10002-2026-000346,,,,,,,,,Walmart eComm Shipping,Morgan Lee,Gavin Orr,Walmart eComm Retail,220 Townsend St,Dock 20,National ship location,San Francisco,CA,94109,San Francisco,USA,ship-walmart-ecomm@example.com,(415) 555-2906,,,,,,,,,,,,,,,,,,,2,2026-01-23,ADELINE-02-CAMEL-9.5,,,WOVEN SLIDE SANDAL,,,EA,,,,,,,,3,0,,3,,11.50,11.50,34.50,34.50,0.00,,34.50,Y,N,Y,Y,,,,,,,,,,,,Shipped,N,,,,,
SO2026-000346,1,4,2026-01-23,2026-01-23,2026-02-28,2026-01-24,,,,,Walmart-eComm,Walmart eComm,,45,USD,99.50,99.50,116.35,0.00,99.50,0,0.00,0,0.00,16.85,0.00,,,,,116.35,,0.00,,,,,,,,,,,,,,,Shipped,Paid,,,,,,,10002,10566,10002-2026-000346,,,,,,,,,Walmart eComm Shipping,Morgan Lee,Gavin Orr,Walmart eComm Retail,220 Townsend St,Dock 20,National ship location,San Francisco,CA,94109,San Francisco,USA,ship-walmart-ecomm@example.com,(415) 555-2906,,,,,,,,,,,,,,,,,,,3,2026-01-23,AVIANA-06-PINK-6.5,,,FUR SLIPPER,,,EA,,,,,,,,1,0,,1,,16.25,16.25,16.25,16.25,0.00,,16.25,Y,N,Y,Y,,,,,,,,,,,,Shipped,N,,,,,
SO2026-000347,1,4,2026-02-17,2026-02-22,2026-02-28,2026-02-18,,,,,Veeqo-Amazon,Veeqo Amazon,,45,USD,74.00,74.00,91.46,0.00,74.00,0,0.00,0,0.00,17.46,0.00,,,,,91.46,,0.00,,,,,,,,,,,,,,,Shipped,Paid,,,,,,,10016,10579,10016-2026-000347,,,,,,,,,Veeqo Amazon Shipping,Jamie Clark,Owen Pike,Veeqo Amazon Retail,202 Distribution Way,Dock 2,Regional ship location,Irvine,CA,92603,Orange,USA,ship-veeqo-amazon@example.com,(949) 555-1106,,,,,,,,,,,,,,,,,,,1,2026-02-17,ADELINE-03-TAUPE-9.5,,,BUCKLE FRONT FLAT SANDALS,,,EA,,,,,,,,4,0,,4,,18.50,18.50,74.00,74.00,0.00,,74.00,Y,N,Y,Y,,,,,,,,,,,,Shipped,N,,,,,
SO2026-000348,1,4,2026-02-25,2026-02-28,2026-02-28,2026-02-26,,,,,Mirakl-Kohls,Mirakl Kohls,,45,USD,190.00,190.00,200.03,0.00,190.00,0,0.00,0,0.00,10.03,0.00,,,,,200.03,,0.00,,,,,,,,,,,,,,,Shipped,Paid,,,,,,,10013,10576,10013-2026-000348,,,,,,,,,Mirakl Kohls Shipping,Jamie Clark,Asha Ives,Mirakl Kohls Network,214 Silver Creek Rd,Dock 14,Partner ship location,San Jose,CA,95115,Santa Clara,USA,ship-mirakl-kohls@example.com,(408) 555-2306,,,,,,,,,,,,,,,,,,,1,2026-02-25,CORA-01-BLK-9.5,,,CROSS FRONT SANDAL,,,EA,,,,,,,,2,0,,2,,10.75,10.75,21.50,21.50,0.00,,21.50,Y,N,Y,Y,,,,,,,,,,,,Shipped,N,,,,,
SO2026-000348,1,4,2026-02-25,2026-02-28,2026-02-28,2026-02-26,,,,,Mirakl-Kohls,Mirakl Kohls,,45,USD,190.00,190.00,200.03,0.00,190.00,0,0.00,0,0.00,10.03,0.00,,,,,200.03,,0.00,,,,,,,,,,,,,,,Shipped,Paid,,,,,,,10013,10576,10013-2026-000348,,,,,,,,,Mirakl Kohls Shipping,Jamie Clark,Asha Ives,Mirakl Kohls Network,214 Silver Creek Rd,Dock 14,Partner ship location,San Jose,CA,95115,Santa Clara,USA,ship-mirakl-kohls@example.com,(408) 555-2306,,,,,,,,,,,,,,,,,,,2,2026-02-25,FD3601033-3022FROZENPD-L-STD,809666343823,,Jay-Low Tencel Denim Shirtdress - Chiffon Collar and Tie Sleeve,,,EA,,,,,,,,3,0,,3,,49.00,49.00,147.00,147.00,0.00,,147.00,Y,N,Y,Y,,,,,,,,,,,,Shipped,N,,,,,
SO2026-000348,1,4,2026-02-25,2026-02-28,2026-02-28,2026-02-26,,,,,Mirakl-Kohls,Mirakl Kohls,,45,USD,190.00,190.00,200.03,0.00,190.00,0,0.00,0,0.00,10.03,0.00,,,,,200.03,,0.00,,,,,,,,,,,,,,,Shipped,Paid,,,,,,,10013,10576,10013-2026-000348,,,,,,,,,Mirakl Kohls Shipping,Jamie Clark,Asha Ives,Mirakl Kohls Network,214 Silver Creek Rd,Dock 14,Partner ship location,San Jose,CA,95115,Santa Clara,USA,ship-mirakl-kohls@example.com,(408) 555-2306,,,,,,,,,,,,,,,,,,,3,2026-02-25,CORA-01-BLK-5,,,CROSS FRONT SANDAL,,,EA,,,,,,,,2,0,,2,,10.75,10.75,21.50,21.50,0.00,,21.50,Y,N,Y,Y,,,,,,,,,,,,Shipped,N,,,,,
SO2026-000349,1,4,2026-02-16,2026-02-19,2026-02-28,2026-02-17,,,,,Mirakl-Kohls,Mirakl Kohls,,45,USD,37.00,37.00,47.73,0.00,37.00,0,0.00,0,0.00,10.73,0.00,,,,,47.73,,0.00,,,,,,,,,,,,,,,Shipped,Paid,,,,,,,10013,10576,10013-2026-000349,,,,,,,,,Mirakl Kohls Shipping,Jamie Clark,Asha Ives,Mirakl Kohls Network,214 Silver Creek Rd,Dock 14,Partner ship location,San Jose,CA,95115,Santa Clara,USA,ship-mirakl-kohls@example.com,(408) 555-2306,,,,,,,,,,,,,,,,,,,1,2026-02-16,ADELINE-03-TAUPE-8.5,,,BUCKLE FRONT FLAT SANDALS,,,EA,,,,,,,,2,0,,2,,18.50,18.50,37.00,37.00,0.00,,37.00,Y,N,Y,Y,,,,,,,,,,,,Shipped,N,,,,,
SO2026-000350,1,4,2026-01-08,2026-01-11,2026-02-07,2026-01-08,,,,,JCPenney,JCPenney,,30,USD,54.50,54.50,65.25,0.00,54.50,0,0.00,0,0.00,10.75,0.00,,,,,65.25,,0.00,,,,,,,,,,,,,,,Shipped,Paid,,,,,,,30007,10575,30007-2026-000350,,,,,,,,,JCPenney Shipping,Alex Reed,Zane Holt,JCPenney Stores,213 Gateway Rd,Dock 13,Retail ship location,San Diego,CA,92106,San Diego,USA,ship-jcpenney@example.com,(619) 555-2206,,,,,,,,,,,,,,,,,,,1,2026-01-08,ADELINE-02-PINK-6.5,,,WOVEN SLIDE SANDAL,,,EA,,,,,,,,3,0,,3,,11.50,11.50,34.50,34.50,0.00,,34.50,Y,N,Y,Y,,,,,,,,,,,,Shipped,N,,,,,
SO2026-000350,1,4,2026-01-08,2026-01-11,2026-02-07,2026-01-08,,,,,JCPenney,JCPenney,,30,USD,54.50,54.50,65.25,0.00,54.50,0,0.00,0,0.00,10.75,0.00,,,,,65.25,,0.00,,,,,,,,,,,,,,,Shipped,Paid,,,,,,,30007,10575,30007-2026-000350,,,,,,,,,JCPenney Shipping,Alex Reed,Zane Holt,JCPenney Stores,213 Gateway Rd,Dock 13,Retail ship location,San Diego,CA,92106,San Diego,USA,ship-jcpenney@example.com,(619) 555-2206,,,,,,,,,,,,,,,,,,,2,2026-01-08,AUSTIN-06-BLUSH-7,,,SNEAKER,,,EA,,,,,,,,2,0,,2,,10.00,10.00,20.00,20.00,0.00,,20.00,Y,N,Y,Y,,,,,,,,,,,,Shipped,N,,,,,
SO2026-000351,1,4,2026-01-17,2026-01-21,2026-02-16,2026-01-17,,,,,eBay,eBay,,30,USD,435.50,435.50,436.30,0.00,435.50,0,0.00,0,0.00,0.80,0.00,,,,,436.30,,0.00,,,,,,,,,,,,,,,Shipped,Paid,,,,,,,10004,10570,10004-2026-000351,,,,,,,,,eBay Shipping,Morgan Lee,Quentin Hale,eBay Commerce,204 Fulfillment Ave,Dock 4,Standard ship location,San Jose,CA,95111,Santa Clara,USA,ship-ebay@example.com,(408) 555-1306,,,,,,,,,,,,,,,,,,,1,2026-01-17,ADELINE-02-BLACK-A12,,,WOVEN SLIDE SANDAL,,,EA,,,,,,,,3,0,,3,,138.00,138.00,414.00,414.00,0.00,,414.00,Y,N,Y,Y,,,,,,,,,,,,Shipped,N,,,,,
SO2026-000351,1,4,2026-01-17,2026-01-21,2026-02-16,2026-01-17,,,,,eBay,eBay,,30,USD,435.50,435.50,436.30,0.00,435.50,0,0.00,0,0.00,0.80,0.00,,,,,436.30,,0.00,,,,,,,,,,,,,,,Shipped,Paid,,,,,,,10004,10570,10004-2026-000351,,,,,,,,,eBay Shipping,Morgan Lee,Quentin Hale,eBay Commerce,204 Fulfillment Ave,Dock 4,Standard ship location,San Jose,CA,95111,Santa Clara,USA,ship-ebay@example.com,(408) 555-1306,,,,,,,,,,,,,,,,,,,2,2026-01-17,CORA-01-YLW-5.5,,,CROSS FRONT SANDAL,,,EA,,,,,,,,2,0,,2,,10.75,10.75,21.50,21.50,0.00,,21.50,Y,N,Y,Y,,,,,,,,,,,,Shipped,N,,,,,
SO2026-000352,1,4,2026-02-02,2026-02-06,2026-02-28,2026-02-03,,,,,Mirakl-HudsonsB,Mirakl HudsonsB,,60,USD,34.00,34.00,49.55,0.00,34.00,0,0.00,0,0.00,15.55,0.00,,,,,49.55,,0.00,,,,,,,,,,,,,,,Shipped,Paid,,,,,,,10005,10577,10005-2026-000352,,,,,,,,,Mirakl HudsonsB Shipping,Morgan Lee,Yara Glenn,Mirakl HudsonsB Network,212 Quail Hill Pkwy,Dock 12,Network ship location,Irvine,CA,92607,Orange,USA,ship-mirakl-hudsonsb@example.com,(949) 555-2106,,,,,,,,,,,,,,,,,,,1,2026-02-02,FA13501DM-1608BLAU2-29-30,809666857726,,Maya Basic Dark Handsand Wash Midrise Skinny Jeans,,,EA,,,,,,,,1,0,,1,,34.00,34.00,34.00,34.00,0.00,,34.00,Y,N,Y,Y,,,,,,,,,,,,Shipped,N,,,,,
SO2026-000353,1,4,2026-01-15,2026-01-15,2026-02-28,2026-01-17,,,,,Etsy-VS,Etsy VS,,60,USD,189.50,189.50,202.63,0.00,189.50,0,0.00,0,0.00,13.13,0.00,,,,,202.63,,0.00,,,,,,,,,,,,,,,Shipped,Paid,,,,,,,10008,10572,10008-2026-000353,,,,,,,,,Etsy VS Shipping,Jamie Clark,Soren Vale,Etsy VS Marketplace,206 Pacific Hwy,Dock 6,Seasonal ship location,Los Angeles,CA,90004,Los Angeles,USA,ship-etsy-vs@example.com,(213) 555-1506,,,,,,,,,,,,,,,,,,,1,2026-01-15,ASTRID-01-GREY-9.5,,,SLIP ON SNEAKER,,,EA,,,,,,,,2,0,,2,,20.75,20.75,41.50,41.50,0.00,,41.50,Y,N,Y,Y,,,,,,,,,,,,Shipped,N,,,,,
SO2026-000353,1,4,2026-01-15,2026-01-15,2026-02-28,2026-01-17,,,,,Etsy-VS,Etsy VS,,60,USD,189.50,189.50,202.63,0.00,189.50,0,0.00,0,0.00,13.13,0.00,,,,,202.63,,0.00,,,,,,,,,,,,,,,Shipped,Paid,,,,,,,10008,10572,10008-2026-000353,,,,,,,,,Etsy VS Shipping,Jamie Clark,Soren Vale,Etsy VS Marketplace,206 Pacific Hwy,Dock 6,Seasonal ship location,Los Angeles,CA,90004,Los Angeles,USA,ship-etsy-vs@example.com,(213) 555-1506,,,,,,,,,,,,,,,,,,,2,2026-01-15,ADELINE-03-BLUE-6.5,,,BUCKLE FRONT FLAT SANDALS,,,EA,,,,,,,,4,0,,4,,18.50,18.50,74.00,74.00,0.00,,74.00,Y,N,Y,Y,,,,,,,,,,,,Shipped,N,,,,,
SO2026-000353,1,4,2026-01-15,2026-01-15,2026-02-28,2026-01-17,,,,,Etsy-VS,Etsy VS,,60,USD,189.50,189.50,202.63,0.00,189.50,0,0.00,0,0.00,13.13,0.00,,,,,202.63,,0.00,,,,,,,,,,,,,,,Shipped,Paid,,,,,,,10008,10572,10008-2026-000353,,,,,,,,,Etsy VS Shipping,Jamie Clark,Soren Vale,Etsy VS Marketplace,206 Pacific Hwy,Dock 6,Seasonal ship location,Los Angeles,CA,90004,Los Angeles,USA,ship-etsy-vs@example.com,(213) 555-1506,,,,,,,,,,,,,,,,,,,3,2026-01-15,ADELINE-03-GOLD-10,,,BUCKLE FRONT FLAT SANDALS,,,EA,,,,,,,,4,0,,4,,18.50,18.50,74.00,74.00,0.00,,74.00,Y,N,Y,Y,,,,,,,,,,,,Shipped,N,,,,,
SO2026-000354,1,4,2026-02-18,2026-02-22,2026-02-28,2026-02-18,,,,,Mirakl-Kohls,Mirakl Kohls,,45,USD,68.00,68.00,73.51,0.00,68.00,0,0.00,0,0.00,5.51,0.00,,,,,73.51,,0.00,,,,,,,,,,,,,,,Shipped,Paid,,,,,,,10013,10576,10013-2026-000354,,,,,,,,,Mirakl Kohls Shipping,Jamie Clark,Asha Ives,Mirakl Kohls Network,214 Silver Creek Rd,Dock 14,Partner ship location,San Jose,CA,95115,Santa Clara,USA,ship-mirakl-kohls@example.com,(408) 555-2306,,,,,,,,,,,,,,,,,,,1,2026-02-18,FA13512DM-1847DPOCN-26-32,809666865042,,Angie Stud Bling Pocket Low Rise Skinny Jeans,,,EA,,,,,,,,2,0,,2,,34.00,34.00,68.00,68.00,0.00,,68.00,Y,N,Y,Y,,,,,,,,,,,,Shipped,N,,,,,
SO2026-000355,1,4,2026-01-11,2026-01-14,2026-02-28,2026-01-12,,,,,Etsy-VS,Etsy VS,,60,USD,138.00,138.00,143.22,0.00,138.00,0,0.00,0,0.00,5.22,0.00,,,,,143.22,,0.00,,,,,,,,,,,,,,,Shipped,Paid,,,,,,,10008,10572,10008-2026-000355,,,,,,,,,Etsy VS Shipping,Jamie Clark,Soren Vale,Etsy VS Marketplace,206 Pacific Hwy,Dock 6,Seasonal ship location,Los Angeles,CA,90004,Los Angeles,USA,ship-etsy-vs@example.com,(213) 555-1506,,,,,,,,,,,,,,,,,,,1,2026-01-11,FD9801506P-CHERRY,,,"Wear as a dress or a longline tunic over pants, this sleek asymmetrical dress features trendy statem",,,EA,,,,,,,,2,0,,2,,49.00,49.00,98.00,98.00,0.00,,98.00,Y,N,Y,Y,,,,,,,,,,,,Shipped,N,,,,,
SO2026-000355,1,4,2026-01-11,2026-01-14,2026-02-28,2026-01-12,,,,,Etsy-VS,Etsy VS,,60,USD,138.00,138.00,143.22,0.00,138.00,0,0.00,0,0.00,5.22,0.00,,,,,143.22,,0.00,,,,,,,,,,,,,,,Shipped,Paid,,,,,,,10008,10572,10008-2026-000355,,,,,,,,,Etsy VS Shipping,Jamie Clark,Soren Vale,Etsy VS Marketplace,206 Pacific Hwy,Dock 6,Seasonal ship location,Los Angeles,CA,90004,Los Angeles,USA,ship-etsy-vs@example.com,(213) 555-1506,,,,,,,,,,,,,,,,,,,2,2026-01-11,AUSTIN-06-BLACK-9.5,,,SNEAKER,,,EA,,,,,,,,4,0,,4,,10.00,10.00,40.00,40.00,0.00,,40.00,Y,N,Y,Y,,,,,,,,,,,,Shipped,N,,,,,
SO2026-000356,1,4,2026-02-18,2026-02-19,2026-02-28,2026-02-20,,,,,Macys,Macys,,60,USD,428.00,428.00,437.95,0.00,428.00,0,0.00,0,0.00,9.95,0.00,,,,,437.95,,0.00,,,,,,,,,,,,,,,Shipped,Paid,,,,,,,30005,10574,30005-2026-000356,,,,,,,,,Macys Shipping,Taylor Kim,Blake Jett,Macys Stores,215 King St,Dock 15,Department ship location,San Francisco,CA,94107,San Francisco,USA,ship-macys@example.com,(415) 555-2406,,,,,,,,,,,,,,,,,,,1,2026-02-18,34478006-BLANCMANGE-2X-STD,809666398472,,Standards & Practices Plus Size Women's Knit Tie Open Front Drape Long Maxi Duster Cashmere Cardigan-Blancmange,,,EA,,,,,,,,1,0,,1,,428.00,428.00,428.00,428.00,0.00,,428.00,Y,N,Y,Y,,,,,,,,,,,,Shipped,N,,,,,
SO2026-000357,1,4,2026-02-24,2026-02-25,2026-02-28,2026-02-26,,,,,Etsy-VS,Etsy VS,,60,USD,284.25,284.25,290.98,0.00,284.25,0,0.00,0,0.00,6.73,0.00,,,,,290.98,,0.00,,,,,,,,,,,,,,,Shipped,Paid,,,,,,,10008,10572,10008-2026-000357,,,,,,,,,Etsy VS Shipping,Jamie Clark,Soren Vale,Etsy VS Marketplace,206 Pacific Hwy,Dock 6,Seasonal ship location,Los Angeles,CA,90004,Los Angeles,USA,ship-etsy-vs@example.com,(213) 555-1506,,,,,,,,,,,,,,,,,,,1,2026-02-24,ADELINE-03-BLACK-A12,,,BUCKLE FRONT FLAT SANDALS,,,EA,,,,,,,,1,0,,1,,222.00,222.00,222.00,222.00,0.00,,222.00,Y,N,Y,Y,,,,,,,,,,,,Shipped,N,,,,,
SO2026-000357,1,4,2026-02-24,2026-02-25,2026-02-28,2026-02-26,,,,,Etsy-VS,Etsy VS,,60,USD,284.25,284.25,290.98,0.00,284.25,0,0.00,0,0.00,6.73,0.00,,,,,290.98,,0.00,,,,,,,,,,,,,,,Shipped,Paid,,,,,,,10008,10572,10008-2026-000357,,,,,,,,,Etsy VS Shipping,Jamie Clark,Soren Vale,Etsy VS Marketplace,206 Pacific Hwy,Dock 6,Seasonal ship location,Los Angeles,CA,90004,Los Angeles,USA,ship-etsy-vs@example.com,(213) 555-1506,,,,,,,,,,,,,,,,,,,2,2026-02-24,ASTRID-01-BLUSH-5,,,SLIP ON SNEAKER,,,EA,,,,,,,,3,0,,3,,20.75,20.75,62.25,62.25,0.00,,62.25,Y,N,Y,Y,,,,,,,,,,,,Shipped,N,,,,,
SO2026-000358,1,4,2026-01-03,2026-01-03,2026-02-02,2026-01-03,,,,,eBay,eBay,,30,USD,74.00,74.00,88.09,0.00,74.00,0,0.00,0,0.00,14.09,0.00,,,,,88.09,,0.00,,,,,,,,,,,,,,,Shipped,Paid,,,,,,,10004,10570,10004-2026-000358,,,,,,,,,eBay Shipping,Morgan Lee,Quentin Hale,eBay Commerce,204 Fulfillment Ave,Dock 4,Standard ship location,San Jose,CA,95111,Santa Clara,USA,ship-ebay@example.com,(408) 555-1306,,,,,,,,,,,,,,,,,,,1,2026-01-03,ADELINE-03-BROWN-5.5,,,BUCKLE FRONT FLAT SANDALS,,,EA,,,,,,,,4,0,,4,,18.50,18.50,74.00,74.00,0.00,,74.00,Y,N,Y,Y,,,,,,,,,,,,Shipped,N,,,,,
SO2026-000359,1,4,2026-02-11,2026-02-11,2026-02-28,2026-02-11,,,,,Etsy-VS,Etsy VS,,60,USD,445.75,445.75,447.26,0.00,445.75,0,0.00,0,0.00,1.51,0.00,,,,,447.26,,0.00,,,,,,,,,,,,,,,Shipped,Paid,,,,,,,10008,10572,10008-2026-000359,,,,,,,,,Etsy VS Shipping,Jamie Clark,Soren Vale,Etsy VS Marketplace,206 Pacific Hwy,Dock 6,Seasonal ship location,Los Angeles,CA,90004,Los Angeles,USA,ship-etsy-vs@example.com,(213) 555-1506,,,,,,,,,,,,,,,,,,,1,2026-02-11,FD3601734-MEDBLEACH-M-STD,809666438437,,Ally Women's Full Sleeve Denim Shirt Dress,,,EA,,,,,,,,4,0,,4,,98.00,98.00,392.00,392.00,0.00,,392.00,Y,N,Y,Y,,,,,,,,,,,,Shipped,N,,,,,
SO2026-000359,1,4,2026-02-11,2026-02-11,2026-02-28,2026-02-11,,,,,Etsy-VS,Etsy VS,,60,USD,445.75,445.75,447.26,0.00,445.75,0,0.00,0,0.00,1.51,0.00,,,,,447.26,,0.00,,,,,,,,,,,,,,,Shipped,Paid,,,,,,,10008,10572,10008-2026-000359,,,,,,,,,Etsy VS Shipping,Jamie Clark,Soren Vale,Etsy VS Marketplace,206 Pacific Hwy,Dock 6,Seasonal ship location,Los Angeles,CA,90004,Los Angeles,USA,ship-etsy-vs@example.com,(213) 555-1506,,,,,,,,,,,,,,,,,,,2,2026-02-11,CORA-01-YLW-10,,,CROSS FRONT SANDAL,,,EA,,,,,,,,2,0,,2,,10.75,10.75,21.50,21.50,0.00,,21.50,Y,N,Y,Y,,,,,,,,,,,,Shipped,N,,,,,
SO2026-000359,1,4,2026-02-11,2026-02-11,2026-02-28,2026-02-11,,,,,Etsy-VS,Etsy VS,,60,USD,445.75,445.75,447.26,0.00,445.75,0,0.00,0,0.00,1.51,0.00,,,,,447.26,,0.00,,,,,,,,,,,,,,,Shipped,Paid,,,,,,,10008,10572,10008-2026-000359,,,,,,,,,Etsy VS Shipping,Jamie Clark,Soren Vale,Etsy VS Marketplace,206 Pacific Hwy,Dock 6,Seasonal ship location,Los Angeles,CA,90004,Los Angeles,USA,ship-etsy-vs@example.com,(213) 555-1506,,,,,,,,,,,,,,,,,,,3,2026-02-11,CORA-01-FUCH-9,,,CROSS FRONT SANDAL,,,EA,,,,,,,,3,0,,3,,10.75,10.75,32.25,32.25,0.00,,32.25,Y,N,Y,Y,,,,,,,,,,,,Shipped,N,,,,,
SO2026-000360,1,4,2026-01-04,2026-01-07,2026-02-03,2026-01-04,,,,,JCPenney,JCPenney,,30,USD,270.00,270.00,280.25,0.00,270.00,0,0.00,0,0.00,10.25,0.00,,,,,280.25,,0.00,,,,,,,,,,,,,,,Shipped,Paid,,,,,,,30007,10575,30007-2026-000360,,,,,,,,,JCPenney Shipping,Alex Reed,Zane Holt,JCPenney Stores,213 Gateway Rd,Dock 13,Retail ship location,San Diego,CA,92106,San Diego,USA,ship-jcpenney@example.com,(619) 555-2206,,,,,,,,,,,,,,,,,,,1,2026-01-04,CAMILA-06-GREEN-8.5,,,COSS FRONT SLIP ON SLIDES,,,EA,,,,,,,,4,0,,4,,8.00,8.00,32.00,32.00,0.00,,32.00,Y,N,Y,Y,,,,,,,,,,,,Shipped,N,,,,,
SO2026-000360,1,4,2026-01-04,2026-01-07,2026-02-03,2026-01-04,,,,,JCPenney,JCPenney,,30,USD,270.00,270.00,280.25,0.00,270.00,0,0.00,0,0.00,10.25,0.00,,,,,280.25,,0.00,,,,,,,,,,,,,,,Shipped,Paid,,,,,,,30007,10575,30007-2026-000360,,,,,,,,,JCPenney Shipping,Alex Reed,Zane Holt,JCPenney Stores,213 Gateway Rd,Dock 13,Retail ship location,San Diego,CA,92106,San Diego,USA,ship-jcpenney@example.com,(619) 555-2206,,,,,,,,,,,,,,,,,,,2,2026-01-04,ADELINE-03-BROWN-B12,,,BUCKLE FRONT FLAT SANDALS,,,EA,,,,,,,,1,0,,1,,222.00,222.00,222.00,222.00,0.00,,222.00,Y,N,Y,Y,,,,,,,,,,,,Shipped,N,,,,,
SO2026-000360,1,4,2026-01-04,2026-01-07,2026-02-03,2026-01-04,,,,,JCPenney,JCPenney,,30,USD,270.00,270.00,280.25,0.00,270.00,0,0.00,0,0.00,10.25,0.00,,,,,280.25,,0.00,,,,,,,,,,,,,,,Shipped,Paid,,,,,,,30007,10575,30007-2026-000360,,,,,,,,,JCPenney Shipping,Alex Reed,Zane Holt,JCPenney Stores,213 Gateway Rd,Dock 13,Retail ship location,San Diego,CA,92106,San Diego,USA,ship-jcpenney@example.com,(619) 555-2206,,,,,,,,,,,,,,,,,,,3,2026-01-04,CAMILA-06-LILAC-5,,,COSS FRONT SLIP ON SLIDES,,,EA,,,,,,,,2,0,,2,,8.00,8.00,16.00,16.00,0.00,,16.00,Y,N,Y,Y,,,,,,,,,,,,Shipped,N,,,,,
SO2026-000361,1,4,2026-01-26,2026-01-27,2026-02-28,2026-01-27,,,,,Etsy-LS,Etsy LS,,45,USD,48.75,48.75,58.23,0.00,48.75,0,0.00,0,0.00,9.48,0.00,,,,,58.23,,0.00,,,,,,,,,,,,,,,Shipped,Paid,,,,,,,10008,10571,10008-2026-000361,,,,,,,,,Etsy LS Shipping,Alex Reed,Rhea Moss,Etsy LS Marketplace,205 Mission St,Dock 5,Marketplace ship location,San Francisco,CA,94103,San Francisco,USA,ship-etsy-ls@example.com,(415) 555-1406,,,,,,,,,,,,,,,,,,,1,2026-01-26,AVIANA-06-BEIGE-8.5,,,FUR SLIPPER,,,EA,,,,,,,,3,0,,3,,16.25,16.25,48.75,48.75,0.00,,48.75,Y,N,Y,Y,,,,,,,,,,,,Shipped,N,,,,,
SO2026-000362,1,4,2026-02-25,2026-02-28,2026-02-28,2026-02-27,,,,,Macys,Macys,,60,USD,73.00,73.00,73.00,0.00,73.00,0,0.00,0,0.00,0.00,0.00,,,,,73.00,,0.00,,,,,,,,,,,,,,,Shipped,Paid,,,,,,,30005,10574,30005-2026-000362,,,,,,,,,Macys Shipping,Taylor Kim,Blake Jett,Macys Stores,215 King St,Dock 15,Department ship location,San Francisco,CA,94107,San Francisco,USA,ship-macys@example.com,(415) 555-2406,,,,,,,,,,,,,,,,,,,1,2026-02-25,CAMILA-06-BLACK-7.5,,,COSS FRONT SLIP ON SLIDES,,,EA,,,,,,,,1,0,,1,,8.00,8.00,8.00,8.00,0.00,,8.00,Y,N,Y,Y,,,,,,,,,,,,Shipped,N,,,,,
SO2026-000362,1,4,2026-02-25,2026-02-28,2026-02-28,2026-02-27,,,,,Macys,Macys,,60,USD,73.00,73.00,73.00,0.00,73.00,0,0.00,0,0.00,0.00,0.00,,,,,73.00,,0.00,,,,,,,,,,,,,,,Shipped,Paid,,,,,,,30005,10574,30005-2026-000362,,,,,,,,,Macys Shipping,Taylor Kim,Blake Jett,Macys Stores,215 King St,Dock 15,Department ship location,San Francisco,CA,94107,San Francisco,USA,ship-macys@example.com,(415) 555-2406,,,,,,,,,,,,,,,,,,,2,2026-02-25,AVIANA-06-BLACK-6.5,,,FUR SLIPPER,,,EA,,,,,,,,4,0,,4,,16.25,16.25,65.00,65.00,0.00,,65.00,Y,N,Y,Y,,,,,,,,,,,,Shipped,N,,,,,
SO2026-000363,1,4,2026-02-07,2026-02-09,2026-02-28,2026-02-09,,,,,Etsy-LS,Etsy LS,,45,USD,320.00,320.00,320.22,0.00,320.00,0,0.00,0,0.00,0.22,0.00,,,,,320.22,,0.00,,,,,,,,,,,,,,,Shipped,Paid,,,,,,,10008,10571,10008-2026-000363,,,,,,,,,Etsy LS Shipping,Alex Reed,Rhea Moss,Etsy LS Marketplace,205 Mission St,Dock 5,Marketplace ship location,San Francisco,CA,94103,San Francisco,USA,ship-etsy-ls@example.com,(415) 555-1406,,,,,,,,,,,,,,,,,,,1,2026-02-07,ADELINE-03-BROWN-A12,,,BUCKLE FRONT FLAT SANDALS,,,EA,,,,,,,,1,0,,1,,222.00,222.00,222.00,222.00,0.00,,222.00,Y,N,Y,Y,,,,,,,,,,,,Shipped,N,,,,,
SO2026-000363,1,4,2026-02-07,2026-02-09,2026-02-28,2026-02-09,,,,,Etsy-LS,Etsy LS,,45,USD,320.00,320.00,320.22,0.00,320.00,0,0.00,0,0.00,0.22,0.00,,,,,320.22,,0.00,,,,,,,,,,,,,,,Shipped,Paid,,,,,,,10008,10571,10008-2026-000363,,,,,,,,,Etsy LS Shipping,Alex Reed,Rhea Moss,Etsy LS Marketplace,205 Mission St,Dock 5,Marketplace ship location,San Francisco,CA,94103,San Francisco,USA,ship-etsy-ls@example.com,(415) 555-1406,,,,,,,,,,,,,,,,,,,2,2026-02-07,AUSTIN-06-CAMEL-7.5,,,SNEAKER,,,EA,,,,,,,,3,0,,3,,10.00,10.00,30.00,30.00,0.00,,30.00,Y,N,Y,Y,,,,,,,,,,,,Shipped,N,,,,,
SO2026-000363,1,4,2026-02-07,2026-02-09,2026-02-28,2026-02-09,,,,,Etsy-LS,Etsy LS,,45,USD,320.00,320.00,320.22,0.00,320.00,0,0.00,0,0.00,0.22,0.00,,,,,320.22,,0.00,,,,,,,,,,,,,,,Shipped,Paid,,,,,,,10008,10571,10008-2026-000363,,,,,,,,,Etsy LS Shipping,Alex Reed,Rhea Moss,Etsy LS Marketplace,205 Mission St,Dock 5,Marketplace ship location,San Francisco,CA,94103,San Francisco,USA,ship-etsy-ls@example.com,(415) 555-1406,,,,,,,,,,,,,,,,,,,3,2026-02-07,F13031C-1742VNTGBJ-24-STD,809666254778,,Cayden Vintage Beujolias Corduroy Skinny Jeans,,,EA,,,,,,,,2,0,,2,,34.00,34.00,68.00,68.00,0.00,,68.00,Y,N,Y,Y,,,,,,,,,,,,Shipped,N,,,,,
SO2026-000364,1,4,2026-01-02,2026-01-07,2026-02-16,2026-01-02,,,,,Shopify,Shopify,,45,USD,89.50,89.50,102.63,0.00,89.50,0,0.00,0,0.00,13.13,0.00,,,,,102.63,,0.00,,,,,,,,,,,,,,,Shipped,Paid,,,,,,,20001,10580,20001-2026-000364,,,,,,,,,Shopify Shipping,Alex Reed,Dario Lowe,Shopify Commerce,217 Barranca Pkwy,Dock 17,Commerce ship location,Irvine,CA,92609,Orange,USA,ship-shopify@example.com,(949) 555-2606,,,,,,,,,,,,,,,,,,,1,2026-01-02,FA16023WV-SLATE,,,GGT wrap kimono maxi dress,,,EA,,,,,,,,2,0,,2,,39.00,39.00,78.00,78.00,0.00,,78.00,Y,N,Y,Y,,,,,,,,,,,,Shipped,N,,,,,
SO2026-000364,1,4,2026-01-02,2026-01-07,2026-02-16,2026-01-02,,,,,Shopify,Shopify,,45,USD,89.50,89.50,102.63,0.00,89.50,0,0.00,0,0.00,13.13,0.00,,,,,102.63,,0.00,,,,,,,,,,,,,,,Shipped,Paid,,,,,,,20001,10580,20001-2026-000364,,,,,,,,,Shopify Shipping,Alex Reed,Dario Lowe,Shopify Commerce,217 Barranca Pkwy,Dock 17,Commerce ship location,Irvine,CA,92609,Orange,USA,ship-shopify@example.com,(949) 555-2606,,,,,,,,,,,,,,,,,,,2,2026-01-02,ADELINE-02-PINK-6,,,WOVEN SLIDE SANDAL,,,EA,,,,,,,,1,0,,1,,11.50,11.50,11.50,11.50,0.00,,11.50,Y,N,Y,Y,,,,,,,,,,,,Shipped,N,,,,,
SO2026-000365,1,4,2026-01-19,2026-01-24,2026-02-28,2026-01-21,,,,,Etsy-VS,Etsy VS,,60,USD,149.00,149.00,161.59,0.00,149.00,0,0.00,0,0.00,12.59,0.00,,,,,161.59,,0.00,,,,,,,,,,,,,,,Shipped,Paid,,,,,,,10008,10572,10008-2026-000365,,,,,,,,,Etsy VS Shipping,Jamie Clark,Soren Vale,Etsy VS Marketplace,206 Pacific Hwy,Dock 6,Seasonal ship location,Los Angeles,CA,90004,Los Angeles,USA,ship-etsy-vs@example.com,(213) 555-1506,,,,,,,,,,,,,,,,,,,1,2026-01-19,CORA-01-BLK-A12,,,CROSS FRONT SANDAL,,,EA,,,,,,,,1,0,,1,,129.00,129.00,129.00,129.00,0.00,,129.00,Y,N,Y,Y,,,,,,,,,,,,Shipped,N,,,,,
SO2026-000365,1,4,2026-01-19,2026-01-24,2026-02-28,2026-01-21,,,,,Etsy-VS,Etsy VS,,60,USD,149.00,149.00,161.59,0.00,149.00,0,0.00,0,0.00,12.59,0.00,,,,,161.59,,0.00,,,,,,,,,,,,,,,Shipped,Paid,,,,,,,10008,10572,10008-2026-000365,,,,,,,,,Etsy VS Shipping,Jamie Clark,Soren Vale,Etsy VS Marketplace,206 Pacific Hwy,Dock 6,Seasonal ship location,Los Angeles,CA,90004,Los Angeles,USA,ship-etsy-vs@example.com,(213) 555-1506,,,,,,,,,,,,,,,,,,,2,2026-01-19,AUSTIN-06-WHITE-5.5,,,SNEAKER,,,EA,,,,,,,,2,0,,2,,10.00,10.00,20.00,20.00,0.00,,20.00,Y,N,Y,Y,,,,,,,,,,,,Shipped,N,,,,,
SO2026-000366,1,4,2026-02-11,2026-02-15,2026-02-28,2026-02-13,,,,,Magento,Magento,,30,USD,46.00,46.00,46.00,0.00,46.00,0,0.00,0,0.00,0.00,0.00,,,,,46.00,,0.00,,,,,,,,,,,,,,,Shipped,Paid,,,,,,,20003,10581,20003-2026-000366,,,,,,,,,Magento Shipping,Morgan Lee,Cora Knox,Magento Platform,216 Century Blvd,Dock 16,Platform ship location,Los Angeles,CA,90008,Los Angeles,USA,ship-magento@example.com,(213) 555-2506,,,,,,,,,,,,,,,,,,,1,2026-02-11,ADELINE-02-WHITE-7,,,WOVEN SLIDE SANDAL,,,EA,,,,,,,,4,0,,4,,11.50,11.50,46.00,46.00,0.00,,46.00,Y,N,Y,Y,,,,,,,,,,,,Shipped,N,,,,,
SO2026-000367,1,4,2026-02-13,2026-02-18,2026-02-28,2026-02-15,,,,,Mirakl-HudsonsB,Mirakl HudsonsB,,60,USD,136.00,136.00,149.05,0.00,136.00,0,0.00,0,0.00,13.05,0.00,,,,,149.05,,0.00,,,,,,,,,,,,,,,Shipped,Paid,,,,,,,10005,10577,10005-2026-000367,,,,,,,,,Mirakl HudsonsB Shipping,Morgan Lee,Yara Glenn,Mirakl HudsonsB Network,212 Quail Hill Pkwy,Dock 12,Network ship location,Irvine,CA,92607,Orange,USA,ship-mirakl-hudsonsb@example.com,(949) 555-2106,,,,,,,,,,,,,,,,,,,1,2026-02-13,FA13501DM-1608BLAU2-27-32,809666857856,,Maya Basic Dark Handsand Wash Midrise Skinny Jeans,,,EA,,,,,,,,4,0,,4,,34.00,34.00,136.00,136.00,0.00,,136.00,Y,N,Y,Y,,,,,,,,,,,,Shipped,N,,,,,
SO2026-000368,1,4,2026-01-25,2026-01-28,2026-02-24,2026-01-27,,,,,JCPenney,JCPenney,,30,USD,87.00,87.00,101.69,0.00,87.00,0,0.00,0,0.00,14.69,0.00,,,,,101.69,,0.00,,,,,,,,,,,,,,,Shipped,Paid,,,,,,,30007,10575,30007-2026-000368,,,,,,,,,JCPenney Shipping,Alex Reed,Zane Holt,JCPenney Stores,213 Gateway Rd,Dock 13,Retail ship location,San Diego,CA,92106,San Diego,USA,ship-jcpenney@example.com,(619) 555-2206,,,,,,,,,,,,,,,,,,,1,2026-01-25,F13T007SS-CABERNET-XS-STD,809666393101,,S&P V-neck Sleeveless Peplum Blouse Front Hook-and-eye Closu,,,EA,,,,,,,,3,0,,3,,29.00,29.00,87.00,87.00,0.00,,87.00,Y,N,Y,Y,,,,,,,,,,,,Shipped,N,,,,,
SO2026-000369,1,4,2026-01-28,2026-01-31,2026-02-28,2026-01-29,,,,,Etsy-VS,Etsy VS,,60,USD,180.00,180.00,187.27,0.00,180.00,0,0.00,0,0.00,7.27,0.00,,,,,187.27,,0.00,,,,,,,,,,,,,,,Shipped,Paid,,,,,,,10008,10572,10008-2026-000369,,,,,,,,,Etsy VS Shipping,Jamie Clark,Soren Vale,Etsy VS Marketplace,206 Pacific Hwy,Dock 6,Seasonal ship location,Los Angeles,CA,90004,Los Angeles,USA,ship-etsy-vs@example.com,(213) 555-1506,,,,,,,,,,,,,,,,,,,1,2026-01-28,F13031C-1742VNTGBJ-28-STD,809666254815,,Cayden Vintage Beujolias Corduroy Skinny Jeans,,,EA,,,,,,,,3,0,,3,,34.00,34.00,102.00,102.00,0.00,,102.00,Y,N,Y,Y,,,,,,,,,,,,Shipped,N,,,,,
SO2026-000369,1,4,2026-01-28,2026-01-31,2026-02-28,2026-01-29,,,,,Etsy-VS,Etsy VS,,60,USD,180.00,180.00,187.27,0.00,180.00,0,0.00,0,0.00,7.27,0.00,,,,,187.27,,0.00,,,,,,,,,,,,,,,Shipped,Paid,,,,,,,10008,10572,10008-2026-000369,,,,,,,,,Etsy VS Shipping,Jamie Clark,Soren Vale,Etsy VS Marketplace,206 Pacific Hwy,Dock 6,Seasonal ship location,Los Angeles,CA,90004,Los Angeles,USA,ship-etsy-vs@example.com,(213) 555-1506,,,,,,,,,,,,,,,,,,,2,2026-01-28,FA16105WV-MIDNIGHTBLUE,,,Woven chiffon palazzo pant with elastic waist. Side entry pockets. Lined with a jersey short.,,,EA,,,,,,,,2,0,,2,,39.00,39.00,78.00,78.00,0.00,,78.00,Y,N,Y,Y,,,,,,,,,,,,Shipped,N,,,,,
SO2026-000370,1,4,2026-01-07,2026-01-09,2026-02-06,2026-01-07,,,,,AMZ-eCom,AMZ eCom,,30,USD,117.00,117.00,119.39,0.00,117.00,0,0.00,0,0.00,2.39,0.00,,,,,119.39,,0.00,,,,,,,,,,,,,,,Shipped,Paid,,,,,,,10001,10565,10001-2026-000370,,,,,,,,,AMZ eCom Shipping,Alex Reed,Nora Lane,AMZ eCom Retail,201 Harbor Ave,Dock 1,Main ship location,Los Angeles,CA,90002,Los Angeles,USA,ship-amz-ecom@example.com,(213) 555-1006,,,,,,,,,,,,,,,,,,,1,2026-01-07,FB3601737-3219UNFORGV-28-STD,809666434385,,Rainie Light Hand-Sanded Denim Stretch High-Waist Slit Hem Jeans,,,EA,,,,,,,,3,0,,3,,39.00,39.00,117.00,117.00,0.00,,117.00,Y,N,Y,Y,,,,,,,,,,,,Shipped,N,,,,,
SO2026-000371,1,4,2026-01-18,2026-01-21,2026-02-28,2026-01-20,,,,,Etsy-VS,Etsy VS,,60,USD,222.00,222.00,232.43,0.00,222.00,0,0.00,0,0.00,10.43,0.00,,,,,232.43,,0.00,,,,,,,,,,,,,,,Shipped,Paid,,,,,,,10008,10572,10008-2026-000371,,,,,,,,,Etsy VS Shipping,Jamie Clark,Soren Vale,Etsy VS Marketplace,206 Pacific Hwy,Dock 6,Seasonal ship location,Los Angeles,CA,90004,Los Angeles,USA,ship-etsy-vs@example.com,(213) 555-1506,,,,,,,,,,,,,,,,,,,1,2026-01-18,AUSTIN-06-WHITE-B12,,,SNEAKER,,,EA,,,,,,,,1,0,,1,,120.00,120.00,120.00,120.00,0.00,,120.00,Y,N,Y,Y,,,,,,,,,,,,Shipped,N,,,,,
SO2026-000371,1,4,2026-01-18,2026-01-21,2026-02-28,2026-01-20,,,,,Etsy-VS,Etsy VS,,60,USD,222.00,222.00,232.43,0.00,222.00,0,0.00,0,0.00,10.43,0.00,,,,,232.43,,0.00,,,,,,,,,,,,,,,Shipped,Paid,,,,,,,10008,10572,10008-2026-000371,,,,,,,,,Etsy VS Shipping,Jamie Clark,Soren Vale,Etsy VS Marketplace,206 Pacific Hwy,Dock 6,Seasonal ship location,Los Angeles,CA,90004,Los Angeles,USA,ship-etsy-vs@example.com,(213) 555-1506,,,,,,,,,,,,,,,,,,,2,2026-01-18,FA13512DM-1847DPOCN-28-32,809666865066,,Angie Stud Bling Pocket Low Rise Skinny Jeans,,,EA,,,,,,,,3,0,,3,,34.00,34.00,102.00,102.00,0.00,,102.00,Y,N,Y,Y,,,,,,,,,,,,Shipped,N,,,,,
SO2026-000372,1,4,2026-02-22,2026-02-26,2026-02-28,2026-02-24,,,,,AMZ-eCom,AMZ eCom,,30,USD,268.00,268.00,272.51,0.00,268.00,0,0.00,0,0.00,4.51,0.00,,,,,272.51,,0.00,,,,,,,,,,,,,,,Shipped,Paid,,,,,,,10001,10565,10001-2026-000372,,,,,,,,,AMZ eCom Shipping,Alex Reed,Nora Lane,AMZ eCom Retail,201 Harbor Ave,Dock 1,Main ship location,Los Angeles,CA,90002,Los Angeles,USA,ship-amz-ecom@example.com,(213) 555-1006,,,,,,,,,,,,,,,,,,,1,2026-02-22,ADELINE-03-TAUPE-A12,,,BUCKLE FRONT FLAT SANDALS,,,EA,,,,,,,,1,0,,1,,222.00,222.00,222.00,222.00,0.00,,222.00,Y,N,Y,Y,,,,,,,,,,,,Shipped,N,,,,,
SO2026-000372,1,4,2026-02-22,2026-02-26,2026-02-28,2026-02-24,,,,,AMZ-eCom,AMZ eCom,,30,USD,268.00,268.00,272.51,0.00,268.00,0,0.00,0,0.00,4.51,0.00,,,,,272.51,,0.00,,,,,,,,,,,,,,,Shipped,Paid,,,,,,,10001,10565,10001-2026-000372,,,,,,,,,AMZ eCom Shipping,Alex Reed,Nora Lane,AMZ eCom Retail,201 Harbor Ave,Dock 1,Main ship location,Los Angeles,CA,90002,Los Angeles,USA,ship-amz-ecom@example.com,(213) 555-1006,,,,,,,,,,,,,,,,,,,2,2026-02-22,ADELINE-02-PINK-9.5,,,WOVEN SLIDE SANDAL,,,EA,,,,,,,,4,0,,4,,11.50,11.50,46.00,46.00,0.00,,46.00,Y,N,Y,Y,,,,,,,,,,,,Shipped,N,,,,,
SO2026-000373,1,4,2026-02-04,2026-02-08,2026-02-28,2026-02-05,,,,,Macys,Macys,,60,USD,290.00,290.00,307.60,0.00,290.00,0,0.00,0,0.00,17.60,0.00,,,,,307.60,,0.00,,,,,,,,,,,,,,,Shipped,Paid,,,,,,,30005,10574,30005-2026-000373,,,,,,,,,Macys Shipping,Taylor Kim,Blake Jett,Macys Stores,215 King St,Dock 15,Department ship location,San Francisco,CA,94107,San Francisco,USA,ship-macys@example.com,(415) 555-2406,,,,,,,,,,,,,,,,,,,1,2026-02-04,ADELINE-03-BLACK-S,,,BUCKLE FRONT FLAT SANDALS,,,EA,,,,,,,,1,0,,1,,222.00,222.00,222.00,222.00,0.00,,222.00,Y,N,Y,Y,,,,,,,,,,,,Shipped,N,,,,,
SO2026-000373,1,4,2026-02-04,2026-02-08,2026-02-28,2026-02-05,,,,,Macys,Macys,,60,USD,290.00,290.00,307.60,0.00,290.00,0,0.00,0,0.00,17.60,0.00,,,,,307.60,,0.00,,,,,,,,,,,,,,,Shipped,Paid,,,,,,,30005,10574,30005-2026-000373,,,,,,,,,Macys Shipping,Taylor Kim,Blake Jett,Macys Stores,215 King St,Dock 15,Department ship location,San Francisco,CA,94107,San Francisco,USA,ship-macys@example.com,(415) 555-2406,,,,,,,,,,,,,,,,,,,2,2026-02-04,FA13501DM-1608BLAU2-28-32,809666857863,,Maya Basic Dark Handsand Wash Midrise Skinny Jeans,,,EA,,,,,,,,2,0,,2,,34.00,34.00,68.00,68.00,0.00,,68.00,Y,N,Y,Y,,,,,,,,,,,,Shipped,N,,,,,
SO2026-000374,1,4,2026-01-02,2026-01-04,2026-02-16,2026-01-03,,,,,Walmart-eComm,Walmart eComm,,45,USD,37.00,37.00,51.53,0.00,37.00,0,0.00,0,0.00,14.53,0.00,,,,,51.53,,0.00,,,,,,,,,,,,,,,Shipped,Paid,,,,,,,10002,10566,10002-2026-000374,,,,,,,,,Walmart eComm Shipping,Morgan Lee,Gavin Orr,Walmart eComm Retail,220 Townsend St,Dock 20,National ship location,San Francisco,CA,94109,San Francisco,USA,ship-walmart-ecomm@example.com,(415) 555-2906,,,,,,,,,,,,,,,,,,,1,2026-01-02,ADELINE-03-GOLD-6.5,,,BUCKLE FRONT FLAT SANDALS,,,EA,,,,,,,,2,0,,2,,18.50,18.50,37.00,37.00,0.00,,37.00,Y,N,Y,Y,,,,,,,,,,,,Shipped,N,,,,,
SO2026-000375,1,4,2026-01-12,2026-01-12,2026-02-26,2026-01-13,,,,,Walmart-eComm,Walmart eComm,,45,USD,168.75,168.75,175.86,0.00,168.75,0,0.00,0,0.00,7.11,0.00,,,,,175.86,,0.00,,,,,,,,,,,,,,,Shipped,Paid,,,,,,,10002,10566,10002-2026-000375,,,,,,,,,Walmart eComm Shipping,Morgan Lee,Gavin Orr,Walmart eComm Retail,220 Townsend St,Dock 20,National ship location,San Francisco,CA,94109,San Francisco,USA,ship-walmart-ecomm@example.com,(415) 555-2906,,,,,,,,,,,,,,,,,,,1,2026-01-12,AVIANA-06-PINK-12,,,FUR SLIPPER,,,EA,,,,,,,,3,0,,3,,16.25,16.25,48.75,48.75,0.00,,48.75,Y,N,Y,Y,,,,,,,,,,,,Shipped,N,,,,,
SO2026-000375,1,4,2026-01-12,2026-01-12,2026-02-26,2026-01-13,,,,,Walmart-eComm,Walmart eComm,,45,USD,168.75,168.75,175.86,0.00,168.75,0,0.00,0,0.00,7.11,0.00,,,,,175.86,,0.00,,,,,,,,,,,,,,,Shipped,Paid,,,,,,,10002,10566,10002-2026-000375,,,,,,,,,Walmart eComm Shipping,Morgan Lee,Gavin Orr,Walmart eComm Retail,220 Townsend St,Dock 20,National ship location,San Francisco,CA,94109,San Francisco,USA,ship-walmart-ecomm@example.com,(415) 555-2906,,,,,,,,,,,,,,,,,,,2,2026-01-12,AUSTIN-06-BLUSH-A12,,,SNEAKER,,,EA,,,,,,,,1,0,,1,,120.00,120.00,120.00,120.00,0.00,,120.00,Y,N,Y,Y,,,,,,,,,,,,Shipped,N,,,,,
SO2026-000376,1,4,2026-01-09,2026-01-11,2026-02-08,2026-01-11,,,,,JCPenney,JCPenney,,30,USD,48.00,48.00,56.97,0.00,48.00,0,0.00,0,0.00,8.97,0.00,,,,,56.97,,0.00,,,,,,,,,,,,,,,Shipped,Paid,,,,,,,30007,10575,30007-2026-000376,,,,,,,,,JCPenney Shipping,Alex Reed,Zane Holt,JCPenney Stores,213 Gateway Rd,Dock 13,Retail ship location,San Diego,CA,92106,San Diego,USA,ship-jcpenney@example.com,(619) 555-2206,,,,,,,,,,,,,,,,,,,1,2026-01-09,173451-1183CITIZEN-23-STD,809666377972,,Susan Stretch Denim Skinny Jeans Medium Blue 5 Pocket Wash,,,EA,,,,,,,,2,0,,2,,24.00,24.00,48.00,48.00,0.00,,48.00,Y,N,Y,Y,,,,,,,,,,,,Shipped,N,,,,,
SO2026-000377,1,4,2026-01-31,2026-02-02,2026-02-28,2026-02-02,,,,,Walmart-eComm,Walmart eComm,,45,USD,259.75,259.75,264.27,0.00,259.75,0,0.00,0,0.00,4.52,0.00,,,,,264.27,,0.00,,,,,,,,,,,,,,,Shipped,Paid,,,,,,,10002,10566,10002-2026-000377,,,,,,,,,Walmart eComm Shipping,Morgan Lee,Gavin Orr,Walmart eComm Retail,220 Townsend St,Dock 20,National ship location,San Francisco,CA,94109,San Francisco,USA,ship-walmart-ecomm@example.com,(415) 555-2906,,,,,,,,,,,,,,,,,,,1,2026-01-31,ASTRID-01-BLUSH-11,,,SLIP ON SNEAKER,,,EA,,,,,,,,2,0,,2,,20.75,20.75,41.50,41.50,0.00,,41.50,Y,N,Y,Y,,,,,,,,,,,,Shipped,N,,,,,
SO2026-000377,1,4,2026-01-31,2026-02-02,2026-02-28,2026-02-02,,,,,Walmart-eComm,Walmart eComm,,45,USD,259.75,259.75,264.27,0.00,259.75,0,0.00,0,0.00,4.52,0.00,,,,,264.27,,0.00,,,,,,,,,,,,,,,Shipped,Paid,,,,,,,10002,10566,10002-2026-000377,,,,,,,,,Walmart eComm Shipping,Morgan Lee,Gavin Orr,Walmart eComm Retail,220 Townsend St,Dock 20,National ship location,San Francisco,CA,94109,San Francisco,USA,ship-walmart-ecomm@example.com,(415) 555-2906,,,,,,,,,,,,,,,,,,,2,2026-01-31,ASTRID-01-NUDE-9,,,SLIP ON SNEAKER,,,EA,,,,,,,,3,0,,3,,20.75,20.75,62.25,62.25,0.00,,62.25,Y,N,Y,Y,,,,,,,,,,,,Shipped,N,,,,,
SO2026-000377,1,4,2026-01-31,2026-02-02,2026-02-28,2026-02-02,,,,,Walmart-eComm,Walmart eComm,,45,USD,259.75,259.75,264.27,0.00,259.75,0,0.00,0,0.00,4.52,0.00,,,,,264.27,,0.00,,,,,,,,,,,,,,,Shipped,Paid,,,,,,,10002,10566,10002-2026-000377,,,,,,,,,Walmart eComm Shipping,Morgan Lee,Gavin Orr,Walmart eComm Retail,220 Townsend St,Dock 20,National ship location,San Francisco,CA,94109,San Francisco,USA,ship-walmart-ecomm@example.com,(415) 555-2906,,,,,,,,,,,,,,,,,,,3,2026-01-31,FA16023WV-MIDNIGHTCAMO-XL-STD,809666795783,,Olivia Woven Chiffon Camo Print Kimono Wrap Maxi Dress,,,EA,,,,,,,,4,0,,4,,39.00,39.00,156.00,156.00,0.00,,156.00,Y,N,Y,Y,,,,,,,,,,,,Shipped,N,,,,,
SO2026-000378,1,4,2026-01-15,2026-01-15,2026-02-28,2026-01-17,,,,,Etsy-LS,Etsy LS,,45,USD,145.25,145.25,156.38,0.00,145.25,0,0.00,0,0.00,11.13,0.00,,,,,156.38,,0.00,,,,,,,,,,,,,,,Shipped,Paid,,,,,,,10008,10571,10008-2026-000378,,,,,,,,,Etsy LS Shipping,Alex Reed,Rhea Moss,Etsy LS Marketplace,205 Mission St,Dock 5,Marketplace ship location,San Francisco,CA,94103,San Francisco,USA,ship-etsy-ls@example.com,(415) 555-1406,,,,,,,,,,,,,,,,,,,1,2026-01-15,CORA-01-TAUP-S,,,CROSS FRONT SANDAL,,,EA,,,,,,,,1,0,,1,,129.00,129.00,129.00,129.00,0.00,,129.00,Y,N,Y,Y,,,,,,,,,,,,Shipped,N,,,,,
SO2026-000378,1,4,2026-01-15,2026-01-15,2026-02-28,2026-01-17,,,,,Etsy-LS,Etsy LS,,45,USD,145.25,145.25,156.38,0.00,145.25,0,0.00,0,0.00,11.13,0.00,,,,,156.38,,0.00,,,,,,,,,,,,,,,Shipped,Paid,,,,,,,10008,10571,10008-2026-000378,,,,,,,,,Etsy LS Shipping,Alex Reed,Rhea Moss,Etsy LS Marketplace,205 Mission St,Dock 5,Marketplace ship location,San Francisco,CA,94103,San Francisco,USA,ship-etsy-ls@example.com,(415) 555-1406,,,,,,,,,,,,,,,,,,,2,2026-01-15,AVIANA-06-PINK-5.5,,,FUR SLIPPER,,,EA,,,,,,,,1,0,,1,,16.25,16.25,16.25,16.25,0.00,,16.25,Y,N,Y,Y,,,,,,,,,,,,Shipped,N,,,,,
SO2026-000379,1,4,2026-01-03,2026-01-05,2026-02-02,2026-01-04,,,,,eBay,eBay,,30,USD,318.00,318.00,321.05,0.00,318.00,0,0.00,0,0.00,3.05,0.00,,,,,321.05,,0.00,,,,,,,,,,,,,,,Shipped,Paid,,,,,,,10004,10570,10004-2026-000379,,,,,,,,,eBay Shipping,Morgan Lee,Quentin Hale,eBay Commerce,204 Fulfillment Ave,Dock 4,Standard ship location,San Jose,CA,95111,Santa Clara,USA,ship-ebay@example.com,(408) 555-1306,,,,,,,,,,,,,,,,,,,1,2026-01-03,CAMILA-06-TAUPE-B12,,,COSS FRONT SLIP ON SLIDES,,,EA,,,,,,,,3,0,,3,,96.00,96.00,288.00,288.00,0.00,,288.00,Y,N,Y,Y,,,,,,,,,,,,Shipped,N,,,,,
SO2026-000379,1,4,2026-01-03,2026-01-05,2026-02-02,2026-01-04,,,,,eBay,eBay,,30,USD,318.00,318.00,321.05,0.00,318.00,0,0.00,0,0.00,3.05,0.00,,,,,321.05,,0.00,,,,,,,,,,,,,,,Shipped,Paid,,,,,,,10004,10570,10004-2026-000379,,,,,,,,,eBay Shipping,Morgan Lee,Quentin Hale,eBay Commerce,204 Fulfillment Ave,Dock 4,Standard ship location,San Jose,CA,95111,Santa Clara,USA,ship-ebay@example.com,(408) 555-1306,,,,,,,,,,,,,,,,,,,2,2026-01-03,AUSTIN-06-BLACK-9,,,SNEAKER,,,EA,,,,,,,,3,0,,3,,10.00,10.00,30.00,30.00,0.00,,30.00,Y,N,Y,Y,,,,,,,,,,,,Shipped,N,,,,,
SO2026-000380,1,4,2026-02-14,2026-02-16,2026-02-28,2026-02-15,,,,,Etsy-LS,Etsy LS,,45,USD,43.00,43.00,49.23,0.00,43.00,0,0.00,0,0.00,6.23,0.00,,,,,49.23,,0.00,,,,,,,,,,,,,,,Shipped,Paid,,,,,,,10008,10571,10008-2026-000380,,,,,,,,,Etsy LS Shipping,Alex Reed,Rhea Moss,Etsy LS Marketplace,205 Mission St,Dock 5,Marketplace ship location,San Francisco,CA,94103,San Francisco,USA,ship-etsy-ls@example.com,(415) 555-1406,,,,,,,,,,,,,,,,,,,1,2026-02-14,CORA-01-CAME-10,,,CROSS FRONT SANDAL,,,EA,,,,,,,,4,0,,4,,10.75,10.75,43.00,43.00,0.00,,43.00,Y,N,Y,Y,,,,,,,,,,,,Shipped,N,,,,,
SO2026-000381,1,4,2026-01-31,2026-02-05,2026-02-28,2026-02-02,,,,,Etsy-VS,Etsy VS,,60,USD,134.00,134.00,149.50,0.00,134.00,0,0.00,0,0.00,15.50,0.00,,,,,149.50,,0.00,,,,,,,,,,,,,,,Shipped,Paid,,,,,,,10008,10572,10008-2026-000381,,,,,,,,,Etsy VS Shipping,Jamie Clark,Soren Vale,Etsy VS Marketplace,206 Pacific Hwy,Dock 6,Seasonal ship location,Los Angeles,CA,90004,Los Angeles,USA,ship-etsy-vs@example.com,(213) 555-1506,,,,,,,,,,,,,,,,,,,1,2026-01-31,F13031C-1742VNTGDM-24-STD,809666254952,,Cayden Vintage Beujolias Corduroy Skinny Jeans,,,EA,,,,,,,,3,0,,3,,34.00,34.00,102.00,102.00,0.00,,102.00,Y,N,Y,Y,,,,,,,,,,,,Shipped,N,,,,,
SO2026-000381,1,4,2026-01-31,2026-02-05,2026-02-28,2026-02-02,,,,,Etsy-VS,Etsy VS,,60,USD,134.00,134.00,149.50,0.00,134.00,0,0.00,0,0.00,15.50,0.00,,,,,149.50,,0.00,,,,,,,,,,,,,,,Shipped,Paid,,,,,,,10008,10572,10008-2026-000381,,,,,,,,,Etsy VS Shipping,Jamie Clark,Soren Vale,Etsy VS Marketplace,206 Pacific Hwy,Dock 6,Seasonal ship location,Los Angeles,CA,90004,Los Angeles,USA,ship-etsy-vs@example.com,(213) 555-1506,,,,,,,,,,,,,,,,,,,2,2026-01-31,CAMILA-06-TAUPE-9,,,COSS FRONT SLIP ON SLIDES,,,EA,,,,,,,,4,0,,4,,8.00,8.00,32.00,32.00,0.00,,32.00,Y,N,Y,Y,,,,,,,,,,,,Shipped,N,,,,,
SO2026-000382,1,4,2026-02-21,2026-02-21,2026-02-28,2026-02-22,,,,,Magento,Magento,,30,USD,276.00,276.00,293.90,0.00,276.00,0,0.00,0,0.00,17.90,0.00,,,,,293.90,,0.00,,,,,,,,,,,,,,,Shipped,Paid,,,,,,,20003,10581,20003-2026-000382,,,,,,,,,Magento Shipping,Morgan Lee,Cora Knox,Magento Platform,216 Century Blvd,Dock 16,Platform ship location,Los Angeles,CA,90008,Los Angeles,USA,ship-magento@example.com,(213) 555-2506,,,,,,,,,,,,,,,,,,,1,2026-02-21,ADELINE-02-CAMEL-S,,,WOVEN SLIDE SANDAL,,,EA,,,,,,,,2,0,,2,,138.00,138.00,276.00,276.00,0.00,,276.00,Y,N,Y,Y,,,,,,,,,,,,Shipped,N,,,,,
SO2026-000383,1,4,2026-01-25,2026-01-25,2026-02-24,2026-01-27,,,,,JCPenney,JCPenney,,30,USD,97.25,97.25,107.65,0.00,97.25,0,0.00,0,0.00,10.40,0.00,,,,,107.65,,0.00,,,,,,,,,,,,,,,Shipped,Paid,,,,,,,30007,10575,30007-2026-000383,,,,,,,,,JCPenney Shipping,Alex Reed,Zane Holt,JCPenney Stores,213 Gateway Rd,Dock 13,Retail ship location,San Diego,CA,92106,San Diego,USA,ship-jcpenney@example.com,(619) 555-2206,,,,,,,,,,,,,,,,,,,1,2026-01-25,AVIANA-06-PINK-6.5,,,FUR SLIPPER,,,EA,,,,,,,,1,0,,1,,16.25,16.25,16.25,16.25,0.00,,16.25,Y,N,Y,Y,,,,,,,,,,,,Shipped,N,,,,,
SO2026-000383,1,4,2026-01-25,2026-01-25,2026-02-24,2026-01-27,,,,,JCPenney,JCPenney,,30,USD,97.25,97.25,107.65,0.00,97.25,0,0.00,0,0.00,10.40,0.00,,,,,107.65,,0.00,,,,,,,,,,,,,,,Shipped,Paid,,,,,,,30007,10575,30007-2026-000383,,,,,,,,,JCPenney Shipping,Alex Reed,Zane Holt,JCPenney Stores,213 Gateway Rd,Dock 13,Retail ship location,San Diego,CA,92106,San Diego,USA,ship-jcpenney@example.com,(619) 555-2206,,,,,,,,,,,,,,,,,,,2,2026-01-25,AVIANA-06-PINK-8.5,,,FUR SLIPPER,,,EA,,,,,,,,4,0,,4,,16.25,16.25,65.00,65.00,0.00,,65.00,Y,N,Y,Y,,,,,,,,,,,,Shipped,N,,,,,
SO2026-000383,1,4,2026-01-25,2026-01-25,2026-02-24,2026-01-27,,,,,JCPenney,JCPenney,,30,USD,97.25,97.25,107.65,0.00,97.25,0,0.00,0,0.00,10.40,0.00,,,,,107.65,,0.00,,,,,,,,,,,,,,,Shipped,Paid,,,,,,,30007,10575,30007-2026-000383,,,,,,,,,JCPenney Shipping,Alex Reed,Zane Holt,JCPenney Stores,213 Gateway Rd,Dock 13,Retail ship location,San Diego,CA,92106,San Diego,USA,ship-jcpenney@example.com,(619) 555-2206,,,,,,,,,,,,,,,,,,,3,2026-01-25,CAMILA-06-LILAC-8.5,,,COSS FRONT SLIP ON SLIDES,,,EA,,,,,,,,2,0,,2,,8.00,8.00,16.00,16.00,0.00,,16.00,Y,N,Y,Y,,,,,,,,,,,,Shipped,N,,,,,
SO2026-000384,1,4,2026-01-13,2026-01-15,2026-02-27,2026-01-14,,,,,Walmart-eComm,Walmart eComm,,45,USD,342.00,342.00,347.33,0.00,342.00,0,0.00,0,0.00,5.33,0.00,,,,,347.33,,0.00,,,,,,,,,,,,,,,Shipped,Paid,,,,,,,10002,10566,10002-2026-000384,,,,,,,,,Walmart eComm Shipping,Morgan Lee,Gavin Orr,Walmart eComm Retail,220 Townsend St,Dock 20,National ship location,San Francisco,CA,94109,San Francisco,USA,ship-walmart-ecomm@example.com,(415) 555-2906,,,,,,,,,,,,,,,,,,,1,2026-01-13,ADELINE-02-BLACK,,,WOVEN SLIDE SANDAL,,,EA,,,,,,,,2,0,,2,,171.00,171.00,342.00,342.00,0.00,,342.00,Y,N,Y,Y,,,,,,,,,,,,Shipped,N,,,,,
SO2026-000385,1,4,2026-02-23,2026-02-24,2026-02-28,2026-02-23,,,,,Etsy-VS,Etsy VS,,60,USD,354.00,354.00,366.39,0.00,354.00,0,0.00,0,0.00,12.39,0.00,,,,,366.39,,0.00,,,,,,,,,,,,,,,Shipped,Paid,,,,,,,10008,10572,10008-2026-000385,,,,,,,,,Etsy VS Shipping,Jamie Clark,Soren Vale,Etsy VS Marketplace,206 Pacific Hwy,Dock 6,Seasonal ship location,Los Angeles,CA,90004,Los Angeles,USA,ship-etsy-vs@example.com,(213) 555-1506,,,,,,,,,,,,,,,,,,,1,2026-02-23,ADELINE-03-BLUE,,,BUCKLE FRONT FLAT SANDALS,,,EA,,,,,,,,2,0,,2,,177.00,177.00,354.00,354.00,0.00,,354.00,Y,N,Y,Y,,,,,,,,,,,,Shipped,N,,,,,
SO2026-000386,1,4,2026-01-10,2026-01-12,2026-02-09,2026-01-12,,,,,eBay,eBay,,30,USD,326.00,326.00,331.90,0.00,326.00,0,0.00,0,0.00,5.90,0.00,,,,,331.90,,0.00,,,,,,,,,,,,,,,Shipped,Paid,,,,,,,10004,10570,10004-2026-000386,,,,,,,,,eBay Shipping,Morgan Lee,Quentin Hale,eBay Commerce,204 Fulfillment Ave,Dock 4,Standard ship location,San Jose,CA,95111,Santa Clara,USA,ship-ebay@example.com,(408) 555-1306,,,,,,,,,,,,,,,,,,,1,2026-01-10,F13031C-1742VNTGDM-30-STD,809666255010,,Cayden Vintage Beujolias Corduroy Skinny Jeans,,,EA,,,,,,,,2,0,,2,,34.00,34.00,68.00,68.00,0.00,,68.00,Y,N,Y,Y,,,,,,,,,,,,Shipped,N,,,,,
SO2026-000386,1,4,2026-01-10,2026-01-12,2026-02-09,2026-01-12,,,,,eBay,eBay,,30,USD,326.00,326.00,331.90,0.00,326.00,0,0.00,0,0.00,5.90,0.00,,,,,331.90,,0.00,,,,,,,,,,,,,,,Shipped,Paid,,,,,,,10004,10570,10004-2026-000386,,,,,,,,,eBay Shipping,Morgan Lee,Quentin Hale,eBay Commerce,204 Fulfillment Ave,Dock 4,Standard ship location,San Jose,CA,95111,Santa Clara,USA,ship-ebay@example.com,(408) 555-1306,,,,,,,,,,,,,,,,,,,2,2026-01-10,CORA-01-TAUP-B12,,,CROSS FRONT SANDAL,,,EA,,,,,,,,2,0,,2,,129.00,129.00,258.00,258.00,0.00,,258.00,Y,N,Y,Y,,,,,,,,,,,,Shipped,N,,,,,
SO2026-000387,1,4,2026-02-20,2026-02-22,2026-02-28,2026-02-22,,,,,Etsy-VS,Etsy VS,,60,USD,58.50,58.50,66.71,0.00,58.50,0,0.00,0,0.00,8.21,0.00,,,,,66.71,,0.00,,,,,,,,,,,,,,,Shipped,Paid,,,,,,,10008,10572,10008-2026-000387,,,,,,,,,Etsy VS Shipping,Jamie Clark,Soren Vale,Etsy VS Marketplace,206 Pacific Hwy,Dock 6,Seasonal ship location,Los Angeles,CA,90004,Los Angeles,USA,ship-etsy-vs@example.com,(213) 555-1506,,,,,,,,,,,,,,,,,,,1,2026-02-20,AUSTIN-06-NUDE-11,,,SNEAKER,,,EA,,,,,,,,4,0,,4,,10.00,10.00,40.00,40.00,0.00,,40.00,Y,N,Y,Y,,,,,,,,,,,,Shipped,N,,,,,
SO2026-000387,1,4,2026-02-20,2026-02-22,2026-02-28,2026-02-22,,,,,Etsy-VS,Etsy VS,,60,USD,58.50,58.50,66.71,0.00,58.50,0,0.00,0,0.00,8.21,0.00,,,,,66.71,,0.00,,,,,,,,,,,,,,,Shipped,Paid,,,,,,,10008,10572,10008-2026-000387,,,,,,,,,Etsy VS Shipping,Jamie Clark,Soren Vale,Etsy VS Marketplace,206 Pacific Hwy,Dock 6,Seasonal ship location,Los Angeles,CA,90004,Los Angeles,USA,ship-etsy-vs@example.com,(213) 555-1506,,,,,,,,,,,,,,,,,,,2,2026-02-20,ADELINE-03-TAUPE-9.5,,,BUCKLE FRONT FLAT SANDALS,,,EA,,,,,,,,1,0,,1,,18.50,18.50,18.50,18.50,0.00,,18.50,Y,N,Y,Y,,,,,,,,,,,,Shipped,N,,,,,
SO2026-000388,1,4,2026-02-13,2026-02-17,2026-02-28,2026-02-15,,,,,AMZ-eCom,AMZ eCom,,30,USD,58.00,58.00,66.00,0.00,58.00,0,0.00,0,0.00,8.00,0.00,,,,,66.00,,0.00,,,,,,,,,,,,,,,Shipped,Paid,,,,,,,10001,10565,10001-2026-000388,,,,,,,,,AMZ eCom Shipping,Alex Reed,Nora Lane,AMZ eCom Retail,201 Harbor Ave,Dock 1,Main ship location,Los Angeles,CA,90002,Los Angeles,USA,ship-amz-ecom@example.com,(213) 555-1006,,,,,,,,,,,,,,,,,,,1,2026-02-13,FA13512DM-1847DPOCN-32-32,809666865103,,Angie Stud Bling Pocket Low Rise Skinny Jeans,,,EA,,,,,,,,1,0,,1,,34.00,34.00,34.00,34.00,0.00,,34.00,Y,N,Y,Y,,,,,,,,,,,,Shipped,N,,,,,
SO2026-000388,1,4,2026-02-13,2026-02-17,2026-02-28,2026-02-15,,,,,AMZ-eCom,AMZ eCom,,30,USD,58.00,58.00,66.00,0.00,58.00,0,0.00,0,0.00,8.00,0.00,,,,,66.00,,0.00,,,,,,,,,,,,,,,Shipped,Paid,,,,,,,10001,10565,10001-2026-000388,,,,,,,,,AMZ eCom Shipping,Alex Reed,Nora Lane,AMZ eCom Retail,201 Harbor Ave,Dock 1,Main ship location,Los Angeles,CA,90002,Los Angeles,USA,ship-amz-ecom@example.com,(213) 555-1006,,,,,,,,,,,,,,,,,,,2,2026-02-13,CAMILA-06-GREEN-12,,,COSS FRONT SLIP ON SLIDES,,,EA,,,,,,,,3,0,,3,,8.00,8.00,24.00,24.00,0.00,,24.00,Y,N,Y,Y,,,,,,,,,,,,Shipped,N,,,,,
SO2026-000389,1,4,2026-01-09,2026-01-12,2026-02-28,2026-01-11,,,,,Squarespace,Squarespace,,60,USD,68.00,68.00,71.63,0.00,68.00,0,0.00,0,0.00,3.63,0.00,,,,,71.63,,0.00,,,,,,,,,,,,,,,Shipped,Paid,,,,,,,20006,10582,20006-2026-000389,,,,,,,,,Squarespace Shipping,Jamie Clark,Elin Marsh,Squarespace Digital,218 Camino Del Rio,Dock 18,Digital ship location,San Diego,CA,92108,San Diego,USA,ship-squarespace@example.com,(619) 555-2706,,,,,,,,,,,,,,,,,,,1,2026-01-09,F13031C-1742VNTGST-31-STD,809666255119,,Cayden Vintage Beujolias Corduroy Skinny Jeans,,,EA,,,,,,,,2,0,,2,,34.00,34.00,68.00,68.00,0.00,,68.00,Y,N,Y,Y,,,,,,,,,,,,Shipped,N,,,,,
SO2026-000390,1,4,2026-02-17,2026-02-22,2026-02-28,2026-02-17,,,,,Mirakl-Kohls,Mirakl Kohls,,45,USD,333.75,333.75,340.43,0.00,333.75,0,0.00,0,0.00,6.68,0.00,,,,,340.43,,0.00,,,,,,,,,,,,,,,Shipped,Paid,,,,,,,10013,10576,10013-2026-000390,,,,,,,,,Mirakl Kohls Shipping,Jamie Clark,Asha Ives,Mirakl Kohls Network,214 Silver Creek Rd,Dock 14,Partner ship location,San Jose,CA,95115,Santa Clara,USA,ship-mirakl-kohls@example.com,(408) 555-2306,,,,,,,,,,,,,,,,,,,1,2026-02-17,AVIANA-06-BEIGE-9,,,FUR SLIPPER,,,EA,,,,,,,,3,0,,3,,16.25,16.25,48.75,48.75,0.00,,48.75,Y,N,Y,Y,,,,,,,,,,,,Shipped,N,,,,,
SO2026-000390,1,4,2026-02-17,2026-02-22,2026-02-28,2026-02-17,,,,,Mirakl-Kohls,Mirakl Kohls,,45,USD,333.75,333.75,340.43,0.00,333.75,0,0.00,0,0.00,6.68,0.00,,,,,340.43,,0.00,,,,,,,,,,,,,,,Shipped,Paid,,,,,,,10013,10576,10013-2026-000390,,,,,,,,,Mirakl Kohls Shipping,Jamie Clark,Asha Ives,Mirakl Kohls Network,214 Silver Creek Rd,Dock 14,Partner ship location,San Jose,CA,95115,Santa Clara,USA,ship-mirakl-kohls@example.com,(408) 555-2306,,,,,,,,,,,,,,,,,,,2,2026-02-17,FD9801506P,,,FD9801506P,,,EA,,,,,,,,3,0,,3,,49.00,49.00,147.00,147.00,0.00,,147.00,Y,N,Y,Y,,,,,,,,,,,,Shipped,N,,,,,
SO2026-000390,1,4,2026-02-17,2026-02-22,2026-02-28,2026-02-17,,,,,Mirakl-Kohls,Mirakl Kohls,,45,USD,333.75,333.75,340.43,0.00,333.75,0,0.00,0,0.00,6.68,0.00,,,,,340.43,,0.00,,,,,,,,,,,,,,,Shipped,Paid,,,,,,,10013,10576,10013-2026-000390,,,,,,,,,Mirakl Kohls Shipping,Jamie Clark,Asha Ives,Mirakl Kohls Network,214 Silver Creek Rd,Dock 14,Partner ship location,San Jose,CA,95115,Santa Clara,USA,ship-mirakl-kohls@example.com,(408) 555-2306,,,,,,,,,,,,,,,,,,,3,2026-02-17,ADELINE-02-NUDE-B12,,,WOVEN SLIDE SANDAL,,,EA,,,,,,,,1,0,,1,,138.00,138.00,138.00,138.00,0.00,,138.00,Y,N,Y,Y,,,,,,,,,,,,Shipped,N,,,,,
SO2026-000391,1,4,2026-01-29,2026-02-03,2026-02-28,2026-01-30,,,,,Walmart-eComm,Walmart eComm,,45,USD,244.50,244.50,254.06,0.00,244.50,0,0.00,0,0.00,9.56,0.00,,,,,254.06,,0.00,,,,,,,,,,,,,,,Shipped,Paid,,,,,,,10002,10566,10002-2026-000391,,,,,,,,,Walmart eComm Shipping,Morgan Lee,Gavin Orr,Walmart eComm Retail,220 Townsend St,Dock 20,National ship location,San Francisco,CA,94109,San Francisco,USA,ship-walmart-ecomm@example.com,(415) 555-2906,,,,,,,,,,,,,,,,,,,1,2026-01-29,FD3601033-3022FROZENPD-M-STD,809666343816,,Jay-Low Tencel Denim Shirtdress - Chiffon Collar and Tie Sleeve,,,EA,,,,,,,,4,0,,4,,49.00,49.00,196.00,196.00,0.00,,196.00,Y,N,Y,Y,,,,,,,,,,,,Shipped,N,,,,,
SO2026-000391,1,4,2026-01-29,2026-02-03,2026-02-28,2026-01-30,,,,,Walmart-eComm,Walmart eComm,,45,USD,244.50,244.50,254.06,0.00,244.50,0,0.00,0,0.00,9.56,0.00,,,,,254.06,,0.00,,,,,,,,,,,,,,,Shipped,Paid,,,,,,,10002,10566,10002-2026-000391,,,,,,,,,Walmart eComm Shipping,Morgan Lee,Gavin Orr,Walmart eComm Retail,220 Townsend St,Dock 20,National ship location,San Francisco,CA,94109,San Francisco,USA,ship-walmart-ecomm@example.com,(415) 555-2906,,,,,,,,,,,,,,,,,,,2,2026-01-29,ADELINE-03-BLACK-11,,,BUCKLE FRONT FLAT SANDALS,,,EA,,,,,,,,2,0,,2,,18.50,18.50,37.00,37.00,0.00,,37.00,Y,N,Y,Y,,,,,,,,,,,,Shipped,N,,,,,
SO2026-000391,1,4,2026-01-29,2026-02-03,2026-02-28,2026-01-30,,,,,Walmart-eComm,Walmart eComm,,45,USD,244.50,244.50,254.06,0.00,244.50,0,0.00,0,0.00,9.56,0.00,,,,,254.06,,0.00,,,,,,,,,,,,,,,Shipped,Paid,,,,,,,10002,10566,10002-2026-000391,,,,,,,,,Walmart eComm Shipping,Morgan Lee,Gavin Orr,Walmart eComm Retail,220 Townsend St,Dock 20,National ship location,San Francisco,CA,94109,San Francisco,USA,ship-walmart-ecomm@example.com,(415) 555-2906,,,,,,,,,,,,,,,,,,,3,2026-01-29,ADELINE-02-CAMEL-9.5,,,WOVEN SLIDE SANDAL,,,EA,,,,,,,,1,0,,1,,11.50,11.50,11.50,11.50,0.00,,11.50,Y,N,Y,Y,,,,,,,,,,,,Shipped,N,,,,,
SO2026-000392,1,4,2026-01-08,2026-01-12,2026-02-28,2026-01-09,,,,,Etsy-VS,Etsy VS,,60,USD,264.00,264.00,266.88,0.00,264.00,0,0.00,0,0.00,2.88,0.00,,,,,266.88,,0.00,,,,,,,,,,,,,,,Shipped,Paid,,,,,,,10008,10572,10008-2026-000392,,,,,,,,,Etsy VS Shipping,Jamie Clark,Soren Vale,Etsy VS Marketplace,206 Pacific Hwy,Dock 6,Seasonal ship location,Los Angeles,CA,90004,Los Angeles,USA,ship-etsy-vs@example.com,(213) 555-1506,,,,,,,,,,,,,,,,,,,1,2026-01-08,CAMILA-06-TAUPE-7,,,COSS FRONT SLIP ON SLIDES,,,EA,,,,,,,,3,0,,3,,8.00,8.00,24.00,24.00,0.00,,24.00,Y,N,Y,Y,,,,,,,,,,,,Shipped,N,,,,,
SO2026-000392,1,4,2026-01-08,2026-01-12,2026-02-28,2026-01-09,,,,,Etsy-VS,Etsy VS,,60,USD,264.00,264.00,266.88,0.00,264.00,0,0.00,0,0.00,2.88,0.00,,,,,266.88,,0.00,,,,,,,,,,,,,,,Shipped,Paid,,,,,,,10008,10572,10008-2026-000392,,,,,,,,,Etsy VS Shipping,Jamie Clark,Soren Vale,Etsy VS Marketplace,206 Pacific Hwy,Dock 6,Seasonal ship location,Los Angeles,CA,90004,Los Angeles,USA,ship-etsy-vs@example.com,(213) 555-1506,,,,,,,,,,,,,,,,,,,2,2026-01-08,AUSTIN-06-WHITE-S,,,SNEAKER,,,EA,,,,,,,,2,0,,2,,120.00,120.00,240.00,240.00,0.00,,240.00,Y,N,Y,Y,,,,,,,,,,,,Shipped,N,,,,,
SO2026-000393,1,4,2026-01-06,2026-01-11,2026-02-28,2026-01-06,,,,,Macys,Macys,,60,USD,43.75,43.75,45.12,0.00,43.75,0,0.00,0,0.00,1.37,0.00,,,,,45.12,,0.00,,,,,,,,,,,,,,,Shipped,Paid,,,,,,,30005,10574,30005-2026-000393,,,,,,,,,Macys Shipping,Taylor Kim,Blake Jett,Macys Stores,215 King St,Dock 15,Department ship location,San Francisco,CA,94107,San Francisco,USA,ship-macys@example.com,(415) 555-2406,,,,,,,,,,,,,,,,,,,1,2026-01-06,ADELINE-02-CAMEL-5.5,,,WOVEN SLIDE SANDAL,,,EA,,,,,,,,1,0,,1,,11.50,11.50,11.50,11.50,0.00,,11.50,Y,N,Y,Y,,,,,,,,,,,,Shipped,N,,,,,
SO2026-000393,1,4,2026-01-06,2026-01-11,2026-02-28,2026-01-06,,,,,Macys,Macys,,60,USD,43.75,43.75,45.12,0.00,43.75,0,0.00,0,0.00,1.37,0.00,,,,,45.12,,0.00,,,,,,,,,,,,,,,Shipped,Paid,,,,,,,30005,10574,30005-2026-000393,,,,,,,,,Macys Shipping,Taylor Kim,Blake Jett,Macys Stores,215 King St,Dock 15,Department ship location,San Francisco,CA,94107,San Francisco,USA,ship-macys@example.com,(415) 555-2406,,,,,,,,,,,,,,,,,,,2,2026-01-06,CORA-01-BLK-7.5,,,CROSS FRONT SANDAL,,,EA,,,,,,,,3,0,,3,,10.75,10.75,32.25,32.25,0.00,,32.25,Y,N,Y,Y,,,,,,,,,,,,Shipped,N,,,,,
SO2026-000394,1,4,2026-02-08,2026-02-10,2026-02-28,2026-02-08,,,,,Squarespace,Squarespace,,60,USD,40.00,40.00,45.83,0.00,40.00,0,0.00,0,0.00,5.83,0.00,,,,,45.83,,0.00,,,,,,,,,,,,,,,Shipped,Paid,,,,,,,20006,10582,20006-2026-000394,,,,,,,,,Squarespace Shipping,Jamie Clark,Elin Marsh,Squarespace Digital,218 Camino Del Rio,Dock 18,Digital ship location,San Diego,CA,92108,San Diego,USA,ship-squarespace@example.com,(619) 555-2706,,,,,,,,,,,,,,,,,,,1,2026-02-08,AUSTIN-06-NUDE-8,,,SNEAKER,,,EA,,,,,,,,4,0,,4,,10.00,10.00,40.00,40.00,0.00,,40.00,Y,N,Y,Y,,,,,,,,,,,,Shipped,N,,,,,
SO2026-000395,1,4,2026-01-02,2026-01-03,2026-02-01,2026-01-02,,,,,eBay,eBay,,30,USD,428.00,428.00,443.93,0.00,428.00,0,0.00,0,0.00,15.93,0.00,,,,,443.93,,0.00,,,,,,,,,,,,,,,Shipped,Paid,,,,,,,10004,10570,10004-2026-000395,,,,,,,,,eBay Shipping,Morgan Lee,Quentin Hale,eBay Commerce,204 Fulfillment Ave,Dock 4,Standard ship location,San Jose,CA,95111,Santa Clara,USA,ship-ebay@example.com,(408) 555-1306,,,,,,,,,,,,,,,,,,,1,2026-01-02,34478006-BLANCMANGE-1X-STD,809666398465,,Standards & Practices Plus Size Women's Knit Tie Open Front Drape Long Maxi Duster Cashmere Cardigan-Blancmange,,,EA,,,,,,,,1,0,,1,,428.00,428.00,428.00,428.00,0.00,,428.00,Y,N,Y,Y,,,,,,,,,,,,Shipped,N,,,,,
SO2026-000396,1,4,2026-01-18,2026-01-18,2026-02-28,2026-01-18,,,,,Mirakl-Kohls,Mirakl Kohls,,45,USD,170.25,170.25,170.36,0.00,170.25,0,0.00,0,0.00,0.11,0.00,,,,,170.36,,0.00,,,,,,,,,,,,,,,Shipped,Paid,,,,,,,10013,10576,10013-2026-000396,,,,,,,,,Mirakl Kohls Shipping,Jamie Clark,Asha Ives,Mirakl Kohls Network,214 Silver Creek Rd,Dock 14,Partner ship location,San Jose,CA,95115,Santa Clara,USA,ship-mirakl-kohls@example.com,(408) 555-2306,,,,,,,,,,,,,,,,,,,1,2026-01-18,ADELINE-02-PINK-S,,,WOVEN SLIDE SANDAL,,,EA,,,,,,,,1,0,,1,,138.00,138.00,138.00,138.00,0.00,,138.00,Y,N,Y,Y,,,,,,,,,,,,Shipped,N,,,,,
SO2026-000396,1,4,2026-01-18,2026-01-18,2026-02-28,2026-01-18,,,,,Mirakl-Kohls,Mirakl Kohls,,45,USD,170.25,170.25,170.36,0.00,170.25,0,0.00,0,0.00,0.11,0.00,,,,,170.36,,0.00,,,,,,,,,,,,,,,Shipped,Paid,,,,,,,10013,10576,10013-2026-000396,,,,,,,,,Mirakl Kohls Shipping,Jamie Clark,Asha Ives,Mirakl Kohls Network,214 Silver Creek Rd,Dock 14,Partner ship location,San Jose,CA,95115,Santa Clara,USA,ship-mirakl-kohls@example.com,(408) 555-2306,,,,,,,,,,,,,,,,,,,2,2026-01-18,CORA-01-LEOP-8.5,,,CROSS FRONT SANDAL,,,EA,,,,,,,,3,0,,3,,10.75,10.75,32.25,32.25,0.00,,32.25,Y,N,Y,Y,,,,,,,,,,,,Shipped,N,,,,,
SO2026-000397,1,4,2026-01-06,2026-01-10,2026-02-05,2026-01-07,,,,,Magento,Magento,,30,USD,68.00,68.00,79.60,0.00,68.00,0,0.00,0,0.00,11.60,0.00,,,,,79.60,,0.00,,,,,,,,,,,,,,,Shipped,Paid,,,,,,,20003,10581,20003-2026-000397,,,,,,,,,Magento Shipping,Morgan Lee,Cora Knox,Magento Platform,216 Century Blvd,Dock 16,Platform ship location,Los Angeles,CA,90008,Los Angeles,USA,ship-magento@example.com,(213) 555-2506,,,,,,,,,,,,,,,,,,,1,2026-01-06,FA13501DM-1608BLAU2-26-32,809666857849,,Maya Basic Dark Handsand Wash Midrise Skinny Jeans,,,EA,,,,,,,,2,0,,2,,34.00,34.00,68.00,68.00,0.00,,68.00,Y,N,Y,Y,,,,,,,,,,,,Shipped,N,,,,,
SO2026-000398,1,4,2026-01-13,2026-01-15,2026-02-12,2026-01-14,,,,,Magento,Magento,,30,USD,68.00,68.00,83.09,0.00,68.00,0,0.00,0,0.00,15.09,0.00,,,,,83.09,,0.00,,,,,,,,,,,,,,,Shipped,Paid,,,,,,,20003,10581,20003-2026-000398,,,,,,,,,Magento Shipping,Morgan Lee,Cora Knox,Magento Platform,216 Century Blvd,Dock 16,Platform ship location,Los Angeles,CA,90008,Los Angeles,USA,ship-magento@example.com,(213) 555-2506,,,,,,,,,,,,,,,,,,,1,2026-01-13,FA13501DM-RINSEWSFT-27-30,809666858303,,Maya Basic Dark Handsand Wash Midrise Skinny Jeans,,,EA,,,,,,,,2,0,,2,,34.00,34.00,68.00,68.00,0.00,,68.00,Y,N,Y,Y,,,,,,,,,,,,Shipped,N,,,,,
SO2026-000399,1,4,2026-01-08,2026-01-09,2026-02-07,2026-01-08,,,,,JCPenney,JCPenney,,30,USD,93.75,93.75,101.36,0.00,93.75,0,0.00,0,0.00,7.61,0.00,,,,,101.36,,0.00,,,,,,,,,,,,,,,Shipped,Paid,,,,,,,30007,10575,30007-2026-000399,,,,,,,,,JCPenney Shipping,Alex Reed,Zane Holt,JCPenney Stores,213 Gateway Rd,Dock 13,Retail ship location,San Diego,CA,92106,San Diego,USA,ship-jcpenney@example.com,(619) 555-2206,,,,,,,,,,,,,,,,,,,1,2026-01-08,CAMILA-06-GREEN-8.5,,,COSS FRONT SLIP ON SLIDES,,,EA,,,,,,,,1,0,,1,,8.00,8.00,8.00,8.00,0.00,,8.00,Y,N,Y,Y,,,,,,,,,,,,Shipped,N,,,,,
SO2026-000399,1,4,2026-01-08,2026-01-09,2026-02-07,2026-01-08,,,,,JCPenney,JCPenney,,30,USD,93.75,93.75,101.36,0.00,93.75,0,0.00,0,0.00,7.61,0.00,,,,,101.36,,0.00,,,,,,,,,,,,,,,Shipped,Paid,,,,,,,30007,10575,30007-2026-000399,,,,,,,,,JCPenney Shipping,Alex Reed,Zane Holt,JCPenney Stores,213 Gateway Rd,Dock 13,Retail ship location,San Diego,CA,92106,San Diego,USA,ship-jcpenney@example.com,(619) 555-2206,,,,,,,,,,,,,,,,,,,2,2026-01-08,AVIANA-06-WHITE-6.5,,,FUR SLIPPER,,,EA,,,,,,,,4,0,,4,,16.25,16.25,65.00,65.00,0.00,,65.00,Y,N,Y,Y,,,,,,,,,,,,Shipped,N,,,,,
SO2026-000399,1,4,2026-01-08,2026-01-09,2026-02-07,2026-01-08,,,,,JCPenney,JCPenney,,30,USD,93.75,93.75,101.36,0.00,93.75,0,0.00,0,0.00,7.61,0.00,,,,,101.36,,0.00,,,,,,,,,,,,,,,Shipped,Paid,,,,,,,30007,10575,30007-2026-000399,,,,,,,,,JCPenney Shipping,Alex Reed,Zane Holt,JCPenney Stores,213 Gateway Rd,Dock 13,Retail ship location,San Diego,CA,92106,San Diego,USA,ship-jcpenney@example.com,(619) 555-2206,,,,,,,,,,,,,,,,,,,3,2026-01-08,ASTRID-01-BLACK-8,,,SLIP ON SNEAKER,,,EA,,,,,,,,1,0,,1,,20.75,20.75,20.75,20.75,0.00,,20.75,Y,N,Y,Y,,,,,,,,,,,,Shipped,N,,,,,
SO2026-000400,1,4,2026-01-10,2026-01-12,2026-02-24,2026-01-11,,,,,Walmart-eComm,Walmart eComm,,45,USD,67.25,67.25,76.51,0.00,67.25,0,0.00,0,0.00,9.26,0.00,,,,,76.51,,0.00,,,,,,,,,,,,,,,Shipped,Paid,,,,,,,10002,10566,10002-2026-000400,,,,,,,,,Walmart eComm Shipping,Morgan Lee,Gavin Orr,Walmart eComm Retail,220 Townsend St,Dock 20,National ship location,San Francisco,CA,94109,San Francisco,USA,ship-walmart-ecomm@example.com,(415) 555-2906,,,,,,,,,,,,,,,,,,,1,2026-01-10,AVIANA-06-PINK-9,,,FUR SLIPPER,,,EA,,,,,,,,3,0,,3,,16.25,16.25,48.75,48.75,0.00,,48.75,Y,N,Y,Y,,,,,,,,,,,,Shipped,N,,,,,
SO2026-000400,1,4,2026-01-10,2026-01-12,2026-02-24,2026-01-11,,,,,Walmart-eComm,Walmart eComm,,45,USD,67.25,67.25,76.51,0.00,67.25,0,0.00,0,0.00,9.26,0.00,,,,,76.51,,0.00,,,,,,,,,,,,,,,Shipped,Paid,,,,,,,10002,10566,10002-2026-000400,,,,,,,,,Walmart eComm Shipping,Morgan Lee,Gavin Orr,Walmart eComm Retail,220 Townsend St,Dock 20,National ship location,San Francisco,CA,94109,San Francisco,USA,ship-walmart-ecomm@example.com,(415) 555-2906,,,,,,,,,,,,,,,,,,,2,2026-01-10,ADELINE-03-BROWN-7,,,BUCKLE FRONT FLAT SANDALS,,,EA,,,,,,,,1,0,,1,,18.50,18.50,18.50,18.50,0.00,,18.50,Y,N,Y,Y,,,,,,,,,,,,Shipped,N,,,,,
SO2026-000401,1,4,2026-02-17,2026-02-20,2026-02-28,2026-02-18,,,,,Shopify,Shopify,,45,USD,110.25,110.25,113.36,0.00,110.25,0,0.00,0,0.00,3.11,0.00,,,,,113.36,,0.00,,,,,,,,,,,,,,,Shipped,Paid,,,,,,,20001,10580,20001-2026-000401,,,,,,,,,Shopify Shipping,Alex Reed,Dario Lowe,Shopify Commerce,217 Barranca Pkwy,Dock 17,Commerce ship location,Irvine,CA,92609,Orange,USA,ship-shopify@example.com,(949) 555-2606,,,,,,,,,,,,,,,,,,,1,2026-02-17,ASTRID-01-BLUSH-8,,,SLIP ON SNEAKER,,,EA,,,,,,,,3,0,,3,,20.75,20.75,62.25,62.25,0.00,,62.25,Y,N,Y,Y,,,,,,,,,,,,Shipped,N,,,,,
SO2026-000401,1,4,2026-02-17,2026-02-20,2026-02-28,2026-02-18,,,,,Shopify,Shopify,,45,USD,110.25,110.25,113.36,0.00,110.25,0,0.00,0,0.00,3.11,0.00,,,,,113.36,,0.00,,,,,,,,,,,,,,,Shipped,Paid,,,,,,,20001,10580,20001-2026-000401,,,,,,,,,Shopify Shipping,Alex Reed,Dario Lowe,Shopify Commerce,217 Barranca Pkwy,Dock 17,Commerce ship location,Irvine,CA,92609,Orange,USA,ship-shopify@example.com,(949) 555-2606,,,,,,,,,,,,,,,,,,,2,2026-02-17,173451-1183CITIZEN-9-STD,809666377903,,Susan Stretch Denim Skinny Jeans Medium Blue 5 Pocket Wash,,,EA,,,,,,,,2,0,,2,,24.00,24.00,48.00,48.00,0.00,,48.00,Y,N,Y,Y,,,,,,,,,,,,Shipped,N,,,,,
SO2026-000402,1,4,2026-02-22,2026-02-25,2026-02-28,2026-02-24,,,,,eBay,eBay,,30,USD,103.75,103.75,103.75,0.00,103.75,0,0.00,0,0.00,0.00,0.00,,,,,103.75,,0.00,,,,,,,,,,,,,,,Shipped,Paid,,,,,,,10004,10570,10004-2026-000402,,,,,,,,,eBay Shipping,Morgan Lee,Quentin Hale,eBay Commerce,204 Fulfillment Ave,Dock 4,Standard ship location,San Jose,CA,95111,Santa Clara,USA,ship-ebay@example.com,(408) 555-1306,,,,,,,,,,,,,,,,,,,1,2026-02-22,ASTRID-01-GREY-6.5,,,SLIP ON SNEAKER,,,EA,,,,,,,,4,0,,4,,20.75,20.75,83.00,83.00,0.00,,83.00,Y,N,Y,Y,,,,,,,,,,,,Shipped,N,,,,,
SO2026-000402,1,4,2026-02-22,2026-02-25,2026-02-28,2026-02-24,,,,,eBay,eBay,,30,USD,103.75,103.75,103.75,0.00,103.75,0,0.00,0,0.00,0.00,0.00,,,,,103.75,,0.00,,,,,,,,,,,,,,,Shipped,Paid,,,,,,,10004,10570,10004-2026-000402,,,,,,,,,eBay Shipping,Morgan Lee,Quentin Hale,eBay Commerce,204 Fulfillment Ave,Dock 4,Standard ship location,San Jose,CA,95111,Santa Clara,USA,ship-ebay@example.com,(408) 555-1306,,,,,,,,,,,,,,,,,,,2,2026-02-22,ASTRID-01-NUDE-12,,,SLIP ON SNEAKER,,,EA,,,,,,,,1,0,,1,,20.75,20.75,20.75,20.75,0.00,,20.75,Y,N,Y,Y,,,,,,,,,,,,Shipped,N,,,,,
SO2026-000403,1,4,2026-01-09,2026-01-09,2026-02-28,2026-01-11,,,,,Squarespace,Squarespace,,60,USD,42.50,42.50,48.94,0.00,42.50,0,0.00,0,0.00,6.44,0.00,,,,,48.94,,0.00,,,,,,,,,,,,,,,Shipped,Paid,,,,,,,20006,10582,20006-2026-000403,,,,,,,,,Squarespace Shipping,Jamie Clark,Elin Marsh,Squarespace Digital,218 Camino Del Rio,Dock 18,Digital ship location,San Diego,CA,92108,San Diego,USA,ship-squarespace@example.com,(619) 555-2706,,,,,,,,,,,,,,,,,,,1,2026-01-09,ADELINE-03-BLUE-12,,,BUCKLE FRONT FLAT SANDALS,,,EA,,,,,,,,1,0,,1,,18.50,18.50,18.50,18.50,0.00,,18.50,Y,N,Y,Y,,,,,,,,,,,,Shipped,N,,,,,
SO2026-000403,1,4,2026-01-09,2026-01-09,2026-02-28,2026-01-11,,,,,Squarespace,Squarespace,,60,USD,42.50,42.50,48.94,0.00,42.50,0,0.00,0,0.00,6.44,0.00,,,,,48.94,,0.00,,,,,,,,,,,,,,,Shipped,Paid,,,,,,,20006,10582,20006-2026-000403,,,,,,,,,Squarespace Shipping,Jamie Clark,Elin Marsh,Squarespace Digital,218 Camino Del Rio,Dock 18,Digital ship location,San Diego,CA,92108,San Diego,USA,ship-squarespace@example.com,(619) 555-2706,,,,,,,,,,,,,,,,,,,2,2026-01-09,173451-1183CITIZEN,,,These darling blue jeans feature a rolled cuff that makes them feel both modern and classic. These p,,,EA,,,,,,,,1,0,,1,,24.00,24.00,24.00,24.00,0.00,,24.00,Y,N,Y,Y,,,,,,,,,,,,Shipped,N,,,,,
SO2026-000404,1,4,2026-02-27,2026-02-28,2026-02-28,2026-02-27,,,,,Squarespace,Squarespace,,60,USD,133.00,133.00,146.83,0.00,133.00,0,0.00,0,0.00,13.83,0.00,,,,,146.83,,0.00,,,,,,,,,,,,,,,Shipped,Paid,,,,,,,20006,10582,20006-2026-000404,,,,,,,,,Squarespace Shipping,Jamie Clark,Elin Marsh,Squarespace Digital,218 Camino Del Rio,Dock 18,Digital ship location,San Diego,CA,92108,San Diego,USA,ship-squarespace@example.com,(619) 555-2706,,,,,,,,,,,,,,,,,,,1,2026-02-27,FA16105WV-MIDNIGHTBLUE-S-STD,809666795530,,Patricia Woven Chiffon Midnight Blue Palazzo Pant W Elastic Waist,,,EA,,,,,,,,3,0,,3,,39.00,39.00,117.00,117.00,0.00,,117.00,Y,N,Y,Y,,,,,,,,,,,,Shipped,N,,,,,
SO2026-000404,1,4,2026-02-27,2026-02-28,2026-02-28,2026-02-27,,,,,Squarespace,Squarespace,,60,USD,133.00,133.00,146.83,0.00,133.00,0,0.00,0,0.00,13.83,0.00,,,,,146.83,,0.00,,,,,,,,,,,,,,,Shipped,Paid,,,,,,,20006,10582,20006-2026-000404,,,,,,,,,Squarespace Shipping,Jamie Clark,Elin Marsh,Squarespace Digital,218 Camino Del Rio,Dock 18,Digital ship location,San Diego,CA,92108,San Diego,USA,ship-squarespace@example.com,(619) 555-2706,,,,,,,,,,,,,,,,,,,2,2026-02-27,CAMILA-06-LILAC-9.5,,,COSS FRONT SLIP ON SLIDES,,,EA,,,,,,,,2,0,,2,,8.00,8.00,16.00,16.00,0.00,,16.00,Y,N,Y,Y,,,,,,,,,,,,Shipped,N,,,,,
SO2026-000405,1,4,2026-01-06,2026-01-07,2026-02-20,2026-01-06,,,,,Shopify,Shopify,,45,USD,78.00,78.00,82.94,0.00,78.00,0,0.00,0,0.00,4.94,0.00,,,,,82.94,,0.00,,,,,,,,,,,,,,,Shipped,Paid,,,,,,,20001,10580,20001-2026-000405,,,,,,,,,Shopify Shipping,Alex Reed,Dario Lowe,Shopify Commerce,217 Barranca Pkwy,Dock 17,Commerce ship location,Irvine,CA,92609,Orange,USA,ship-shopify@example.com,(949) 555-2606,,,,,,,,,,,,,,,,,,,1,2026-01-06,FA16023WV-MIDNIGHTBLUE-XS-STD,809666300970,,Olivia Woven GGT Midnight Blue Kimono Wrap Maxi Dress,,,EA,,,,,,,,2,0,,2,,39.00,39.00,78.00,78.00,0.00,,78.00,Y,N,Y,Y,,,,,,,,,,,,Shipped,N,,,,,
SO2026-000406,1,4,2026-01-18,2026-01-19,2026-02-28,2026-01-20,,,,,Walmart-eComm,Walmart eComm,,45,USD,70.00,70.00,71.50,0.00,70.00,0,0.00,0,0.00,1.50,0.00,,,,,71.50,,0.00,,,,,,,,,,,,,,,Shipped,Paid,,,,,,,10002,10566,10002-2026-000406,,,,,,,,,Walmart eComm Shipping,Morgan Lee,Gavin Orr,Walmart eComm Retail,220 Townsend St,Dock 20,National ship location,San Francisco,CA,94109,San Francisco,USA,ship-walmart-ecomm@example.com,(415) 555-2906,,,,,,,,,,,,,,,,,,,1,2026-01-18,AUSTIN-06-WHITE-9,,,SNEAKER,,,EA,,,,,,,,3,0,,3,,10.00,10.00,30.00,30.00,0.00,,30.00,Y,N,Y,Y,,,,,,,,,,,,Shipped,N,,,,,
SO2026-000406,1,4,2026-01-18,2026-01-19,2026-02-28,2026-01-20,,,,,Walmart-eComm,Walmart eComm,,45,USD,70.00,70.00,71.50,0.00,70.00,0,0.00,0,0.00,1.50,0.00,,,,,71.50,,0.00,,,,,,,,,,,,,,,Shipped,Paid,,,,,,,10002,10566,10002-2026-000406,,,,,,,,,Walmart eComm Shipping,Morgan Lee,Gavin Orr,Walmart eComm Retail,220 Townsend St,Dock 20,National ship location,San Francisco,CA,94109,San Francisco,USA,ship-walmart-ecomm@example.com,(415) 555-2906,,,,,,,,,,,,,,,,,,,2,2026-01-18,AUSTIN-06-BLACK-8.5,,,SNEAKER,,,EA,,,,,,,,4,0,,4,,10.00,10.00,40.00,40.00,0.00,,40.00,Y,N,Y,Y,,,,,,,,,,,,Shipped,N,,,,,
SO2026-000407,1,4,2026-01-19,2026-01-21,2026-02-18,2026-01-20,,,,,Magento,Magento,,30,USD,122.50,122.50,125.20,0.00,122.50,0,0.00,0,0.00,2.70,0.00,,,,,125.20,,0.00,,,,,,,,,,,,,,,Shipped,Paid,,,,,,,20003,10581,20003-2026-000407,,,,,,,,,Magento Shipping,Morgan Lee,Cora Knox,Magento Platform,216 Century Blvd,Dock 16,Platform ship location,Los Angeles,CA,90008,Los Angeles,USA,ship-magento@example.com,(213) 555-2506,,,,,,,,,,,,,,,,,,,1,2026-01-19,ADELINE-02-NUDE-7,,,WOVEN SLIDE SANDAL,,,EA,,,,,,,,3,0,,3,,11.50,11.50,34.50,34.50,0.00,,34.50,Y,N,Y,Y,,,,,,,,,,,,Shipped,N,,,,,
SO2026-000407,1,4,2026-01-19,2026-01-21,2026-02-18,2026-01-20,,,,,Magento,Magento,,30,USD,122.50,122.50,125.20,0.00,122.50,0,0.00,0,0.00,2.70,0.00,,,,,125.20,,0.00,,,,,,,,,,,,,,,Shipped,Paid,,,,,,,20003,10581,20003-2026-000407,,,,,,,,,Magento Shipping,Morgan Lee,Cora Knox,Magento Platform,216 Century Blvd,Dock 16,Platform ship location,Los Angeles,CA,90008,Los Angeles,USA,ship-magento@example.com,(213) 555-2506,,,,,,,,,,,,,,,,,,,2,2026-01-19,AVIANA-06-BLACK-8,,,FUR SLIPPER,,,EA,,,,,,,,4,0,,4,,16.25,16.25,65.00,65.00,0.00,,65.00,Y,N,Y,Y,,,,,,,,,,,,Shipped,N,,,,,
SO2026-000407,1,4,2026-01-19,2026-01-21,2026-02-18,2026-01-20,,,,,Magento,Magento,,30,USD,122.50,122.50,125.20,0.00,122.50,0,0.00,0,0.00,2.70,0.00,,,,,125.20,,0.00,,,,,,,,,,,,,,,Shipped,Paid,,,,,,,20003,10581,20003-2026-000407,,,,,,,,,Magento Shipping,Morgan Lee,Cora Knox,Magento Platform,216 Century Blvd,Dock 16,Platform ship location,Los Angeles,CA,90008,Los Angeles,USA,ship-magento@example.com,(213) 555-2506,,,,,,,,,,,,,,,,,,,3,2026-01-19,ADELINE-02-WHITE-8.5,,,WOVEN SLIDE SANDAL,,,EA,,,,,,,,2,0,,2,,11.50,11.50,23.00,23.00,0.00,,23.00,Y,N,Y,Y,,,,,,,,,,,,Shipped,N,,,,,
SO2026-000408,1,4,2026-02-06,2026-02-10,2026-02-28,2026-02-06,,,,,Squarespace,Squarespace,,60,USD,174.00,174.00,186.59,0.00,174.00,0,0.00,0,0.00,12.59,0.00,,,,,186.59,,0.00,,,,,,,,,,,,,,,Shipped,Paid,,,,,,,20006,10582,20006-2026-000408,,,,,,,,,Squarespace Shipping,Jamie Clark,Elin Marsh,Squarespace Digital,218 Camino Del Rio,Dock 18,Digital ship location,San Diego,CA,92108,San Diego,USA,ship-squarespace@example.com,(619) 555-2706,,,,,,,,,,,,,,,,,,,1,2026-02-06,AUSTIN-06-CAMEL-10,,,SNEAKER,,,EA,,,,,,,,3,0,,3,,10.00,10.00,30.00,30.00,0.00,,30.00,Y,N,Y,Y,,,,,,,,,,,,Shipped,N,,,,,
SO2026-000408,1,4,2026-02-06,2026-02-10,2026-02-28,2026-02-06,,,,,Squarespace,Squarespace,,60,USD,174.00,174.00,186.59,0.00,174.00,0,0.00,0,0.00,12.59,0.00,,,,,186.59,,0.00,,,,,,,,,,,,,,,Shipped,Paid,,,,,,,20006,10582,20006-2026-000408,,,,,,,,,Squarespace Shipping,Jamie Clark,Elin Marsh,Squarespace Digital,218 Camino Del Rio,Dock 18,Digital ship location,San Diego,CA,92108,San Diego,USA,ship-squarespace@example.com,(619) 555-2706,,,,,,,,,,,,,,,,,,,2,2026-02-06,AUSTIN-06-CAMEL-A12,,,SNEAKER,,,EA,,,,,,,,1,0,,1,,120.00,120.00,120.00,120.00,0.00,,120.00,Y,N,Y,Y,,,,,,,,,,,,Shipped,N,,,,,
SO2026-000408,1,4,2026-02-06,2026-02-10,2026-02-28,2026-02-06,,,,,Squarespace,Squarespace,,60,USD,174.00,174.00,186.59,0.00,174.00,0,0.00,0,0.00,12.59,0.00,,,,,186.59,,0.00,,,,,,,,,,,,,,,Shipped,Paid,,,,,,,20006,10582,20006-2026-000408,,,,,,,,,Squarespace Shipping,Jamie Clark,Elin Marsh,Squarespace Digital,218 Camino Del Rio,Dock 18,Digital ship location,San Diego,CA,92108,San Diego,USA,ship-squarespace@example.com,(619) 555-2706,,,,,,,,,,,,,,,,,,,3,2026-02-06,CAMILA-06-LILAC-10,,,COSS FRONT SLIP ON SLIDES,,,EA,,,,,,,,3,0,,3,,8.00,8.00,24.00,24.00,0.00,,24.00,Y,N,Y,Y,,,,,,,,,,,,Shipped,N,,,,,
SO2026-000409,1,4,2026-01-01,2026-01-04,2026-02-15,2026-01-01,,,,,Etsy-LS,Etsy LS,,45,USD,70.25,70.25,74.41,0.00,70.25,0,0.00,0,0.00,4.16,0.00,,,,,74.41,,0.00,,,,,,,,,,,,,,,Shipped,Paid,,,,,,,10008,10571,10008-2026-000409,,,,,,,,,Etsy LS Shipping,Alex Reed,Rhea Moss,Etsy LS Marketplace,205 Mission St,Dock 5,Marketplace ship location,San Francisco,CA,94103,San Francisco,USA,ship-etsy-ls@example.com,(415) 555-1406,,,,,,,,,,,,,,,,,,,1,2026-01-01,CORA-01-CAME-7.5,,,CROSS FRONT SANDAL,,,EA,,,,,,,,2,0,,2,,10.75,10.75,21.50,21.50,0.00,,21.50,Y,N,Y,Y,,,,,,,,,,,,Shipped,N,,,,,
SO2026-000409,1,4,2026-01-01,2026-01-04,2026-02-15,2026-01-01,,,,,Etsy-LS,Etsy LS,,45,USD,70.25,70.25,74.41,0.00,70.25,0,0.00,0,0.00,4.16,0.00,,,,,74.41,,0.00,,,,,,,,,,,,,,,Shipped,Paid,,,,,,,10008,10571,10008-2026-000409,,,,,,,,,Etsy LS Shipping,Alex Reed,Rhea Moss,Etsy LS Marketplace,205 Mission St,Dock 5,Marketplace ship location,San Francisco,CA,94103,San Francisco,USA,ship-etsy-ls@example.com,(415) 555-1406,,,,,,,,,,,,,,,,,,,2,2026-01-01,AVIANA-06-BLACK-5,,,FUR SLIPPER,,,EA,,,,,,,,3,0,,3,,16.25,16.25,48.75,48.75,0.00,,48.75,Y,N,Y,Y,,,,,,,,,,,,Shipped,N,,,,,
SO2026-000410,1,4,2026-02-11,2026-02-13,2026-02-28,2026-02-11,,,,,Macys,Macys,,60,USD,230.00,230.00,230.00,0.00,230.00,0,0.00,0,0.00,0.00,0.00,,,,,230.00,,0.00,,,,,,,,,,,,,,,Shipped,Paid,,,,,,,30005,10574,30005-2026-000410,,,,,,,,,Macys Shipping,Taylor Kim,Blake Jett,Macys Stores,215 King St,Dock 15,Department ship location,San Francisco,CA,94107,San Francisco,USA,ship-macys@example.com,(415) 555-2406,,,,,,,,,,,,,,,,,,,1,2026-02-11,F13031C-1742VNTGBJ-25-STD,809666254785,,Cayden Vintage Beujolias Corduroy Skinny Jeans,,,EA,,,,,,,,1,0,,1,,34.00,34.00,34.00,34.00,0.00,,34.00,Y,N,Y,Y,,,,,,,,,,,,Shipped,N,,,,,
SO2026-000410,1,4,2026-02-11,2026-02-13,2026-02-28,2026-02-11,,,,,Macys,Macys,,60,USD,230.00,230.00,230.00,0.00,230.00,0,0.00,0,0.00,0.00,0.00,,,,,230.00,,0.00,,,,,,,,,,,,,,,Shipped,Paid,,,,,,,30005,10574,30005-2026-000410,,,,,,,,,Macys Shipping,Taylor Kim,Blake Jett,Macys Stores,215 King St,Dock 15,Department ship location,San Francisco,CA,94107,San Francisco,USA,ship-macys@example.com,(415) 555-2406,,,,,,,,,,,,,,,,,,,2,2026-02-11,FD3601033,,,Jay-Low Tencel Denim Shirtdress - Chiffon Collar and Tie Sleeve,,,EA,,,,,,,,4,0,,4,,49.00,49.00,196.00,196.00,0.00,,196.00,Y,N,Y,Y,,,,,,,,,,,,Shipped,N,,,,,
SO2026-000411,1,4,2026-01-15,2026-01-19,2026-02-28,2026-01-17,,,,,Mirakl-Kohls,Mirakl Kohls,,45,USD,80.00,80.00,92.76,0.00,80.00,0,0.00,0,0.00,12.76,0.00,,,,,92.76,,0.00,,,,,,,,,,,,,,,Shipped,Paid,,,,,,,10013,10576,10013-2026-000411,,,,,,,,,Mirakl Kohls Shipping,Jamie Clark,Asha Ives,Mirakl Kohls Network,214 Silver Creek Rd,Dock 14,Partner ship location,San Jose,CA,95115,Santa Clara,USA,ship-mirakl-kohls@example.com,(408) 555-2306,,,,,,,,,,,,,,,,,,,1,2026-01-15,F13031C-1742VNTGDM-31-STD,809666255027,,Cayden Vintage Beujolias Corduroy Skinny Jeans,,,EA,,,,,,,,1,0,,1,,34.00,34.00,34.00,34.00,0.00,,34.00,Y,N,Y,Y,,,,,,,,,,,,Shipped,N,,,,,
SO2026-000411,1,4,2026-01-15,2026-01-19,2026-02-28,2026-01-17,,,,,Mirakl-Kohls,Mirakl Kohls,,45,USD,80.00,80.00,92.76,0.00,80.00,0,0.00,0,0.00,12.76,0.00,,,,,92.76,,0.00,,,,,,,,,,,,,,,Shipped,Paid,,,,,,,10013,10576,10013-2026-000411,,,,,,,,,Mirakl Kohls Shipping,Jamie Clark,Asha Ives,Mirakl Kohls Network,214 Silver Creek Rd,Dock 14,Partner ship location,San Jose,CA,95115,Santa Clara,USA,ship-mirakl-kohls@example.com,(408) 555-2306,,,,,,,,,,,,,,,,,,,2,2026-01-15,ADELINE-02-WHITE-8,,,WOVEN SLIDE SANDAL,,,EA,,,,,,,,4,0,,4,,11.50,11.50,46.00,46.00,0.00,,46.00,Y,N,Y,Y,,,,,,,,,,,,Shipped,N,,,,,
SO2026-000412,1,4,2026-01-31,2026-02-04,2026-02-28,2026-02-01,,,,,Walmart-eComm,Walmart eComm,,45,USD,136.00,136.00,149.41,0.00,136.00,0,0.00,0,0.00,13.41,0.00,,,,,149.41,,0.00,,,,,,,,,,,,,,,Shipped,Paid,,,,,,,10002,10566,10002-2026-000412,,,,,,,,,Walmart eComm Shipping,Morgan Lee,Gavin Orr,Walmart eComm Retail,220 Townsend St,Dock 20,National ship location,San Francisco,CA,94109,San Francisco,USA,ship-walmart-ecomm@example.com,(415) 555-2906,,,,,,,,,,,,,,,,,,,1,2026-01-31,F13031C-1742VNTGDM-28-STD,809666254990,,Cayden Vintage Beujolias Corduroy Skinny Jeans,,,EA,,,,,,,,4,0,,4,,34.00,34.00,136.00,136.00,0.00,,136.00,Y,N,Y,Y,,,,,,,,,,,,Shipped,N,,,,,
SO2026-000413,1,4,2026-02-24,2026-02-26,2026-02-28,2026-02-24,,,,,Mirakl-Kohls,Mirakl Kohls,,45,USD,171.00,171.00,171.06,0.00,171.00,0,0.00,0,0.00,0.06,0.00,,,,,171.06,,0.00,,,,,,,,,,,,,,,Shipped,Paid,,,,,,,10013,10576,10013-2026-000413,,,,,,,,,Mirakl Kohls Shipping,Jamie Clark,Asha Ives,Mirakl Kohls Network,214 Silver Creek Rd,Dock 14,Partner ship location,San Jose,CA,95115,Santa Clara,USA,ship-mirakl-kohls@example.com,(408) 555-2306,,,,,,,,,,,,,,,,,,,1,2026-02-24,ADELINE-02-NUDE,,,WOVEN SLIDE SANDAL,,,EA,,,,,,,,1,0,,1,,171.00,171.00,171.00,171.00,0.00,,171.00,Y,N,Y,Y,,,,,,,,,,,,Shipped,N,,,,,
SO2026-000414,1,4,2026-02-14,2026-02-16,2026-02-28,2026-02-15,,,,,Walmart-eComm,Walmart eComm,,45,USD,354.00,354.00,365.00,0.00,354.00,0,0.00,0,0.00,11.00,0.00,,,,,365.00,,0.00,,,,,,,,,,,,,,,Shipped,Paid,,,,,,,10002,10566,10002-2026-000414,,,,,,,,,Walmart eComm Shipping,Morgan Lee,Gavin Orr,Walmart eComm Retail,220 Townsend St,Dock 20,National ship location,San Francisco,CA,94109,San Francisco,USA,ship-walmart-ecomm@example.com,(415) 555-2906,,,,,,,,,,,,,,,,,,,1,2026-02-14,ADELINE-03-BLUE,,,BUCKLE FRONT FLAT SANDALS,,,EA,,,,,,,,2,0,,2,,177.00,177.00,354.00,354.00,0.00,,354.00,Y,N,Y,Y,,,,,,,,,,,,Shipped,N,,,,,
SO2026-000415,1,4,2026-02-23,2026-02-26,2026-02-28,2026-02-23,,,,,Mirakl-HudsonsB,Mirakl HudsonsB,,60,USD,34.00,34.00,48.24,0.00,34.00,0,0.00,0,0.00,14.24,0.00,,,,,48.24,,0.00,,,,,,,,,,,,,,,Shipped,Paid,,,,,,,10005,10577,10005-2026-000415,,,,,,,,,Mirakl HudsonsB Shipping,Morgan Lee,Yara Glenn,Mirakl HudsonsB Network,212 Quail Hill Pkwy,Dock 12,Network ship location,Irvine,CA,92607,Orange,USA,ship-mirakl-hudsonsb@example.com,(949) 555-2106,,,,,,,,,,,,,,,,,,,1,2026-02-23,F13031C-1742VNTGBJ-27-STD,809666254808,,Cayden Vintage Beujolias Corduroy Skinny Jeans,,,EA,,,,,,,,1,0,,1,,34.00,34.00,34.00,34.00,0.00,,34.00,Y,N,Y,Y,,,,,,,,,,,,Shipped,N,,,,,
SO2026-000416,1,4,2026-01-10,2026-01-12,2026-02-09,2026-01-10,,,,,Magento,Magento,,30,USD,117.00,117.00,119.42,0.00,117.00,0,0.00,0,0.00,2.42,0.00,,,,,119.42,,0.00,,,,,,,,,,,,,,,Shipped,Paid,,,,,,,20003,10581,20003-2026-000416,,,,,,,,,Magento Shipping,Morgan Lee,Cora Knox,Magento Platform,216 Century Blvd,Dock 16,Platform ship location,Los Angeles,CA,90008,Los Angeles,USA,ship-magento@example.com,(213) 555-2506,,,,,,,,,,,,,,,,,,,1,2026-01-10,FA16105WV,,,Woven chiffon palazzo pant with elastic waist. Side entry pockets. Lined with a jersey short.,,,EA,,,,,,,,3,0,,3,,39.00,39.00,117.00,117.00,0.00,,117.00,Y,N,Y,Y,,,,,,,,,,,,Shipped,N,,,,,
SO2026-000417,1,4,2026-01-10,2026-01-13,2026-02-24,2026-01-10,,,,,Shopify,Shopify,,45,USD,86.00,86.00,98.78,0.00,86.00,0,0.00,0,0.00,12.78,0.00,,,,,98.78,,0.00,,,,,,,,,,,,,,,Shipped,Paid,,,,,,,20001,10580,20001-2026-000417,,,,,,,,,Shopify Shipping,Alex Reed,Dario Lowe,Shopify Commerce,217 Barranca Pkwy,Dock 17,Commerce ship location,Irvine,CA,92609,Orange,USA,ship-shopify@example.com,(949) 555-2606,,,,,,,,,,,,,,,,,,,1,2026-01-10,AUSTIN-06-BLUSH-7.5,,,SNEAKER,,,EA,,,,,,,,4,0,,4,,10.00,10.00,40.00,40.00,0.00,,40.00,Y,N,Y,Y,,,,,,,,,,,,Shipped,N,,,,,
SO2026-000417,1,4,2026-01-10,2026-01-13,2026-02-24,2026-01-10,,,,,Shopify,Shopify,,45,USD,86.00,86.00,98.78,0.00,86.00,0,0.00,0,0.00,12.78,0.00,,,,,98.78,,0.00,,,,,,,,,,,,,,,Shipped,Paid,,,,,,,20001,10580,20001-2026-000417,,,,,,,,,Shopify Shipping,Alex Reed,Dario Lowe,Shopify Commerce,217 Barranca Pkwy,Dock 17,Commerce ship location,Irvine,CA,92609,Orange,USA,ship-shopify@example.com,(949) 555-2606,,,,,,,,,,,,,,,,,,,2,2026-01-10,ADELINE-02-PINK-12,,,WOVEN SLIDE SANDAL,,,EA,,,,,,,,4,0,,4,,11.50,11.50,46.00,46.00,0.00,,46.00,Y,N,Y,Y,,,,,,,,,,,,Shipped,N,,,,,
SO2026-000418,1,4,2026-01-18,2026-01-18,2026-02-28,2026-01-20,,,,,Shopify,Shopify,,45,USD,360.00,360.00,360.77,0.00,360.00,0,0.00,0,0.00,0.77,0.00,,,,,360.77,,0.00,,,,,,,,,,,,,,,Shipped,Paid,,,,,,,20001,10580,20001-2026-000418,,,,,,,,,Shopify Shipping,Alex Reed,Dario Lowe,Shopify Commerce,217 Barranca Pkwy,Dock 17,Commerce ship location,Irvine,CA,92609,Orange,USA,ship-shopify@example.com,(949) 555-2606,,,,,,,,,,,,,,,,,,,1,2026-01-18,AUSTIN-06-WHITE-A12,,,SNEAKER,,,EA,,,,,,,,3,0,,3,,120.00,120.00,360.00,360.00,0.00,,360.00,Y,N,Y,Y,,,,,,,,,,,,Shipped,N,,,,,
SO2026-000419,1,4,2026-02-07,2026-02-11,2026-02-28,2026-02-08,,,,,Macys,Macys,,60,USD,388.00,388.00,398.10,0.00,388.00,0,0.00,0,0.00,10.10,0.00,,,,,398.10,,0.00,,,,,,,,,,,,,,,Shipped,Paid,,,,,,,30005,10574,30005-2026-000419,,,,,,,,,Macys Shipping,Taylor Kim,Blake Jett,Macys Stores,215 King St,Dock 15,Department ship location,San Francisco,CA,94107,San Francisco,USA,ship-macys@example.com,(415) 555-2406,,,,,,,,,,,,,,,,,,,1,2026-02-07,FA16105WV-MIDNIGHTCAMO-L-STD,809666795592,,Patricia Woven Chiffon Midnight Blue Palazzo Pant W Elastic Waist,,,EA,,,,,,,,3,0,,3,,39.00,39.00,117.00,117.00,0.00,,117.00,Y,N,Y,Y,,,,,,,,,,,,Shipped,N,,,,,
SO2026-000419,1,4,2026-02-07,2026-02-11,2026-02-28,2026-02-08,,,,,Macys,Macys,,60,USD,388.00,388.00,398.10,0.00,388.00,0,0.00,0,0.00,10.10,0.00,,,,,398.10,,0.00,,,,,,,,,,,,,,,Shipped,Paid,,,,,,,30005,10574,30005-2026-000419,,,,,,,,,Macys Shipping,Taylor Kim,Blake Jett,Macys Stores,215 King St,Dock 15,Department ship location,San Francisco,CA,94107,San Francisco,USA,ship-macys@example.com,(415) 555-2406,,,,,,,,,,,,,,,,,,,2,2026-02-07,FD9801506P-GINGER-1X-STD,809666395341,,Natalia Solid Button-Up Wrap Lantern Sleeve Dress,,,EA,,,,,,,,1,0,,1,,49.00,49.00,49.00,49.00,0.00,,49.00,Y,N,Y,Y,,,,,,,,,,,,Shipped,N,,,,,
SO2026-000419,1,4,2026-02-07,2026-02-11,2026-02-28,2026-02-08,,,,,Macys,Macys,,60,USD,388.00,388.00,398.10,0.00,388.00,0,0.00,0,0.00,10.10,0.00,,,,,398.10,,0.00,,,,,,,,,,,,,,,Shipped,Paid,,,,,,,30005,10574,30005-2026-000419,,,,,,,,,Macys Shipping,Taylor Kim,Blake Jett,Macys Stores,215 King St,Dock 15,Department ship location,San Francisco,CA,94107,San Francisco,USA,ship-macys@example.com,(415) 555-2406,,,,,,,,,,,,,,,,,,,3,2026-02-07,ADELINE-03-BLACK-B12,,,BUCKLE FRONT FLAT SANDALS,,,EA,,,,,,,,1,0,,1,,222.00,222.00,222.00,222.00,0.00,,222.00,Y,N,Y,Y,,,,,,,,,,,,Shipped,N,,,,,
SO2026-000420,1,4,2026-01-22,2026-01-24,2026-02-28,2026-01-22,,,,,Etsy-VS,Etsy VS,,60,USD,51.50,51.50,51.50,0.00,51.50,0,0.00,0,0.00,0.00,0.00,,,,,51.50,,0.00,,,,,,,,,,,,,,,Shipped,Paid,,,,,,,10008,10572,10008-2026-000420,,,,,,,,,Etsy VS Shipping,Jamie Clark,Soren Vale,Etsy VS Marketplace,206 Pacific Hwy,Dock 6,Seasonal ship location,Los Angeles,CA,90004,Los Angeles,USA,ship-etsy-vs@example.com,(213) 555-1506,,,,,,,,,,,,,,,,,,,1,2026-01-22,ADELINE-02-WHITE-10,,,WOVEN SLIDE SANDAL,,,EA,,,,,,,,1,0,,1,,11.50,11.50,11.50,11.50,0.00,,11.50,Y,N,Y,Y,,,,,,,,,,,,Shipped,N,,,,,
SO2026-000420,1,4,2026-01-22,2026-01-24,2026-02-28,2026-01-22,,,,,Etsy-VS,Etsy VS,,60,USD,51.50,51.50,51.50,0.00,51.50,0,0.00,0,0.00,0.00,0.00,,,,,51.50,,0.00,,,,,,,,,,,,,,,Shipped,Paid,,,,,,,10008,10572,10008-2026-000420,,,,,,,,,Etsy VS Shipping,Jamie Clark,Soren Vale,Etsy VS Marketplace,206 Pacific Hwy,Dock 6,Seasonal ship location,Los Angeles,CA,90004,Los Angeles,USA,ship-etsy-vs@example.com,(213) 555-1506,,,,,,,,,,,,,,,,,,,2,2026-01-22,173451-1183CITIZEN-21-34,809666377835,,Susan Stretch Denim Skinny Jeans Medium Blue 5 Pocket Wash,,,EA,,,,,,,,1,0,,1,,24.00,24.00,24.00,24.00,0.00,,24.00,Y,N,Y,Y,,,,,,,,,,,,Shipped,N,,,,,
SO2026-000420,1,4,2026-01-22,2026-01-24,2026-02-28,2026-01-22,,,,,Etsy-VS,Etsy VS,,60,USD,51.50,51.50,51.50,0.00,51.50,0,0.00,0,0.00,0.00,0.00,,,,,51.50,,0.00,,,,,,,,,,,,,,,Shipped,Paid,,,,,,,10008,10572,10008-2026-000420,,,,,,,,,Etsy VS Shipping,Jamie Clark,Soren Vale,Etsy VS Marketplace,206 Pacific Hwy,Dock 6,Seasonal ship location,Los Angeles,CA,90004,Los Angeles,USA,ship-etsy-vs@example.com,(213) 555-1506,,,,,,,,,,,,,,,,,,,3,2026-01-22,CAMILA-06-BLACK-12,,,COSS FRONT SLIP ON SLIDES,,,EA,,,,,,,,2,0,,2,,8.00,8.00,16.00,16.00,0.00,,16.00,Y,N,Y,Y,,,,,,,,,,,,Shipped,N,,,,,
SO2026-000421,1,4,2026-01-09,2026-01-11,2026-02-08,2026-01-11,,,,,JCPenney,JCPenney,,30,USD,102.00,102.00,114.94,0.00,102.00,0,0.00,0,0.00,12.94,0.00,,,,,114.94,,0.00,,,,,,,,,,,,,,,Shipped,Paid,,,,,,,30007,10575,30007-2026-000421,,,,,,,,,JCPenney Shipping,Alex Reed,Zane Holt,JCPenney Stores,213 Gateway Rd,Dock 13,Retail ship location,San Diego,CA,92106,San Diego,USA,ship-jcpenney@example.com,(619) 555-2206,,,,,,,,,,,,,,,,,,,1,2026-01-09,F13031C-1742VNTGCO-27-STD,809666254891,,Cayden Vintage Beujolias Corduroy Skinny Jeans,,,EA,,,,,,,,3,0,,3,,34.00,34.00,102.00,102.00,0.00,,102.00,Y,N,Y,Y,,,,,,,,,,,,Shipped,N,,,,,
SO2026-000422,1,4,2026-01-22,2026-01-23,2026-02-28,2026-01-24,,,,,Macys,Macys,,60,USD,424.00,424.00,433.32,0.00,424.00,0,0.00,0,0.00,9.32,0.00,,,,,433.32,,0.00,,,,,,,,,,,,,,,Shipped,Paid,,,,,,,30005,10574,30005-2026-000422,,,,,,,,,Macys Shipping,Taylor Kim,Blake Jett,Macys Stores,215 King St,Dock 15,Department ship location,San Francisco,CA,94107,San Francisco,USA,ship-macys@example.com,(415) 555-2406,,,,,,,,,,,,,,,,,,,1,2026-01-22,ASTRID-01-BLUSH-7,,,SLIP ON SNEAKER,,,EA,,,,,,,,1,0,,1,,20.75,20.75,20.75,20.75,0.00,,20.75,Y,N,Y,Y,,,,,,,,,,,,Shipped,N,,,,,
SO2026-000422,1,4,2026-01-22,2026-01-23,2026-02-28,2026-01-24,,,,,Macys,Macys,,60,USD,424.00,424.00,433.32,0.00,424.00,0,0.00,0,0.00,9.32,0.00,,,,,433.32,,0.00,,,,,,,,,,,,,,,Shipped,Paid,,,,,,,30005,10574,30005-2026-000422,,,,,,,,,Macys Shipping,Taylor Kim,Blake Jett,Macys Stores,215 King St,Dock 15,Department ship location,San Francisco,CA,94107,San Francisco,USA,ship-macys@example.com,(415) 555-2406,,,,,,,,,,,,,,,,,,,2,2026-01-22,AVIANA-06-WHITE-8.5,,,FUR SLIPPER,,,EA,,,,,,,,1,0,,1,,16.25,16.25,16.25,16.25,0.00,,16.25,Y,N,Y,Y,,,,,,,,,,,,Shipped,N,,,,,
SO2026-000422,1,4,2026-01-22,2026-01-23,2026-02-28,2026-01-24,,,,,Macys,Macys,,60,USD,424.00,424.00,433.32,0.00,424.00,0,0.00,0,0.00,9.32,0.00,,,,,433.32,,0.00,,,,,,,,,,,,,,,Shipped,Paid,,,,,,,30005,10574,30005-2026-000422,,,,,,,,,Macys Shipping,Taylor Kim,Blake Jett,Macys Stores,215 King St,Dock 15,Department ship location,San Francisco,CA,94107,San Francisco,USA,ship-macys@example.com,(415) 555-2406,,,,,,,,,,,,,,,,,,,3,2026-01-22,CORA-01-FUCH-S,,,CROSS FRONT SANDAL,,,EA,,,,,,,,3,0,,3,,129.00,129.00,387.00,387.00,0.00,,387.00,Y,N,Y,Y,,,,,,,,,,,,Shipped,N,,,,,
SO2026-000423,1,4,2026-01-17,2026-01-17,2026-02-28,2026-01-17,,,,,Mirakl-Kohls,Mirakl Kohls,,45,USD,298.00,298.00,311.80,0.00,298.00,0,0.00,0,0.00,13.80,0.00,,,,,311.80,,0.00,,,,,,,,,,,,,,,Shipped,Paid,,,,,,,10013,10576,10013-2026-000423,,,,,,,,,Mirakl Kohls Shipping,Jamie Clark,Asha Ives,Mirakl Kohls Network,214 Silver Creek Rd,Dock 14,Partner ship location,San Jose,CA,95115,Santa Clara,USA,ship-mirakl-kohls@example.com,(408) 555-2306,,,,,,,,,,,,,,,,,,,1,2026-01-17,CORA-01-FUCH-A12,,,CROSS FRONT SANDAL,,,EA,,,,,,,,2,0,,2,,129.00,129.00,258.00,258.00,0.00,,258.00,Y,N,Y,Y,,,,,,,,,,,,Shipped,N,,,,,
SO2026-000423,1,4,2026-01-17,2026-01-17,2026-02-28,2026-01-17,,,,,Mirakl-Kohls,Mirakl Kohls,,45,USD,298.00,298.00,311.80,0.00,298.00,0,0.00,0,0.00,13.80,0.00,,,,,311.80,,0.00,,,,,,,,,,,,,,,Shipped,Paid,,,,,,,10013,10576,10013-2026-000423,,,,,,,,,Mirakl Kohls Shipping,Jamie Clark,Asha Ives,Mirakl Kohls Network,214 Silver Creek Rd,Dock 14,Partner ship location,San Jose,CA,95115,Santa Clara,USA,ship-mirakl-kohls@example.com,(408) 555-2306,,,,,,,,,,,,,,,,,,,2,2026-01-17,AUSTIN-06-NUDE-9.5,,,SNEAKER,,,EA,,,,,,,,4,0,,4,,10.00,10.00,40.00,40.00,0.00,,40.00,Y,N,Y,Y,,,,,,,,,,,,Shipped,N,,,,,
SO2026-000424,1,4,2026-01-19,2026-01-22,2026-02-28,2026-01-20,,,,,Mirakl-HudsonsB,Mirakl HudsonsB,,60,USD,137.00,137.00,148.67,0.00,137.00,0,0.00,0,0.00,11.67,0.00,,,,,148.67,,0.00,,,,,,,,,,,,,,,Shipped,Paid,,,,,,,10005,10577,10005-2026-000424,,,,,,,,,Mirakl HudsonsB Shipping,Morgan Lee,Yara Glenn,Mirakl HudsonsB Network,212 Quail Hill Pkwy,Dock 12,Network ship location,Irvine,CA,92607,Orange,USA,ship-mirakl-hudsonsb@example.com,(949) 555-2106,,,,,,,,,,,,,,,,,,,1,2026-01-19,AUSTIN-06-CAMEL-5,,,SNEAKER,,,EA,,,,,,,,2,0,,2,,10.00,10.00,20.00,20.00,0.00,,20.00,Y,N,Y,Y,,,,,,,,,,,,Shipped,N,,,,,
SO2026-000424,1,4,2026-01-19,2026-01-22,2026-02-28,2026-01-20,,,,,Mirakl-HudsonsB,Mirakl HudsonsB,,60,USD,137.00,137.00,148.67,0.00,137.00,0,0.00,0,0.00,11.67,0.00,,,,,148.67,,0.00,,,,,,,,,,,,,,,Shipped,Paid,,,,,,,10005,10577,10005-2026-000424,,,,,,,,,Mirakl HudsonsB Shipping,Morgan Lee,Yara Glenn,Mirakl HudsonsB Network,212 Quail Hill Pkwy,Dock 12,Network ship location,Irvine,CA,92607,Orange,USA,ship-mirakl-hudsonsb@example.com,(949) 555-2106,,,,,,,,,,,,,,,,,,,2,2026-01-19,FB3601737-3219UNFORGV,,,Light Hand-Sanded Denim Stretch High-Waist Slit Hem Jeans,,,EA,,,,,,,,3,0,,3,,39.00,39.00,117.00,117.00,0.00,,117.00,Y,N,Y,Y,,,,,,,,,,,,Shipped,N,,,,,
SO2026-000425,1,4,2026-01-31,2026-02-03,2026-02-28,2026-02-02,,,,,Mirakl-Kohls,Mirakl Kohls,,45,USD,102.00,102.00,109.29,0.00,102.00,0,0.00,0,0.00,7.29,0.00,,,,,109.29,,0.00,,,,,,,,,,,,,,,Shipped,Paid,,,,,,,10013,10576,10013-2026-000425,,,,,,,,,Mirakl Kohls Shipping,Jamie Clark,Asha Ives,Mirakl Kohls Network,214 Silver Creek Rd,Dock 14,Partner ship location,San Jose,CA,95115,Santa Clara,USA,ship-mirakl-kohls@example.com,(408) 555-2306,,,,,,,,,,,,,,,,,,,1,2026-01-31,FA13501DM-1608BLAU2-29-32,809666857870,,Maya Basic Dark Handsand Wash Midrise Skinny Jeans,,,EA,,,,,,,,3,0,,3,,34.00,34.00,102.00,102.00,0.00,,102.00,Y,N,Y,Y,,,,,,,,,,,,Shipped,N,,,,,
SO2026-000426,1,4,2026-02-16,2026-02-18,2026-02-28,2026-02-18,,,,,Macys,Macys,,60,USD,60.00,60.00,69.59,0.00,60.00,0,0.00,0,0.00,9.59,0.00,,,,,69.59,,0.00,,,,,,,,,,,,,,,Shipped,Paid,,,,,,,30005,10574,30005-2026-000426,,,,,,,,,Macys Shipping,Taylor Kim,Blake Jett,Macys Stores,215 King St,Dock 15,Department ship location,San Francisco,CA,94107,San Francisco,USA,ship-macys@example.com,(415) 555-2406,,,,,,,,,,,,,,,,,,,1,2026-02-16,ADELINE-03-BLACK-6,,,BUCKLE FRONT FLAT SANDALS,,,EA,,,,,,,,1,0,,1,,18.50,18.50,18.50,18.50,0.00,,18.50,Y,N,Y,Y,,,,,,,,,,,,Shipped,N,,,,,
SO2026-000426,1,4,2026-02-16,2026-02-18,2026-02-28,2026-02-18,,,,,Macys,Macys,,60,USD,60.00,60.00,69.59,0.00,60.00,0,0.00,0,0.00,9.59,0.00,,,,,69.59,,0.00,,,,,,,,,,,,,,,Shipped,Paid,,,,,,,30005,10574,30005-2026-000426,,,,,,,,,Macys Shipping,Taylor Kim,Blake Jett,Macys Stores,215 King St,Dock 15,Department ship location,San Francisco,CA,94107,San Francisco,USA,ship-macys@example.com,(415) 555-2406,,,,,,,,,,,,,,,,,,,2,2026-02-16,ASTRID-01-GREY-9,,,SLIP ON SNEAKER,,,EA,,,,,,,,2,0,,2,,20.75,20.75,41.50,41.50,0.00,,41.50,Y,N,Y,Y,,,,,,,,,,,,Shipped,N,,,,,
SO2026-000427,1,4,2026-01-09,2026-01-09,2026-02-23,2026-01-10,,,,,Shopify,Shopify,,45,USD,215.50,215.50,224.46,0.00,215.50,0,0.00,0,0.00,8.96,0.00,,,,,224.46,,0.00,,,,,,,,,,,,,,,Shipped,Paid,,,,,,,20001,10580,20001-2026-000427,,,,,,,,,Shopify Shipping,Alex Reed,Dario Lowe,Shopify Commerce,217 Barranca Pkwy,Dock 17,Commerce ship location,Irvine,CA,92609,Orange,USA,ship-shopify@example.com,(949) 555-2606,,,,,,,,,,,,,,,,,,,1,2026-01-09,ADELINE-02-NUDE-10,,,WOVEN SLIDE SANDAL,,,EA,,,,,,,,1,0,,1,,11.50,11.50,11.50,11.50,0.00,,11.50,Y,N,Y,Y,,,,,,,,,,,,Shipped,N,,,,,
SO2026-000427,1,4,2026-01-09,2026-01-09,2026-02-23,2026-01-10,,,,,Shopify,Shopify,,45,USD,215.50,215.50,224.46,0.00,215.50,0,0.00,0,0.00,8.96,0.00,,,,,224.46,,0.00,,,,,,,,,,,,,,,Shipped,Paid,,,,,,,20001,10580,20001-2026-000427,,,,,,,,,Shopify Shipping,Alex Reed,Dario Lowe,Shopify Commerce,217 Barranca Pkwy,Dock 17,Commerce ship location,Irvine,CA,92609,Orange,USA,ship-shopify@example.com,(949) 555-2606,,,,,,,,,,,,,,,,,,,2,2026-01-09,FA16023WV-MIDNIGHTBLUE-M-STD,809666795721,,Olivia Woven GGT Midnight Blue Kimono Wrap Maxi Dress,,,EA,,,,,,,,4,0,,4,,39.00,39.00,156.00,156.00,0.00,,156.00,Y,N,Y,Y,,,,,,,,,,,,Shipped,N,,,,,
SO2026-000427,1,4,2026-01-09,2026-01-09,2026-02-23,2026-01-10,,,,,Shopify,Shopify,,45,USD,215.50,215.50,224.46,0.00,215.50,0,0.00,0,0.00,8.96,0.00,,,,,224.46,,0.00,,,,,,,,,,,,,,,Shipped,Paid,,,,,,,20001,10580,20001-2026-000427,,,,,,,,,Shopify Shipping,Alex Reed,Dario Lowe,Shopify Commerce,217 Barranca Pkwy,Dock 17,Commerce ship location,Irvine,CA,92609,Orange,USA,ship-shopify@example.com,(949) 555-2606,,,,,,,,,,,,,,,,,,,3,2026-01-09,173451-1183CITIZEN-17-STD,809666377941,,Susan Stretch Denim Skinny Jeans Medium Blue 5 Pocket Wash,,,EA,,,,,,,,2,0,,2,,24.00,24.00,48.00,48.00,0.00,,48.00,Y,N,Y,Y,,,,,,,,,,,,Shipped,N,,,,,
SO2026-000428,1,4,2026-02-15,2026-02-18,2026-02-28,2026-02-15,,,,,Etsy-LS,Etsy LS,,45,USD,188.00,188.00,189.10,0.00,188.00,0,0.00,0,0.00,1.10,0.00,,,,,189.10,,0.00,,,,,,,,,,,,,,,Shipped,Paid,,,,,,,10008,10571,10008-2026-000428,,,,,,,,,Etsy LS Shipping,Alex Reed,Rhea Moss,Etsy LS Marketplace,205 Mission St,Dock 5,Marketplace ship location,San Francisco,CA,94103,San Francisco,USA,ship-etsy-ls@example.com,(415) 555-1406,,,,,,,,,,,,,,,,,,,1,2026-02-15,FA16023WV-SMOKELEOPARD-S-STD,809666395884,,Olivia Smoke Leopard Print Kimono Wrap Maxi Dress,,,EA,,,,,,,,1,0,,1,,40.00,40.00,40.00,40.00,0.00,,40.00,Y,N,Y,Y,,,,,,,,,,,,Shipped,N,,,,,
SO2026-000428,1,4,2026-02-15,2026-02-18,2026-02-28,2026-02-15,,,,,Etsy-LS,Etsy LS,,45,USD,188.00,188.00,189.10,0.00,188.00,0,0.00,0,0.00,1.10,0.00,,,,,189.10,,0.00,,,,,,,,,,,,,,,Shipped,Paid,,,,,,,10008,10571,10008-2026-000428,,,,,,,,,Etsy LS Shipping,Alex Reed,Rhea Moss,Etsy LS Marketplace,205 Mission St,Dock 5,Marketplace ship location,San Francisco,CA,94103,San Francisco,USA,ship-etsy-ls@example.com,(415) 555-1406,,,,,,,,,,,,,,,,,,,2,2026-02-15,ASTRID-01-NUDE-7.5,,,SLIP ON SNEAKER,,,EA,,,,,,,,4,0,,4,,20.75,20.75,83.00,83.00,0.00,,83.00,Y,N,Y,Y,,,,,,,,,,,,Shipped,N,,,,,
SO2026-000428,1,4,2026-02-15,2026-02-18,2026-02-28,2026-02-15,,,,,Etsy-LS,Etsy LS,,45,USD,188.00,188.00,189.10,0.00,188.00,0,0.00,0,0.00,1.10,0.00,,,,,189.10,,0.00,,,,,,,,,,,,,,,Shipped,Paid,,,,,,,10008,10571,10008-2026-000428,,,,,,,,,Etsy LS Shipping,Alex Reed,Rhea Moss,Etsy LS Marketplace,205 Mission St,Dock 5,Marketplace ship location,San Francisco,CA,94103,San Francisco,USA,ship-etsy-ls@example.com,(415) 555-1406,,,,,,,,,,,,,,,,,,,3,2026-02-15,AVIANA-06-BLACK-9,,,FUR SLIPPER,,,EA,,,,,,,,4,0,,4,,16.25,16.25,65.00,65.00,0.00,,65.00,Y,N,Y,Y,,,,,,,,,,,,Shipped,N,,,,,
SO2026-000429,1,4,2026-02-20,2026-02-21,2026-02-28,2026-02-21,,,,,Mirakl-HudsonsB,Mirakl HudsonsB,,60,USD,108.50,108.50,120.25,0.00,108.50,0,0.00,0,0.00,11.75,0.00,,,,,120.25,,0.00,,,,,,,,,,,,,,,Shipped,Paid,,,,,,,10005,10577,10005-2026-000429,,,,,,,,,Mirakl HudsonsB Shipping,Morgan Lee,Yara Glenn,Mirakl HudsonsB Network,212 Quail Hill Pkwy,Dock 12,Network ship location,Irvine,CA,92607,Orange,USA,ship-mirakl-hudsonsb@example.com,(949) 555-2106,,,,,,,,,,,,,,,,,,,1,2026-02-20,CORA-01-FUCH-6,,,CROSS FRONT SANDAL,,,EA,,,,,,,,2,0,,2,,10.75,10.75,21.50,21.50,0.00,,21.50,Y,N,Y,Y,,,,,,,,,,,,Shipped,N,,,,,
SO2026-000429,1,4,2026-02-20,2026-02-21,2026-02-28,2026-02-21,,,,,Mirakl-HudsonsB,Mirakl HudsonsB,,60,USD,108.50,108.50,120.25,0.00,108.50,0,0.00,0,0.00,11.75,0.00,,,,,120.25,,0.00,,,,,,,,,,,,,,,Shipped,Paid,,,,,,,10005,10577,10005-2026-000429,,,,,,,,,Mirakl HudsonsB Shipping,Morgan Lee,Yara Glenn,Mirakl HudsonsB Network,212 Quail Hill Pkwy,Dock 12,Network ship location,Irvine,CA,92607,Orange,USA,ship-mirakl-hudsonsb@example.com,(949) 555-2106,,,,,,,,,,,,,,,,,,,2,2026-02-20,F13T007SS-CABERNET-M-STD,809666393125,,S&P V-neck Sleeveless Peplum Blouse Front Hook-and-eye Closu,,,EA,,,,,,,,3,0,,3,,29.00,29.00,87.00,87.00,0.00,,87.00,Y,N,Y,Y,,,,,,,,,,,,Shipped,N,,,,,
SO2026-000430,1,4,2026-02-22,2026-02-22,2026-02-28,2026-02-22,,,,,Walmart-eComm,Walmart eComm,,45,USD,61.00,61.00,61.00,0.00,61.00,0,0.00,0,0.00,0.00,0.00,,,,,61.00,,0.00,,,,,,,,,,,,,,,Shipped,Paid,,,,,,,10002,10566,10002-2026-000430,,,,,,,,,Walmart eComm Shipping,Morgan Lee,Gavin Orr,Walmart eComm Retail,220 Townsend St,Dock 20,National ship location,San Francisco,CA,94109,San Francisco,USA,ship-walmart-ecomm@example.com,(415) 555-2906,,,,,,,,,,,,,,,,,,,1,2026-02-22,CAMILA-06-NUDE-5,,,COSS FRONT SLIP ON SLIDES,,,EA,,,,,,,,1,0,,1,,8.00,8.00,8.00,8.00,0.00,,8.00,Y,N,Y,Y,,,,,,,,,,,,Shipped,N,,,,,
SO2026-000430,1,4,2026-02-22,2026-02-22,2026-02-28,2026-02-22,,,,,Walmart-eComm,Walmart eComm,,45,USD,61.00,61.00,61.00,0.00,61.00,0,0.00,0,0.00,0.00,0.00,,,,,61.00,,0.00,,,,,,,,,,,,,,,Shipped,Paid,,,,,,,10002,10566,10002-2026-000430,,,,,,,,,Walmart eComm Shipping,Morgan Lee,Gavin Orr,Walmart eComm Retail,220 Townsend St,Dock 20,National ship location,San Francisco,CA,94109,San Francisco,USA,ship-walmart-ecomm@example.com,(415) 555-2906,,,,,,,,,,,,,,,,,,,2,2026-02-22,ADELINE-02-NUDE-5,,,WOVEN SLIDE SANDAL,,,EA,,,,,,,,2,0,,2,,11.50,11.50,23.00,23.00,0.00,,23.00,Y,N,Y,Y,,,,,,,,,,,,Shipped,N,,,,,
SO2026-000430,1,4,2026-02-22,2026-02-22,2026-02-28,2026-02-22,,,,,Walmart-eComm,Walmart eComm,,45,USD,61.00,61.00,61.00,0.00,61.00,0,0.00,0,0.00,0.00,0.00,,,,,61.00,,0.00,,,,,,,,,,,,,,,Shipped,Paid,,,,,,,10002,10566,10002-2026-000430,,,,,,,,,Walmart eComm Shipping,Morgan Lee,Gavin Orr,Walmart eComm Retail,220 Townsend St,Dock 20,National ship location,San Francisco,CA,94109,San Francisco,USA,ship-walmart-ecomm@example.com,(415) 555-2906,,,,,,,,,,,,,,,,,,,3,2026-02-22,AUSTIN-06-CAMEL-6,,,SNEAKER,,,EA,,,,,,,,3,0,,3,,10.00,10.00,30.00,30.00,0.00,,30.00,Y,N,Y,Y,,,,,,,,,,,,Shipped,N,,,,,
SO2026-000431,1,4,2026-02-02,2026-02-02,2026-02-28,2026-02-03,,,,,Walmart-eComm,Walmart eComm,,45,USD,180.50,180.50,184.67,0.00,180.50,0,0.00,0,0.00,4.17,0.00,,,,,184.67,,0.00,,,,,,,,,,,,,,,Shipped,Paid,,,,,,,10002,10566,10002-2026-000431,,,,,,,,,Walmart eComm Shipping,Morgan Lee,Gavin Orr,Walmart eComm Retail,220 Townsend St,Dock 20,National ship location,San Francisco,CA,94109,San Francisco,USA,ship-walmart-ecomm@example.com,(415) 555-2906,,,,,,,,,,,,,,,,,,,1,2026-02-02,F13T007SS-CABERNET-S-STD,809666393118,,S&P V-neck Sleeveless Peplum Blouse Front Hook-and-eye Closu,,,EA,,,,,,,,3,0,,3,,29.00,29.00,87.00,87.00,0.00,,87.00,Y,N,Y,Y,,,,,,,,,,,,Shipped,N,,,,,
SO2026-000431,1,4,2026-02-02,2026-02-02,2026-02-28,2026-02-03,,,,,Walmart-eComm,Walmart eComm,,45,USD,180.50,180.50,184.67,0.00,180.50,0,0.00,0,0.00,4.17,0.00,,,,,184.67,,0.00,,,,,,,,,,,,,,,Shipped,Paid,,,,,,,10002,10566,10002-2026-000431,,,,,,,,,Walmart eComm Shipping,Morgan Lee,Gavin Orr,Walmart eComm Retail,220 Townsend St,Dock 20,National ship location,San Francisco,CA,94109,San Francisco,USA,ship-walmart-ecomm@example.com,(415) 555-2906,,,,,,,,,,,,,,,,,,,2,2026-02-02,173451-1183CITIZEN-11-34,809666377781,,Susan Stretch Denim Skinny Jeans Medium Blue 5 Pocket Wash,,,EA,,,,,,,,3,0,,3,,24.00,24.00,72.00,72.00,0.00,,72.00,Y,N,Y,Y,,,,,,,,,,,,Shipped,N,,,,,
SO2026-000431,1,4,2026-02-02,2026-02-02,2026-02-28,2026-02-03,,,,,Walmart-eComm,Walmart eComm,,45,USD,180.50,180.50,184.67,0.00,180.50,0,0.00,0,0.00,4.17,0.00,,,,,184.67,,0.00,,,,,,,,,,,,,,,Shipped,Paid,,,,,,,10002,10566,10002-2026-000431,,,,,,,,,Walmart eComm Shipping,Morgan Lee,Gavin Orr,Walmart eComm Retail,220 Townsend St,Dock 20,National ship location,San Francisco,CA,94109,San Francisco,USA,ship-walmart-ecomm@example.com,(415) 555-2906,,,,,,,,,,,,,,,,,,,3,2026-02-02,CORA-01-LEOP-11,,,CROSS FRONT SANDAL,,,EA,,,,,,,,2,0,,2,,10.75,10.75,21.50,21.50,0.00,,21.50,Y,N,Y,Y,,,,,,,,,,,,Shipped,N,,,,,
SO2026-000432,1,4,2026-02-02,2026-02-02,2026-02-28,2026-02-02,,,,,AMZ-eCom,AMZ eCom,,30,USD,56.50,56.50,62.20,0.00,56.50,0,0.00,0,0.00,5.70,0.00,,,,,62.20,,0.00,,,,,,,,,,,,,,,Shipped,Paid,,,,,,,10001,10565,10001-2026-000432,,,,,,,,,AMZ eCom Shipping,Alex Reed,Nora Lane,AMZ eCom Retail,201 Harbor Ave,Dock 1,Main ship location,Los Angeles,CA,90002,Los Angeles,USA,ship-amz-ecom@example.com,(213) 555-1006,,,,,,,,,,,,,,,,,,,1,2026-02-02,AVIANA-06-WHITE-10,,,FUR SLIPPER,,,EA,,,,,,,,2,0,,2,,16.25,16.25,32.50,32.50,0.00,,32.50,Y,N,Y,Y,,,,,,,,,,,,Shipped,N,,,,,
SO2026-000432,1,4,2026-02-02,2026-02-02,2026-02-28,2026-02-02,,,,,AMZ-eCom,AMZ eCom,,30,USD,56.50,56.50,62.20,0.00,56.50,0,0.00,0,0.00,5.70,0.00,,,,,62.20,,0.00,,,,,,,,,,,,,,,Shipped,Paid,,,,,,,10001,10565,10001-2026-000432,,,,,,,,,AMZ eCom Shipping,Alex Reed,Nora Lane,AMZ eCom Retail,201 Harbor Ave,Dock 1,Main ship location,Los Angeles,CA,90002,Los Angeles,USA,ship-amz-ecom@example.com,(213) 555-1006,,,,,,,,,,,,,,,,,,,2,2026-02-02,CAMILA-06-LILAC-8,,,COSS FRONT SLIP ON SLIDES,,,EA,,,,,,,,3,0,,3,,8.00,8.00,24.00,24.00,0.00,,24.00,Y,N,Y,Y,,,,,,,,,,,,Shipped,N,,,,,
SO2026-000433,1,4,2026-01-27,2026-02-01,2026-02-28,2026-01-27,,,,,Shopify,Shopify,,45,USD,152.50,152.50,169.92,0.00,152.50,0,0.00,0,0.00,17.42,0.00,,,,,169.92,,0.00,,,,,,,,,,,,,,,Shipped,Paid,,,,,,,20001,10580,20001-2026-000433,,,,,,,,,Shopify Shipping,Alex Reed,Dario Lowe,Shopify Commerce,217 Barranca Pkwy,Dock 17,Commerce ship location,Irvine,CA,92609,Orange,USA,ship-shopify@example.com,(949) 555-2606,,,,,,,,,,,,,,,,,,,1,2026-01-27,ADELINE-03-BLUE-6,,,BUCKLE FRONT FLAT SANDALS,,,EA,,,,,,,,2,0,,2,,18.50,18.50,37.00,37.00,0.00,,37.00,Y,N,Y,Y,,,,,,,,,,,,Shipped,N,,,,,
SO2026-000433,1,4,2026-01-27,2026-02-01,2026-02-28,2026-01-27,,,,,Shopify,Shopify,,45,USD,152.50,152.50,169.92,0.00,152.50,0,0.00,0,0.00,17.42,0.00,,,,,169.92,,0.00,,,,,,,,,,,,,,,Shipped,Paid,,,,,,,20001,10580,20001-2026-000433,,,,,,,,,Shopify Shipping,Alex Reed,Dario Lowe,Shopify Commerce,217 Barranca Pkwy,Dock 17,Commerce ship location,Irvine,CA,92609,Orange,USA,ship-shopify@example.com,(949) 555-2606,,,,,,,,,,,,,,,,,,,2,2026-01-27,ADELINE-03-GOLD-5.5,,,BUCKLE FRONT FLAT SANDALS,,,EA,,,,,,,,4,0,,4,,18.50,18.50,74.00,74.00,0.00,,74.00,Y,N,Y,Y,,,,,,,,,,,,Shipped,N,,,,,
SO2026-000433,1,4,2026-01-27,2026-02-01,2026-02-28,2026-01-27,,,,,Shopify,Shopify,,45,USD,152.50,152.50,169.92,0.00,152.50,0,0.00,0,0.00,17.42,0.00,,,,,169.92,,0.00,,,,,,,,,,,,,,,Shipped,Paid,,,,,,,20001,10580,20001-2026-000433,,,,,,,,,Shopify Shipping,Alex Reed,Dario Lowe,Shopify Commerce,217 Barranca Pkwy,Dock 17,Commerce ship location,Irvine,CA,92609,Orange,USA,ship-shopify@example.com,(949) 555-2606,,,,,,,,,,,,,,,,,,,3,2026-01-27,ASTRID-01-NUDE-6,,,SLIP ON SNEAKER,,,EA,,,,,,,,2,0,,2,,20.75,20.75,41.50,41.50,0.00,,41.50,Y,N,Y,Y,,,,,,,,,,,,Shipped,N,,,,,
SO2026-000434,1,4,2026-02-28,2026-02-28,2026-02-28,2026-02-28,,,,,Squarespace,Squarespace,,60,USD,100.25,100.25,100.25,0.00,100.25,0,0.00,0,0.00,0.00,0.00,,,,,100.25,,0.00,,,,,,,,,,,,,,,Shipped,Paid,,,,,,,20006,10582,20006-2026-000434,,,,,,,,,Squarespace Shipping,Jamie Clark,Elin Marsh,Squarespace Digital,218 Camino Del Rio,Dock 18,Digital ship location,San Diego,CA,92108,San Diego,USA,ship-squarespace@example.com,(619) 555-2706,,,,,,,,,,,,,,,,,,,1,2026-02-28,FA13501DM-RINSEWSFT-28-32,809666858464,,Maya Basic Dark Handsand Wash Midrise Skinny Jeans,,,EA,,,,,,,,2,0,,2,,34.00,34.00,68.00,68.00,0.00,,68.00,Y,N,Y,Y,,,,,,,,,,,,Shipped,N,,,,,
SO2026-000434,1,4,2026-02-28,2026-02-28,2026-02-28,2026-02-28,,,,,Squarespace,Squarespace,,60,USD,100.25,100.25,100.25,0.00,100.25,0,0.00,0,0.00,0.00,0.00,,,,,100.25,,0.00,,,,,,,,,,,,,,,Shipped,Paid,,,,,,,20006,10582,20006-2026-000434,,,,,,,,,Squarespace Shipping,Jamie Clark,Elin Marsh,Squarespace Digital,218 Camino Del Rio,Dock 18,Digital ship location,San Diego,CA,92108,San Diego,USA,ship-squarespace@example.com,(619) 555-2706,,,,,,,,,,,,,,,,,,,2,2026-02-28,CORA-01-CAME-9.5,,,CROSS FRONT SANDAL,,,EA,,,,,,,,3,0,,3,,10.75,10.75,32.25,32.25,0.00,,32.25,Y,N,Y,Y,,,,,,,,,,,,Shipped,N,,,,,
SO2026-000435,1,4,2026-01-01,2026-01-02,2026-02-15,2026-01-02,,,,,Etsy-LS,Etsy LS,,45,USD,234.75,234.75,237.48,0.00,234.75,0,0.00,0,0.00,2.73,0.00,,,,,237.48,,0.00,,,,,,,,,,,,,,,Shipped,Paid,,,,,,,10008,10571,10008-2026-000435,,,,,,,,,Etsy LS Shipping,Alex Reed,Rhea Moss,Etsy LS Marketplace,205 Mission St,Dock 5,Marketplace ship location,San Francisco,CA,94103,San Francisco,USA,ship-etsy-ls@example.com,(415) 555-1406,,,,,,,,,,,,,,,,,,,1,2026-01-01,FA13512DM-1847DPOCN-29-32,809666865073,,Angie Stud Bling Pocket Low Rise Skinny Jeans,,,EA,,,,,,,,2,0,,2,,34.00,34.00,68.00,68.00,0.00,,68.00,Y,N,Y,Y,,,,,,,,,,,,Shipped,N,,,,,
SO2026-000435,1,4,2026-01-01,2026-01-02,2026-02-15,2026-01-02,,,,,Etsy-LS,Etsy LS,,45,USD,234.75,234.75,237.48,0.00,234.75,0,0.00,0,0.00,2.73,0.00,,,,,237.48,,0.00,,,,,,,,,,,,,,,Shipped,Paid,,,,,,,10008,10571,10008-2026-000435,,,,,,,,,Etsy LS Shipping,Alex Reed,Rhea Moss,Etsy LS Marketplace,205 Mission St,Dock 5,Marketplace ship location,San Francisco,CA,94103,San Francisco,USA,ship-etsy-ls@example.com,(415) 555-1406,,,,,,,,,,,,,,,,,,,2,2026-01-01,CORA-01-BLK-12,,,CROSS FRONT SANDAL,,,EA,,,,,,,,1,0,,1,,10.75,10.75,10.75,10.75,0.00,,10.75,Y,N,Y,Y,,,,,,,,,,,,Shipped,N,,,,,
SO2026-000435,1,4,2026-01-01,2026-01-02,2026-02-15,2026-01-02,,,,,Etsy-LS,Etsy LS,,45,USD,234.75,234.75,237.48,0.00,234.75,0,0.00,0,0.00,2.73,0.00,,,,,237.48,,0.00,,,,,,,,,,,,,,,Shipped,Paid,,,,,,,10008,10571,10008-2026-000435,,,,,,,,,Etsy LS Shipping,Alex Reed,Rhea Moss,Etsy LS Marketplace,205 Mission St,Dock 5,Marketplace ship location,San Francisco,CA,94103,San Francisco,USA,ship-etsy-ls@example.com,(415) 555-1406,,,,,,,,,,,,,,,,,,,3,2026-01-01,FA16023WV-SMOKEYROSE-L-STD,809666901153,,Olivia Gray Floral Print Kimono Chiffon Wrap Maxi Dress,,,EA,,,,,,,,4,0,,4,,39.00,39.00,156.00,156.00,0.00,,156.00,Y,N,Y,Y,,,,,,,,,,,,Shipped,N,,,,,
SO2026-000436,1,4,2026-02-06,2026-02-08,2026-02-28,2026-02-07,,,,,Shopify,Shopify,,45,USD,414.00,414.00,423.92,0.00,414.00,0,0.00,0,0.00,9.92,0.00,,,,,423.92,,0.00,,,,,,,,,,,,,,,Shipped,Paid,,,,,,,20001,10580,20001-2026-000436,,,,,,,,,Shopify Shipping,Alex Reed,Dario Lowe,Shopify Commerce,217 Barranca Pkwy,Dock 17,Commerce ship location,Irvine,CA,92609,Orange,USA,ship-shopify@example.com,(949) 555-2606,,,,,,,,,,,,,,,,,,,1,2026-02-06,ADELINE-02-PINK-B12,,,WOVEN SLIDE SANDAL,,,EA,,,,,,,,3,0,,3,,138.00,138.00,414.00,414.00,0.00,,414.00,Y,N,Y,Y,,,,,,,,,,,,Shipped,N,,,,,
SO2026-000437,1,4,2026-02-10,2026-02-12,2026-02-28,2026-02-11,,,,,eBay,eBay,,30,USD,398.00,398.00,411.28,0.00,398.00,0,0.00,0,0.00,13.28,0.00,,,,,411.28,,0.00,,,,,,,,,,,,,,,Shipped,Paid,,,,,,,10004,10570,10004-2026-000437,,,,,,,,,eBay Shipping,Morgan Lee,Quentin Hale,eBay Commerce,204 Fulfillment Ave,Dock 4,Standard ship location,San Jose,CA,95111,Santa Clara,USA,ship-ebay@example.com,(408) 555-1306,,,,,,,,,,,,,,,,,,,1,2026-02-10,ADELINE-03-TAUPE-B12,,,BUCKLE FRONT FLAT SANDALS,,,EA,,,,,,,,1,0,,1,,222.00,222.00,222.00,222.00,0.00,,222.00,Y,N,Y,Y,,,,,,,,,,,,Shipped,N,,,,,
SO2026-000437,1,4,2026-02-10,2026-02-12,2026-02-28,2026-02-11,,,,,eBay,eBay,,30,USD,398.00,398.00,411.28,0.00,398.00,0,0.00,0,0.00,13.28,0.00,,,,,411.28,,0.00,,,,,,,,,,,,,,,Shipped,Paid,,,,,,,10004,10570,10004-2026-000437,,,,,,,,,eBay Shipping,Morgan Lee,Quentin Hale,eBay Commerce,204 Fulfillment Ave,Dock 4,Standard ship location,San Jose,CA,95111,Santa Clara,USA,ship-ebay@example.com,(408) 555-1306,,,,,,,,,,,,,,,,,,,2,2026-02-10,CAMILA-06-LILAC-7.5,,,COSS FRONT SLIP ON SLIDES,,,EA,,,,,,,,2,0,,2,,8.00,8.00,16.00,16.00,0.00,,16.00,Y,N,Y,Y,,,,,,,,,,,,Shipped,N,,,,,
SO2026-000437,1,4,2026-02-10,2026-02-12,2026-02-28,2026-02-11,,,,,eBay,eBay,,30,USD,398.00,398.00,411.28,0.00,398.00,0,0.00,0,0.00,13.28,0.00,,,,,411.28,,0.00,,,,,,,,,,,,,,,Shipped,Paid,,,,,,,10004,10570,10004-2026-000437,,,,,,,,,eBay Shipping,Morgan Lee,Quentin Hale,eBay Commerce,204 Fulfillment Ave,Dock 4,Standard ship location,San Jose,CA,95111,Santa Clara,USA,ship-ebay@example.com,(408) 555-1306,,,,,,,,,,,,,,,,,,,3,2026-02-10,FA16023WV-SMOKELEOPARD,,,GGT wrap kimono maxi dress,,,EA,,,,,,,,4,0,,4,,40.00,40.00,160.00,160.00,0.00,,160.00,Y,N,Y,Y,,,,,,,,,,,,Shipped,N,,,,,
SO2026-000438,1,4,2026-02-05,2026-02-06,2026-02-28,2026-02-07,,,,,Mirakl-HudsonsB,Mirakl HudsonsB,,60,USD,91.00,91.00,91.00,0.00,91.00,0,0.00,0,0.00,0.00,0.00,,,,,91.00,,0.00,,,,,,,,,,,,,,,Shipped,Paid,,,,,,,10005,10577,10005-2026-000438,,,,,,,,,Mirakl HudsonsB Shipping,Morgan Lee,Yara Glenn,Mirakl HudsonsB Network,212 Quail Hill Pkwy,Dock 12,Network ship location,Irvine,CA,92607,Orange,USA,ship-mirakl-hudsonsb@example.com,(949) 555-2106,,,,,,,,,,,,,,,,,,,1,2026-02-05,ASTRID-01-BLUSH-12,,,SLIP ON SNEAKER,,,EA,,,,,,,,4,0,,4,,20.75,20.75,83.00,83.00,0.00,,83.00,Y,N,Y,Y,,,,,,,,,,,,Shipped,N,,,,,
SO2026-000438,1,4,2026-02-05,2026-02-06,2026-02-28,2026-02-07,,,,,Mirakl-HudsonsB,Mirakl HudsonsB,,60,USD,91.00,91.00,91.00,0.00,91.00,0,0.00,0,0.00,0.00,0.00,,,,,91.00,,0.00,,,,,,,,,,,,,,,Shipped,Paid,,,,,,,10005,10577,10005-2026-000438,,,,,,,,,Mirakl HudsonsB Shipping,Morgan Lee,Yara Glenn,Mirakl HudsonsB Network,212 Quail Hill Pkwy,Dock 12,Network ship location,Irvine,CA,92607,Orange,USA,ship-mirakl-hudsonsb@example.com,(949) 555-2106,,,,,,,,,,,,,,,,,,,2,2026-02-05,CAMILA-06-NUDE-6,,,COSS FRONT SLIP ON SLIDES,,,EA,,,,,,,,1,0,,1,,8.00,8.00,8.00,8.00,0.00,,8.00,Y,N,Y,Y,,,,,,,,,,,,Shipped,N,,,,,
SO2026-000439,1,4,2026-01-17,2026-01-21,2026-02-16,2026-01-17,,,,,eBay,eBay,,30,USD,380.00,380.00,389.26,0.00,380.00,0,0.00,0,0.00,9.26,0.00,,,,,389.26,,0.00,,,,,,,,,,,,,,,Shipped,Paid,,,,,,,10004,10570,10004-2026-000439,,,,,,,,,eBay Shipping,Morgan Lee,Quentin Hale,eBay Commerce,204 Fulfillment Ave,Dock 4,Standard ship location,San Jose,CA,95111,Santa Clara,USA,ship-ebay@example.com,(408) 555-1306,,,,,,,,,,,,,,,,,,,1,2026-01-17,AUSTIN-06-BLACK-A12,,,SNEAKER,,,EA,,,,,,,,3,0,,3,,120.00,120.00,360.00,360.00,0.00,,360.00,Y,N,Y,Y,,,,,,,,,,,,Shipped,N,,,,,
SO2026-000439,1,4,2026-01-17,2026-01-21,2026-02-16,2026-01-17,,,,,eBay,eBay,,30,USD,380.00,380.00,389.26,0.00,380.00,0,0.00,0,0.00,9.26,0.00,,,,,389.26,,0.00,,,,,,,,,,,,,,,Shipped,Paid,,,,,,,10004,10570,10004-2026-000439,,,,,,,,,eBay Shipping,Morgan Lee,Quentin Hale,eBay Commerce,204 Fulfillment Ave,Dock 4,Standard ship location,San Jose,CA,95111,Santa Clara,USA,ship-ebay@example.com,(408) 555-1306,,,,,,,,,,,,,,,,,,,2,2026-01-17,AUSTIN-06-CAMEL-6.5,,,SNEAKER,,,EA,,,,,,,,2,0,,2,,10.00,10.00,20.00,20.00,0.00,,20.00,Y,N,Y,Y,,,,,,,,,,,,Shipped,N,,,,,
SO2026-000440,1,4,2026-01-04,2026-01-07,2026-02-28,2026-01-04,,,,,Mirakl-HudsonsB,Mirakl HudsonsB,,60,USD,256.00,256.00,256.00,0.00,256.00,0,0.00,0,0.00,0.00,0.00,,,,,256.00,,0.00,,,,,,,,,,,,,,,Shipped,Paid,,,,,,,10005,10577,10005-2026-000440,,,,,,,,,Mirakl HudsonsB Shipping,Morgan Lee,Yara Glenn,Mirakl HudsonsB Network,212 Quail Hill Pkwy,Dock 12,Network ship location,Irvine,CA,92607,Orange,USA,ship-mirakl-hudsonsb@example.com,(949) 555-2106,,,,,,,,,,,,,,,,,,,1,2026-01-04,ADELINE-02-NUDE-A12,,,WOVEN SLIDE SANDAL,,,EA,,,,,,,,1,0,,1,,138.00,138.00,138.00,138.00,0.00,,138.00,Y,N,Y,Y,,,,,,,,,,,,Shipped,N,,,,,
SO2026-000440,1,4,2026-01-04,2026-01-07,2026-02-28,2026-01-04,,,,,Mirakl-HudsonsB,Mirakl HudsonsB,,60,USD,256.00,256.00,256.00,0.00,256.00,0,0.00,0,0.00,0.00,0.00,,,,,256.00,,0.00,,,,,,,,,,,,,,,Shipped,Paid,,,,,,,10005,10577,10005-2026-000440,,,,,,,,,Mirakl HudsonsB Shipping,Morgan Lee,Yara Glenn,Mirakl HudsonsB Network,212 Quail Hill Pkwy,Dock 12,Network ship location,Irvine,CA,92607,Orange,USA,ship-mirakl-hudsonsb@example.com,(949) 555-2106,,,,,,,,,,,,,,,,,,,2,2026-01-04,FA13501DM-1608BLAU2-26-32,809666857849,,Maya Basic Dark Handsand Wash Midrise Skinny Jeans,,,EA,,,,,,,,3,0,,3,,34.00,34.00,102.00,102.00,0.00,,102.00,Y,N,Y,Y,,,,,,,,,,,,Shipped,N,,,,,
SO2026-000440,1,4,2026-01-04,2026-01-07,2026-02-28,2026-01-04,,,,,Mirakl-HudsonsB,Mirakl HudsonsB,,60,USD,256.00,256.00,256.00,0.00,256.00,0,0.00,0,0.00,0.00,0.00,,,,,256.00,,0.00,,,,,,,,,,,,,,,Shipped,Paid,,,,,,,10005,10577,10005-2026-000440,,,,,,,,,Mirakl HudsonsB Shipping,Morgan Lee,Yara Glenn,Mirakl HudsonsB Network,212 Quail Hill Pkwy,Dock 12,Network ship location,Irvine,CA,92607,Orange,USA,ship-mirakl-hudsonsb@example.com,(949) 555-2106,,,,,,,,,,,,,,,,,,,3,2026-01-04,CAMILA-06-TAUPE-6,,,COSS FRONT SLIP ON SLIDES,,,EA,,,,,,,,2,0,,2,,8.00,8.00,16.00,16.00,0.00,,16.00,Y,N,Y,Y,,,,,,,,,,,,Shipped,N,,,,,
SO2026-000441,1,4,2026-02-20,2026-02-23,2026-02-28,2026-02-21,,,,,JCPenney,JCPenney,,30,USD,342.00,342.00,358.18,0.00,342.00,0,0.00,0,0.00,16.18,0.00,,,,,358.18,,0.00,,,,,,,,,,,,,,,Shipped,Paid,,,,,,,30007,10575,30007-2026-000441,,,,,,,,,JCPenney Shipping,Alex Reed,Zane Holt,JCPenney Stores,213 Gateway Rd,Dock 13,Retail ship location,San Diego,CA,92106,San Diego,USA,ship-jcpenney@example.com,(619) 555-2206,,,,,,,,,,,,,,,,,,,1,2026-02-20,ADELINE-02-PINK,,,WOVEN SLIDE SANDAL,,,EA,,,,,,,,2,0,,2,,171.00,171.00,342.00,342.00,0.00,,342.00,Y,N,Y,Y,,,,,,,,,,,,Shipped,N,,,,,
SO2026-000442,1,4,2026-02-16,2026-02-19,2026-02-28,2026-02-16,,,,,Etsy-LS,Etsy LS,,45,USD,78.00,78.00,89.73,0.00,78.00,0,0.00,0,0.00,11.73,0.00,,,,,89.73,,0.00,,,,,,,,,,,,,,,Shipped,Paid,,,,,,,10008,10571,10008-2026-000442,,,,,,,,,Etsy LS Shipping,Alex Reed,Rhea Moss,Etsy LS Marketplace,205 Mission St,Dock 5,Marketplace ship location,San Francisco,CA,94103,San Francisco,USA,ship-etsy-ls@example.com,(415) 555-1406,,,,,,,,,,,,,,,,,,,1,2026-02-16,FA16023WV-MIDNIGHTBLUE-S-STD,809666795714,,Olivia Woven GGT Midnight Blue Kimono Wrap Maxi Dress,,,EA,,,,,,,,2,0,,2,,39.00,39.00,78.00,78.00,0.00,,78.00,Y,N,Y,Y,,,,,,,,,,,,Shipped,N,,,,,
SO2026-000443,1,4,2026-01-23,2026-01-24,2026-02-28,2026-01-23,,,,,Mirakl-HudsonsB,Mirakl HudsonsB,,60,USD,102.00,102.00,104.71,0.00,102.00,0,0.00,0,0.00,2.71,0.00,,,,,104.71,,0.00,,,,,,,,,,,,,,,Shipped,Paid,,,,,,,10005,10577,10005-2026-000443,,,,,,,,,Mirakl HudsonsB Shipping,Morgan Lee,Yara Glenn,Mirakl HudsonsB Network,212 Quail Hill Pkwy,Dock 12,Network ship location,Irvine,CA,92607,Orange,USA,ship-mirakl-hudsonsb@example.com,(949) 555-2106,,,,,,,,,,,,,,,,,,,1,2026-01-23,FA13501DM-RINSEWSFT-26-30,809666858297,,Maya Basic Dark Handsand Wash Midrise Skinny Jeans,,,EA,,,,,,,,3,0,,3,,34.00,34.00,102.00,102.00,0.00,,102.00,Y,N,Y,Y,,,,,,,,,,,,Shipped,N,,,,,
SO2026-000444,1,4,2026-01-18,2026-01-21,2026-02-28,2026-01-19,,,,,Shopify,Shopify,,45,USD,136.00,136.00,146.58,0.00,136.00,0,0.00,0,0.00,10.58,0.00,,,,,146.58,,0.00,,,,,,,,,,,,,,,Shipped,Paid,,,,,,,20001,10580,20001-2026-000444,,,,,,,,,Shopify Shipping,Alex Reed,Dario Lowe,Shopify Commerce,217 Barranca Pkwy,Dock 17,Commerce ship location,Irvine,CA,92609,Orange,USA,ship-shopify@example.com,(949) 555-2606,,,,,,,,,,,,,,,,,,,1,2026-01-18,FA13501DM-1464KINGSC-32-30,809666852509,,Maya Basic Dark Handsand Wash Midrise Skinny Jeans,,,EA,,,,,,,,4,0,,4,,34.00,34.00,136.00,136.00,0.00,,136.00,Y,N,Y,Y,,,,,,,,,,,,Shipped,N,,,,,
SO2026-000445,1,4,2026-01-19,2026-01-22,2026-02-28,2026-01-19,,,,,Etsy-VS,Etsy VS,,60,USD,80.00,80.00,87.15,0.00,80.00,0,0.00,0,0.00,7.15,0.00,,,,,87.15,,0.00,,,,,,,,,,,,,,,Shipped,Paid,,,,,,,10008,10572,10008-2026-000445,,,,,,,,,Etsy VS Shipping,Jamie Clark,Soren Vale,Etsy VS Marketplace,206 Pacific Hwy,Dock 6,Seasonal ship location,Los Angeles,CA,90004,Los Angeles,USA,ship-etsy-vs@example.com,(213) 555-1506,,,,,,,,,,,,,,,,,,,1,2026-01-19,FA16023WV-SMOKELEOPARD-XL-STD,809666395914,,Olivia Smoke Leopard Print Kimono Wrap Maxi Dress,,,EA,,,,,,,,2,0,,2,,40.00,40.00,80.00,80.00,0.00,,80.00,Y,N,Y,Y,,,,,,,,,,,,Shipped,N,,,,,
SO2026-000446,1,4,2026-02-08,2026-02-12,2026-02-28,2026-02-08,,,,,AMZ-eCom,AMZ eCom,,30,USD,98.50,98.50,98.78,0.00,98.50,0,0.00,0,0.00,0.28,0.00,,,,,98.78,,0.00,,,,,,,,,,,,,,,Shipped,Paid,,,,,,,10001,10565,10001-2026-000446,,,,,,,,,AMZ eCom Shipping,Alex Reed,Nora Lane,AMZ eCom Retail,201 Harbor Ave,Dock 1,Main ship location,Los Angeles,CA,90002,Los Angeles,USA,ship-amz-ecom@example.com,(213) 555-1006,,,,,,,,,,,,,,,,,,,1,2026-02-08,CORA-01-FUCH-10,,,CROSS FRONT SANDAL,,,EA,,,,,,,,4,0,,4,,10.75,10.75,43.00,43.00,0.00,,43.00,Y,N,Y,Y,,,,,,,,,,,,Shipped,N,,,,,
SO2026-000446,1,4,2026-02-08,2026-02-12,2026-02-28,2026-02-08,,,,,AMZ-eCom,AMZ eCom,,30,USD,98.50,98.50,98.78,0.00,98.50,0,0.00,0,0.00,0.28,0.00,,,,,98.78,,0.00,,,,,,,,,,,,,,,Shipped,Paid,,,,,,,10001,10565,10001-2026-000446,,,,,,,,,AMZ eCom Shipping,Alex Reed,Nora Lane,AMZ eCom Retail,201 Harbor Ave,Dock 1,Main ship location,Los Angeles,CA,90002,Los Angeles,USA,ship-amz-ecom@example.com,(213) 555-1006,,,,,,,,,,,,,,,,,,,2,2026-02-08,ADELINE-03-TAUPE-5,,,BUCKLE FRONT FLAT SANDALS,,,EA,,,,,,,,3,0,,3,,18.50,18.50,55.50,55.50,0.00,,55.50,Y,N,Y,Y,,,,,,,,,,,,Shipped,N,,,,,
SO2026-000447,1,4,2026-01-15,2026-01-17,2026-02-28,2026-01-16,,,,,Squarespace,Squarespace,,60,USD,86.25,86.25,100.77,0.00,86.25,0,0.00,0,0.00,14.52,0.00,,,,,100.77,,0.00,,,,,,,,,,,,,,,Shipped,Paid,,,,,,,20006,10582,20006-2026-000447,,,,,,,,,Squarespace Shipping,Jamie Clark,Elin Marsh,Squarespace Digital,218 Camino Del Rio,Dock 18,Digital ship location,San Diego,CA,92108,San Diego,USA,ship-squarespace@example.com,(619) 555-2706,,,,,,,,,,,,,,,,,,,1,2026-01-15,CORA-01-YLW-8,,,CROSS FRONT SANDAL,,,EA,,,,,,,,1,0,,1,,10.75,10.75,10.75,10.75,0.00,,10.75,Y,N,Y,Y,,,,,,,,,,,,Shipped,N,,,,,
SO2026-000447,1,4,2026-01-15,2026-01-17,2026-02-28,2026-01-16,,,,,Squarespace,Squarespace,,60,USD,86.25,86.25,100.77,0.00,86.25,0,0.00,0,0.00,14.52,0.00,,,,,100.77,,0.00,,,,,,,,,,,,,,,Shipped,Paid,,,,,,,20006,10582,20006-2026-000447,,,,,,,,,Squarespace Shipping,Jamie Clark,Elin Marsh,Squarespace Digital,218 Camino Del Rio,Dock 18,Digital ship location,San Diego,CA,92108,San Diego,USA,ship-squarespace@example.com,(619) 555-2706,,,,,,,,,,,,,,,,,,,2,2026-01-15,ASTRID-01-BLUSH-5.5,,,SLIP ON SNEAKER,,,EA,,,,,,,,2,0,,2,,20.75,20.75,41.50,41.50,0.00,,41.50,Y,N,Y,Y,,,,,,,,,,,,Shipped,N,,,,,
SO2026-000447,1,4,2026-01-15,2026-01-17,2026-02-28,2026-01-16,,,,,Squarespace,Squarespace,,60,USD,86.25,86.25,100.77,0.00,86.25,0,0.00,0,0.00,14.52,0.00,,,,,100.77,,0.00,,,,,,,,,,,,,,,Shipped,Paid,,,,,,,20006,10582,20006-2026-000447,,,,,,,,,Squarespace Shipping,Jamie Clark,Elin Marsh,Squarespace Digital,218 Camino Del Rio,Dock 18,Digital ship location,San Diego,CA,92108,San Diego,USA,ship-squarespace@example.com,(619) 555-2706,,,,,,,,,,,,,,,,,,,3,2026-01-15,FA13501DM-1608BLAU2-32-30,809666857757,,Maya Basic Dark Handsand Wash Midrise Skinny Jeans,,,EA,,,,,,,,1,0,,1,,34.00,34.00,34.00,34.00,0.00,,34.00,Y,N,Y,Y,,,,,,,,,,,,Shipped,N,,,,,
SO2026-000448,1,4,2026-02-05,2026-02-09,2026-02-28,2026-02-07,,,,,Etsy-LS,Etsy LS,,45,USD,78.75,78.75,91.18,0.00,78.75,0,0.00,0,0.00,12.43,0.00,,,,,91.18,,0.00,,,,,,,,,,,,,,,Shipped,Paid,,,,,,,10008,10571,10008-2026-000448,,,,,,,,,Etsy LS Shipping,Alex Reed,Rhea Moss,Etsy LS Marketplace,205 Mission St,Dock 5,Marketplace ship location,San Francisco,CA,94103,San Francisco,USA,ship-etsy-ls@example.com,(415) 555-1406,,,,,,,,,,,,,,,,,,,1,2026-02-05,CORA-01-TAUP-9.5,,,CROSS FRONT SANDAL,,,EA,,,,,,,,1,0,,1,,10.75,10.75,10.75,10.75,0.00,,10.75,Y,N,Y,Y,,,,,,,,,,,,Shipped,N,,,,,
SO2026-000448,1,4,2026-02-05,2026-02-09,2026-02-28,2026-02-07,,,,,Etsy-LS,Etsy LS,,45,USD,78.75,78.75,91.18,0.00,78.75,0,0.00,0,0.00,12.43,0.00,,,,,91.18,,0.00,,,,,,,,,,,,,,,Shipped,Paid,,,,,,,10008,10571,10008-2026-000448,,,,,,,,,Etsy LS Shipping,Alex Reed,Rhea Moss,Etsy LS Marketplace,205 Mission St,Dock 5,Marketplace ship location,San Francisco,CA,94103,San Francisco,USA,ship-etsy-ls@example.com,(415) 555-1406,,,,,,,,,,,,,,,,,,,2,2026-02-05,FA13512DM-1847DPOCN-26-30,809666864892,,Angie Stud Bling Pocket Low Rise Skinny Jeans,,,EA,,,,,,,,2,0,,2,,34.00,34.00,68.00,68.00,0.00,,68.00,Y,N,Y,Y,,,,,,,,,,,,Shipped,N,,,,,
SO2026-000449,1,4,2026-01-05,2026-01-07,2026-02-28,2026-01-06,,,,,Etsy-VS,Etsy VS,,60,USD,221.00,221.00,229.47,0.00,221.00,0,0.00,0,0.00,8.47,0.00,,,,,229.47,,0.00,,,,,,,,,,,,,,,Shipped,Paid,,,,,,,10008,10572,10008-2026-000449,,,,,,,,,Etsy VS Shipping,Jamie Clark,Soren Vale,Etsy VS Marketplace,206 Pacific Hwy,Dock 6,Seasonal ship location,Los Angeles,CA,90004,Los Angeles,USA,ship-etsy-vs@example.com,(213) 555-1506,,,,,,,,,,,,,,,,,,,1,2026-01-05,ADELINE-03-BROWN-5,,,BUCKLE FRONT FLAT SANDALS,,,EA,,,,,,,,4,0,,4,,18.50,18.50,74.00,74.00,0.00,,74.00,Y,N,Y,Y,,,,,,,,,,,,Shipped,N,,,,,
SO2026-000449,1,4,2026-01-05,2026-01-07,2026-02-28,2026-01-06,,,,,Etsy-VS,Etsy VS,,60,USD,221.00,221.00,229.47,0.00,221.00,0,0.00,0,0.00,8.47,0.00,,,,,229.47,,0.00,,,,,,,,,,,,,,,Shipped,Paid,,,,,,,10008,10572,10008-2026-000449,,,,,,,,,Etsy VS Shipping,Jamie Clark,Soren Vale,Etsy VS Marketplace,206 Pacific Hwy,Dock 6,Seasonal ship location,Los Angeles,CA,90004,Los Angeles,USA,ship-etsy-vs@example.com,(213) 555-1506,,,,,,,,,,,,,,,,,,,2,2026-01-05,FD9801506P-GINGER-3X-STD,809666395365,,Natalia Solid Button-Up Wrap Lantern Sleeve Dress,,,EA,,,,,,,,3,0,,3,,49.00,49.00,147.00,147.00,0.00,,147.00,Y,N,Y,Y,,,,,,,,,,,,Shipped,N,,,,,
SO2026-000450,1,4,2026-02-02,2026-02-07,2026-02-28,2026-02-04,,,,,Etsy-VS,Etsy VS,,60,USD,139.00,139.00,139.00,0.00,139.00,0,0.00,0,0.00,0.00,0.00,,,,,139.00,,0.00,,,,,,,,,,,,,,,Shipped,Paid,,,,,,,10008,10572,10008-2026-000450,,,,,,,,,Etsy VS Shipping,Jamie Clark,Soren Vale,Etsy VS Marketplace,206 Pacific Hwy,Dock 6,Seasonal ship location,Los Angeles,CA,90004,Los Angeles,USA,ship-etsy-vs@example.com,(213) 555-1506,,,,,,,,,,,,,,,,,,,1,2026-02-02,ADELINE-03-BROWN-9,,,BUCKLE FRONT FLAT SANDALS,,,EA,,,,,,,,4,0,,4,,18.50,18.50,74.00,74.00,0.00,,74.00,Y,N,Y,Y,,,,,,,,,,,,Shipped,N,,,,,
SO2026-000450,1,4,2026-02-02,2026-02-07,2026-02-28,2026-02-04,,,,,Etsy-VS,Etsy VS,,60,USD,139.00,139.00,139.00,0.00,139.00,0,0.00,0,0.00,0.00,0.00,,,,,139.00,,0.00,,,,,,,,,,,,,,,Shipped,Paid,,,,,,,10008,10572,10008-2026-000450,,,,,,,,,Etsy VS Shipping,Jamie Clark,Soren Vale,Etsy VS Marketplace,206 Pacific Hwy,Dock 6,Seasonal ship location,Los Angeles,CA,90004,Los Angeles,USA,ship-etsy-vs@example.com,(213) 555-1506,,,,,,,,,,,,,,,,,,,2,2026-02-02,AVIANA-06-WHITE-7,,,FUR SLIPPER,,,EA,,,,,,,,3,0,,3,,16.25,16.25,48.75,48.75,0.00,,48.75,Y,N,Y,Y,,,,,,,,,,,,Shipped,N,,,,,
SO2026-000450,1,4,2026-02-02,2026-02-07,2026-02-28,2026-02-04,,,,,Etsy-VS,Etsy VS,,60,USD,139.00,139.00,139.00,0.00,139.00,0,0.00,0,0.00,0.00,0.00,,,,,139.00,,0.00,,,,,,,,,,,,,,,Shipped,Paid,,,,,,,10008,10572,10008-2026-000450,,,,,,,,,Etsy VS Shipping,Jamie Clark,Soren Vale,Etsy VS Marketplace,206 Pacific Hwy,Dock 6,Seasonal ship location,Los Angeles,CA,90004,Los Angeles,USA,ship-etsy-vs@example.com,(213) 555-1506,,,,,,,,,,,,,,,,,,,3,2026-02-02,AVIANA-06-BLACK-11,,,FUR SLIPPER,,,EA,,,,,,,,1,0,,1,,16.25,16.25,16.25,16.25,0.00,,16.25,Y,N,Y,Y,,,,,,,,,,,,Shipped,N,,,,,
