OrderNumber,OrderType,OrderStatus,OrderDate,ShipDate,DueDate,BillDate,EtaArrivalDate,EarliestShipDate,LatestShipDate,SignatureFlag,CustomerCode,CustomerName,Terms,TermsDays,Currency,SubTotalAmount,SalesAmount,TotalAmount,TaxableAmount,NonTaxableAmount,TaxRate,TaxAmount,DiscountRate,DiscountAmount,ShippingAmount,ShippingTaxAmount,MiscAmount,MiscTaxAmount,ChargeAndAllowanceAmount,ChannelAmount,PaidAmount,CreditAmount,Balance,DepositAmount,SalesRep,SalesRep2,SalesRep3,SalesRep4,CommissionRate,CommissionRate2,CommissionRate3,CommissionRate4,TotalWeight,ActualWeight,CancelCode,SalesDivision,CustomerSource,Fulfillment Status,Financial Status,AmountRefunded,IsEdi,ShippingCarrier,ShippingClass,MainTrackingNumber,MainReturnTrackingNumber,ChannelNum,ChannelAccountNum,ChannelOrderID,SecondaryChannelOrderID,ShippingAccount,RefNum,CustomerPoNum,Carton,EndBuyerUserID,EndBuyerName,EndBuyerEmail,ShipToName,ShipToFirstName,ShipToLastName,ShipToCompany,ShipToAddressLine1,ShipToAddressLine2,ShipToAddressLine3,ShipToCity,ShipToState,ShipToPostalCode,ShipToCounty,ShipToCountry,ShipToEmail,ShipToDaytimePhone,BillToName,BillToCompany,BillToAddressLine1,BillToAddressLine2,BillToAddressLine3,BillToCity,BillToState,BillToPostalCode,BillToCounty,BillToCountry,BillToEmail,BillToDaytimePhone,Notes,ShippingCode,WarehouseCode,ShipmentID,DepartmentCode,DivisionCode,Seq,ItemDate,SKU,UPC,CustomerSKU,SKUTitle,LotNum,Description,UOM,PackType,PackQty,PackPrice,OrderPack,ShipPack,CancelledPack,OpenPack,OrderQty,ShipQty,CancelledQty,OpenQty,PriceRule,Price,DiscountPrice,ExtAmount,ItemTotalAmount,ShipAmount,CancelledAmount,OpenAmount,Stockable,Taxable,Costable,IsProfit,LotInDate,LotExpDate,DBChannelOrderLineRowID,ItemShippingAmount,ShippingCost,ItemTaxAmount,ItemShippingTaxAmount,ItemDiscountRate,ItemDiscountAmount,ItemNotes,ItemCancelCode,Lineitem fulfillment status,Lineitem taxable,ChannelItemID,EAN,MPN,ExternalBarcode,PodInfo
1,1,0,2026-03-03,2026-03-04,2026-04-02,2026-03-04,,,,,Walmart-eComm,Walmart eComm,,,USD,165.00,,178.63,,,0,0.00,,0.00,13.63,,,,,,178.63,,0.00,,,,,,,,,,,,,,,,,,,,,,,10002,10566,10002-2026-0303-000001,,,,,,,,,,,,,,,,,,,,,,,,,,,,,,,,,,,,,,,,,,2026-03-03,CORA-01-YLW-8,,,,,,EA,,,,,,,,2,0,,2,,10.75,,21.50,,,,,FALSE,TRUE,FALSE,FALSE,,,,,,,,,,,,,,,,,,
1,1,0,2026-03-03,2026-03-04,2026-04-02,2026-03-04,,,,,Walmart-eComm,Walmart eComm,,,USD,165.00,,178.63,,,0,0.00,,0.00,13.63,,,,,,178.63,,0.00,,,,,,,,,,,,,,,,,,,,,,,10002,10566,10002-2026-0303-000001,,,,,,,,,,,,,,,,,,,,,,,,,,,,,,,,,,,,,,,,,,2026-03-03,ASTRID-01-BLACK-5,,,,,,EA,,,,,,,,2,0,,2,,20.75,,41.50,,,,,FALSE,TRUE,FALSE,FALSE,,,,,,,,,,,,,,,,,,
1,1,0,2026-03-03,2026-03-04,2026-04-02,2026-03-04,,,,,Walmart-eComm,Walmart eComm,,,USD,165.00,,178.63,,,0,0.00,,0.00,13.63,,,,,,178.63,,0.00,,,,,,,,,,,,,,,,,,,,,,,10002,10566,10002-2026-0303-000001,,,,,,,,,,,,,,,,,,,,,,,,,,,,,,,,,,,,,,,,,,2026-03-03,F13031C-1742VNTGDM-24-STD,,,,,,EA,,,,,,,,3,0,,3,,34.00,,102.00,,,,,FALSE,TRUE,FALSE,FALSE,,,,,,,,,,,,,,,,,,
2,1,0,2026-03-02,2026-03-02,2026-04-01,2026-03-02,,,,,AMZ-eCom,AMZ eCom,,,USD,55.50,,65.48,,,0,0.00,,0.00,9.98,,,,,,65.48,,0.00,,,,,,,,,,,,,,,,,,,,,,,10001,10565,10001-2026-0302-000002,,,,,,,,,,,,,,,,,,,,,,,,,,,,,,,,,,,,,,,,,,2026-03-02,ADELINE-03-GOLD-9,,,,,,EA,,,,,,,,2,0,,2,,18.50,,37.00,,,,,FALSE,TRUE,FALSE,FALSE,,,,,,,,,,,,,,,,,,
2,1,0,2026-03-02,2026-03-02,2026-04-01,2026-03-02,,,,,AMZ-eCom,AMZ eCom,,,USD,55.50,,65.48,,,0,0.00,,0.00,9.98,,,,,,65.48,,0.00,,,,,,,,,,,,,,,,,,,,,,,10001,10565,10001-2026-0302-000002,,,,,,,,,,,,,,,,,,,,,,,,,,,,,,,,,,,,,,,,,,2026-03-02,ADELINE-03-TAUPE-11,,,,,,EA,,,,,,,,1,0,,1,,18.50,,18.50,,,,,FALSE,TRUE,FALSE,FALSE,,,,,,,,,,,,,,,,,,
3,1,0,2026-03-03,2026-03-05,2026-04-02,2026-03-04,,,,,Magento,Magento,,,USD,234.50,,250.13,,,0,0.00,,0.00,15.63,,,,,,250.13,,0.00,,,,,,,,,,,,,,,,,,,,,,,20003,10581,20003-2026-0303-000003,,,,,,,,,,,,,,,,,,,,,,,,,,,,,,,,,,,,,,,,,,2026-03-03,CAMILA-06-NUDE-9,,,,,,EA,,,,,,,,4,0,,4,,8.00,,32.00,,,,,FALSE,TRUE,FALSE,FALSE,,,,,,,,,,,,,,,,,,
3,1,0,2026-03-03,2026-03-05,2026-04-02,2026-03-04,,,,,Magento,Magento,,,USD,234.50,,250.13,,,0,0.00,,0.00,15.63,,,,,,250.13,,0.00,,,,,,,,,,,,,,,,,,,,,,,20003,10581,20003-2026-0303-000003,,,,,,,,,,,,,,,,,,,,,,,,,,,,,,,,,,,,,,,,,,2026-03-03,FD9801506P-BLACK-2X-STD,,,,,,EA,,,,,,,,3,0,,3,,49.00,,147.00,,,,,FALSE,TRUE,FALSE,FALSE,,,,,,,,,,,,,,,,,,
3,1,0,2026-03-03,2026-03-05,2026-04-02,2026-03-04,,,,,Magento,Magento,,,USD,234.50,,250.13,,,0,0.00,,0.00,15.63,,,,,,250.13,,0.00,,,,,,,,,,,,,,,,,,,,,,,20003,10581,20003-2026-0303-000003,,,,,,,,,,,,,,,,,,,,,,,,,,,,,,,,,,,,,,,,,,2026-03-03,ADELINE-03-TAUPE-6,,,,,,EA,,,,,,,,3,0,,3,,18.50,,55.50,,,,,FALSE,TRUE,FALSE,FALSE,,,,,,,,,,,,,,,,,,
4,1,0,2026-03-03,2026-03-08,2026-04-02,2026-03-05,,,,,Macys,Macys,,,USD,265.00,,265.87,,,0,0.00,,0.00,0.87,,,,,,265.87,,0.00,,,,,,,,,,,,,,,,,,,,,,,30005,10574,30005-2026-0303-000004,,,,,,,,,,,,,,,,,,,,,,,,,,,,,,,,,,,,,,,,,,2026-03-03,CORA-01-YLW-9.5,,,,,,EA,,,,,,,,4,0,,4,,10.75,,43.00,,,,,FALSE,TRUE,FALSE,FALSE,,,,,,,,,,,,,,,,,,
4,1,0,2026-03-03,2026-03-08,2026-04-02,2026-03-05,,,,,Macys,Macys,,,USD,265.00,,265.87,,,0,0.00,,0.00,0.87,,,,,,265.87,,0.00,,,,,,,,,,,,,,,,,,,,,,,30005,10574,30005-2026-0303-000004,,,,,,,,,,,,,,,,,,,,,,,,,,,,,,,,,,,,,,,,,,2026-03-03,ADELINE-03-BLACK-B12,,,,,,EA,,,,,,,,1,0,,1,,222.00,,222.00,,,,,FALSE,TRUE,FALSE,FALSE,,,,,,,,,,,,,,,,,,
5,1,0,2026-03-03,2026-03-04,2026-04-02,2026-03-04,,,,,AMZ-eCom,AMZ eCom,,,USD,41.50,,57.95,,,0,0.00,,0.00,16.45,,,,,,57.95,,0.00,,,,,,,,,,,,,,,,,,,,,,,10001,10565,10001-2026-0303-000005,,,,,,,,,,,,,,,,,,,,,,,,,,,,,,,,,,,,,,,,,,2026-03-03,ASTRID-01-GREY-12,,,,,,EA,,,,,,,,2,0,,2,,20.75,,41.50,,,,,FALSE,TRUE,FALSE,FALSE,,,,,,,,,,,,,,,,,,
6,1,0,2026-03-02,2026-03-05,2026-04-01,2026-03-03,,,,,Magento,Magento,,,USD,77.50,,88.89,,,0,0.00,,0.00,11.39,,,,,,88.89,,0.00,,,,,,,,,,,,,,,,,,,,,,,20003,10581,20003-2026-0302-000006,,,,,,,,,,,,,,,,,,,,,,,,,,,,,,,,,,,,,,,,,,2026-03-02,ADELINE-02-BLACK-11,,,,,,EA,,,,,,,,3,0,,3,,11.50,,34.50,,,,,FALSE,TRUE,FALSE,FALSE,,,,,,,,,,,,,,,,,,
6,1,0,2026-03-02,2026-03-05,2026-04-01,2026-03-03,,,,,Magento,Magento,,,USD,77.50,,88.89,,,0,0.00,,0.00,11.39,,,,,,88.89,,0.00,,,,,,,,,,,,,,,,,,,,,,,20003,10581,20003-2026-0302-000006,,,,,,,,,,,,,,,,,,,,,,,,,,,,,,,,,,,,,,,,,,2026-03-02,CORA-01-TAUP-5,,,,,,EA,,,,,,,,4,0,,4,,10.75,,43.00,,,,,FALSE,TRUE,FALSE,FALSE,,,,,,,,,,,,,,,,,,
7,1,0,2026-03-04,2026-03-04,2026-04-03,2026-03-04,,,,,Magento,Magento,,,USD,34.00,,49.17,,,0,0.00,,0.00,15.17,,,,,,49.17,,0.00,,,,,,,,,,,,,,,,,,,,,,,20003,10581,20003-2026-0304-000007,,,,,,,,,,,,,,,,,,,,,,,,,,,,,,,,,,,,,,,,,,2026-03-04,F13031C-1742VNTGCO-27-STD,,,,,,EA,,,,,,,,1,0,,1,,34.00,,34.00,,,,,FALSE,TRUE,FALSE,FALSE,,,,,,,,,,,,,,,,,,
8,1,0,2026-03-04,2026-03-07,2026-04-03,2026-03-04,,,,,Veeqo-Amazon,Veeqo Amazon,,,USD,74.00,,90.26,,,0,0.00,,0.00,16.26,,,,,,90.26,,0.00,,,,,,,,,,,,,,,,,,,,,,,10016,10579,10016-2026-0304-000008,,,,,,,,,,,,,,,,,,,,,,,,,,,,,,,,,,,,,,,,,,2026-03-04,ADELINE-03-BLACK-12,,,,,,EA,,,,,,,,4,0,,4,,18.50,,74.00,,,,,FALSE,TRUE,FALSE,FALSE,,,,,,,,,,,,,,,,,,
9,1,0,2026-03-04,2026-03-09,2026-04-03,2026-03-05,,,,,Etsy-VS,Etsy VS,,,USD,68.00,,68.00,,,0,0.00,,0.00,0.00,,,,,,68.00,,0.00,,,,,,,,,,,,,,,,,,,,,,,10008,10572,10008-2026-0304-000009,,,,,,,,,,,,,,,,,,,,,,,,,,,,,,,,,,,,,,,,,,2026-03-04,FA13501DM-1608BLAU2-29-30,,,,,,EA,,,,,,,,2,0,,2,,34.00,,68.00,,,,,FALSE,TRUE,FALSE,FALSE,,,,,,,,,,,,,,,,,,
10,1,0,2026-03-03,2026-03-04,2026-04-02,2026-03-05,,,,,Magento,Magento,,,USD,55.50,,55.73,,,0,0.00,,0.00,0.23,,,,,,55.73,,0.00,,,,,,,,,,,,,,,,,,,,,,,20003,10581,20003-2026-0303-000010,,,,,,,,,,,,,,,,,,,,,,,,,,,,,,,,,,,,,,,,,,2026-03-03,ADELINE-03-GOLD-11,,,,,,EA,,,,,,,,3,0,,3,,18.50,,55.50,,,,,FALSE,TRUE,FALSE,FALSE,,,,,,,,,,,,,,,,,,
11,1,0,2026-03-03,2026-03-04,2026-04-02,2026-03-03,,,,,Squarespace,Squarespace,,,USD,37.75,,46.80,,,0,0.00,,0.00,9.05,,,,,,46.80,,0.00,,,,,,,,,,,,,,,,,,,,,,,20006,10582,20006-2026-0303-000011,,,,,,,,,,,,,,,,,,,,,,,,,,,,,,,,,,,,,,,,,,2026-03-03,AVIANA-06-PINK-5,,,,,,EA,,,,,,,,1,0,,1,,16.25,,16.25,,,,,FALSE,TRUE,FALSE,FALSE,,,,,,,,,,,,,,,,,,
11,1,0,2026-03-03,2026-03-04,2026-04-02,2026-03-03,,,,,Squarespace,Squarespace,,,USD,37.75,,46.80,,,0,0.00,,0.00,9.05,,,,,,46.80,,0.00,,,,,,,,,,,,,,,,,,,,,,,20006,10582,20006-2026-0303-000011,,,,,,,,,,,,,,,,,,,,,,,,,,,,,,,,,,,,,,,,,,2026-03-03,CORA-01-YLW-6,,,,,,EA,,,,,,,,2,0,,2,,10.75,,21.50,,,,,FALSE,TRUE,FALSE,FALSE,,,,,,,,,,,,,,,,,,
12,1,0,2026-03-01,2026-03-05,2026-03-31,2026-03-02,,,,,Mirakl-Kohls,Mirakl Kohls,,,USD,396.00,,396.00,,,0,0.00,,0.00,0.00,,,,,,396.00,,0.00,,,,,,,,,,,,,,,,,,,,,,,10013,10576,10013-2026-0301-000012,,,,,,,,,,,,,,,,,,,,,,,,,,,,,,,,,,,,,,,,,,2026-03-01,AUSTIN-06-BLACK-S,,,,,,EA,,,,,,,,2,0,,2,,120.00,,240.00,,,,,FALSE,TRUE,FALSE,FALSE,,,,,,,,,,,,,,,,,,
12,1,0,2026-03-01,2026-03-05,2026-03-31,2026-03-02,,,,,Mirakl-Kohls,Mirakl Kohls,,,USD,396.00,,396.00,,,0,0.00,,0.00,0.00,,,,,,396.00,,0.00,,,,,,,,,,,,,,,,,,,,,,,10013,10576,10013-2026-0301-000012,,,,,,,,,,,,,,,,,,,,,,,,,,,,,,,,,,,,,,,,,,2026-03-01,FA16023WV-MIDNIGHTCAMO-L-STD,,,,,,EA,,,,,,,,4,0,,4,,39.00,,156.00,,,,,FALSE,TRUE,FALSE,FALSE,,,,,,,,,,,,,,,,,,
13,1,0,2026-03-01,2026-03-06,2026-03-31,2026-03-01,,,,,JCPenney,JCPenney,,,USD,134.00,,139.92,,,0,0.00,,0.00,5.92,,,,,,139.92,,0.00,,,,,,,,,,,,,,,,,,,,,,,30007,10575,30007-2026-0301-000013,,,,,,,,,,,,,,,,,,,,,,,,,,,,,,,,,,,,,,,,,,2026-03-01,CAMILA-06-GREEN-5.5,,,,,,EA,,,,,,,,4,0,,4,,8.00,,32.00,,,,,FALSE,TRUE,FALSE,FALSE,,,,,,,,,,,,,,,,,,
13,1,0,2026-03-01,2026-03-06,2026-03-31,2026-03-01,,,,,JCPenney,JCPenney,,,USD,134.00,,139.92,,,0,0.00,,0.00,5.92,,,,,,139.92,,0.00,,,,,,,,,,,,,,,,,,,,,,,30007,10575,30007-2026-0301-000013,,,,,,,,,,,,,,,,,,,,,,,,,,,,,,,,,,,,,,,,,,2026-03-01,FA13501DM-RINSEWSFT-30-30,,,,,,EA,,,,,,,,3,0,,3,,34.00,,102.00,,,,,FALSE,TRUE,FALSE,FALSE,,,,,,,,,,,,,,,,,,
14,1,0,2026-03-04,2026-03-08,2026-04-03,2026-03-06,,,,,Shopify,Shopify,,,USD,92.75,,105.27,,,0,0.00,,0.00,12.52,,,,,,105.27,,0.00,,,,,,,,,,,,,,,,,,,,,,,20001,10580,20001-2026-0304-000014,,,,,,,,,,,,,,,,,,,,,,,,,,,,,,,,,,,,,,,,,,2026-03-04,CAMILA-06-GREEN-5,,,,,,EA,,,,,,,,3,0,,3,,8.00,,24.00,,,,,FALSE,TRUE,FALSE,FALSE,,,,,,,,,,,,,,,,,,
14,1,0,2026-03-04,2026-03-08,2026-04-03,2026-03-06,,,,,Shopify,Shopify,,,USD,92.75,,105.27,,,0,0.00,,0.00,12.52,,,,,,105.27,,0.00,,,,,,,,,,,,,,,,,,,,,,,20001,10580,20001-2026-0304-000014,,,,,,,,,,,,,,,,,,,,,,,,,,,,,,,,,,,,,,,,,,2026-03-04,AUSTIN-06-WHITE-9,,,,,,EA,,,,,,,,2,0,,2,,10.00,,20.00,,,,,FALSE,TRUE,FALSE,FALSE,,,,,,,,,,,,,,,,,,
14,1,0,2026-03-04,2026-03-08,2026-04-03,2026-03-06,,,,,Shopify,Shopify,,,USD,92.75,,105.27,,,0,0.00,,0.00,12.52,,,,,,105.27,,0.00,,,,,,,,,,,,,,,,,,,,,,,20001,10580,20001-2026-0304-000014,,,,,,,,,,,,,,,,,,,,,,,,,,,,,,,,,,,,,,,,,,2026-03-04,AVIANA-06-PINK-9,,,,,,EA,,,,,,,,3,0,,3,,16.25,,48.75,,,,,FALSE,TRUE,FALSE,FALSE,,,,,,,,,,,,,,,,,,
15,1,0,2026-03-01,2026-03-01,2026-03-31,2026-03-03,,,,,Squarespace,Squarespace,,,USD,224.00,,237.04,,,0,0.00,,0.00,13.04,,,,,,237.04,,0.00,,,,,,,,,,,,,,,,,,,,,,,20006,10582,20006-2026-0301-000015,,,,,,,,,,,,,,,,,,,,,,,,,,,,,,,,,,,,,,,,,,2026-03-01,FB3601737-3219UNFORGV-31-STD,,,,,,EA,,,,,,,,2,0,,2,,39.00,,78.00,,,,,FALSE,TRUE,FALSE,FALSE,,,,,,,,,,,,,,,,,,
15,1,0,2026-03-01,2026-03-01,2026-03-31,2026-03-03,,,,,Squarespace,Squarespace,,,USD,224.00,,237.04,,,0,0.00,,0.00,13.04,,,,,,237.04,,0.00,,,,,,,,,,,,,,,,,,,,,,,20006,10582,20006-2026-0301-000015,,,,,,,,,,,,,,,,,,,,,,,,,,,,,,,,,,,,,,,,,,2026-03-01,173451-1183CITIZEN-25-STD,,,,,,EA,,,,,,,,2,0,,2,,24.00,,48.00,,,,,FALSE,TRUE,FALSE,FALSE,,,,,,,,,,,,,,,,,,
15,1,0,2026-03-01,2026-03-01,2026-03-31,2026-03-03,,,,,Squarespace,Squarespace,,,USD,224.00,,237.04,,,0,0.00,,0.00,13.04,,,,,,237.04,,0.00,,,,,,,,,,,,,,,,,,,,,,,20006,10582,20006-2026-0301-000015,,,,,,,,,,,,,,,,,,,,,,,,,,,,,,,,,,,,,,,,,,2026-03-01,FD9801506P-CHERRY-3X-STD,,,,,,EA,,,,,,,,2,0,,2,,49.00,,98.00,,,,,FALSE,TRUE,FALSE,FALSE,,,,,,,,,,,,,,,,,,
16,1,0,2026-03-03,2026-03-03,2026-04-02,2026-03-03,,,,,Veeqo-Amazon,Veeqo Amazon,,,USD,411.33,,421.11,,,0,0.00,,0.00,9.78,,,,,,421.11,,0.00,,,,,,,,,,,,,,,,,,,,,,,10016,10579,10016-2026-0303-000016,,,,,,,,,,,,,,,,,,,,,,,,,,,,,,,,,,,,,,,,,,2026-03-03,FD3601734-MEDBLEACH-XL-STD,,,,,,EA,,,,,,,,3,0,,3,,98.00,,294.00,,,,,FALSE,TRUE,FALSE,FALSE,,,,,,,,,,,,,,,,,,
16,1,0,2026-03-03,2026-03-03,2026-04-02,2026-03-03,,,,,Veeqo-Amazon,Veeqo Amazon,,,USD,411.33,,421.11,,,0,0.00,,0.00,9.78,,,,,,421.11,,0.00,,,,,,,,,,,,,,,,,,,,,,,10016,10579,10016-2026-0303-000016,,,,,,,,,,,,,,,,,,,,,,,,,,,,,,,,,,,,,,,,,,2026-03-03,ASTRID-01-BLACK-B12,,,,,,EA,,,,,,,,3,0,,3,,39.11,,117.33,,,,,FALSE,TRUE,FALSE,FALSE,,,,,,,,,,,,,,,,,,
17,1,0,2026-03-03,2026-03-04,2026-04-02,2026-03-04,,,,,Magento,Magento,,,USD,178.69,,193.82,,,0,0.00,,0.00,15.13,,,,,,193.82,,0.00,,,,,,,,,,,,,,,,,,,,,,,20003,10581,20003-2026-0303-000017,,,,,,,,,,,,,,,,,,,,,,,,,,,,,,,,,,,,,,,,,,2026-03-03,AUSTIN-06-WHITE-6,,,,,,EA,,,,,,,,4,0,,4,,10.00,,40.00,,,,,FALSE,TRUE,FALSE,FALSE,,,,,,,,,,,,,,,,,,
17,1,0,2026-03-03,2026-03-04,2026-04-02,2026-03-04,,,,,Magento,Magento,,,USD,178.69,,193.82,,,0,0.00,,0.00,15.13,,,,,,193.82,,0.00,,,,,,,,,,,,,,,,,,,,,,,20003,10581,20003-2026-0303-000017,,,,,,,,,,,,,,,,,,,,,,,,,,,,,,,,,,,,,,,,,,2026-03-03,ASTRID-01-GREY-A12,,,,,,EA,,,,,,,,2,0,,2,,53.22,,106.44,,,,,FALSE,TRUE,FALSE,FALSE,,,,,,,,,,,,,,,,,,
17,1,0,2026-03-03,2026-03-04,2026-04-02,2026-03-04,,,,,Magento,Magento,,,USD,178.69,,193.82,,,0,0.00,,0.00,15.13,,,,,,193.82,,0.00,,,,,,,,,,,,,,,,,,,,,,,20003,10581,20003-2026-0303-000017,,,,,,,,,,,,,,,,,,,,,,,,,,,,,,,,,,,,,,,,,,2026-03-03,CORA-01-CAME-8,,,,,,EA,,,,,,,,3,0,,3,,10.75,,32.25,,,,,FALSE,TRUE,FALSE,FALSE,,,,,,,,,,,,,,,,,,
18,1,0,2026-03-03,2026-03-07,2026-04-02,2026-03-03,,,,,JCPenney,JCPenney,,,USD,37.00,,48.72,,,0,0.00,,0.00,11.72,,,,,,48.72,,0.00,,,,,,,,,,,,,,,,,,,,,,,30007,10575,30007-2026-0303-000018,,,,,,,,,,,,,,,,,,,,,,,,,,,,,,,,,,,,,,,,,,2026-03-03,ADELINE-03-BLUE-8,,,,,,EA,,,,,,,,2,0,,2,,18.50,,37.00,,,,,FALSE,TRUE,FALSE,FALSE,,,,,,,,,,,,,,,,,,
19,1,0,2026-03-01,2026-03-03,2026-03-31,2026-03-02,,,,,Squarespace,Squarespace,,,USD,310.76,,325.71,,,0,0.00,,0.00,14.95,,,,,,325.71,,0.00,,,,,,,,,,,,,,,,,,,,,,,20006,10582,20006-2026-0301-000019,,,,,,,,,,,,,,,,,,,,,,,,,,,,,,,,,,,,,,,,,,2026-03-01,AVIANA-06-BLACK-S,,,,,,EA,,,,,,,,3,0,,3,,66.92,,200.76,,,,,FALSE,TRUE,FALSE,FALSE,,,,,,,,,,,,,,,,,,
19,1,0,2026-03-01,2026-03-03,2026-03-31,2026-03-02,,,,,Squarespace,Squarespace,,,USD,310.76,,325.71,,,0,0.00,,0.00,14.95,,,,,,325.71,,0.00,,,,,,,,,,,,,,,,,,,,,,,20006,10582,20006-2026-0301-000019,,,,,,,,,,,,,,,,,,,,,,,,,,,,,,,,,,,,,,,,,,2026-03-01,FA13512DM-1847DPOCN-29-32,,,,,,EA,,,,,,,,3,0,,3,,34.00,,102.00,,,,,FALSE,TRUE,FALSE,FALSE,,,,,,,,,,,,,,,,,,
19,1,0,2026-03-01,2026-03-03,2026-03-31,2026-03-02,,,,,Squarespace,Squarespace,,,USD,310.76,,325.71,,,0,0.00,,0.00,14.95,,,,,,325.71,,0.00,,,,,,,,,,,,,,,,,,,,,,,20006,10582,20006-2026-0301-000019,,,,,,,,,,,,,,,,,,,,,,,,,,,,,,,,,,,,,,,,,,2026-03-01,CAMILA-06-BLACK-7,,,,,,EA,,,,,,,,1,0,,1,,8.00,,8.00,,,,,FALSE,TRUE,FALSE,FALSE,,,,,,,,,,,,,,,,,,
20,1,0,2026-03-01,2026-03-01,2026-03-31,2026-03-01,,,,,Walmart-eComm,Walmart eComm,,,USD,75.75,,91.17,,,0,0.00,,0.00,15.42,,,,,,91.17,,0.00,,,,,,,,,,,,,,,,,,,,,,,10002,10566,10002-2026-0301-000020,,,,,,,,,,,,,,,,,,,,,,,,,,,,,,,,,,,,,,,,,,2026-03-01,CORA-01-TAUP-12,,,,,,EA,,,,,,,,1,0,,1,,10.75,,10.75,,,,,FALSE,TRUE,FALSE,FALSE,,,,,,,,,,,,,,,,,,
20,1,0,2026-03-01,2026-03-01,2026-03-31,2026-03-01,,,,,Walmart-eComm,Walmart eComm,,,USD,75.75,,91.17,,,0,0.00,,0.00,15.42,,,,,,91.17,,0.00,,,,,,,,,,,,,,,,,,,,,,,10002,10566,10002-2026-0301-000020,,,,,,,,,,,,,,,,,,,,,,,,,,,,,,,,,,,,,,,,,,2026-03-01,AVIANA-06-WHITE-6,,,,,,EA,,,,,,,,4,0,,4,,16.25,,65.00,,,,,FALSE,TRUE,FALSE,FALSE,,,,,,,,,,,,,,,,,,
21,1,0,2026-03-02,2026-03-07,2026-04-01,2026-03-03,,,,,Etsy-LS,Etsy LS,,,USD,142.00,,149.69,,,0,0.00,,0.00,7.69,,,,,,149.69,,0.00,,,,,,,,,,,,,,,,,,,,,,,10008,10571,10008-2026-0302-000021,,,,,,,,,,,,,,,,,,,,,,,,,,,,,,,,,,,,,,,,,,2026-03-02,FA13512DM-1847DPOCN-32-32,,,,,,EA,,,,,,,,3,0,,3,,34.00,,102.00,,,,,FALSE,TRUE,FALSE,FALSE,,,,,,,,,,,,,,,,,,
21,1,0,2026-03-02,2026-03-07,2026-04-01,2026-03-03,,,,,Etsy-LS,Etsy LS,,,USD,142.00,,149.69,,,0,0.00,,0.00,7.69,,,,,,149.69,,0.00,,,,,,,,,,,,,,,,,,,,,,,10008,10571,10008-2026-0302-000021,,,,,,,,,,,,,,,,,,,,,,,,,,,,,,,,,,,,,,,,,,2026-03-02,AUSTIN-06-CAMEL-11,,,,,,EA,,,,,,,,4,0,,4,,10.00,,40.00,,,,,FALSE,TRUE,FALSE,FALSE,,,,,,,,,,,,,,,,,,
22,1,0,2026-03-04,2026-03-09,2026-04-03,2026-03-04,,,,,Mirakl-Kohls,Mirakl Kohls,,,USD,317.12,,333.34,,,0,0.00,,0.00,16.22,,,,,,333.34,,0.00,,,,,,,,,,,,,,,,,,,,,,,10013,10576,10013-2026-0304-000022,,,,,,,,,,,,,,,,,,,,,,,,,,,,,,,,,,,,,,,,,,2026-03-04,ASTRID-01-BLUSH-S,,,,,,EA,,,,,,,,4,0,,4,,44.78,,179.12,,,,,FALSE,TRUE,FALSE,FALSE,,,,,,,,,,,,,,,,,,
22,1,0,2026-03-04,2026-03-09,2026-04-03,2026-03-04,,,,,Mirakl-Kohls,Mirakl Kohls,,,USD,317.12,,333.34,,,0,0.00,,0.00,16.22,,,,,,333.34,,0.00,,,,,,,,,,,,,,,,,,,,,,,10013,10576,10013-2026-0304-000022,,,,,,,,,,,,,,,,,,,,,,,,,,,,,,,,,,,,,,,,,,2026-03-04,AUSTIN-06-CAMEL-9.5,,,,,,EA,,,,,,,,4,0,,4,,10.00,,40.00,,,,,FALSE,TRUE,FALSE,FALSE,,,,,,,,,,,,,,,,,,
22,1,0,2026-03-04,2026-03-09,2026-04-03,2026-03-04,,,,,Mirakl-Kohls,Mirakl Kohls,,,USD,317.12,,333.34,,,0,0.00,,0.00,16.22,,,,,,333.34,,0.00,,,,,,,,,,,,,,,,,,,,,,,10013,10576,10013-2026-0304-000022,,,,,,,,,,,,,,,,,,,,,,,,,,,,,,,,,,,,,,,,,,2026-03-04,FD3601734-MEDBLEACH-M-STD,,,,,,EA,,,,,,,,1,0,,1,,98.00,,98.00,,,,,FALSE,TRUE,FALSE,FALSE,,,,,,,,,,,,,,,,,,
23,1,0,2026-03-02,2026-03-05,2026-04-01,2026-03-04,,,,,Etsy-VS,Etsy VS,,,USD,34.00,,47.82,,,0,0.00,,0.00,13.82,,,,,,47.82,,0.00,,,,,,,,,,,,,,,,,,,,,,,10008,10572,10008-2026-0302-000023,,,,,,,,,,,,,,,,,,,,,,,,,,,,,,,,,,,,,,,,,,2026-03-02,F13031C-1742VNTGCO-24-STD,,,,,,EA,,,,,,,,1,0,,1,,34.00,,34.00,,,,,FALSE,TRUE,FALSE,FALSE,,,,,,,,,,,,,,,,,,
24,1,0,2026-03-04,2026-03-05,2026-04-03,2026-03-05,,,,,Walmart-eComm,Walmart eComm,,,USD,340.00,,349.88,,,0,0.00,,0.00,9.88,,,,,,349.88,,0.00,,,,,,,,,,,,,,,,,,,,,,,10002,10566,10002-2026-0304-000024,,,,,,,,,,,,,,,,,,,,,,,,,,,,,,,,,,,,,,,,,,2026-03-04,FD9801506P-BLACKBROWN-2X-STD,,,,,,EA,,,,,,,,3,0,,3,,49.00,,147.00,,,,,FALSE,TRUE,FALSE,FALSE,,,,,,,,,,,,,,,,,,
24,1,0,2026-03-04,2026-03-05,2026-04-03,2026-03-05,,,,,Walmart-eComm,Walmart eComm,,,USD,340.00,,349.88,,,0,0.00,,0.00,9.88,,,,,,349.88,,0.00,,,,,,,,,,,,,,,,,,,,,,,10002,10566,10002-2026-0304-000024,,,,,,,,,,,,,,,,,,,,,,,,,,,,,,,,,,,,,,,,,,2026-03-04,ADELINE-02-NUDE-8.5,,,,,,EA,,,,,,,,4,0,,4,,11.50,,46.00,,,,,FALSE,TRUE,FALSE,FALSE,,,,,,,,,,,,,,,,,,
24,1,0,2026-03-04,2026-03-05,2026-04-03,2026-03-05,,,,,Walmart-eComm,Walmart eComm,,,USD,340.00,,349.88,,,0,0.00,,0.00,9.88,,,,,,349.88,,0.00,,,,,,,,,,,,,,,,,,,,,,,10002,10566,10002-2026-0304-000024,,,,,,,,,,,,,,,,,,,,,,,,,,,,,,,,,,,,,,,,,,2026-03-04,FD3601033-3022FROZENPD-S-STD,,,,,,EA,,,,,,,,3,0,,3,,49.00,,147.00,,,,,FALSE,TRUE,FALSE,FALSE,,,,,,,,,,,,,,,,,,
25,1,0,2026-03-03,2026-03-05,2026-04-02,2026-03-03,,,,,Shopify,Shopify,,,USD,37.00,,48.02,,,0,0.00,,0.00,11.02,,,,,,48.02,,0.00,,,,,,,,,,,,,,,,,,,,,,,20001,10580,20001-2026-0303-000025,,,,,,,,,,,,,,,,,,,,,,,,,,,,,,,,,,,,,,,,,,2026-03-03,ADELINE-03-BLUE-6,,,,,,EA,,,,,,,,2,0,,2,,18.50,,37.00,,,,,FALSE,TRUE,FALSE,FALSE,,,,,,,,,,,,,,,,,,
26,1,0,2026-03-03,2026-03-03,2026-04-02,2026-03-04,,,,,Etsy-LS,Etsy LS,,,USD,302.00,,304.50,,,0,0.00,,0.00,2.50,,,,,,304.50,,0.00,,,,,,,,,,,,,,,,,,,,,,,10008,10571,10008-2026-0303-000026,,,,,,,,,,,,,,,,,,,,,,,,,,,,,,,,,,,,,,,,,,2026-03-03,CORA-01-BLK-A12,,,,,,EA,,,,,,,,1,0,,1,,129.00,,129.00,,,,,FALSE,TRUE,FALSE,FALSE,,,,,,,,,,,,,,,,,,
26,1,0,2026-03-03,2026-03-03,2026-04-02,2026-03-04,,,,,Etsy-LS,Etsy LS,,,USD,302.00,,304.50,,,0,0.00,,0.00,2.50,,,,,,304.50,,0.00,,,,,,,,,,,,,,,,,,,,,,,10008,10571,10008-2026-0303-000026,,,,,,,,,,,,,,,,,,,,,,,,,,,,,,,,,,,,,,,,,,2026-03-03,F13031C-1742VNTGBJ-28-STD,,,,,,EA,,,,,,,,4,0,,4,,34.00,,136.00,,,,,FALSE,TRUE,FALSE,FALSE,,,,,,,,,,,,,,,,,,
26,1,0,2026-03-03,2026-03-03,2026-04-02,2026-03-04,,,,,Etsy-LS,Etsy LS,,,USD,302.00,,304.50,,,0,0.00,,0.00,2.50,,,,,,304.50,,0.00,,,,,,,,,,,,,,,,,,,,,,,10008,10571,10008-2026-0303-000026,,,,,,,,,,,,,,,,,,,,,,,,,,,,,,,,,,,,,,,,,,2026-03-03,ADELINE-03-BLACK-8,,,,,,EA,,,,,,,,2,0,,2,,18.50,,37.00,,,,,FALSE,TRUE,FALSE,FALSE,,,,,,,,,,,,,,,,,,
27,1,0,2026-03-04,2026-03-06,2026-04-03,2026-03-04,,,,,Macys,Macys,,,USD,63.50,,63.50,,,0,0.00,,0.00,0.00,,,,,,63.50,,0.00,,,,,,,,,,,,,,,,,,,,,,,30005,10574,30005-2026-0304-000027,,,,,,,,,,,,,,,,,,,,,,,,,,,,,,,,,,,,,,,,,,2026-03-04,ADELINE-03-TAUPE-9,,,,,,EA,,,,,,,,3,0,,3,,18.50,,55.50,,,,,FALSE,TRUE,FALSE,FALSE,,,,,,,,,,,,,,,,,,
27,1,0,2026-03-04,2026-03-06,2026-04-03,2026-03-04,,,,,Macys,Macys,,,USD,63.50,,63.50,,,0,0.00,,0.00,0.00,,,,,,63.50,,0.00,,,,,,,,,,,,,,,,,,,,,,,30005,10574,30005-2026-0304-000027,,,,,,,,,,,,,,,,,,,,,,,,,,,,,,,,,,,,,,,,,,2026-03-04,CAMILA-06-GREEN-10,,,,,,EA,,,,,,,,1,0,,1,,8.00,,8.00,,,,,FALSE,TRUE,FALSE,FALSE,,,,,,,,,,,,,,,,,,
28,1,0,2026-03-04,2026-03-07,2026-04-03,2026-03-06,,,,,Walmart-eComm,Walmart eComm,,,USD,405.00,,420.52,,,0,0.00,,0.00,15.52,,,,,,420.52,,0.00,,,,,,,,,,,,,,,,,,,,,,,10002,10566,10002-2026-0304-000028,,,,,,,,,,,,,,,,,,,,,,,,,,,,,,,,,,,,,,,,,,2026-03-04,CAMILA-06-NUDE-S,,,,,,EA,,,,,,,,3,0,,3,,96.00,,288.00,,,,,FALSE,TRUE,FALSE,FALSE,,,,,,,,,,,,,,,,,,
28,1,0,2026-03-04,2026-03-07,2026-04-03,2026-03-06,,,,,Walmart-eComm,Walmart eComm,,,USD,405.00,,420.52,,,0,0.00,,0.00,15.52,,,,,,420.52,,0.00,,,,,,,,,,,,,,,,,,,,,,,10002,10566,10002-2026-0304-000028,,,,,,,,,,,,,,,,,,,,,,,,,,,,,,,,,,,,,,,,,,2026-03-04,FA16105WV-MIDNIGHTBLUE-M-STD,,,,,,EA,,,,,,,,3,0,,3,,39.00,,117.00,,,,,FALSE,TRUE,FALSE,FALSE,,,,,,,,,,,,,,,,,,
29,1,0,2026-03-04,2026-03-05,2026-04-03,2026-03-06,,,,,Etsy-VS,Etsy VS,,,USD,46.00,,50.85,,,0,0.00,,0.00,4.85,,,,,,50.85,,0.00,,,,,,,,,,,,,,,,,,,,,,,10008,10572,10008-2026-0304-000029,,,,,,,,,,,,,,,,,,,,,,,,,,,,,,,,,,,,,,,,,,2026-03-04,ADELINE-02-WHITE-5,,,,,,EA,,,,,,,,4,0,,4,,11.50,,46.00,,,,,FALSE,TRUE,FALSE,FALSE,,,,,,,,,,,,,,,,,,
30,1,0,2026-03-04,2026-03-04,2026-04-03,2026-03-05,,,,,eBay,eBay,,,USD,54.75,,56.58,,,0,0.00,,0.00,1.83,,,,,,56.58,,0.00,,,,,,,,,,,,,,,,,,,,,,,10004,10570,10004-2026-0304-000030,,,,,,,,,,,,,,,,,,,,,,,,,,,,,,,,,,,,,,,,,,2026-03-04,ASTRID-01-GREY-11,,,,,,EA,,,,,,,,1,0,,1,,20.75,,20.75,,,,,FALSE,TRUE,FALSE,FALSE,,,,,,,,,,,,,,,,,,
30,1,0,2026-03-04,2026-03-04,2026-04-03,2026-03-05,,,,,eBay,eBay,,,USD,54.75,,56.58,,,0,0.00,,0.00,1.83,,,,,,56.58,,0.00,,,,,,,,,,,,,,,,,,,,,,,10004,10570,10004-2026-0304-000030,,,,,,,,,,,,,,,,,,,,,,,,,,,,,,,,,,,,,,,,,,2026-03-04,FA13501DM-1464KINGSC-28-32,,,,,,EA,,,,,,,,1,0,,1,,34.00,,34.00,,,,,FALSE,TRUE,FALSE,FALSE,,,,,,,,,,,,,,,,,,
31,1,0,2026-03-02,2026-03-06,2026-04-01,2026-03-04,,,,,JCPenney,JCPenney,,,USD,48.00,,61.02,,,0,0.00,,0.00,13.02,,,,,,61.02,,0.00,,,,,,,,,,,,,,,,,,,,,,,30007,10575,30007-2026-0302-000031,,,,,,,,,,,,,,,,,,,,,,,,,,,,,,,,,,,,,,,,,,2026-03-02,CAMILA-06-TAUPE-11,,,,,,EA,,,,,,,,4,0,,4,,8.00,,32.00,,,,,FALSE,TRUE,FALSE,FALSE,,,,,,,,,,,,,,,,,,
31,1,0,2026-03-02,2026-03-06,2026-04-01,2026-03-04,,,,,JCPenney,JCPenney,,,USD,48.00,,61.02,,,0,0.00,,0.00,13.02,,,,,,61.02,,0.00,,,,,,,,,,,,,,,,,,,,,,,30007,10575,30007-2026-0302-000031,,,,,,,,,,,,,,,,,,,,,,,,,,,,,,,,,,,,,,,,,,2026-03-02,CAMILA-06-BLACK-11,,,,,,EA,,,,,,,,2,0,,2,,8.00,,16.00,,,,,FALSE,TRUE,FALSE,FALSE,,,,,,,,,,,,,,,,,,
32,1,0,2026-03-04,2026-03-07,2026-04-03,2026-03-05,,,,,Mirakl-Kohls,Mirakl Kohls,,,USD,43.00,,46.20,,,0,0.00,,0.00,3.20,,,,,,46.20,,0.00,,,,,,,,,,,,,,,,,,,,,,,10013,10576,10013-2026-0304-000032,,,,,,,,,,,,,,,,,,,,,,,,,,,,,,,,,,,,,,,,,,2026-03-04,CORA-01-YLW-11,,,,,,EA,,,,,,,,4,0,,4,,10.75,,43.00,,,,,FALSE,TRUE,FALSE,FALSE,,,,,,,,,,,,,,,,,,
33,1,0,2026-03-01,2026-03-01,2026-03-31,2026-03-02,,,,,Shopify,Shopify,,,USD,120.50,,134.04,,,0,0.00,,0.00,13.54,,,,,,134.04,,0.00,,,,,,,,,,,,,,,,,,,,,,,20001,10580,20001-2026-0301-000033,,,,,,,,,,,,,,,,,,,,,,,,,,,,,,,,,,,,,,,,,,2026-03-01,FA13501DM-1608BLAU2-32-32,,,,,,EA,,,,,,,,3,0,,3,,34.00,,102.00,,,,,FALSE,TRUE,FALSE,FALSE,,,,,,,,,,,,,,,,,,
33,1,0,2026-03-01,2026-03-01,2026-03-31,2026-03-02,,,,,Shopify,Shopify,,,USD,120.50,,134.04,,,0,0.00,,0.00,13.54,,,,,,134.04,,0.00,,,,,,,,,,,,,,,,,,,,,,,20001,10580,20001-2026-0301-000033,,,,,,,,,,,,,,,,,,,,,,,,,,,,,,,,,,,,,,,,,,2026-03-01,ADELINE-03-GOLD-5.5,,,,,,EA,,,,,,,,1,0,,1,,18.50,,18.50,,,,,FALSE,TRUE,FALSE,FALSE,,,,,,,,,,,,,,,,,,
34,1,0,2026-03-04,2026-03-09,2026-04-03,2026-03-06,,,,,eBay,eBay,,,USD,102.00,,114.68,,,0,0.00,,0.00,12.68,,,,,,114.68,,0.00,,,,,,,,,,,,,,,,,,,,,,,10004,10570,10004-2026-0304-000034,,,,,,,,,,,,,,,,,,,,,,,,,,,,,,,,,,,,,,,,,,2026-03-04,ADELINE-02-WHITE-12,,,,,,EA,,,,,,,,4,0,,4,,11.50,,46.00,,,,,FALSE,TRUE,FALSE,FALSE,,,,,,,,,,,,,,,,,,
34,1,0,2026-03-04,2026-03-09,2026-04-03,2026-03-06,,,,,eBay,eBay,,,USD,102.00,,114.68,,,0,0.00,,0.00,12.68,,,,,,114.68,,0.00,,,,,,,,,,,,,,,,,,,,,,,10004,10570,10004-2026-0304-000034,,,,,,,,,,,,,,,,,,,,,,,,,,,,,,,,,,,,,,,,,,2026-03-04,CORA-01-CAME-7,,,,,,EA,,,,,,,,2,0,,2,,10.75,,21.50,,,,,FALSE,TRUE,FALSE,FALSE,,,,,,,,,,,,,,,,,,
34,1,0,2026-03-04,2026-03-09,2026-04-03,2026-03-06,,,,,eBay,eBay,,,USD,102.00,,114.68,,,0,0.00,,0.00,12.68,,,,,,114.68,,0.00,,,,,,,,,,,,,,,,,,,,,,,10004,10570,10004-2026-0304-000034,,,,,,,,,,,,,,,,,,,,,,,,,,,,,,,,,,,,,,,,,,2026-03-04,ADELINE-02-PINK-10,,,,,,EA,,,,,,,,3,0,,3,,11.50,,34.50,,,,,FALSE,TRUE,FALSE,FALSE,,,,,,,,,,,,,,,,,,
35,1,0,2026-03-01,2026-03-01,2026-03-31,2026-03-01,,,,,Shopify,Shopify,,,USD,74.00,,74.00,,,0,0.00,,0.00,0.00,,,,,,74.00,,0.00,,,,,,,,,,,,,,,,,,,,,,,20001,10580,20001-2026-0301-000035,,,,,,,,,,,,,,,,,,,,,,,,,,,,,,,,,,,,,,,,,,2026-03-01,ADELINE-03-GOLD-12,,,,,,EA,,,,,,,,4,0,,4,,18.50,,74.00,,,,,FALSE,TRUE,FALSE,FALSE,,,,,,,,,,,,,,,,,,
36,1,0,2026-03-01,2026-03-05,2026-03-31,2026-03-01,,,,,eBay,eBay,,,USD,75.00,,77.24,,,0,0.00,,0.00,2.24,,,,,,77.24,,0.00,,,,,,,,,,,,,,,,,,,,,,,10004,10570,10004-2026-0301-000036,,,,,,,,,,,,,,,,,,,,,,,,,,,,,,,,,,,,,,,,,,2026-03-01,CAMILA-06-LILAC-5,,,,,,EA,,,,,,,,4,0,,4,,8.00,,32.00,,,,,FALSE,TRUE,FALSE,FALSE,,,,,,,,,,,,,,,,,,
36,1,0,2026-03-01,2026-03-05,2026-03-31,2026-03-01,,,,,eBay,eBay,,,USD,75.00,,77.24,,,0,0.00,,0.00,2.24,,,,,,77.24,,0.00,,,,,,,,,,,,,,,,,,,,,,,10004,10570,10004-2026-0301-000036,,,,,,,,,,,,,,,,,,,,,,,,,,,,,,,,,,,,,,,,,,2026-03-01,CORA-01-LEOP-12,,,,,,EA,,,,,,,,4,0,,4,,10.75,,43.00,,,,,FALSE,TRUE,FALSE,FALSE,,,,,,,,,,,,,,,,,,
37,1,0,2026-03-03,2026-03-08,2026-04-02,2026-03-03,,,,,Mirakl-Kohls,Mirakl Kohls,,,USD,37.00,,51.21,,,0,0.00,,0.00,14.21,,,,,,51.21,,0.00,,,,,,,,,,,,,,,,,,,,,,,10013,10576,10013-2026-0303-000037,,,,,,,,,,,,,,,,,,,,,,,,,,,,,,,,,,,,,,,,,,2026-03-03,ADELINE-03-BLACK-9.5,,,,,,EA,,,,,,,,2,0,,2,,18.50,,37.00,,,,,FALSE,TRUE,FALSE,FALSE,,,,,,,,,,,,,,,,,,
38,1,0,2026-03-04,2026-03-07,2026-04-03,2026-03-05,,,,,AMZ-eCom,AMZ eCom,,,USD,119.80,,136.50,,,0,0.00,,0.00,16.70,,,,,,136.50,,0.00,,,,,,,,,,,,,,,,,,,,,,,10001,10565,10001-2026-0304-000038,,,,,,,,,,,,,,,,,,,,,,,,,,,,,,,,,,,,,,,,,,2026-03-04,AUSTIN-06-CAMEL-8.5,,,,,,EA,,,,,,,,2,0,,2,,10.00,,20.00,,,,,FALSE,TRUE,FALSE,FALSE,,,,,,,,,,,,,,,,,,
38,1,0,2026-03-04,2026-03-07,2026-04-03,2026-03-05,,,,,AMZ-eCom,AMZ eCom,,,USD,119.80,,136.50,,,0,0.00,,0.00,16.70,,,,,,136.50,,0.00,,,,,,,,,,,,,,,,,,,,,,,10001,10565,10001-2026-0304-000038,,,,,,,,,,,,,,,,,,,,,,,,,,,,,,,,,,,,,,,,,,2026-03-04,ASTRID-01-NUDE-A12,,,,,,EA,,,,,,,,1,0,,1,,99.80,,99.80,,,,,FALSE,TRUE,FALSE,FALSE,,,,,,,,,,,,,,,,,,
39,1,0,2026-03-03,2026-03-07,2026-04-02,2026-03-03,,,,,Veeqo-Amazon,Veeqo Amazon,,,USD,55.50,,69.25,,,0,0.00,,0.00,13.75,,,,,,69.25,,0.00,,,,,,,,,,,,,,,,,,,,,,,10016,10579,10016-2026-0303-000039,,,,,,,,,,,,,,,,,,,,,,,,,,,,,,,,,,,,,,,,,,2026-03-03,ADELINE-03-BLUE-7.5,,,,,,EA,,,,,,,,3,0,,3,,18.50,,55.50,,,,,FALSE,TRUE,FALSE,FALSE,,,,,,,,,,,,,,,,,,
40,1,0,2026-03-01,2026-03-04,2026-03-31,2026-03-02,,,,,Shopify,Shopify,,,USD,168.00,,168.37,,,0,0.00,,0.00,0.37,,,,,,168.37,,0.00,,,,,,,,,,,,,,,,,,,,,,,20001,10580,20001-2026-0301-000040,,,,,,,,,,,,,,,,,,,,,,,,,,,,,,,,,,,,,,,,,,2026-03-01,FA16023WV-SMOKEYROSE-L-STD,,,,,,EA,,,,,,,,1,0,,1,,39.00,,39.00,,,,,FALSE,TRUE,FALSE,FALSE,,,,,,,,,,,,,,,,,,
40,1,0,2026-03-01,2026-03-04,2026-03-31,2026-03-02,,,,,Shopify,Shopify,,,USD,168.00,,168.37,,,0,0.00,,0.00,0.37,,,,,,168.37,,0.00,,,,,,,,,,,,,,,,,,,,,,,20001,10580,20001-2026-0301-000040,,,,,,,,,,,,,,,,,,,,,,,,,,,,,,,,,,,,,,,,,,2026-03-01,CORA-01-CAME-A12,,,,,,EA,,,,,,,,1,0,,1,,129.00,,129.00,,,,,FALSE,TRUE,FALSE,FALSE,,,,,,,,,,,,,,,,,,
41,1,0,2026-03-01,2026-03-05,2026-03-31,2026-03-01,,,,,Etsy-VS,Etsy VS,,,USD,140.00,,155.83,,,0,0.00,,0.00,15.83,,,,,,155.83,,0.00,,,,,,,,,,,,,,,,,,,,,,,10008,10572,10008-2026-0301-000041,,,,,,,,,,,,,,,,,,,,,,,,,,,,,,,,,,,,,,,,,,2026-03-01,ADELINE-02-CAMEL-11,,,,,,EA,,,,,,,,4,0,,4,,11.50,,46.00,,,,,FALSE,TRUE,FALSE,FALSE,,,,,,,,,,,,,,,,,,
41,1,0,2026-03-01,2026-03-05,2026-03-31,2026-03-01,,,,,Etsy-VS,Etsy VS,,,USD,140.00,,155.83,,,0,0.00,,0.00,15.83,,,,,,155.83,,0.00,,,,,,,,,,,,,,,,,,,,,,,10008,10572,10008-2026-0301-000041,,,,,,,,,,,,,,,,,,,,,,,,,,,,,,,,,,,,,,,,,,2026-03-01,FA16023WV-SLATE-L-STD,,,,,,EA,,,,,,,,2,0,,2,,39.00,,78.00,,,,,FALSE,TRUE,FALSE,FALSE,,,,,,,,,,,,,,,,,,
41,1,0,2026-03-01,2026-03-05,2026-03-31,2026-03-01,,,,,Etsy-VS,Etsy VS,,,USD,140.00,,155.83,,,0,0.00,,0.00,15.83,,,,,,155.83,,0.00,,,,,,,,,,,,,,,,,,,,,,,10008,10572,10008-2026-0301-000041,,,,,,,,,,,,,,,,,,,,,,,,,,,,,,,,,,,,,,,,,,2026-03-01,CAMILA-06-TAUPE-12,,,,,,EA,,,,,,,,2,0,,2,,8.00,,16.00,,,,,FALSE,TRUE,FALSE,FALSE,,,,,,,,,,,,,,,,,,
42,1,0,2026-03-01,2026-03-06,2026-03-31,2026-03-03,,,,,AMZ-eCom,AMZ eCom,,,USD,68.00,,71.90,,,0,0.00,,0.00,3.90,,,,,,71.90,,0.00,,,,,,,,,,,,,,,,,,,,,,,10001,10565,10001-2026-0301-000042,,,,,,,,,,,,,,,,,,,,,,,,,,,,,,,,,,,,,,,,,,2026-03-01,F13031C-1742VNTGCO-28-STD,,,,,,EA,,,,,,,,2,0,,2,,34.00,,68.00,,,,,FALSE,TRUE,FALSE,FALSE,,,,,,,,,,,,,,,,,,
43,1,0,2026-03-04,2026-03-05,2026-04-03,2026-03-06,,,,,Magento,Magento,,,USD,40.00,,46.85,,,0,0.00,,0.00,6.85,,,,,,46.85,,0.00,,,,,,,,,,,,,,,,,,,,,,,20003,10581,20003-2026-0304-000043,,,,,,,,,,,,,,,,,,,,,,,,,,,,,,,,,,,,,,,,,,2026-03-04,AUSTIN-06-BLUSH-6,,,,,,EA,,,,,,,,4,0,,4,,10.00,,40.00,,,,,FALSE,TRUE,FALSE,FALSE,,,,,,,,,,,,,,,,,,
44,1,0,2026-03-04,2026-03-04,2026-04-03,2026-03-06,,,,,Magento,Magento,,,USD,199.25,,200.05,,,0,0.00,,0.00,0.80,,,,,,200.05,,0.00,,,,,,,,,,,,,,,,,,,,,,,20003,10581,20003-2026-0304-000044,,,,,,,,,,,,,,,,,,,,,,,,,,,,,,,,,,,,,,,,,,2026-03-04,AVIANA-06-PINK-11,,,,,,EA,,,,,,,,4,0,,4,,16.25,,65.00,,,,,FALSE,TRUE,FALSE,FALSE,,,,,,,,,,,,,,,,,,
44,1,0,2026-03-04,2026-03-04,2026-04-03,2026-03-06,,,,,Magento,Magento,,,USD,199.25,,200.05,,,0,0.00,,0.00,0.80,,,,,,200.05,,0.00,,,,,,,,,,,,,,,,,,,,,,,20003,10581,20003-2026-0304-000044,,,,,,,,,,,,,,,,,,,,,,,,,,,,,,,,,,,,,,,,,,2026-03-04,FA13501DM-1608BLAU2-28-30,,,,,,EA,,,,,,,,3,0,,3,,34.00,,102.00,,,,,FALSE,TRUE,FALSE,FALSE,,,,,,,,,,,,,,,,,,
44,1,0,2026-03-04,2026-03-04,2026-04-03,2026-03-06,,,,,Magento,Magento,,,USD,199.25,,200.05,,,0,0.00,,0.00,0.80,,,,,,200.05,,0.00,,,,,,,,,,,,,,,,,,,,,,,20003,10581,20003-2026-0304-000044,,,,,,,,,,,,,,,,,,,,,,,,,,,,,,,,,,,,,,,,,,2026-03-04,CORA-01-CAME-5,,,,,,EA,,,,,,,,3,0,,3,,10.75,,32.25,,,,,FALSE,TRUE,FALSE,FALSE,,,,,,,,,,,,,,,,,,
45,1,0,2026-03-03,2026-03-07,2026-04-02,2026-03-04,,,,,Walmart-eComm,Walmart eComm,,,USD,323.00,,336.19,,,0,0.00,,0.00,13.19,,,,,,336.19,,0.00,,,,,,,,,,,,,,,,,,,,,,,10002,10566,10002-2026-0303-000045,,,,,,,,,,,,,,,,,,,,,,,,,,,,,,,,,,,,,,,,,,2026-03-03,ADELINE-03-BLUE-S,,,,,,EA,,,,,,,,1,0,,1,,222.00,,222.00,,,,,FALSE,TRUE,FALSE,FALSE,,,,,,,,,,,,,,,,,,
45,1,0,2026-03-03,2026-03-07,2026-04-02,2026-03-04,,,,,Walmart-eComm,Walmart eComm,,,USD,323.00,,336.19,,,0,0.00,,0.00,13.19,,,,,,336.19,,0.00,,,,,,,,,,,,,,,,,,,,,,,10002,10566,10002-2026-0303-000045,,,,,,,,,,,,,,,,,,,,,,,,,,,,,,,,,,,,,,,,,,2026-03-03,ADELINE-02-WHITE-6.5,,,,,,EA,,,,,,,,2,0,,2,,11.50,,23.00,,,,,FALSE,TRUE,FALSE,FALSE,,,,,,,,,,,,,,,,,,
45,1,0,2026-03-03,2026-03-07,2026-04-02,2026-03-04,,,,,Walmart-eComm,Walmart eComm,,,USD,323.00,,336.19,,,0,0.00,,0.00,13.19,,,,,,336.19,,0.00,,,,,,,,,,,,,,,,,,,,,,,10002,10566,10002-2026-0303-000045,,,,,,,,,,,,,,,,,,,,,,,,,,,,,,,,,,,,,,,,,,2026-03-03,FB3601737-3219UNFORGV-30-STD,,,,,,EA,,,,,,,,2,0,,2,,39.00,,78.00,,,,,FALSE,TRUE,FALSE,FALSE,,,,,,,,,,,,,,,,,,
46,1,0,2026-03-03,2026-03-03,2026-04-02,2026-03-04,,,,,Etsy-VS,Etsy VS,,,USD,58.50,,65.14,,,0,0.00,,0.00,6.64,,,,,,65.14,,0.00,,,,,,,,,,,,,,,,,,,,,,,10008,10572,10008-2026-0303-000046,,,,,,,,,,,,,,,,,,,,,,,,,,,,,,,,,,,,,,,,,,2026-03-03,CAMILA-06-LILAC-9,,,,,,EA,,,,,,,,3,0,,3,,8.00,,24.00,,,,,FALSE,TRUE,FALSE,FALSE,,,,,,,,,,,,,,,,,,
46,1,0,2026-03-03,2026-03-03,2026-04-02,2026-03-04,,,,,Etsy-VS,Etsy VS,,,USD,58.50,,65.14,,,0,0.00,,0.00,6.64,,,,,,65.14,,0.00,,,,,,,,,,,,,,,,,,,,,,,10008,10572,10008-2026-0303-000046,,,,,,,,,,,,,,,,,,,,,,,,,,,,,,,,,,,,,,,,,,2026-03-03,ADELINE-02-BLACK-8,,,,,,EA,,,,,,,,3,0,,3,,11.50,,34.50,,,,,FALSE,TRUE,FALSE,FALSE,,,,,,,,,,,,,,,,,,
47,1,0,2026-03-02,2026-03-03,2026-04-01,2026-03-02,,,,,Etsy-VS,Etsy VS,,,USD,40.00,,54.16,,,0,0.00,,0.00,14.16,,,,,,54.16,,0.00,,,,,,,,,,,,,,,,,,,,,,,10008,10572,10008-2026-0302-000047,,,,,,,,,,,,,,,,,,,,,,,,,,,,,,,,,,,,,,,,,,2026-03-02,AUSTIN-06-BLUSH-6.5,,,,,,EA,,,,,,,,4,0,,4,,10.00,,40.00,,,,,FALSE,TRUE,FALSE,FALSE,,,,,,,,,,,,,,,,,,
48,1,0,2026-03-01,2026-03-03,2026-03-31,2026-03-02,,,,,JCPenney,JCPenney,,,USD,52.00,,52.00,,,0,0.00,,0.00,0.00,,,,,,52.00,,0.00,,,,,,,,,,,,,,,,,,,,,,,30007,10575,30007-2026-0301-000048,,,,,,,,,,,,,,,,,,,,,,,,,,,,,,,,,,,,,,,,,,2026-03-01,CAMILA-06-TAUPE-9.5,,,,,,EA,,,,,,,,4,0,,4,,8.00,,32.00,,,,,FALSE,TRUE,FALSE,FALSE,,,,,,,,,,,,,,,,,,
48,1,0,2026-03-01,2026-03-03,2026-03-31,2026-03-02,,,,,JCPenney,JCPenney,,,USD,52.00,,52.00,,,0,0.00,,0.00,0.00,,,,,,52.00,,0.00,,,,,,,,,,,,,,,,,,,,,,,30007,10575,30007-2026-0301-000048,,,,,,,,,,,,,,,,,,,,,,,,,,,,,,,,,,,,,,,,,,2026-03-01,AUSTIN-06-BLUSH-5.5,,,,,,EA,,,,,,,,2,0,,2,,10.00,,20.00,,,,,FALSE,TRUE,FALSE,FALSE,,,,,,,,,,,,,,,,,,
49,1,0,2026-03-03,2026-03-08,2026-04-02,2026-03-05,,,,,Mirakl-Kohls,Mirakl Kohls,,,USD,238.00,,243.83,,,0,0.00,,0.00,5.83,,,,,,243.83,,0.00,,,,,,,,,,,,,,,,,,,,,,,10013,10576,10013-2026-0303-000049,,,,,,,,,,,,,,,,,,,,,,,,,,,,,,,,,,,,,,,,,,2026-03-03,FA13501DM-RINSEWSFT-30-32,,,,,,EA,,,,,,,,4,0,,4,,34.00,,136.00,,,,,FALSE,TRUE,FALSE,FALSE,,,,,,,,,,,,,,,,,,
49,1,0,2026-03-03,2026-03-08,2026-04-02,2026-03-05,,,,,Mirakl-Kohls,Mirakl Kohls,,,USD,238.00,,243.83,,,0,0.00,,0.00,5.83,,,,,,243.83,,0.00,,,,,,,,,,,,,,,,,,,,,,,10013,10576,10013-2026-0303-000049,,,,,,,,,,,,,,,,,,,,,,,,,,,,,,,,,,,,,,,,,,2026-03-03,FA13512DM-1847DPOCN-28-32,,,,,,EA,,,,,,,,3,0,,3,,34.00,,102.00,,,,,FALSE,TRUE,FALSE,FALSE,,,,,,,,,,,,,,,,,,
50,1,0,2026-03-02,2026-03-03,2026-04-01,2026-03-04,,,,,Mirakl-HudsonsB,Mirakl HudsonsB,,,USD,238.00,,255.92,,,0,0.00,,0.00,17.92,,,,,,255.92,,0.00,,,,,,,,,,,,,,,,,,,,,,,10005,10577,10005-2026-0302-000050,,,,,,,,,,,,,,,,,,,,,,,,,,,,,,,,,,,,,,,,,,2026-03-02,FA13501DM-RINSEWSFT-32-32,,,,,,EA,,,,,,,,4,0,,4,,34.00,,136.00,,,,,FALSE,TRUE,FALSE,FALSE,,,,,,,,,,,,,,,,,,
50,1,0,2026-03-02,2026-03-03,2026-04-01,2026-03-04,,,,,Mirakl-HudsonsB,Mirakl HudsonsB,,,USD,238.00,,255.92,,,0,0.00,,0.00,17.92,,,,,,255.92,,0.00,,,,,,,,,,,,,,,,,,,,,,,10005,10577,10005-2026-0302-000050,,,,,,,,,,,,,,,,,,,,,,,,,,,,,,,,,,,,,,,,,,2026-03-02,FA13501DM-RINSEWSFT-29-32,,,,,,EA,,,,,,,,3,0,,3,,34.00,,102.00,,,,,FALSE,TRUE,FALSE,FALSE,,,,,,,,,,,,,,,,,,
51,1,0,2026-03-04,2026-03-05,2026-04-03,2026-03-06,,,,,Magento,Magento,,,USD,294.75,,302.10,,,0,0.00,,0.00,7.35,,,,,,302.10,,0.00,,,,,,,,,,,,,,,,,,,,,,,20003,10581,20003-2026-0304-000051,,,,,,,,,,,,,,,,,,,,,,,,,,,,,,,,,,,,,,,,,,2026-03-04,CAMILA-06-NUDE-9.5,,,,,,EA,,,,,,,,1,0,,1,,8.00,,8.00,,,,,FALSE,TRUE,FALSE,FALSE,,,,,,,,,,,,,,,,,,
51,1,0,2026-03-04,2026-03-05,2026-04-03,2026-03-06,,,,,Magento,Magento,,,USD,294.75,,302.10,,,0,0.00,,0.00,7.35,,,,,,302.10,,0.00,,,,,,,,,,,,,,,,,,,,,,,20003,10581,20003-2026-0304-000051,,,,,,,,,,,,,,,,,,,,,,,,,,,,,,,,,,,,,,,,,,2026-03-04,CORA-01-YLW-6.5,,,,,,EA,,,,,,,,1,0,,1,,10.75,,10.75,,,,,FALSE,TRUE,FALSE,FALSE,,,,,,,,,,,,,,,,,,
51,1,0,2026-03-04,2026-03-05,2026-04-03,2026-03-06,,,,,Magento,Magento,,,USD,294.75,,302.10,,,0,0.00,,0.00,7.35,,,,,,302.10,,0.00,,,,,,,,,,,,,,,,,,,,,,,20003,10581,20003-2026-0304-000051,,,,,,,,,,,,,,,,,,,,,,,,,,,,,,,,,,,,,,,,,,2026-03-04,ADELINE-02-NUDE-S,,,,,,EA,,,,,,,,2,0,,2,,138.00,,276.00,,,,,FALSE,TRUE,FALSE,FALSE,,,,,,,,,,,,,,,,,,
52,1,0,2026-03-01,2026-03-06,2026-03-31,2026-03-01,,,,,Shopify,Shopify,,,USD,102.00,,111.09,,,0,0.00,,0.00,9.09,,,,,,111.09,,0.00,,,,,,,,,,,,,,,,,,,,,,,20001,10580,20001-2026-0301-000052,,,,,,,,,,,,,,,,,,,,,,,,,,,,,,,,,,,,,,,,,,2026-03-01,F13031C-1742VNTGST-24-STD,,,,,,EA,,,,,,,,3,0,,3,,34.00,,102.00,,,,,FALSE,TRUE,FALSE,FALSE,,,,,,,,,,,,,,,,,,
53,1,0,2026-03-03,2026-03-07,2026-04-02,2026-03-05,,,,,JCPenney,JCPenney,,,USD,104.00,,104.12,,,0,0.00,,0.00,0.12,,,,,,104.12,,0.00,,,,,,,,,,,,,,,,,,,,,,,30007,10575,30007-2026-0303-000053,,,,,,,,,,,,,,,,,,,,,,,,,,,,,,,,,,,,,,,,,,2026-03-03,CAMILA-06-NUDE-8,,,,,,EA,,,,,,,,2,0,,2,,8.00,,16.00,,,,,FALSE,TRUE,FALSE,FALSE,,,,,,,,,,,,,,,,,,
53,1,0,2026-03-03,2026-03-07,2026-04-02,2026-03-05,,,,,JCPenney,JCPenney,,,USD,104.00,,104.12,,,0,0.00,,0.00,0.12,,,,,,104.12,,0.00,,,,,,,,,,,,,,,,,,,,,,,30007,10575,30007-2026-0303-000053,,,,,,,,,,,,,,,,,,,,,,,,,,,,,,,,,,,,,,,,,,2026-03-03,F13031C-1742VNTGST-26-STD,,,,,,EA,,,,,,,,2,0,,2,,34.00,,68.00,,,,,FALSE,TRUE,FALSE,FALSE,,,,,,,,,,,,,,,,,,
53,1,0,2026-03-03,2026-03-07,2026-04-02,2026-03-05,,,,,JCPenney,JCPenney,,,USD,104.00,,104.12,,,0,0.00,,0.00,0.12,,,,,,104.12,,0.00,,,,,,,,,,,,,,,,,,,,,,,30007,10575,30007-2026-0303-000053,,,,,,,,,,,,,,,,,,,,,,,,,,,,,,,,,,,,,,,,,,2026-03-03,AUSTIN-06-BLUSH-5,,,,,,EA,,,,,,,,2,0,,2,,10.00,,20.00,,,,,FALSE,TRUE,FALSE,FALSE,,,,,,,,,,,,,,,,,,
54,1,0,2026-03-04,2026-03-07,2026-04-03,2026-03-05,,,,,Veeqo-Amazon,Veeqo Amazon,,,USD,34.50,,49.98,,,0,0.00,,0.00,15.48,,,,,,49.98,,0.00,,,,,,,,,,,,,,,,,,,,,,,10016,10579,10016-2026-0304-000054,,,,,,,,,,,,,,,,,,,,,,,,,,,,,,,,,,,,,,,,,,2026-03-04,ADELINE-02-BLACK-7.5,,,,,,EA,,,,,,,,3,0,,3,,11.50,,34.50,,,,,FALSE,TRUE,FALSE,FALSE,,,,,,,,,,,,,,,,,,
55,1,0,2026-03-03,2026-03-08,2026-04-02,2026-03-04,,,,,eBay,eBay,,,USD,67.00,,76.47,,,0,0.00,,0.00,9.47,,,,,,76.47,,0.00,,,,,,,,,,,,,,,,,,,,,,,10004,10570,10004-2026-0303-000055,,,,,,,,,,,,,,,,,,,,,,,,,,,,,,,,,,,,,,,,,,2026-03-03,ADELINE-03-BLUE-7,,,,,,EA,,,,,,,,2,0,,2,,18.50,,37.00,,,,,FALSE,TRUE,FALSE,FALSE,,,,,,,,,,,,,,,,,,
55,1,0,2026-03-03,2026-03-08,2026-04-02,2026-03-04,,,,,eBay,eBay,,,USD,67.00,,76.47,,,0,0.00,,0.00,9.47,,,,,,76.47,,0.00,,,,,,,,,,,,,,,,,,,,,,,10004,10570,10004-2026-0303-000055,,,,,,,,,,,,,,,,,,,,,,,,,,,,,,,,,,,,,,,,,,2026-03-03,AUSTIN-06-BLUSH-8,,,,,,EA,,,,,,,,3,0,,3,,10.00,,30.00,,,,,FALSE,TRUE,FALSE,FALSE,,,,,,,,,,,,,,,,,,
56,1,0,2026-03-04,2026-03-04,2026-04-03,2026-03-06,,,,,Etsy-VS,Etsy VS,,,USD,65.00,,81.16,,,0,0.00,,0.00,16.16,,,,,,81.16,,0.00,,,,,,,,,,,,,,,,,,,,,,,10008,10572,10008-2026-0304-000056,,,,,,,,,,,,,,,,,,,,,,,,,,,,,,,,,,,,,,,,,,2026-03-04,AVIANA-06-PINK-8,,,,,,EA,,,,,,,,4,0,,4,,16.25,,65.00,,,,,FALSE,TRUE,FALSE,FALSE,,,,,,,,,,,,,,,,,,
57,1,0,2026-03-03,2026-03-08,2026-04-02,2026-03-04,,,,,Etsy-VS,Etsy VS,,,USD,123.50,,125.42,,,0,0.00,,0.00,1.92,,,,,,125.42,,0.00,,,,,,,,,,,,,,,,,,,,,,,10008,10572,10008-2026-0303-000057,,,,,,,,,,,,,,,,,,,,,,,,,,,,,,,,,,,,,,,,,,2026-03-03,ADELINE-03-BROWN-9.5,,,,,,EA,,,,,,,,3,0,,3,,18.50,,55.50,,,,,FALSE,TRUE,FALSE,FALSE,,,,,,,,,,,,,,,,,,
57,1,0,2026-03-03,2026-03-08,2026-04-02,2026-03-04,,,,,Etsy-VS,Etsy VS,,,USD,123.50,,125.42,,,0,0.00,,0.00,1.92,,,,,,125.42,,0.00,,,,,,,,,,,,,,,,,,,,,,,10008,10572,10008-2026-0303-000057,,,,,,,,,,,,,,,,,,,,,,,,,,,,,,,,,,,,,,,,,,2026-03-03,FA13501DM-1608BLAU2-28-32,,,,,,EA,,,,,,,,2,0,,2,,34.00,,68.00,,,,,FALSE,TRUE,FALSE,FALSE,,,,,,,,,,,,,,,,,,
58,1,0,2026-03-02,2026-03-03,2026-04-01,2026-03-04,,,,,eBay,eBay,,,USD,232.90,,238.46,,,0,0.00,,0.00,5.56,,,,,,238.46,,0.00,,,,,,,,,,,,,,,,,,,,,,,10004,10570,10004-2026-0302-000058,,,,,,,,,,,,,,,,,,,,,,,,,,,,,,,,,,,,,,,,,,2026-03-02,CORA-01-FUCH-11,,,,,,EA,,,,,,,,3,0,,3,,10.75,,32.25,,,,,FALSE,TRUE,FALSE,FALSE,,,,,,,,,,,,,,,,,,
58,1,0,2026-03-02,2026-03-03,2026-04-01,2026-03-04,,,,,eBay,eBay,,,USD,232.90,,238.46,,,0,0.00,,0.00,5.56,,,,,,238.46,,0.00,,,,,,,,,,,,,,,,,,,,,,,10004,10570,10004-2026-0302-000058,,,,,,,,,,,,,,,,,,,,,,,,,,,,,,,,,,,,,,,,,,2026-03-02,ASTRID-01-GREY-5.5,,,,,,EA,,,,,,,,1,0,,1,,20.75,,20.75,,,,,FALSE,TRUE,FALSE,FALSE,,,,,,,,,,,,,,,,,,
58,1,0,2026-03-02,2026-03-03,2026-04-01,2026-03-04,,,,,eBay,eBay,,,USD,232.90,,238.46,,,0,0.00,,0.00,5.56,,,,,,238.46,,0.00,,,,,,,,,,,,,,,,,,,,,,,10004,10570,10004-2026-0302-000058,,,,,,,,,,,,,,,,,,,,,,,,,,,,,,,,,,,,,,,,,,2026-03-02,ASTRID-01-GREY-S,,,,,,EA,,,,,,,,2,0,,2,,89.95,,179.90,,,,,FALSE,TRUE,FALSE,FALSE,,,,,,,,,,,,,,,,,,
59,1,0,2026-03-04,2026-03-06,2026-04-03,2026-03-06,,,,,JCPenney,JCPenney,,,USD,329.71,,344.62,,,0,0.00,,0.00,14.91,,,,,,344.62,,0.00,,,,,,,,,,,,,,,,,,,,,,,30007,10575,30007-2026-0304-000059,,,,,,,,,,,,,,,,,,,,,,,,,,,,,,,,,,,,,,,,,,2026-03-04,AVIANA-06-BEIGE-S,,,,,,EA,,,,,,,,1,0,,1,,103.10,,103.10,,,,,FALSE,TRUE,FALSE,FALSE,,,,,,,,,,,,,,,,,,
59,1,0,2026-03-04,2026-03-06,2026-04-03,2026-03-06,,,,,JCPenney,JCPenney,,,USD,329.71,,344.62,,,0,0.00,,0.00,14.91,,,,,,344.62,,0.00,,,,,,,,,,,,,,,,,,,,,,,30007,10575,30007-2026-0304-000059,,,,,,,,,,,,,,,,,,,,,,,,,,,,,,,,,,,,,,,,,,2026-03-04,ASTRID-01-NUDE-7,,,,,,EA,,,,,,,,1,0,,1,,20.75,,20.75,,,,,FALSE,TRUE,FALSE,FALSE,,,,,,,,,,,,,,,,,,
59,1,0,2026-03-04,2026-03-06,2026-04-03,2026-03-06,,,,,JCPenney,JCPenney,,,USD,329.71,,344.62,,,0,0.00,,0.00,14.91,,,,,,344.62,,0.00,,,,,,,,,,,,,,,,,,,,,,,30007,10575,30007-2026-0304-000059,,,,,,,,,,,,,,,,,,,,,,,,,,,,,,,,,,,,,,,,,,2026-03-04,AVIANA-06-BLACK-B12,,,,,,EA,,,,,,,,3,0,,3,,68.62,,205.86,,,,,FALSE,TRUE,FALSE,FALSE,,,,,,,,,,,,,,,,,,
60,1,0,2026-03-04,2026-03-05,2026-04-03,2026-03-06,,,,,Walmart-eComm,Walmart eComm,,,USD,258.00,,258.00,,,0,0.00,,0.00,0.00,,,,,,258.00,,0.00,,,,,,,,,,,,,,,,,,,,,,,10002,10566,10002-2026-0304-000060,,,,,,,,,,,,,,,,,,,,,,,,,,,,,,,,,,,,,,,,,,2026-03-04,CORA-01-BLK-S,,,,,,EA,,,,,,,,2,0,,2,,129.00,,258.00,,,,,FALSE,TRUE,FALSE,FALSE,,,,,,,,,,,,,,,,,,
61,1,0,2026-03-03,2026-03-07,2026-04-02,2026-03-04,,,,,Squarespace,Squarespace,,,USD,226.75,,231.12,,,0,0.00,,0.00,4.37,,,,,,231.12,,0.00,,,,,,,,,,,,,,,,,,,,,,,20006,10582,20006-2026-0303-000061,,,,,,,,,,,,,,,,,,,,,,,,,,,,,,,,,,,,,,,,,,2026-03-03,ASTRID-01-BLUSH-8.5,,,,,,EA,,,,,,,,1,0,,1,,20.75,,20.75,,,,,FALSE,TRUE,FALSE,FALSE,,,,,,,,,,,,,,,,,,
61,1,0,2026-03-03,2026-03-07,2026-04-02,2026-03-04,,,,,Squarespace,Squarespace,,,USD,226.75,,231.12,,,0,0.00,,0.00,4.37,,,,,,231.12,,0.00,,,,,,,,,,,,,,,,,,,,,,,20006,10582,20006-2026-0303-000061,,,,,,,,,,,,,,,,,,,,,,,,,,,,,,,,,,,,,,,,,,2026-03-03,FA16023WV-SMOKELEOPARD-S-STD,,,,,,EA,,,,,,,,4,0,,4,,40.00,,160.00,,,,,FALSE,TRUE,FALSE,FALSE,,,,,,,,,,,,,,,,,,
61,1,0,2026-03-03,2026-03-07,2026-04-02,2026-03-04,,,,,Squarespace,Squarespace,,,USD,226.75,,231.12,,,0,0.00,,0.00,4.37,,,,,,231.12,,0.00,,,,,,,,,,,,,,,,,,,,,,,20006,10582,20006-2026-0303-000061,,,,,,,,,,,,,,,,,,,,,,,,,,,,,,,,,,,,,,,,,,2026-03-03,ADELINE-02-CAMEL-6.5,,,,,,EA,,,,,,,,4,0,,4,,11.50,,46.00,,,,,FALSE,TRUE,FALSE,FALSE,,,,,,,,,,,,,,,,,,
62,1,0,2026-03-04,2026-03-07,2026-04-03,2026-03-04,,,,,JCPenney,JCPenney,,,USD,426.75,,430.72,,,0,0.00,,0.00,3.97,,,,,,430.72,,0.00,,,,,,,,,,,,,,,,,,,,,,,30007,10575,30007-2026-0304-000062,,,,,,,,,,,,,,,,,,,,,,,,,,,,,,,,,,,,,,,,,,2026-03-04,ADELINE-02-CAMEL-S,,,,,,EA,,,,,,,,2,0,,2,,138.00,,276.00,,,,,FALSE,TRUE,FALSE,FALSE,,,,,,,,,,,,,,,,,,
62,1,0,2026-03-04,2026-03-07,2026-04-03,2026-03-04,,,,,JCPenney,JCPenney,,,USD,426.75,,430.72,,,0,0.00,,0.00,3.97,,,,,,430.72,,0.00,,,,,,,,,,,,,,,,,,,,,,,30007,10575,30007-2026-0304-000062,,,,,,,,,,,,,,,,,,,,,,,,,,,,,,,,,,,,,,,,,,2026-03-04,F13031C-1742VNTGDM-25-STD,,,,,,EA,,,,,,,,3,0,,3,,34.00,,102.00,,,,,FALSE,TRUE,FALSE,FALSE,,,,,,,,,,,,,,,,,,
62,1,0,2026-03-04,2026-03-07,2026-04-03,2026-03-04,,,,,JCPenney,JCPenney,,,USD,426.75,,430.72,,,0,0.00,,0.00,3.97,,,,,,430.72,,0.00,,,,,,,,,,,,,,,,,,,,,,,30007,10575,30007-2026-0304-000062,,,,,,,,,,,,,,,,,,,,,,,,,,,,,,,,,,,,,,,,,,2026-03-04,AVIANA-06-BLACK-8.5,,,,,,EA,,,,,,,,3,0,,3,,16.25,,48.75,,,,,FALSE,TRUE,FALSE,FALSE,,,,,,,,,,,,,,,,,,
63,1,0,2026-03-03,2026-03-05,2026-04-02,2026-03-04,,,,,Macys,Macys,,,USD,43.00,,53.39,,,0,0.00,,0.00,10.39,,,,,,53.39,,0.00,,,,,,,,,,,,,,,,,,,,,,,30005,10574,30005-2026-0303-000063,,,,,,,,,,,,,,,,,,,,,,,,,,,,,,,,,,,,,,,,,,2026-03-03,CORA-01-TAUP-10,,,,,,EA,,,,,,,,4,0,,4,,10.75,,43.00,,,,,FALSE,TRUE,FALSE,FALSE,,,,,,,,,,,,,,,,,,
64,1,0,2026-03-02,2026-03-02,2026-04-01,2026-03-04,,,,,Squarespace,Squarespace,,,USD,37.00,,53.34,,,0,0.00,,0.00,16.34,,,,,,53.34,,0.00,,,,,,,,,,,,,,,,,,,,,,,20006,10582,20006-2026-0302-000064,,,,,,,,,,,,,,,,,,,,,,,,,,,,,,,,,,,,,,,,,,2026-03-02,ADELINE-03-BLACK-11,,,,,,EA,,,,,,,,2,0,,2,,18.50,,37.00,,,,,FALSE,TRUE,FALSE,FALSE,,,,,,,,,,,,,,,,,,
65,1,0,2026-03-04,2026-03-05,2026-04-03,2026-03-05,,,,,JCPenney,JCPenney,,,USD,400.00,,410.05,,,0,0.00,,0.00,10.05,,,,,,410.05,,0.00,,,,,,,,,,,,,,,,,,,,,,,30007,10575,30007-2026-0304-000065,,,,,,,,,,,,,,,,,,,,,,,,,,,,,,,,,,,,,,,,,,2026-03-04,CAMILA-06-NUDE-A12,,,,,,EA,,,,,,,,4,0,,4,,96.00,,384.00,,,,,FALSE,TRUE,FALSE,FALSE,,,,,,,,,,,,,,,,,,
65,1,0,2026-03-04,2026-03-05,2026-04-03,2026-03-05,,,,,JCPenney,JCPenney,,,USD,400.00,,410.05,,,0,0.00,,0.00,10.05,,,,,,410.05,,0.00,,,,,,,,,,,,,,,,,,,,,,,30007,10575,30007-2026-0304-000065,,,,,,,,,,,,,,,,,,,,,,,,,,,,,,,,,,,,,,,,,,2026-03-04,CAMILA-06-TAUPE-5,,,,,,EA,,,,,,,,2,0,,2,,8.00,,16.00,,,,,FALSE,TRUE,FALSE,FALSE,,,,,,,,,,,,,,,,,,
66,1,0,2026-03-02,2026-03-05,2026-04-01,2026-03-02,,,,,Walmart-eComm,Walmart eComm,,,USD,360.00,,372.93,,,0,0.00,,0.00,12.93,,,,,,372.93,,0.00,,,,,,,,,,,,,,,,,,,,,,,10002,10566,10002-2026-0302-000066,,,,,,,,,,,,,,,,,,,,,,,,,,,,,,,,,,,,,,,,,,2026-03-02,AUSTIN-06-BLUSH-B12,,,,,,EA,,,,,,,,3,0,,3,,120.00,,360.00,,,,,FALSE,TRUE,FALSE,FALSE,,,,,,,,,,,,,,,,,,
67,1,0,2026-03-04,2026-03-04,2026-04-03,2026-03-06,,,,,Etsy-LS,Etsy LS,,,USD,171.00,,173.00,,,0,0.00,,0.00,2.00,,,,,,173.00,,0.00,,,,,,,,,,,,,,,,,,,,,,,10008,10571,10008-2026-0304-000067,,,,,,,,,,,,,,,,,,,,,,,,,,,,,,,,,,,,,,,,,,2026-03-04,CAMILA-06-TAUPE-7.5,,,,,,EA,,,,,,,,3,0,,3,,8.00,,24.00,,,,,FALSE,TRUE,FALSE,FALSE,,,,,,,,,,,,,,,,,,
67,1,0,2026-03-04,2026-03-04,2026-04-03,2026-03-06,,,,,Etsy-LS,Etsy LS,,,USD,171.00,,173.00,,,0,0.00,,0.00,2.00,,,,,,173.00,,0.00,,,,,,,,,,,,,,,,,,,,,,,10008,10571,10008-2026-0304-000067,,,,,,,,,,,,,,,,,,,,,,,,,,,,,,,,,,,,,,,,,,2026-03-04,FD9801506P-GINGER-2X-STD,,,,,,EA,,,,,,,,3,0,,3,,49.00,,147.00,,,,,FALSE,TRUE,FALSE,FALSE,,,,,,,,,,,,,,,,,,
68,1,0,2026-03-01,2026-03-02,2026-03-31,2026-03-02,,,,,Macys,Macys,,,USD,88.75,,90.11,,,0,0.00,,0.00,1.36,,,,,,90.11,,0.00,,,,,,,,,,,,,,,,,,,,,,,30005,10574,30005-2026-0301-000068,,,,,,,,,,,,,,,,,,,,,,,,,,,,,,,,,,,,,,,,,,2026-03-01,FA16023WV-SLATE-M-STD,,,,,,EA,,,,,,,,2,0,,2,,39.00,,78.00,,,,,FALSE,TRUE,FALSE,FALSE,,,,,,,,,,,,,,,,,,
68,1,0,2026-03-01,2026-03-02,2026-03-31,2026-03-02,,,,,Macys,Macys,,,USD,88.75,,90.11,,,0,0.00,,0.00,1.36,,,,,,90.11,,0.00,,,,,,,,,,,,,,,,,,,,,,,30005,10574,30005-2026-0301-000068,,,,,,,,,,,,,,,,,,,,,,,,,,,,,,,,,,,,,,,,,,2026-03-01,CORA-01-BLK-7.5,,,,,,EA,,,,,,,,1,0,,1,,10.75,,10.75,,,,,FALSE,TRUE,FALSE,FALSE,,,,,,,,,,,,,,,,,,
69,1,0,2026-03-03,2026-03-06,2026-04-02,2026-03-04,,,,,Squarespace,Squarespace,,,USD,87.75,,99.50,,,0,0.00,,0.00,11.75,,,,,,99.50,,0.00,,,,,,,,,,,,,,,,,,,,,,,20006,10582,20006-2026-0303-000069,,,,,,,,,,,,,,,,,,,,,,,,,,,,,,,,,,,,,,,,,,2026-03-03,ADELINE-03-TAUPE-5,,,,,,EA,,,,,,,,2,0,,2,,18.50,,37.00,,,,,FALSE,TRUE,FALSE,FALSE,,,,,,,,,,,,,,,,,,
69,1,0,2026-03-03,2026-03-06,2026-04-02,2026-03-04,,,,,Squarespace,Squarespace,,,USD,87.75,,99.50,,,0,0.00,,0.00,11.75,,,,,,99.50,,0.00,,,,,,,,,,,,,,,,,,,,,,,20006,10582,20006-2026-0303-000069,,,,,,,,,,,,,,,,,,,,,,,,,,,,,,,,,,,,,,,,,,2026-03-03,AUSTIN-06-BLUSH-10,,,,,,EA,,,,,,,,4,0,,4,,10.00,,40.00,,,,,FALSE,TRUE,FALSE,FALSE,,,,,,,,,,,,,,,,,,
69,1,0,2026-03-03,2026-03-06,2026-04-02,2026-03-04,,,,,Squarespace,Squarespace,,,USD,87.75,,99.50,,,0,0.00,,0.00,11.75,,,,,,99.50,,0.00,,,,,,,,,,,,,,,,,,,,,,,20006,10582,20006-2026-0303-000069,,,,,,,,,,,,,,,,,,,,,,,,,,,,,,,,,,,,,,,,,,2026-03-03,CORA-01-CAME-9.5,,,,,,EA,,,,,,,,1,0,,1,,10.75,,10.75,,,,,FALSE,TRUE,FALSE,FALSE,,,,,,,,,,,,,,,,,,
70,1,0,2026-03-03,2026-03-08,2026-04-02,2026-03-05,,,,,Mirakl-Kohls,Mirakl Kohls,,,USD,266.75,,282.05,,,0,0.00,,0.00,15.30,,,,,,282.05,,0.00,,,,,,,,,,,,,,,,,,,,,,,10013,10576,10013-2026-0303-000070,,,,,,,,,,,,,,,,,,,,,,,,,,,,,,,,,,,,,,,,,,2026-03-03,ADELINE-03-BLUE-A12,,,,,,EA,,,,,,,,1,0,,1,,222.00,,222.00,,,,,FALSE,TRUE,FALSE,FALSE,,,,,,,,,,,,,,,,,,
70,1,0,2026-03-03,2026-03-08,2026-04-02,2026-03-05,,,,,Mirakl-Kohls,Mirakl Kohls,,,USD,266.75,,282.05,,,0,0.00,,0.00,15.30,,,,,,282.05,,0.00,,,,,,,,,,,,,,,,,,,,,,,10013,10576,10013-2026-0303-000070,,,,,,,,,,,,,,,,,,,,,,,,,,,,,,,,,,,,,,,,,,2026-03-03,CORA-01-TAUP-8.5,,,,,,EA,,,,,,,,1,0,,1,,10.75,,10.75,,,,,FALSE,TRUE,FALSE,FALSE,,,,,,,,,,,,,,,,,,
70,1,0,2026-03-03,2026-03-08,2026-04-02,2026-03-05,,,,,Mirakl-Kohls,Mirakl Kohls,,,USD,266.75,,282.05,,,0,0.00,,0.00,15.30,,,,,,282.05,,0.00,,,,,,,,,,,,,,,,,,,,,,,10013,10576,10013-2026-0303-000070,,,,,,,,,,,,,,,,,,,,,,,,,,,,,,,,,,,,,,,,,,2026-03-03,FA13501DM-1464KINGSC-29-30,,,,,,EA,,,,,,,,1,0,,1,,34.00,,34.00,,,,,FALSE,TRUE,FALSE,FALSE,,,,,,,,,,,,,,,,,,
71,1,0,2026-03-03,2026-03-08,2026-04-02,2026-03-05,,,,,Mirakl-Kohls,Mirakl Kohls,,,USD,66.00,,69.09,,,0,0.00,,0.00,3.09,,,,,,69.09,,0.00,,,,,,,,,,,,,,,,,,,,,,,10013,10576,10013-2026-0303-000071,,,,,,,,,,,,,,,,,,,,,,,,,,,,,,,,,,,,,,,,,,2026-03-03,F13031C-1742VNTGST-28-STD,,,,,,EA,,,,,,,,1,0,,1,,34.00,,34.00,,,,,FALSE,TRUE,FALSE,FALSE,,,,,,,,,,,,,,,,,,
71,1,0,2026-03-03,2026-03-08,2026-04-02,2026-03-05,,,,,Mirakl-Kohls,Mirakl Kohls,,,USD,66.00,,69.09,,,0,0.00,,0.00,3.09,,,,,,69.09,,0.00,,,,,,,,,,,,,,,,,,,,,,,10013,10576,10013-2026-0303-000071,,,,,,,,,,,,,,,,,,,,,,,,,,,,,,,,,,,,,,,,,,2026-03-03,CAMILA-06-GREEN-8.5,,,,,,EA,,,,,,,,4,0,,4,,8.00,,32.00,,,,,FALSE,TRUE,FALSE,FALSE,,,,,,,,,,,,,,,,,,
72,1,0,2026-03-04,2026-03-05,2026-04-03,2026-03-05,,,,,Veeqo-Amazon,Veeqo Amazon,,,USD,48.00,,52.22,,,0,0.00,,0.00,4.22,,,,,,52.22,,0.00,,,,,,,,,,,,,,,,,,,,,,,10016,10579,10016-2026-0304-000072,,,,,,,,,,,,,,,,,,,,,,,,,,,,,,,,,,,,,,,,,,2026-03-04,173451-1183CITIZEN-19-34,,,,,,EA,,,,,,,,2,0,,2,,24.00,,48.00,,,,,FALSE,TRUE,FALSE,FALSE,,,,,,,,,,,,,,,,,,
73,1,0,2026-03-01,2026-03-03,2026-03-31,2026-03-02,,,,,eBay,eBay,,,USD,56.50,,57.56,,,0,0.00,,0.00,1.06,,,,,,57.56,,0.00,,,,,,,,,,,,,,,,,,,,,,,10004,10570,10004-2026-0301-000073,,,,,,,,,,,,,,,,,,,,,,,,,,,,,,,,,,,,,,,,,,2026-03-01,CAMILA-06-BLACK-9,,,,,,EA,,,,,,,,3,0,,3,,8.00,,24.00,,,,,FALSE,TRUE,FALSE,FALSE,,,,,,,,,,,,,,,,,,
73,1,0,2026-03-01,2026-03-03,2026-03-31,2026-03-02,,,,,eBay,eBay,,,USD,56.50,,57.56,,,0,0.00,,0.00,1.06,,,,,,57.56,,0.00,,,,,,,,,,,,,,,,,,,,,,,10004,10570,10004-2026-0301-000073,,,,,,,,,,,,,,,,,,,,,,,,,,,,,,,,,,,,,,,,,,2026-03-01,AVIANA-06-BEIGE-6.5,,,,,,EA,,,,,,,,2,0,,2,,16.25,,32.50,,,,,FALSE,TRUE,FALSE,FALSE,,,,,,,,,,,,,,,,,,
74,1,0,2026-03-04,2026-03-05,2026-04-03,2026-03-04,,,,,JCPenney,JCPenney,,,USD,66.75,,81.82,,,0,0.00,,0.00,15.07,,,,,,81.82,,0.00,,,,,,,,,,,,,,,,,,,,,,,30007,10575,30007-2026-0304-000074,,,,,,,,,,,,,,,,,,,,,,,,,,,,,,,,,,,,,,,,,,2026-03-04,CAMILA-06-NUDE-5.5,,,,,,EA,,,,,,,,2,0,,2,,8.00,,16.00,,,,,FALSE,TRUE,FALSE,FALSE,,,,,,,,,,,,,,,,,,
74,1,0,2026-03-04,2026-03-05,2026-04-03,2026-03-04,,,,,JCPenney,JCPenney,,,USD,66.75,,81.82,,,0,0.00,,0.00,15.07,,,,,,81.82,,0.00,,,,,,,,,,,,,,,,,,,,,,,30007,10575,30007-2026-0304-000074,,,,,,,,,,,,,,,,,,,,,,,,,,,,,,,,,,,,,,,,,,2026-03-04,CORA-01-TAUP-5.5,,,,,,EA,,,,,,,,1,0,,1,,10.75,,10.75,,,,,FALSE,TRUE,FALSE,FALSE,,,,,,,,,,,,,,,,,,
74,1,0,2026-03-04,2026-03-05,2026-04-03,2026-03-04,,,,,JCPenney,JCPenney,,,USD,66.75,,81.82,,,0,0.00,,0.00,15.07,,,,,,81.82,,0.00,,,,,,,,,,,,,,,,,,,,,,,30007,10575,30007-2026-0304-000074,,,,,,,,,,,,,,,,,,,,,,,,,,,,,,,,,,,,,,,,,,2026-03-04,AUSTIN-06-NUDE-7.5,,,,,,EA,,,,,,,,4,0,,4,,10.00,,40.00,,,,,FALSE,TRUE,FALSE,FALSE,,,,,,,,,,,,,,,,,,
75,1,0,2026-03-03,2026-03-06,2026-04-02,2026-03-03,,,,,Mirakl-HudsonsB,Mirakl HudsonsB,,,USD,272.00,,282.78,,,0,0.00,,0.00,10.78,,,,,,282.78,,0.00,,,,,,,,,,,,,,,,,,,,,,,10005,10577,10005-2026-0303-000075,,,,,,,,,,,,,,,,,,,,,,,,,,,,,,,,,,,,,,,,,,2026-03-03,FA13501DM-1608BLAU2-27-30,,,,,,EA,,,,,,,,4,0,,4,,34.00,,136.00,,,,,FALSE,TRUE,FALSE,FALSE,,,,,,,,,,,,,,,,,,
75,1,0,2026-03-03,2026-03-06,2026-04-02,2026-03-03,,,,,Mirakl-HudsonsB,Mirakl HudsonsB,,,USD,272.00,,282.78,,,0,0.00,,0.00,10.78,,,,,,282.78,,0.00,,,,,,,,,,,,,,,,,,,,,,,10005,10577,10005-2026-0303-000075,,,,,,,,,,,,,,,,,,,,,,,,,,,,,,,,,,,,,,,,,,2026-03-03,F13031C-1742VNTGDM-29-STD,,,,,,EA,,,,,,,,4,0,,4,,34.00,,136.00,,,,,FALSE,TRUE,FALSE,FALSE,,,,,,,,,,,,,,,,,,
76,1,0,2026-03-04,2026-03-06,2026-04-03,2026-03-04,,,,,Shopify,Shopify,,,USD,40.00,,46.16,,,0,0.00,,0.00,6.16,,,,,,46.16,,0.00,,,,,,,,,,,,,,,,,,,,,,,20001,10580,20001-2026-0304-000076,,,,,,,,,,,,,,,,,,,,,,,,,,,,,,,,,,,,,,,,,,2026-03-04,AUSTIN-06-NUDE-5,,,,,,EA,,,,,,,,4,0,,4,,10.00,,40.00,,,,,FALSE,TRUE,FALSE,FALSE,,,,,,,,,,,,,,,,,,
77,1,0,2026-03-01,2026-03-02,2026-03-31,2026-03-03,,,,,Mirakl-HudsonsB,Mirakl HudsonsB,,,USD,109.00,,122.24,,,0,0.00,,0.00,13.24,,,,,,122.24,,0.00,,,,,,,,,,,,,,,,,,,,,,,10005,10577,10005-2026-0301-000077,,,,,,,,,,,,,,,,,,,,,,,,,,,,,,,,,,,,,,,,,,2026-03-01,ASTRID-01-BLACK-12,,,,,,EA,,,,,,,,4,0,,4,,20.75,,83.00,,,,,FALSE,TRUE,FALSE,FALSE,,,,,,,,,,,,,,,,,,
77,1,0,2026-03-01,2026-03-02,2026-03-31,2026-03-03,,,,,Mirakl-HudsonsB,Mirakl HudsonsB,,,USD,109.00,,122.24,,,0,0.00,,0.00,13.24,,,,,,122.24,,0.00,,,,,,,,,,,,,,,,,,,,,,,10005,10577,10005-2026-0301-000077,,,,,,,,,,,,,,,,,,,,,,,,,,,,,,,,,,,,,,,,,,2026-03-01,AUSTIN-06-BLACK-9.5,,,,,,EA,,,,,,,,1,0,,1,,10.00,,10.00,,,,,FALSE,TRUE,FALSE,FALSE,,,,,,,,,,,,,,,,,,
77,1,0,2026-03-01,2026-03-02,2026-03-31,2026-03-03,,,,,Mirakl-HudsonsB,Mirakl HudsonsB,,,USD,109.00,,122.24,,,0,0.00,,0.00,13.24,,,,,,122.24,,0.00,,,,,,,,,,,,,,,,,,,,,,,10005,10577,10005-2026-0301-000077,,,,,,,,,,,,,,,,,,,,,,,,,,,,,,,,,,,,,,,,,,2026-03-01,CAMILA-06-BLACK-8.5,,,,,,EA,,,,,,,,2,0,,2,,8.00,,16.00,,,,,FALSE,TRUE,FALSE,FALSE,,,,,,,,,,,,,,,,,,
78,1,0,2026-03-03,2026-03-07,2026-04-02,2026-03-04,,,,,Shopify,Shopify,,,USD,105.50,,105.52,,,0,0.00,,0.00,0.02,,,,,,105.52,,0.00,,,,,,,,,,,,,,,,,,,,,,,20001,10580,20001-2026-0303-000078,,,,,,,,,,,,,,,,,,,,,,,,,,,,,,,,,,,,,,,,,,2026-03-03,AUSTIN-06-NUDE-9,,,,,,EA,,,,,,,,1,0,,1,,10.00,,10.00,,,,,FALSE,TRUE,FALSE,FALSE,,,,,,,,,,,,,,,,,,
78,1,0,2026-03-03,2026-03-07,2026-04-02,2026-03-04,,,,,Shopify,Shopify,,,USD,105.50,,105.52,,,0,0.00,,0.00,0.02,,,,,,105.52,,0.00,,,,,,,,,,,,,,,,,,,,,,,20001,10580,20001-2026-0303-000078,,,,,,,,,,,,,,,,,,,,,,,,,,,,,,,,,,,,,,,,,,2026-03-03,ADELINE-03-BROWN-6,,,,,,EA,,,,,,,,3,0,,3,,18.50,,55.50,,,,,FALSE,TRUE,FALSE,FALSE,,,,,,,,,,,,,,,,,,
78,1,0,2026-03-03,2026-03-07,2026-04-02,2026-03-04,,,,,Shopify,Shopify,,,USD,105.50,,105.52,,,0,0.00,,0.00,0.02,,,,,,105.52,,0.00,,,,,,,,,,,,,,,,,,,,,,,20001,10580,20001-2026-0303-000078,,,,,,,,,,,,,,,,,,,,,,,,,,,,,,,,,,,,,,,,,,2026-03-03,AUSTIN-06-NUDE-10,,,,,,EA,,,,,,,,4,0,,4,,10.00,,40.00,,,,,FALSE,TRUE,FALSE,FALSE,,,,,,,,,,,,,,,,,,
79,1,0,2026-03-04,2026-03-04,2026-04-03,2026-03-06,,,,,Etsy-VS,Etsy VS,,,USD,335.70,,350.44,,,0,0.00,,0.00,14.74,,,,,,350.44,,0.00,,,,,,,,,,,,,,,,,,,,,,,10008,10572,10008-2026-0304-000079,,,,,,,,,,,,,,,,,,,,,,,,,,,,,,,,,,,,,,,,,,2026-03-04,ADELINE-02-NUDE-B12,,,,,,EA,,,,,,,,1,0,,1,,138.00,,138.00,,,,,FALSE,TRUE,FALSE,FALSE,,,,,,,,,,,,,,,,,,
79,1,0,2026-03-04,2026-03-04,2026-04-03,2026-03-06,,,,,Etsy-VS,Etsy VS,,,USD,335.70,,350.44,,,0,0.00,,0.00,14.74,,,,,,350.44,,0.00,,,,,,,,,,,,,,,,,,,,,,,10008,10572,10008-2026-0304-000079,,,,,,,,,,,,,,,,,,,,,,,,,,,,,,,,,,,,,,,,,,2026-03-04,ADELINE-02-WHITE-11,,,,,,EA,,,,,,,,4,0,,4,,11.50,,46.00,,,,,FALSE,TRUE,FALSE,FALSE,,,,,,,,,,,,,,,,,,
79,1,0,2026-03-04,2026-03-04,2026-04-03,2026-03-06,,,,,Etsy-VS,Etsy VS,,,USD,335.70,,350.44,,,0,0.00,,0.00,14.74,,,,,,350.44,,0.00,,,,,,,,,,,,,,,,,,,,,,,10008,10572,10008-2026-0304-000079,,,,,,,,,,,,,,,,,,,,,,,,,,,,,,,,,,,,,,,,,,2026-03-04,AVIANA-06-PINK-B12,,,,,,EA,,,,,,,,2,0,,2,,75.85,,151.70,,,,,FALSE,TRUE,FALSE,FALSE,,,,,,,,,,,,,,,,,,
80,1,0,2026-03-04,2026-03-05,2026-04-03,2026-03-05,,,,,AMZ-eCom,AMZ eCom,,,USD,65.25,,78.67,,,0,0.00,,0.00,13.42,,,,,,78.67,,0.00,,,,,,,,,,,,,,,,,,,,,,,10001,10565,10001-2026-0304-000080,,,,,,,,,,,,,,,,,,,,,,,,,,,,,,,,,,,,,,,,,,2026-03-04,FD9801506P-CHERRY-2X-STD,,,,,,EA,,,,,,,,1,0,,1,,49.00,,49.00,,,,,FALSE,TRUE,FALSE,FALSE,,,,,,,,,,,,,,,,,,
80,1,0,2026-03-04,2026-03-05,2026-04-03,2026-03-05,,,,,AMZ-eCom,AMZ eCom,,,USD,65.25,,78.67,,,0,0.00,,0.00,13.42,,,,,,78.67,,0.00,,,,,,,,,,,,,,,,,,,,,,,10001,10565,10001-2026-0304-000080,,,,,,,,,,,,,,,,,,,,,,,,,,,,,,,,,,,,,,,,,,2026-03-04,AVIANA-06-BEIGE-6,,,,,,EA,,,,,,,,1,0,,1,,16.25,,16.25,,,,,FALSE,TRUE,FALSE,FALSE,,,,,,,,,,,,,,,,,,
81,1,0,2026-03-01,2026-03-05,2026-03-31,2026-03-01,,,,,Magento,Magento,,,USD,126.00,,126.00,,,0,0.00,,0.00,0.00,,,,,,126.00,,0.00,,,,,,,,,,,,,,,,,,,,,,,20003,10581,20003-2026-0301-000081,,,,,,,,,,,,,,,,,,,,,,,,,,,,,,,,,,,,,,,,,,2026-03-01,CORA-01-YLW-8.5,,,,,,EA,,,,,,,,4,0,,4,,10.75,,43.00,,,,,FALSE,TRUE,FALSE,FALSE,,,,,,,,,,,,,,,,,,
81,1,0,2026-03-01,2026-03-05,2026-03-31,2026-03-01,,,,,Magento,Magento,,,USD,126.00,,126.00,,,0,0.00,,0.00,0.00,,,,,,126.00,,0.00,,,,,,,,,,,,,,,,,,,,,,,20003,10581,20003-2026-0301-000081,,,,,,,,,,,,,,,,,,,,,,,,,,,,,,,,,,,,,,,,,,2026-03-01,ASTRID-01-BLUSH-10,,,,,,EA,,,,,,,,4,0,,4,,20.75,,83.00,,,,,FALSE,TRUE,FALSE,FALSE,,,,,,,,,,,,,,,,,,
82,1,0,2026-03-01,2026-03-01,2026-03-31,2026-03-02,,,,,Etsy-LS,Etsy LS,,,USD,37.50,,51.08,,,0,0.00,,0.00,13.58,,,,,,51.08,,0.00,,,,,,,,,,,,,,,,,,,,,,,10008,10571,10008-2026-0301-000082,,,,,,,,,,,,,,,,,,,,,,,,,,,,,,,,,,,,,,,,,,2026-03-01,CORA-01-YLW-10,,,,,,EA,,,,,,,,2,0,,2,,10.75,,21.50,,,,,FALSE,TRUE,FALSE,FALSE,,,,,,,,,,,,,,,,,,
82,1,0,2026-03-01,2026-03-01,2026-03-31,2026-03-02,,,,,Etsy-LS,Etsy LS,,,USD,37.50,,51.08,,,0,0.00,,0.00,13.58,,,,,,51.08,,0.00,,,,,,,,,,,,,,,,,,,,,,,10008,10571,10008-2026-0301-000082,,,,,,,,,,,,,,,,,,,,,,,,,,,,,,,,,,,,,,,,,,2026-03-01,CAMILA-06-LILAC-8,,,,,,EA,,,,,,,,1,0,,1,,8.00,,8.00,,,,,FALSE,TRUE,FALSE,FALSE,,,,,,,,,,,,,,,,,,
82,1,0,2026-03-01,2026-03-01,2026-03-31,2026-03-02,,,,,Etsy-LS,Etsy LS,,,USD,37.50,,51.08,,,0,0.00,,0.00,13.58,,,,,,51.08,,0.00,,,,,,,,,,,,,,,,,,,,,,,10008,10571,10008-2026-0301-000082,,,,,,,,,,,,,,,,,,,,,,,,,,,,,,,,,,,,,,,,,,2026-03-01,CAMILA-06-NUDE-6,,,,,,EA,,,,,,,,1,0,,1,,8.00,,8.00,,,,,FALSE,TRUE,FALSE,FALSE,,,,,,,,,,,,,,,,,,
83,1,0,2026-03-01,2026-03-06,2026-03-31,2026-03-01,,,,,Veeqo-Amazon,Veeqo Amazon,,,USD,438.00,,444.41,,,0,0.00,,0.00,6.41,,,,,,444.41,,0.00,,,,,,,,,,,,,,,,,,,,,,,10016,10579,10016-2026-0301-000083,,,,,,,,,,,,,,,,,,,,,,,,,,,,,,,,,,,,,,,,,,2026-03-01,ADELINE-02-BLACK-A12,,,,,,EA,,,,,,,,3,0,,3,,138.00,,414.00,,,,,FALSE,TRUE,FALSE,FALSE,,,,,,,,,,,,,,,,,,
83,1,0,2026-03-01,2026-03-06,2026-03-31,2026-03-01,,,,,Veeqo-Amazon,Veeqo Amazon,,,USD,438.00,,444.41,,,0,0.00,,0.00,6.41,,,,,,444.41,,0.00,,,,,,,,,,,,,,,,,,,,,,,10016,10579,10016-2026-0301-000083,,,,,,,,,,,,,,,,,,,,,,,,,,,,,,,,,,,,,,,,,,2026-03-01,173451-1183CITIZEN-5-34,,,,,,EA,,,,,,,,1,0,,1,,24.00,,24.00,,,,,FALSE,TRUE,FALSE,FALSE,,,,,,,,,,,,,,,,,,
84,1,0,2026-03-03,2026-03-06,2026-04-02,2026-03-04,,,,,JCPenney,JCPenney,,,USD,102.50,,111.33,,,0,0.00,,0.00,8.83,,,,,,111.33,,0.00,,,,,,,,,,,,,,,,,,,,,,,30007,10575,30007-2026-0303-000084,,,,,,,,,,,,,,,,,,,,,,,,,,,,,,,,,,,,,,,,,,2026-03-03,AUSTIN-06-BLUSH-8.5,,,,,,EA,,,,,,,,1,0,,1,,10.00,,10.00,,,,,FALSE,TRUE,FALSE,FALSE,,,,,,,,,,,,,,,,,,
84,1,0,2026-03-03,2026-03-06,2026-04-02,2026-03-04,,,,,JCPenney,JCPenney,,,USD,102.50,,111.33,,,0,0.00,,0.00,8.83,,,,,,111.33,,0.00,,,,,,,,,,,,,,,,,,,,,,,30007,10575,30007-2026-0303-000084,,,,,,,,,,,,,,,,,,,,,,,,,,,,,,,,,,,,,,,,,,2026-03-03,ADELINE-03-GOLD-5,,,,,,EA,,,,,,,,3,0,,3,,18.50,,55.50,,,,,FALSE,TRUE,FALSE,FALSE,,,,,,,,,,,,,,,,,,
84,1,0,2026-03-03,2026-03-06,2026-04-02,2026-03-04,,,,,JCPenney,JCPenney,,,USD,102.50,,111.33,,,0,0.00,,0.00,8.83,,,,,,111.33,,0.00,,,,,,,,,,,,,,,,,,,,,,,30007,10575,30007-2026-0303-000084,,,,,,,,,,,,,,,,,,,,,,,,,,,,,,,,,,,,,,,,,,2026-03-03,ADELINE-03-BLACK-8.5,,,,,,EA,,,,,,,,2,0,,2,,18.50,,37.00,,,,,FALSE,TRUE,FALSE,FALSE,,,,,,,,,,,,,,,,,,
85,1,0,2026-03-01,2026-03-04,2026-03-31,2026-03-03,,,,,Etsy-LS,Etsy LS,,,USD,68.00,,85.28,,,0,0.00,,0.00,17.28,,,,,,85.28,,0.00,,,,,,,,,,,,,,,,,,,,,,,10008,10571,10008-2026-0301-000085,,,,,,,,,,,,,,,,,,,,,,,,,,,,,,,,,,,,,,,,,,2026-03-01,FA13501DM-RINSEWSFT-27-32,,,,,,EA,,,,,,,,2,0,,2,,34.00,,68.00,,,,,FALSE,TRUE,FALSE,FALSE,,,,,,,,,,,,,,,,,,
86,1,0,2026-03-03,2026-03-03,2026-04-02,2026-03-05,,,,,AMZ-eCom,AMZ eCom,,,USD,421.00,,429.72,,,0,0.00,,0.00,8.72,,,,,,429.72,,0.00,,,,,,,,,,,,,,,,,,,,,,,10001,10565,10001-2026-0303-000086,,,,,,,,,,,,,,,,,,,,,,,,,,,,,,,,,,,,,,,,,,2026-03-03,ADELINE-03-BROWN-5.5,,,,,,EA,,,,,,,,2,0,,2,,18.50,,37.00,,,,,FALSE,TRUE,FALSE,FALSE,,,,,,,,,,,,,,,,,,
86,1,0,2026-03-03,2026-03-03,2026-04-02,2026-03-05,,,,,AMZ-eCom,AMZ eCom,,,USD,421.00,,429.72,,,0,0.00,,0.00,8.72,,,,,,429.72,,0.00,,,,,,,,,,,,,,,,,,,,,,,10001,10565,10001-2026-0303-000086,,,,,,,,,,,,,,,,,,,,,,,,,,,,,,,,,,,,,,,,,,2026-03-03,CAMILA-06-NUDE-B12,,,,,,EA,,,,,,,,4,0,,4,,96.00,,384.00,,,,,FALSE,TRUE,FALSE,FALSE,,,,,,,,,,,,,,,,,,
87,1,0,2026-03-01,2026-03-03,2026-03-31,2026-03-03,,,,,Mirakl-HudsonsB,Mirakl HudsonsB,,,USD,145.25,,147.05,,,0,0.00,,0.00,1.80,,,,,,147.05,,0.00,,,,,,,,,,,,,,,,,,,,,,,10005,10577,10005-2026-0301-000087,,,,,,,,,,,,,,,,,,,,,,,,,,,,,,,,,,,,,,,,,,2026-03-01,ASTRID-01-NUDE-9,,,,,,EA,,,,,,,,1,0,,1,,20.75,,20.75,,,,,FALSE,TRUE,FALSE,FALSE,,,,,,,,,,,,,,,,,,
87,1,0,2026-03-01,2026-03-03,2026-03-31,2026-03-03,,,,,Mirakl-HudsonsB,Mirakl HudsonsB,,,USD,145.25,,147.05,,,0,0.00,,0.00,1.80,,,,,,147.05,,0.00,,,,,,,,,,,,,,,,,,,,,,,10005,10577,10005-2026-0301-000087,,,,,,,,,,,,,,,,,,,,,,,,,,,,,,,,,,,,,,,,,,2026-03-01,ASTRID-01-NUDE-6.5,,,,,,EA,,,,,,,,3,0,,3,,20.75,,62.25,,,,,FALSE,TRUE,FALSE,FALSE,,,,,,,,,,,,,,,,,,
87,1,0,2026-03-01,2026-03-03,2026-03-31,2026-03-03,,,,,Mirakl-HudsonsB,Mirakl HudsonsB,,,USD,145.25,,147.05,,,0,0.00,,0.00,1.80,,,,,,147.05,,0.00,,,,,,,,,,,,,,,,,,,,,,,10005,10577,10005-2026-0301-000087,,,,,,,,,,,,,,,,,,,,,,,,,,,,,,,,,,,,,,,,,,2026-03-01,ASTRID-01-BLUSH-7,,,,,,EA,,,,,,,,3,0,,3,,20.75,,62.25,,,,,FALSE,TRUE,FALSE,FALSE,,,,,,,,,,,,,,,,,,
88,1,0,2026-03-01,2026-03-02,2026-03-31,2026-03-02,,,,,Etsy-LS,Etsy LS,,,USD,32.00,,47.65,,,0,0.00,,0.00,15.65,,,,,,47.65,,0.00,,,,,,,,,,,,,,,,,,,,,,,10008,10571,10008-2026-0301-000088,,,,,,,,,,,,,,,,,,,,,,,,,,,,,,,,,,,,,,,,,,2026-03-01,CAMILA-06-TAUPE-8.5,,,,,,EA,,,,,,,,4,0,,4,,8.00,,32.00,,,,,FALSE,TRUE,FALSE,FALSE,,,,,,,,,,,,,,,,,,
89,1,0,2026-03-01,2026-03-01,2026-03-31,2026-03-02,,,,,eBay,eBay,,,USD,48.75,,55.85,,,0,0.00,,0.00,7.10,,,,,,55.85,,0.00,,,,,,,,,,,,,,,,,,,,,,,10004,10570,10004-2026-0301-000089,,,,,,,,,,,,,,,,,,,,,,,,,,,,,,,,,,,,,,,,,,2026-03-01,AVIANA-06-BEIGE-11,,,,,,EA,,,,,,,,3,0,,3,,16.25,,48.75,,,,,FALSE,TRUE,FALSE,FALSE,,,,,,,,,,,,,,,,,,
90,1,0,2026-03-04,2026-03-07,2026-04-03,2026-03-06,,,,,JCPenney,JCPenney,,,USD,117.00,,126.24,,,0,0.00,,0.00,9.24,,,,,,126.24,,0.00,,,,,,,,,,,,,,,,,,,,,,,30007,10575,30007-2026-0304-000090,,,,,,,,,,,,,,,,,,,,,,,,,,,,,,,,,,,,,,,,,,2026-03-04,FA16023WV-SMOKEYROSE-M-STD,,,,,,EA,,,,,,,,3,0,,3,,39.00,,117.00,,,,,FALSE,TRUE,FALSE,FALSE,,,,,,,,,,,,,,,,,,
91,1,0,2026-03-04,2026-03-05,2026-04-03,2026-03-05,,,,,Macys,Macys,,,USD,200.75,,208.16,,,0,0.00,,0.00,7.41,,,,,,208.16,,0.00,,,,,,,,,,,,,,,,,,,,,,,30005,10574,30005-2026-0304-000091,,,,,,,,,,,,,,,,,,,,,,,,,,,,,,,,,,,,,,,,,,2026-03-04,FD3601033-3022FROZENPD-M-STD,,,,,,EA,,,,,,,,3,0,,3,,49.00,,147.00,,,,,FALSE,TRUE,FALSE,FALSE,,,,,,,,,,,,,,,,,,
91,1,0,2026-03-04,2026-03-05,2026-04-03,2026-03-05,,,,,Macys,Macys,,,USD,200.75,,208.16,,,0,0.00,,0.00,7.41,,,,,,208.16,,0.00,,,,,,,,,,,,,,,,,,,,,,,30005,10574,30005-2026-0304-000091,,,,,,,,,,,,,,,,,,,,,,,,,,,,,,,,,,,,,,,,,,2026-03-04,CORA-01-LEOP-5.5,,,,,,EA,,,,,,,,1,0,,1,,10.75,,10.75,,,,,FALSE,TRUE,FALSE,FALSE,,,,,,,,,,,,,,,,,,
91,1,0,2026-03-04,2026-03-05,2026-04-03,2026-03-05,,,,,Macys,Macys,,,USD,200.75,,208.16,,,0,0.00,,0.00,7.41,,,,,,208.16,,0.00,,,,,,,,,,,,,,,,,,,,,,,30005,10574,30005-2026-0304-000091,,,,,,,,,,,,,,,,,,,,,,,,,,,,,,,,,,,,,,,,,,2026-03-04,CORA-01-YLW-12,,,,,,EA,,,,,,,,4,0,,4,,10.75,,43.00,,,,,FALSE,TRUE,FALSE,FALSE,,,,,,,,,,,,,,,,,,
92,1,0,2026-03-02,2026-03-06,2026-04-01,2026-03-02,,,,,eBay,eBay,,,USD,222.00,,231.92,,,0,0.00,,0.00,9.92,,,,,,231.92,,0.00,,,,,,,,,,,,,,,,,,,,,,,10004,10570,10004-2026-0302-000092,,,,,,,,,,,,,,,,,,,,,,,,,,,,,,,,,,,,,,,,,,2026-03-02,ADELINE-03-TAUPE-A12,,,,,,EA,,,,,,,,1,0,,1,,222.00,,222.00,,,,,FALSE,TRUE,FALSE,FALSE,,,,,,,,,,,,,,,,,,
93,1,0,2026-03-02,2026-03-07,2026-04-01,2026-03-04,,,,,Squarespace,Squarespace,,,USD,159.00,,174.25,,,0,0.00,,0.00,15.25,,,,,,174.25,,0.00,,,,,,,,,,,,,,,,,,,,,,,20006,10582,20006-2026-0302-000093,,,,,,,,,,,,,,,,,,,,,,,,,,,,,,,,,,,,,,,,,,2026-03-02,AVIANA-06-BLACK-9,,,,,,EA,,,,,,,,3,0,,3,,16.25,,48.75,,,,,FALSE,TRUE,FALSE,FALSE,,,,,,,,,,,,,,,,,,
93,1,0,2026-03-02,2026-03-07,2026-04-01,2026-03-04,,,,,Squarespace,Squarespace,,,USD,159.00,,174.25,,,0,0.00,,0.00,15.25,,,,,,174.25,,0.00,,,,,,,,,,,,,,,,,,,,,,,20006,10582,20006-2026-0302-000093,,,,,,,,,,,,,,,,,,,,,,,,,,,,,,,,,,,,,,,,,,2026-03-02,CORA-01-BLK-5.5,,,,,,EA,,,,,,,,3,0,,3,,10.75,,32.25,,,,,FALSE,TRUE,FALSE,FALSE,,,,,,,,,,,,,,,,,,
93,1,0,2026-03-02,2026-03-07,2026-04-01,2026-03-04,,,,,Squarespace,Squarespace,,,USD,159.00,,174.25,,,0,0.00,,0.00,15.25,,,,,,174.25,,0.00,,,,,,,,,,,,,,,,,,,,,,,20006,10582,20006-2026-0302-000093,,,,,,,,,,,,,,,,,,,,,,,,,,,,,,,,,,,,,,,,,,2026-03-02,FA16105WV-MIDNIGHTBLUE-S-STD,,,,,,EA,,,,,,,,2,0,,2,,39.00,,78.00,,,,,FALSE,TRUE,FALSE,FALSE,,,,,,,,,,,,,,,,,,
94,1,0,2026-03-04,2026-03-04,2026-04-03,2026-03-05,,,,,Mirakl-Kohls,Mirakl Kohls,,,USD,34.00,,45.54,,,0,0.00,,0.00,11.54,,,,,,45.54,,0.00,,,,,,,,,,,,,,,,,,,,,,,10013,10576,10013-2026-0304-000094,,,,,,,,,,,,,,,,,,,,,,,,,,,,,,,,,,,,,,,,,,2026-03-04,F13031C-1742VNTGBJ-32-STD,,,,,,EA,,,,,,,,1,0,,1,,34.00,,34.00,,,,,FALSE,TRUE,FALSE,FALSE,,,,,,,,,,,,,,,,,,
95,1,0,2026-03-03,2026-03-03,2026-04-02,2026-03-03,,,,,Walmart-eComm,Walmart eComm,,,USD,192.00,,197.73,,,0,0.00,,0.00,5.73,,,,,,197.73,,0.00,,,,,,,,,,,,,,,,,,,,,,,10002,10566,10002-2026-0303-000095,,,,,,,,,,,,,,,,,,,,,,,,,,,,,,,,,,,,,,,,,,2026-03-03,CAMILA-06-GREEN-A12,,,,,,EA,,,,,,,,2,0,,2,,96.00,,192.00,,,,,FALSE,TRUE,FALSE,FALSE,,,,,,,,,,,,,,,,,,
96,1,0,2026-03-02,2026-03-07,2026-04-01,2026-03-02,,,,,Magento,Magento,,,USD,224.00,,224.00,,,0,0.00,,0.00,0.00,,,,,,224.00,,0.00,,,,,,,,,,,,,,,,,,,,,,,20003,10581,20003-2026-0302-000096,,,,,,,,,,,,,,,,,,,,,,,,,,,,,,,,,,,,,,,,,,2026-03-02,AUSTIN-06-BLUSH-7.5,,,,,,EA,,,,,,,,4,0,,4,,10.00,,40.00,,,,,FALSE,TRUE,FALSE,FALSE,,,,,,,,,,,,,,,,,,
96,1,0,2026-03-02,2026-03-07,2026-04-01,2026-03-02,,,,,Magento,Magento,,,USD,224.00,,224.00,,,0,0.00,,0.00,0.00,,,,,,224.00,,0.00,,,,,,,,,,,,,,,,,,,,,,,20003,10581,20003-2026-0302-000096,,,,,,,,,,,,,,,,,,,,,,,,,,,,,,,,,,,,,,,,,,2026-03-02,FD9801506P-BLACKBROWN-3X-STD,,,,,,EA,,,,,,,,3,0,,3,,49.00,,147.00,,,,,FALSE,TRUE,FALSE,FALSE,,,,,,,,,,,,,,,,,,
96,1,0,2026-03-02,2026-03-07,2026-04-01,2026-03-02,,,,,Magento,Magento,,,USD,224.00,,224.00,,,0,0.00,,0.00,0.00,,,,,,224.00,,0.00,,,,,,,,,,,,,,,,,,,,,,,20003,10581,20003-2026-0302-000096,,,,,,,,,,,,,,,,,,,,,,,,,,,,,,,,,,,,,,,,,,2026-03-02,ADELINE-03-BLUE-6.5,,,,,,EA,,,,,,,,2,0,,2,,18.50,,37.00,,,,,FALSE,TRUE,FALSE,FALSE,,,,,,,,,,,,,,,,,,
97,1,0,2026-03-03,2026-03-03,2026-04-02,2026-03-03,,,,,Macys,Macys,,,USD,80.00,,83.83,,,0,0.00,,0.00,3.83,,,,,,83.83,,0.00,,,,,,,,,,,,,,,,,,,,,,,30005,10574,30005-2026-0303-000097,,,,,,,,,,,,,,,,,,,,,,,,,,,,,,,,,,,,,,,,,,2026-03-03,CORA-01-BLK-8.5,,,,,,EA,,,,,,,,4,0,,4,,10.75,,43.00,,,,,FALSE,TRUE,FALSE,FALSE,,,,,,,,,,,,,,,,,,
97,1,0,2026-03-03,2026-03-03,2026-04-02,2026-03-03,,,,,Macys,Macys,,,USD,80.00,,83.83,,,0,0.00,,0.00,3.83,,,,,,83.83,,0.00,,,,,,,,,,,,,,,,,,,,,,,30005,10574,30005-2026-0303-000097,,,,,,,,,,,,,,,,,,,,,,,,,,,,,,,,,,,,,,,,,,2026-03-03,ADELINE-03-BROWN-7.5,,,,,,EA,,,,,,,,2,0,,2,,18.50,,37.00,,,,,FALSE,TRUE,FALSE,FALSE,,,,,,,,,,,,,,,,,,
98,1,0,2026-03-02,2026-03-02,2026-04-01,2026-03-02,,,,,Mirakl-Kohls,Mirakl Kohls,,,USD,237.75,,237.75,,,0,0.00,,0.00,0.00,,,,,,237.75,,0.00,,,,,,,,,,,,,,,,,,,,,,,10013,10576,10013-2026-0302-000098,,,,,,,,,,,,,,,,,,,,,,,,,,,,,,,,,,,,,,,,,,2026-03-02,FA16023WV-SMOKELEOPARD-L-STD,,,,,,EA,,,,,,,,2,0,,2,,40.00,,80.00,,,,,FALSE,TRUE,FALSE,FALSE,,,,,,,,,,,,,,,,,,
98,1,0,2026-03-02,2026-03-02,2026-04-01,2026-03-02,,,,,Mirakl-Kohls,Mirakl Kohls,,,USD,237.75,,237.75,,,0,0.00,,0.00,0.00,,,,,,237.75,,0.00,,,,,,,,,,,,,,,,,,,,,,,10013,10576,10013-2026-0302-000098,,,,,,,,,,,,,,,,,,,,,,,,,,,,,,,,,,,,,,,,,,2026-03-02,CORA-01-YLW-7.5,,,,,,EA,,,,,,,,1,0,,1,,10.75,,10.75,,,,,FALSE,TRUE,FALSE,FALSE,,,,,,,,,,,,,,,,,,
98,1,0,2026-03-02,2026-03-02,2026-04-01,2026-03-02,,,,,Mirakl-Kohls,Mirakl Kohls,,,USD,237.75,,237.75,,,0,0.00,,0.00,0.00,,,,,,237.75,,0.00,,,,,,,,,,,,,,,,,,,,,,,10013,10576,10013-2026-0302-000098,,,,,,,,,,,,,,,,,,,,,,,,,,,,,,,,,,,,,,,,,,2026-03-02,FD3601033-3022FROZENPD-XL-STD,,,,,,EA,,,,,,,,3,0,,3,,49.00,,147.00,,,,,FALSE,TRUE,FALSE,FALSE,,,,,,,,,,,,,,,,,,
99,1,0,2026-03-02,2026-03-04,2026-04-01,2026-03-04,,,,,Squarespace,Squarespace,,,USD,52.25,,64.04,,,0,0.00,,0.00,11.79,,,,,,64.04,,0.00,,,,,,,,,,,,,,,,,,,,,,,20006,10582,20006-2026-0302-000099,,,,,,,,,,,,,,,,,,,,,,,,,,,,,,,,,,,,,,,,,,2026-03-02,CORA-01-FUCH-9,,,,,,EA,,,,,,,,1,0,,1,,10.75,,10.75,,,,,FALSE,TRUE,FALSE,FALSE,,,,,,,,,,,,,,,,,,
99,1,0,2026-03-02,2026-03-04,2026-04-01,2026-03-04,,,,,Squarespace,Squarespace,,,USD,52.25,,64.04,,,0,0.00,,0.00,11.79,,,,,,64.04,,0.00,,,,,,,,,,,,,,,,,,,,,,,20006,10582,20006-2026-0302-000099,,,,,,,,,,,,,,,,,,,,,,,,,,,,,,,,,,,,,,,,,,2026-03-02,ASTRID-01-NUDE-5,,,,,,EA,,,,,,,,2,0,,2,,20.75,,41.50,,,,,FALSE,TRUE,FALSE,FALSE,,,,,,,,,,,,,,,,,,
100,1,0,2026-03-02,2026-03-05,2026-04-01,2026-03-04,,,,,Macys,Macys,,,USD,288.00,,290.19,,,0,0.00,,0.00,2.19,,,,,,290.19,,0.00,,,,,,,,,,,,,,,,,,,,,,,30005,10574,30005-2026-0302-000100,,,,,,,,,,,,,,,,,,,,,,,,,,,,,,,,,,,,,,,,,,2026-03-02,CAMILA-06-LILAC-A12,,,,,,EA,,,,,,,,3,0,,3,,96.00,,288.00,,,,,FALSE,TRUE,FALSE,FALSE,,,,,,,,,,,,,,,,,,
101,1,0,2026-03-01,2026-03-05,2026-03-31,2026-03-03,,,,,Etsy-VS,Etsy VS,,,USD,105.75,,118.49,,,0,0.00,,0.00,12.74,,,,,,118.49,,0.00,,,,,,,,,,,,,,,,,,,,,,,10008,10572,10008-2026-0301-000101,,,,,,,,,,,,,,,,,,,,,,,,,,,,,,,,,,,,,,,,,,2026-03-01,AVIANA-06-WHITE-5,,,,,,EA,,,,,,,,4,0,,4,,16.25,,65.00,,,,,FALSE,TRUE,FALSE,FALSE,,,,,,,,,,,,,,,,,,
101,1,0,2026-03-01,2026-03-05,2026-03-31,2026-03-03,,,,,Etsy-VS,Etsy VS,,,USD,105.75,,118.49,,,0,0.00,,0.00,12.74,,,,,,118.49,,0.00,,,,,,,,,,,,,,,,,,,,,,,10008,10572,10008-2026-0301-000101,,,,,,,,,,,,,,,,,,,,,,,,,,,,,,,,,,,,,,,,,,2026-03-01,ASTRID-01-BLACK-7,,,,,,EA,,,,,,,,1,0,,1,,20.75,,20.75,,,,,FALSE,TRUE,FALSE,FALSE,,,,,,,,,,,,,,,,,,
101,1,0,2026-03-01,2026-03-05,2026-03-31,2026-03-03,,,,,Etsy-VS,Etsy VS,,,USD,105.75,,118.49,,,0,0.00,,0.00,12.74,,,,,,118.49,,0.00,,,,,,,,,,,,,,,,,,,,,,,10008,10572,10008-2026-0301-000101,,,,,,,,,,,,,,,,,,,,,,,,,,,,,,,,,,,,,,,,,,2026-03-01,AUSTIN-06-BLACK-8.5,,,,,,EA,,,,,,,,2,0,,2,,10.00,,20.00,,,,,FALSE,TRUE,FALSE,FALSE,,,,,,,,,,,,,,,,,,
102,1,0,2026-03-01,2026-03-03,2026-03-31,2026-03-03,,,,,Veeqo-Amazon,Veeqo Amazon,,,USD,145.00,,154.94,,,0,0.00,,0.00,9.94,,,,,,154.94,,0.00,,,,,,,,,,,,,,,,,,,,,,,10016,10579,10016-2026-0301-000102,,,,,,,,,,,,,,,,,,,,,,,,,,,,,,,,,,,,,,,,,,2026-03-01,FA16023WV-SMOKEYROSE-XS-STD,,,,,,EA,,,,,,,,2,0,,2,,39.00,,78.00,,,,,FALSE,TRUE,FALSE,FALSE,,,,,,,,,,,,,,,,,,
102,1,0,2026-03-01,2026-03-03,2026-03-31,2026-03-03,,,,,Veeqo-Amazon,Veeqo Amazon,,,USD,145.00,,154.94,,,0,0.00,,0.00,9.94,,,,,,154.94,,0.00,,,,,,,,,,,,,,,,,,,,,,,10016,10579,10016-2026-0301-000102,,,,,,,,,,,,,,,,,,,,,,,,,,,,,,,,,,,,,,,,,,2026-03-01,CORA-01-FUCH-6.5,,,,,,EA,,,,,,,,4,0,,4,,10.75,,43.00,,,,,FALSE,TRUE,FALSE,FALSE,,,,,,,,,,,,,,,,,,
102,1,0,2026-03-01,2026-03-03,2026-03-31,2026-03-03,,,,,Veeqo-Amazon,Veeqo Amazon,,,USD,145.00,,154.94,,,0,0.00,,0.00,9.94,,,,,,154.94,,0.00,,,,,,,,,,,,,,,,,,,,,,,10016,10579,10016-2026-0301-000102,,,,,,,,,,,,,,,,,,,,,,,,,,,,,,,,,,,,,,,,,,2026-03-01,CAMILA-06-GREEN-7.5,,,,,,EA,,,,,,,,3,0,,3,,8.00,,24.00,,,,,FALSE,TRUE,FALSE,FALSE,,,,,,,,,,,,,,,,,,
103,1,0,2026-03-03,2026-03-08,2026-04-02,2026-03-03,,,,,Mirakl-HudsonsB,Mirakl HudsonsB,,,USD,30.00,,47.31,,,0,0.00,,0.00,17.31,,,,,,47.31,,0.00,,,,,,,,,,,,,,,,,,,,,,,10005,10577,10005-2026-0303-000103,,,,,,,,,,,,,,,,,,,,,,,,,,,,,,,,,,,,,,,,,,2026-03-03,AUSTIN-06-WHITE-5.5,,,,,,EA,,,,,,,,3,0,,3,,10.00,,30.00,,,,,FALSE,TRUE,FALSE,FALSE,,,,,,,,,,,,,,,,,,
104,1,0,2026-03-03,2026-03-07,2026-04-02,2026-03-05,,,,,Mirakl-Kohls,Mirakl Kohls,,,USD,71.75,,73.23,,,0,0.00,,0.00,1.48,,,,,,73.23,,0.00,,,,,,,,,,,,,,,,,,,,,,,10013,10576,10013-2026-0303-000104,,,,,,,,,,,,,,,,,,,,,,,,,,,,,,,,,,,,,,,,,,2026-03-03,AVIANA-06-WHITE-5.5,,,,,,EA,,,,,,,,3,0,,3,,16.25,,48.75,,,,,FALSE,TRUE,FALSE,FALSE,,,,,,,,,,,,,,,,,,
104,1,0,2026-03-03,2026-03-07,2026-04-02,2026-03-05,,,,,Mirakl-Kohls,Mirakl Kohls,,,USD,71.75,,73.23,,,0,0.00,,0.00,1.48,,,,,,73.23,,0.00,,,,,,,,,,,,,,,,,,,,,,,10013,10576,10013-2026-0303-000104,,,,,,,,,,,,,,,,,,,,,,,,,,,,,,,,,,,,,,,,,,2026-03-03,ADELINE-02-CAMEL-9,,,,,,EA,,,,,,,,2,0,,2,,11.50,,23.00,,,,,FALSE,TRUE,FALSE,FALSE,,,,,,,,,,,,,,,,,,
105,1,0,2026-03-03,2026-03-03,2026-04-02,2026-03-05,,,,,Magento,Magento,,,USD,400.00,,400.46,,,0,0.00,,0.00,0.46,,,,,,400.46,,0.00,,,,,,,,,,,,,,,,,,,,,,,20003,10581,20003-2026-0303-000105,,,,,,,,,,,,,,,,,,,,,,,,,,,,,,,,,,,,,,,,,,2026-03-03,CAMILA-06-TAUPE-S,,,,,,EA,,,,,,,,4,0,,4,,96.00,,384.00,,,,,FALSE,TRUE,FALSE,FALSE,,,,,,,,,,,,,,,,,,
105,1,0,2026-03-03,2026-03-03,2026-04-02,2026-03-05,,,,,Magento,Magento,,,USD,400.00,,400.46,,,0,0.00,,0.00,0.46,,,,,,400.46,,0.00,,,,,,,,,,,,,,,,,,,,,,,20003,10581,20003-2026-0303-000105,,,,,,,,,,,,,,,,,,,,,,,,,,,,,,,,,,,,,,,,,,2026-03-03,CAMILA-06-GREEN-6,,,,,,EA,,,,,,,,2,0,,2,,8.00,,16.00,,,,,FALSE,TRUE,FALSE,FALSE,,,,,,,,,,,,,,,,,,
106,1,0,2026-03-03,2026-03-06,2026-04-02,2026-03-03,,,,,Shopify,Shopify,,,USD,82.00,,82.00,,,0,0.00,,0.00,0.00,,,,,,82.00,,0.00,,,,,,,,,,,,,,,,,,,,,,,20001,10580,20001-2026-0303-000106,,,,,,,,,,,,,,,,,,,,,,,,,,,,,,,,,,,,,,,,,,2026-03-03,FA16023WV-MIDNIGHTCAMO-M-STD,,,,,,EA,,,,,,,,1,0,,1,,39.00,,39.00,,,,,FALSE,TRUE,FALSE,FALSE,,,,,,,,,,,,,,,,,,
106,1,0,2026-03-03,2026-03-06,2026-04-02,2026-03-03,,,,,Shopify,Shopify,,,USD,82.00,,82.00,,,0,0.00,,0.00,0.00,,,,,,82.00,,0.00,,,,,,,,,,,,,,,,,,,,,,,20001,10580,20001-2026-0303-000106,,,,,,,,,,,,,,,,,,,,,,,,,,,,,,,,,,,,,,,,,,2026-03-03,CORA-01-LEOP-11,,,,,,EA,,,,,,,,4,0,,4,,10.75,,43.00,,,,,FALSE,TRUE,FALSE,FALSE,,,,,,,,,,,,,,,,,,
107,1,0,2026-03-04,2026-03-08,2026-04-03,2026-03-05,,,,,Etsy-VS,Etsy VS,,,USD,175.50,,180.13,,,0,0.00,,0.00,4.63,,,,,,180.13,,0.00,,,,,,,,,,,,,,,,,,,,,,,10008,10572,10008-2026-0304-000107,,,,,,,,,,,,,,,,,,,,,,,,,,,,,,,,,,,,,,,,,,2026-03-04,CAMILA-06-TAUPE-A12,,,,,,EA,,,,,,,,1,0,,1,,96.00,,96.00,,,,,FALSE,TRUE,FALSE,FALSE,,,,,,,,,,,,,,,,,,
107,1,0,2026-03-04,2026-03-08,2026-04-03,2026-03-05,,,,,Etsy-VS,Etsy VS,,,USD,175.50,,180.13,,,0,0.00,,0.00,4.63,,,,,,180.13,,0.00,,,,,,,,,,,,,,,,,,,,,,,10008,10572,10008-2026-0304-000107,,,,,,,,,,,,,,,,,,,,,,,,,,,,,,,,,,,,,,,,,,2026-03-04,ADELINE-02-BLACK-12,,,,,,EA,,,,,,,,1,0,,1,,11.50,,11.50,,,,,FALSE,TRUE,FALSE,FALSE,,,,,,,,,,,,,,,,,,
107,1,0,2026-03-04,2026-03-08,2026-04-03,2026-03-05,,,,,Etsy-VS,Etsy VS,,,USD,175.50,,180.13,,,0,0.00,,0.00,4.63,,,,,,180.13,,0.00,,,,,,,,,,,,,,,,,,,,,,,10008,10572,10008-2026-0304-000107,,,,,,,,,,,,,,,,,,,,,,,,,,,,,,,,,,,,,,,,,,2026-03-04,F13031C-1742VNTGDM-27-STD,,,,,,EA,,,,,,,,2,0,,2,,34.00,,68.00,,,,,FALSE,TRUE,FALSE,FALSE,,,,,,,,,,,,,,,,,,
108,1,0,2026-03-04,2026-03-06,2026-04-03,2026-03-05,,,,,Walmart-eComm,Walmart eComm,,,USD,41.50,,53.62,,,0,0.00,,0.00,12.12,,,,,,53.62,,0.00,,,,,,,,,,,,,,,,,,,,,,,10002,10566,10002-2026-0304-000108,,,,,,,,,,,,,,,,,,,,,,,,,,,,,,,,,,,,,,,,,,2026-03-04,ASTRID-01-GREY-10,,,,,,EA,,,,,,,,2,0,,2,,20.75,,41.50,,,,,FALSE,TRUE,FALSE,FALSE,,,,,,,,,,,,,,,,,,
109,1,0,2026-03-03,2026-03-08,2026-04-02,2026-03-04,,,,,Etsy-LS,Etsy LS,,,USD,58.75,,61.16,,,0,0.00,,0.00,2.41,,,,,,61.16,,0.00,,,,,,,,,,,,,,,,,,,,,,,10008,10571,10008-2026-0303-000109,,,,,,,,,,,,,,,,,,,,,,,,,,,,,,,,,,,,,,,,,,2026-03-03,AVIANA-06-WHITE-8.5,,,,,,EA,,,,,,,,3,0,,3,,16.25,,48.75,,,,,FALSE,TRUE,FALSE,FALSE,,,,,,,,,,,,,,,,,,
109,1,0,2026-03-03,2026-03-08,2026-04-02,2026-03-04,,,,,Etsy-LS,Etsy LS,,,USD,58.75,,61.16,,,0,0.00,,0.00,2.41,,,,,,61.16,,0.00,,,,,,,,,,,,,,,,,,,,,,,10008,10571,10008-2026-0303-000109,,,,,,,,,,,,,,,,,,,,,,,,,,,,,,,,,,,,,,,,,,2026-03-03,AUSTIN-06-CAMEL-7,,,,,,EA,,,,,,,,1,0,,1,,10.00,,10.00,,,,,FALSE,TRUE,FALSE,FALSE,,,,,,,,,,,,,,,,,,
110,1,0,2026-03-04,2026-03-08,2026-04-03,2026-03-05,,,,,JCPenney,JCPenney,,,USD,100.25,,106.12,,,0,0.00,,0.00,5.87,,,,,,106.12,,0.00,,,,,,,,,,,,,,,,,,,,,,,30007,10575,30007-2026-0304-000110,,,,,,,,,,,,,,,,,,,,,,,,,,,,,,,,,,,,,,,,,,2026-03-04,CORA-01-YLW-7,,,,,,EA,,,,,,,,3,0,,3,,10.75,,32.25,,,,,FALSE,TRUE,FALSE,FALSE,,,,,,,,,,,,,,,,,,
110,1,0,2026-03-04,2026-03-08,2026-04-03,2026-03-05,,,,,JCPenney,JCPenney,,,USD,100.25,,106.12,,,0,0.00,,0.00,5.87,,,,,,106.12,,0.00,,,,,,,,,,,,,,,,,,,,,,,30007,10575,30007-2026-0304-000110,,,,,,,,,,,,,,,,,,,,,,,,,,,,,,,,,,,,,,,,,,2026-03-04,FA13512DM-1847DPOCN-31-32,,,,,,EA,,,,,,,,2,0,,2,,34.00,,68.00,,,,,FALSE,TRUE,FALSE,FALSE,,,,,,,,,,,,,,,,,,
111,1,0,2026-03-01,2026-03-05,2026-03-31,2026-03-02,,,,,Veeqo-Amazon,Veeqo Amazon,,,USD,43.00,,53.42,,,0,0.00,,0.00,10.42,,,,,,53.42,,0.00,,,,,,,,,,,,,,,,,,,,,,,10016,10579,10016-2026-0301-000111,,,,,,,,,,,,,,,,,,,,,,,,,,,,,,,,,,,,,,,,,,2026-03-01,CORA-01-TAUP-11,,,,,,EA,,,,,,,,4,0,,4,,10.75,,43.00,,,,,FALSE,TRUE,FALSE,FALSE,,,,,,,,,,,,,,,,,,
112,1,0,2026-03-01,2026-03-05,2026-03-31,2026-03-02,,,,,Macys,Macys,,,USD,63.00,,64.52,,,0,0.00,,0.00,1.52,,,,,,64.52,,0.00,,,,,,,,,,,,,,,,,,,,,,,30005,10574,30005-2026-0301-000112,,,,,,,,,,,,,,,,,,,,,,,,,,,,,,,,,,,,,,,,,,2026-03-01,AUSTIN-06-NUDE-12,,,,,,EA,,,,,,,,4,0,,4,,10.00,,40.00,,,,,FALSE,TRUE,FALSE,FALSE,,,,,,,,,,,,,,,,,,
112,1,0,2026-03-01,2026-03-05,2026-03-31,2026-03-02,,,,,Macys,Macys,,,USD,63.00,,64.52,,,0,0.00,,0.00,1.52,,,,,,64.52,,0.00,,,,,,,,,,,,,,,,,,,,,,,30005,10574,30005-2026-0301-000112,,,,,,,,,,,,,,,,,,,,,,,,,,,,,,,,,,,,,,,,,,2026-03-01,ADELINE-02-BLACK-7,,,,,,EA,,,,,,,,2,0,,2,,11.50,,23.00,,,,,FALSE,TRUE,FALSE,FALSE,,,,,,,,,,,,,,,,,,
113,1,0,2026-03-01,2026-03-03,2026-03-31,2026-03-01,,,,,eBay,eBay,,,USD,74.00,,74.00,,,0,0.00,,0.00,0.00,,,,,,74.00,,0.00,,,,,,,,,,,,,,,,,,,,,,,10004,10570,10004-2026-0301-000113,,,,,,,,,,,,,,,,,,,,,,,,,,,,,,,,,,,,,,,,,,2026-03-01,ADELINE-03-BROWN-12,,,,,,EA,,,,,,,,4,0,,4,,18.50,,74.00,,,,,FALSE,TRUE,FALSE,FALSE,,,,,,,,,,,,,,,,,,
114,1,0,2026-03-02,2026-03-03,2026-04-01,2026-03-04,,,,,AMZ-eCom,AMZ eCom,,,USD,239.00,,251.99,,,0,0.00,,0.00,12.99,,,,,,251.99,,0.00,,,,,,,,,,,,,,,,,,,,,,,10001,10565,10001-2026-0302-000114,,,,,,,,,,,,,,,,,,,,,,,,,,,,,,,,,,,,,,,,,,2026-03-02,173451-1183CITIZEN-21-STD,,,,,,EA,,,,,,,,3,0,,3,,24.00,,72.00,,,,,FALSE,TRUE,FALSE,FALSE,,,,,,,,,,,,,,,,,,
114,1,0,2026-03-02,2026-03-03,2026-04-01,2026-03-04,,,,,AMZ-eCom,AMZ eCom,,,USD,239.00,,251.99,,,0,0.00,,0.00,12.99,,,,,,251.99,,0.00,,,,,,,,,,,,,,,,,,,,,,,10001,10565,10001-2026-0302-000114,,,,,,,,,,,,,,,,,,,,,,,,,,,,,,,,,,,,,,,,,,2026-03-02,AUSTIN-06-NUDE-6.5,,,,,,EA,,,,,,,,2,0,,2,,10.00,,20.00,,,,,FALSE,TRUE,FALSE,FALSE,,,,,,,,,,,,,,,,,,
114,1,0,2026-03-02,2026-03-03,2026-04-01,2026-03-04,,,,,AMZ-eCom,AMZ eCom,,,USD,239.00,,251.99,,,0,0.00,,0.00,12.99,,,,,,251.99,,0.00,,,,,,,,,,,,,,,,,,,,,,,10001,10565,10001-2026-0302-000114,,,,,,,,,,,,,,,,,,,,,,,,,,,,,,,,,,,,,,,,,,2026-03-02,FD9801506P-BLACK-1X-STD,,,,,,EA,,,,,,,,3,0,,3,,49.00,,147.00,,,,,FALSE,TRUE,FALSE,FALSE,,,,,,,,,,,,,,,,,,
115,1,0,2026-03-02,2026-03-05,2026-04-01,2026-03-02,,,,,AMZ-eCom,AMZ eCom,,,USD,48.00,,48.74,,,0,0.00,,0.00,0.74,,,,,,48.74,,0.00,,,,,,,,,,,,,,,,,,,,,,,10001,10565,10001-2026-0302-000115,,,,,,,,,,,,,,,,,,,,,,,,,,,,,,,,,,,,,,,,,,2026-03-02,173451-1183CITIZEN-13-34,,,,,,EA,,,,,,,,2,0,,2,,24.00,,48.00,,,,,FALSE,TRUE,FALSE,FALSE,,,,,,,,,,,,,,,,,,
116,1,0,2026-03-02,2026-03-02,2026-04-01,2026-03-03,,,,,JCPenney,JCPenney,,,USD,389.26,,400.46,,,0,0.00,,0.00,11.20,,,,,,400.46,,0.00,,,,,,,,,,,,,,,,,,,,,,,30007,10575,30007-2026-0302-000116,,,,,,,,,,,,,,,,,,,,,,,,,,,,,,,,,,,,,,,,,,2026-03-02,FA13501DM-1608BLAU2-26-30,,,,,,EA,,,,,,,,1,0,,1,,34.00,,34.00,,,,,FALSE,TRUE,FALSE,FALSE,,,,,,,,,,,,,,,,,,
116,1,0,2026-03-02,2026-03-02,2026-04-01,2026-03-03,,,,,JCPenney,JCPenney,,,USD,389.26,,400.46,,,0,0.00,,0.00,11.20,,,,,,400.46,,0.00,,,,,,,,,,,,,,,,,,,,,,,30007,10575,30007-2026-0302-000116,,,,,,,,,,,,,,,,,,,,,,,,,,,,,,,,,,,,,,,,,,2026-03-02,ASTRID-01-BLACK-S,,,,,,EA,,,,,,,,3,0,,3,,118.42,,355.26,,,,,FALSE,TRUE,FALSE,FALSE,,,,,,,,,,,,,,,,,,
117,1,0,2026-03-03,2026-03-04,2026-04-02,2026-03-03,,,,,Veeqo-Amazon,Veeqo Amazon,,,USD,77.00,,83.14,,,0,0.00,,0.00,6.14,,,,,,83.14,,0.00,,,,,,,,,,,,,,,,,,,,,,,10016,10579,10016-2026-0303-000117,,,,,,,,,,,,,,,,,,,,,,,,,,,,,,,,,,,,,,,,,,2026-03-03,ASTRID-01-BLACK-11,,,,,,EA,,,,,,,,2,0,,2,,20.75,,41.50,,,,,FALSE,TRUE,FALSE,FALSE,,,,,,,,,,,,,,,,,,
117,1,0,2026-03-03,2026-03-04,2026-04-02,2026-03-03,,,,,Veeqo-Amazon,Veeqo Amazon,,,USD,77.00,,83.14,,,0,0.00,,0.00,6.14,,,,,,83.14,,0.00,,,,,,,,,,,,,,,,,,,,,,,10016,10579,10016-2026-0303-000117,,,,,,,,,,,,,,,,,,,,,,,,,,,,,,,,,,,,,,,,,,2026-03-03,CAMILA-06-NUDE-7,,,,,,EA,,,,,,,,3,0,,3,,8.00,,24.00,,,,,FALSE,TRUE,FALSE,FALSE,,,,,,,,,,,,,,,,,,
117,1,0,2026-03-03,2026-03-04,2026-04-02,2026-03-03,,,,,Veeqo-Amazon,Veeqo Amazon,,,USD,77.00,,83.14,,,0,0.00,,0.00,6.14,,,,,,83.14,,0.00,,,,,,,,,,,,,,,,,,,,,,,10016,10579,10016-2026-0303-000117,,,,,,,,,,,,,,,,,,,,,,,,,,,,,,,,,,,,,,,,,,2026-03-03,ADELINE-02-NUDE-6.5,,,,,,EA,,,,,,,,1,0,,1,,11.50,,11.50,,,,,FALSE,TRUE,FALSE,FALSE,,,,,,,,,,,,,,,,,,
118,1,0,2026-03-01,2026-03-03,2026-03-31,2026-03-03,,,,,Mirakl-HudsonsB,Mirakl HudsonsB,,,USD,237.98,,237.98,,,0,0.00,,0.00,0.00,,,,,,237.98,,0.00,,,,,,,,,,,,,,,,,,,,,,,10005,10577,10005-2026-0301-000118,,,,,,,,,,,,,,,,,,,,,,,,,,,,,,,,,,,,,,,,,,2026-03-01,CAMILA-06-TAUPE-6.5,,,,,,EA,,,,,,,,1,0,,1,,8.00,,8.00,,,,,FALSE,TRUE,FALSE,FALSE,,,,,,,,,,,,,,,,,,
118,1,0,2026-03-01,2026-03-03,2026-03-31,2026-03-03,,,,,Mirakl-HudsonsB,Mirakl HudsonsB,,,USD,237.98,,237.98,,,0,0.00,,0.00,0.00,,,,,,237.98,,0.00,,,,,,,,,,,,,,,,,,,,,,,10005,10577,10005-2026-0301-000118,,,,,,,,,,,,,,,,,,,,,,,,,,,,,,,,,,,,,,,,,,2026-03-01,ADELINE-02-BLACK-5.5,,,,,,EA,,,,,,,,4,0,,4,,11.50,,46.00,,,,,FALSE,TRUE,FALSE,FALSE,,,,,,,,,,,,,,,,,,
118,1,0,2026-03-01,2026-03-03,2026-03-31,2026-03-03,,,,,Mirakl-HudsonsB,Mirakl HudsonsB,,,USD,237.98,,237.98,,,0,0.00,,0.00,0.00,,,,,,237.98,,0.00,,,,,,,,,,,,,,,,,,,,,,,10005,10577,10005-2026-0301-000118,,,,,,,,,,,,,,,,,,,,,,,,,,,,,,,,,,,,,,,,,,2026-03-01,AVIANA-06-PINK-S,,,,,,EA,,,,,,,,2,0,,2,,91.99,,183.98,,,,,FALSE,TRUE,FALSE,FALSE,,,,,,,,,,,,,,,,,,
119,1,0,2026-03-03,2026-03-06,2026-04-02,2026-03-03,,,,,Veeqo-Amazon,Veeqo Amazon,,,USD,59.50,,71.07,,,0,0.00,,0.00,11.57,,,,,,71.07,,0.00,,,,,,,,,,,,,,,,,,,,,,,10016,10579,10016-2026-0303-000119,,,,,,,,,,,,,,,,,,,,,,,,,,,,,,,,,,,,,,,,,,2026-03-03,CORA-01-CAME-12,,,,,,EA,,,,,,,,1,0,,1,,10.75,,10.75,,,,,FALSE,TRUE,FALSE,FALSE,,,,,,,,,,,,,,,,,,
119,1,0,2026-03-03,2026-03-06,2026-04-02,2026-03-03,,,,,Veeqo-Amazon,Veeqo Amazon,,,USD,59.50,,71.07,,,0,0.00,,0.00,11.57,,,,,,71.07,,0.00,,,,,,,,,,,,,,,,,,,,,,,10016,10579,10016-2026-0303-000119,,,,,,,,,,,,,,,,,,,,,,,,,,,,,,,,,,,,,,,,,,2026-03-03,AVIANA-06-PINK-6,,,,,,EA,,,,,,,,3,0,,3,,16.25,,48.75,,,,,FALSE,TRUE,FALSE,FALSE,,,,,,,,,,,,,,,,,,
120,1,0,2026-03-02,2026-03-07,2026-04-01,2026-03-04,,,,,AMZ-eCom,AMZ eCom,,,USD,261.00,,261.00,,,0,0.00,,0.00,0.00,,,,,,261.00,,0.00,,,,,,,,,,,,,,,,,,,,,,,10001,10565,10001-2026-0302-000120,,,,,,,,,,,,,,,,,,,,,,,,,,,,,,,,,,,,,,,,,,2026-03-02,FA16023WV-MIDNIGHTBLUE-S-STD,,,,,,EA,,,,,,,,1,0,,1,,39.00,,39.00,,,,,FALSE,TRUE,FALSE,FALSE,,,,,,,,,,,,,,,,,,
120,1,0,2026-03-02,2026-03-07,2026-04-01,2026-03-04,,,,,AMZ-eCom,AMZ eCom,,,USD,261.00,,261.00,,,0,0.00,,0.00,0.00,,,,,,261.00,,0.00,,,,,,,,,,,,,,,,,,,,,,,10001,10565,10001-2026-0302-000120,,,,,,,,,,,,,,,,,,,,,,,,,,,,,,,,,,,,,,,,,,2026-03-02,ADELINE-03-BLUE-B12,,,,,,EA,,,,,,,,1,0,,1,,222.00,,222.00,,,,,FALSE,TRUE,FALSE,FALSE,,,,,,,,,,,,,,,,,,
121,1,0,2026-03-01,2026-03-01,2026-03-31,2026-03-03,,,,,Etsy-VS,Etsy VS,,,USD,75.25,,75.25,,,0,0.00,,0.00,0.00,,,,,,75.25,,0.00,,,,,,,,,,,,,,,,,,,,,,,10008,10572,10008-2026-0301-000121,,,,,,,,,,,,,,,,,,,,,,,,,,,,,,,,,,,,,,,,,,2026-03-01,ASTRID-01-BLACK-8.5,,,,,,EA,,,,,,,,1,0,,1,,20.75,,20.75,,,,,FALSE,TRUE,FALSE,FALSE,,,,,,,,,,,,,,,,,,
121,1,0,2026-03-01,2026-03-01,2026-03-31,2026-03-03,,,,,Etsy-VS,Etsy VS,,,USD,75.25,,75.25,,,0,0.00,,0.00,0.00,,,,,,75.25,,0.00,,,,,,,,,,,,,,,,,,,,,,,10008,10572,10008-2026-0301-000121,,,,,,,,,,,,,,,,,,,,,,,,,,,,,,,,,,,,,,,,,,2026-03-01,AUSTIN-06-BLACK-8,,,,,,EA,,,,,,,,2,0,,2,,10.00,,20.00,,,,,FALSE,TRUE,FALSE,FALSE,,,,,,,,,,,,,,,,,,
121,1,0,2026-03-01,2026-03-01,2026-03-31,2026-03-03,,,,,Etsy-VS,Etsy VS,,,USD,75.25,,75.25,,,0,0.00,,0.00,0.00,,,,,,75.25,,0.00,,,,,,,,,,,,,,,,,,,,,,,10008,10572,10008-2026-0301-000121,,,,,,,,,,,,,,,,,,,,,,,,,,,,,,,,,,,,,,,,,,2026-03-01,ADELINE-02-NUDE-9.5,,,,,,EA,,,,,,,,3,0,,3,,11.50,,34.50,,,,,FALSE,TRUE,FALSE,FALSE,,,,,,,,,,,,,,,,,,
122,1,0,2026-03-04,2026-03-07,2026-04-03,2026-03-06,,,,,eBay,eBay,,,USD,51.00,,56.23,,,0,0.00,,0.00,5.23,,,,,,56.23,,0.00,,,,,,,,,,,,,,,,,,,,,,,10004,10570,10004-2026-0304-000122,,,,,,,,,,,,,,,,,,,,,,,,,,,,,,,,,,,,,,,,,,2026-03-04,CORA-01-TAUP-6,,,,,,EA,,,,,,,,4,0,,4,,10.75,,43.00,,,,,FALSE,TRUE,FALSE,FALSE,,,,,,,,,,,,,,,,,,
122,1,0,2026-03-04,2026-03-07,2026-04-03,2026-03-06,,,,,eBay,eBay,,,USD,51.00,,56.23,,,0,0.00,,0.00,5.23,,,,,,56.23,,0.00,,,,,,,,,,,,,,,,,,,,,,,10004,10570,10004-2026-0304-000122,,,,,,,,,,,,,,,,,,,,,,,,,,,,,,,,,,,,,,,,,,2026-03-04,CAMILA-06-BLACK-5,,,,,,EA,,,,,,,,1,0,,1,,8.00,,8.00,,,,,FALSE,TRUE,FALSE,FALSE,,,,,,,,,,,,,,,,,,
123,1,0,2026-03-04,2026-03-09,2026-04-03,2026-03-05,,,,,Etsy-LS,Etsy LS,,,USD,315.00,,325.90,,,0,0.00,,0.00,10.90,,,,,,325.90,,0.00,,,,,,,,,,,,,,,,,,,,,,,10008,10571,10008-2026-0304-000123,,,,,,,,,,,,,,,,,,,,,,,,,,,,,,,,,,,,,,,,,,2026-03-04,F13031C-1742VNTGCO-30-STD,,,,,,EA,,,,,,,,1,0,,1,,34.00,,34.00,,,,,FALSE,TRUE,FALSE,FALSE,,,,,,,,,,,,,,,,,,
123,1,0,2026-03-04,2026-03-09,2026-04-03,2026-03-05,,,,,Etsy-LS,Etsy LS,,,USD,315.00,,325.90,,,0,0.00,,0.00,10.90,,,,,,325.90,,0.00,,,,,,,,,,,,,,,,,,,,,,,10008,10571,10008-2026-0304-000123,,,,,,,,,,,,,,,,,,,,,,,,,,,,,,,,,,,,,,,,,,2026-03-04,CORA-01-LEOP-S,,,,,,EA,,,,,,,,2,0,,2,,129.00,,258.00,,,,,FALSE,TRUE,FALSE,FALSE,,,,,,,,,,,,,,,,,,
123,1,0,2026-03-04,2026-03-09,2026-04-03,2026-03-05,,,,,Etsy-LS,Etsy LS,,,USD,315.00,,325.90,,,0,0.00,,0.00,10.90,,,,,,325.90,,0.00,,,,,,,,,,,,,,,,,,,,,,,10008,10571,10008-2026-0304-000123,,,,,,,,,,,,,,,,,,,,,,,,,,,,,,,,,,,,,,,,,,2026-03-04,ADELINE-02-WHITE-10,,,,,,EA,,,,,,,,2,0,,2,,11.50,,23.00,,,,,FALSE,TRUE,FALSE,FALSE,,,,,,,,,,,,,,,,,,
124,1,0,2026-03-02,2026-03-03,2026-04-01,2026-03-04,,,,,Veeqo-Amazon,Veeqo Amazon,,,USD,40.00,,46.54,,,0,0.00,,0.00,6.54,,,,,,46.54,,0.00,,,,,,,,,,,,,,,,,,,,,,,10016,10579,10016-2026-0302-000124,,,,,,,,,,,,,,,,,,,,,,,,,,,,,,,,,,,,,,,,,,2026-03-02,AUSTIN-06-BLACK-6.5,,,,,,EA,,,,,,,,4,0,,4,,10.00,,40.00,,,,,FALSE,TRUE,FALSE,FALSE,,,,,,,,,,,,,,,,,,
125,1,0,2026-03-02,2026-03-06,2026-04-01,2026-03-02,,,,,Etsy-LS,Etsy LS,,,USD,46.00,,59.94,,,0,0.00,,0.00,13.94,,,,,,59.94,,0.00,,,,,,,,,,,,,,,,,,,,,,,10008,10571,10008-2026-0302-000125,,,,,,,,,,,,,,,,,,,,,,,,,,,,,,,,,,,,,,,,,,2026-03-02,ADELINE-02-PINK-5.5,,,,,,EA,,,,,,,,4,0,,4,,11.50,,46.00,,,,,FALSE,TRUE,FALSE,FALSE,,,,,,,,,,,,,,,,,,
126,1,0,2026-03-01,2026-03-02,2026-03-31,2026-03-03,,,,,Veeqo-Amazon,Veeqo Amazon,,,USD,41.50,,54.00,,,0,0.00,,0.00,12.50,,,,,,54.00,,0.00,,,,,,,,,,,,,,,,,,,,,,,10016,10579,10016-2026-0301-000126,,,,,,,,,,,,,,,,,,,,,,,,,,,,,,,,,,,,,,,,,,2026-03-01,ASTRID-01-NUDE-8.5,,,,,,EA,,,,,,,,2,0,,2,,20.75,,41.50,,,,,FALSE,TRUE,FALSE,FALSE,,,,,,,,,,,,,,,,,,
127,1,0,2026-03-04,2026-03-04,2026-04-03,2026-03-06,,,,,Etsy-VS,Etsy VS,,,USD,45.50,,53.27,,,0,0.00,,0.00,7.77,,,,,,53.27,,0.00,,,,,,,,,,,,,,,,,,,,,,,10008,10572,10008-2026-0304-000127,,,,,,,,,,,,,,,,,,,,,,,,,,,,,,,,,,,,,,,,,,2026-03-04,ADELINE-02-PINK-7.5,,,,,,EA,,,,,,,,1,0,,1,,11.50,,11.50,,,,,FALSE,TRUE,FALSE,FALSE,,,,,,,,,,,,,,,,,,
127,1,0,2026-03-04,2026-03-04,2026-04-03,2026-03-06,,,,,Etsy-VS,Etsy VS,,,USD,45.50,,53.27,,,0,0.00,,0.00,7.77,,,,,,53.27,,0.00,,,,,,,,,,,,,,,,,,,,,,,10008,10572,10008-2026-0304-000127,,,,,,,,,,,,,,,,,,,,,,,,,,,,,,,,,,,,,,,,,,2026-03-04,FA13512DM-1847DPOCN-29-30,,,,,,EA,,,,,,,,1,0,,1,,34.00,,34.00,,,,,FALSE,TRUE,FALSE,FALSE,,,,,,,,,,,,,,,,,,
128,1,0,2026-03-02,2026-03-03,2026-04-01,2026-03-03,,,,,Mirakl-HudsonsB,Mirakl HudsonsB,,,USD,360.00,,369.81,,,0,0.00,,0.00,9.81,,,,,,369.81,,0.00,,,,,,,,,,,,,,,,,,,,,,,10005,10577,10005-2026-0302-000128,,,,,,,,,,,,,,,,,,,,,,,,,,,,,,,,,,,,,,,,,,2026-03-02,AUSTIN-06-NUDE-B12,,,,,,EA,,,,,,,,3,0,,3,,120.00,,360.00,,,,,FALSE,TRUE,FALSE,FALSE,,,,,,,,,,,,,,,,,,
129,1,0,2026-03-02,2026-03-02,2026-04-01,2026-03-03,,,,,Mirakl-Kohls,Mirakl Kohls,,,USD,396.00,,412.21,,,0,0.00,,0.00,16.21,,,,,,412.21,,0.00,,,,,,,,,,,,,,,,,,,,,,,10013,10576,10013-2026-0302-000129,,,,,,,,,,,,,,,,,,,,,,,,,,,,,,,,,,,,,,,,,,2026-03-02,ADELINE-02-BLACK-S,,,,,,EA,,,,,,,,2,0,,2,,138.00,,276.00,,,,,FALSE,TRUE,FALSE,FALSE,,,,,,,,,,,,,,,,,,
129,1,0,2026-03-02,2026-03-02,2026-04-01,2026-03-03,,,,,Mirakl-Kohls,Mirakl Kohls,,,USD,396.00,,412.21,,,0,0.00,,0.00,16.21,,,,,,412.21,,0.00,,,,,,,,,,,,,,,,,,,,,,,10013,10576,10013-2026-0302-000129,,,,,,,,,,,,,,,,,,,,,,,,,,,,,,,,,,,,,,,,,,2026-03-02,AUSTIN-06-WHITE-A12,,,,,,EA,,,,,,,,1,0,,1,,120.00,,120.00,,,,,FALSE,TRUE,FALSE,FALSE,,,,,,,,,,,,,,,,,,
130,1,0,2026-03-03,2026-03-04,2026-04-02,2026-03-05,,,,,Mirakl-Kohls,Mirakl Kohls,,,USD,323.00,,332.78,,,0,0.00,,0.00,9.78,,,,,,332.78,,0.00,,,,,,,,,,,,,,,,,,,,,,,10013,10576,10013-2026-0303-000130,,,,,,,,,,,,,,,,,,,,,,,,,,,,,,,,,,,,,,,,,,2026-03-03,AVIANA-06-WHITE-11,,,,,,EA,,,,,,,,4,0,,4,,16.25,,65.00,,,,,FALSE,TRUE,FALSE,FALSE,,,,,,,,,,,,,,,,,,
130,1,0,2026-03-03,2026-03-04,2026-04-02,2026-03-05,,,,,Mirakl-Kohls,Mirakl Kohls,,,USD,323.00,,332.78,,,0,0.00,,0.00,9.78,,,,,,332.78,,0.00,,,,,,,,,,,,,,,,,,,,,,,10013,10576,10013-2026-0303-000130,,,,,,,,,,,,,,,,,,,,,,,,,,,,,,,,,,,,,,,,,,2026-03-03,CORA-01-FUCH-B12,,,,,,EA,,,,,,,,2,0,,2,,129.00,,258.00,,,,,FALSE,TRUE,FALSE,FALSE,,,,,,,,,,,,,,,,,,
131,1,0,2026-03-04,2026-03-05,2026-04-03,2026-03-06,,,,,Squarespace,Squarespace,,,USD,145.25,,145.65,,,0,0.00,,0.00,0.40,,,,,,145.65,,0.00,,,,,,,,,,,,,,,,,,,,,,,20006,10582,20006-2026-0304-000131,,,,,,,,,,,,,,,,,,,,,,,,,,,,,,,,,,,,,,,,,,2026-03-04,ASTRID-01-BLACK-8,,,,,,EA,,,,,,,,3,0,,3,,20.75,,62.25,,,,,FALSE,TRUE,FALSE,FALSE,,,,,,,,,,,,,,,,,,
131,1,0,2026-03-04,2026-03-05,2026-04-03,2026-03-06,,,,,Squarespace,Squarespace,,,USD,145.25,,145.65,,,0,0.00,,0.00,0.40,,,,,,145.65,,0.00,,,,,,,,,,,,,,,,,,,,,,,20006,10582,20006-2026-0304-000131,,,,,,,,,,,,,,,,,,,,,,,,,,,,,,,,,,,,,,,,,,2026-03-04,ASTRID-01-BLACK-5.5,,,,,,EA,,,,,,,,4,0,,4,,20.75,,83.00,,,,,FALSE,TRUE,FALSE,FALSE,,,,,,,,,,,,,,,,,,
132,1,0,2026-03-01,2026-03-03,2026-03-31,2026-03-01,,,,,AMZ-eCom,AMZ eCom,,,USD,48.75,,53.84,,,0,0.00,,0.00,5.09,,,,,,53.84,,0.00,,,,,,,,,,,,,,,,,,,,,,,10001,10565,10001-2026-0301-000132,,,,,,,,,,,,,,,,,,,,,,,,,,,,,,,,,,,,,,,,,,2026-03-01,AVIANA-06-WHITE-10,,,,,,EA,,,,,,,,3,0,,3,,16.25,,48.75,,,,,FALSE,TRUE,FALSE,FALSE,,,,,,,,,,,,,,,,,,
133,1,0,2026-03-04,2026-03-05,2026-04-03,2026-03-06,,,,,Mirakl-Kohls,Mirakl Kohls,,,USD,426.31,,434.69,,,0,0.00,,0.00,8.38,,,,,,434.69,,0.00,,,,,,,,,,,,,,,,,,,,,,,10013,10576,10013-2026-0304-000133,,,,,,,,,,,,,,,,,,,,,,,,,,,,,,,,,,,,,,,,,,2026-03-04,FA13512DM-1847DPOCN-30-30,,,,,,EA,,,,,,,,4,0,,4,,34.00,,136.00,,,,,FALSE,TRUE,FALSE,FALSE,,,,,,,,,,,,,,,,,,
133,1,0,2026-03-04,2026-03-05,2026-04-03,2026-03-06,,,,,Mirakl-Kohls,Mirakl Kohls,,,USD,426.31,,434.69,,,0,0.00,,0.00,8.38,,,,,,434.69,,0.00,,,,,,,,,,,,,,,,,,,,,,,10013,10576,10013-2026-0304-000133,,,,,,,,,,,,,,,,,,,,,,,,,,,,,,,,,,,,,,,,,,2026-03-04,AVIANA-06-BEIGE-A12,,,,,,EA,,,,,,,,3,0,,3,,56.77,,170.31,,,,,FALSE,TRUE,FALSE,FALSE,,,,,,,,,,,,,,,,,,
133,1,0,2026-03-04,2026-03-05,2026-04-03,2026-03-06,,,,,Mirakl-Kohls,Mirakl Kohls,,,USD,426.31,,434.69,,,0,0.00,,0.00,8.38,,,,,,434.69,,0.00,,,,,,,,,,,,,,,,,,,,,,,10013,10576,10013-2026-0304-000133,,,,,,,,,,,,,,,,,,,,,,,,,,,,,,,,,,,,,,,,,,2026-03-04,AUSTIN-06-WHITE-B12,,,,,,EA,,,,,,,,1,0,,1,,120.00,,120.00,,,,,FALSE,TRUE,FALSE,FALSE,,,,,,,,,,,,,,,,,,
134,1,0,2026-03-04,2026-03-06,2026-04-03,2026-03-05,,,,,Walmart-eComm,Walmart eComm,,,USD,90.00,,106.40,,,0,0.00,,0.00,16.40,,,,,,106.40,,0.00,,,,,,,,,,,,,,,,,,,,,,,10002,10566,10002-2026-0304-000134,,,,,,,,,,,,,,,,,,,,,,,,,,,,,,,,,,,,,,,,,,2026-03-04,ADELINE-03-BROWN-10,,,,,,EA,,,,,,,,2,0,,2,,18.50,,37.00,,,,,FALSE,TRUE,FALSE,FALSE,,,,,,,,,,,,,,,,,,
134,1,0,2026-03-04,2026-03-06,2026-04-03,2026-03-05,,,,,Walmart-eComm,Walmart eComm,,,USD,90.00,,106.40,,,0,0.00,,0.00,16.40,,,,,,106.40,,0.00,,,,,,,,,,,,,,,,,,,,,,,10002,10566,10002-2026-0304-000134,,,,,,,,,,,,,,,,,,,,,,,,,,,,,,,,,,,,,,,,,,2026-03-04,ASTRID-01-BLACK-6,,,,,,EA,,,,,,,,2,0,,2,,20.75,,41.50,,,,,FALSE,TRUE,FALSE,FALSE,,,,,,,,,,,,,,,,,,
134,1,0,2026-03-04,2026-03-06,2026-04-03,2026-03-05,,,,,Walmart-eComm,Walmart eComm,,,USD,90.00,,106.40,,,0,0.00,,0.00,16.40,,,,,,106.40,,0.00,,,,,,,,,,,,,,,,,,,,,,,10002,10566,10002-2026-0304-000134,,,,,,,,,,,,,,,,,,,,,,,,,,,,,,,,,,,,,,,,,,2026-03-04,ADELINE-02-CAMEL-5,,,,,,EA,,,,,,,,1,0,,1,,11.50,,11.50,,,,,FALSE,TRUE,FALSE,FALSE,,,,,,,,,,,,,,,,,,
135,1,0,2026-03-04,2026-03-09,2026-04-03,2026-03-05,,,,,Macys,Macys,,,USD,90.00,,105.35,,,0,0.00,,0.00,15.35,,,,,,105.35,,0.00,,,,,,,,,,,,,,,,,,,,,,,30005,10574,30005-2026-0304-000135,,,,,,,,,,,,,,,,,,,,,,,,,,,,,,,,,,,,,,,,,,2026-03-04,ADELINE-03-TAUPE-10,,,,,,EA,,,,,,,,1,0,,1,,18.50,,18.50,,,,,FALSE,TRUE,FALSE,FALSE,,,,,,,,,,,,,,,,,,
135,1,0,2026-03-04,2026-03-09,2026-04-03,2026-03-05,,,,,Macys,Macys,,,USD,90.00,,105.35,,,0,0.00,,0.00,15.35,,,,,,105.35,,0.00,,,,,,,,,,,,,,,,,,,,,,,30005,10574,30005-2026-0304-000135,,,,,,,,,,,,,,,,,,,,,,,,,,,,,,,,,,,,,,,,,,2026-03-04,ASTRID-01-NUDE-9.5,,,,,,EA,,,,,,,,2,0,,2,,20.75,,41.50,,,,,FALSE,TRUE,FALSE,FALSE,,,,,,,,,,,,,,,,,,
135,1,0,2026-03-04,2026-03-09,2026-04-03,2026-03-05,,,,,Macys,Macys,,,USD,90.00,,105.35,,,0,0.00,,0.00,15.35,,,,,,105.35,,0.00,,,,,,,,,,,,,,,,,,,,,,,30005,10574,30005-2026-0304-000135,,,,,,,,,,,,,,,,,,,,,,,,,,,,,,,,,,,,,,,,,,2026-03-04,AUSTIN-06-BLUSH-9,,,,,,EA,,,,,,,,3,0,,3,,10.00,,30.00,,,,,FALSE,TRUE,FALSE,FALSE,,,,,,,,,,,,,,,,,,
136,1,0,2026-03-03,2026-03-06,2026-04-02,2026-03-04,,,,,Veeqo-Amazon,Veeqo Amazon,,,USD,319.50,,333.74,,,0,0.00,,0.00,14.24,,,,,,333.74,,0.00,,,,,,,,,,,,,,,,,,,,,,,10016,10579,10016-2026-0303-000136,,,,,,,,,,,,,,,,,,,,,,,,,,,,,,,,,,,,,,,,,,2026-03-03,AVIANA-06-BLACK-6.5,,,,,,EA,,,,,,,,2,0,,2,,16.25,,32.50,,,,,FALSE,TRUE,FALSE,FALSE,,,,,,,,,,,,,,,,,,
136,1,0,2026-03-03,2026-03-06,2026-04-02,2026-03-04,,,,,Veeqo-Amazon,Veeqo Amazon,,,USD,319.50,,333.74,,,0,0.00,,0.00,14.24,,,,,,333.74,,0.00,,,,,,,,,,,,,,,,,,,,,,,10016,10579,10016-2026-0303-000136,,,,,,,,,,,,,,,,,,,,,,,,,,,,,,,,,,,,,,,,,,2026-03-03,ADELINE-03-BLACK-A12,,,,,,EA,,,,,,,,1,0,,1,,222.00,,222.00,,,,,FALSE,TRUE,FALSE,FALSE,,,,,,,,,,,,,,,,,,
136,1,0,2026-03-03,2026-03-06,2026-04-02,2026-03-04,,,,,Veeqo-Amazon,Veeqo Amazon,,,USD,319.50,,333.74,,,0,0.00,,0.00,14.24,,,,,,333.74,,0.00,,,,,,,,,,,,,,,,,,,,,,,10016,10579,10016-2026-0303-000136,,,,,,,,,,,,,,,,,,,,,,,,,,,,,,,,,,,,,,,,,,2026-03-03,AVIANA-06-WHITE-12,,,,,,EA,,,,,,,,4,0,,4,,16.25,,65.00,,,,,FALSE,TRUE,FALSE,FALSE,,,,,,,,,,,,,,,,,,
137,1,0,2026-03-02,2026-03-03,2026-04-01,2026-03-03,,,,,Etsy-LS,Etsy LS,,,USD,43.00,,55.10,,,0,0.00,,0.00,12.10,,,,,,55.10,,0.00,,,,,,,,,,,,,,,,,,,,,,,10008,10571,10008-2026-0302-000137,,,,,,,,,,,,,,,,,,,,,,,,,,,,,,,,,,,,,,,,,,2026-03-02,CORA-01-TAUP-7,,,,,,EA,,,,,,,,4,0,,4,,10.75,,43.00,,,,,FALSE,TRUE,FALSE,FALSE,,,,,,,,,,,,,,,,,,
138,1,0,2026-03-01,2026-03-02,2026-03-31,2026-03-03,,,,,Walmart-eComm,Walmart eComm,,,USD,117.00,,117.00,,,0,0.00,,0.00,0.00,,,,,,117.00,,0.00,,,,,,,,,,,,,,,,,,,,,,,10002,10566,10002-2026-0301-000138,,,,,,,,,,,,,,,,,,,,,,,,,,,,,,,,,,,,,,,,,,2026-03-01,F13031C-1742VNTGCO-25-STD,,,,,,EA,,,,,,,,1,0,,1,,34.00,,34.00,,,,,FALSE,TRUE,FALSE,FALSE,,,,,,,,,,,,,,,,,,
138,1,0,2026-03-01,2026-03-02,2026-03-31,2026-03-03,,,,,Walmart-eComm,Walmart eComm,,,USD,117.00,,117.00,,,0,0.00,,0.00,0.00,,,,,,117.00,,0.00,,,,,,,,,,,,,,,,,,,,,,,10002,10566,10002-2026-0301-000138,,,,,,,,,,,,,,,,,,,,,,,,,,,,,,,,,,,,,,,,,,2026-03-01,FA16023WV-SMOKELEOPARD-M-STD,,,,,,EA,,,,,,,,1,0,,1,,40.00,,40.00,,,,,FALSE,TRUE,FALSE,FALSE,,,,,,,,,,,,,,,,,,
138,1,0,2026-03-01,2026-03-02,2026-03-31,2026-03-03,,,,,Walmart-eComm,Walmart eComm,,,USD,117.00,,117.00,,,0,0.00,,0.00,0.00,,,,,,117.00,,0.00,,,,,,,,,,,,,,,,,,,,,,,10002,10566,10002-2026-0301-000138,,,,,,,,,,,,,,,,,,,,,,,,,,,,,,,,,,,,,,,,,,2026-03-01,CORA-01-LEOP-9.5,,,,,,EA,,,,,,,,4,0,,4,,10.75,,43.00,,,,,FALSE,TRUE,FALSE,FALSE,,,,,,,,,,,,,,,,,,
139,1,0,2026-03-03,2026-03-06,2026-04-02,2026-03-04,,,,,Squarespace,Squarespace,,,USD,332.00,,349.13,,,0,0.00,,0.00,17.13,,,,,,349.13,,0.00,,,,,,,,,,,,,,,,,,,,,,,20006,10582,20006-2026-0303-000139,,,,,,,,,,,,,,,,,,,,,,,,,,,,,,,,,,,,,,,,,,2026-03-03,ADELINE-03-GOLD-10,,,,,,EA,,,,,,,,4,0,,4,,18.50,,74.00,,,,,FALSE,TRUE,FALSE,FALSE,,,,,,,,,,,,,,,,,,
139,1,0,2026-03-03,2026-03-06,2026-04-02,2026-03-04,,,,,Squarespace,Squarespace,,,USD,332.00,,349.13,,,0,0.00,,0.00,17.13,,,,,,349.13,,0.00,,,,,,,,,,,,,,,,,,,,,,,20006,10582,20006-2026-0303-000139,,,,,,,,,,,,,,,,,,,,,,,,,,,,,,,,,,,,,,,,,,2026-03-03,CORA-01-TAUP-B12,,,,,,EA,,,,,,,,2,0,,2,,129.00,,258.00,,,,,FALSE,TRUE,FALSE,FALSE,,,,,,,,,,,,,,,,,,
140,1,0,2026-03-02,2026-03-06,2026-04-01,2026-03-03,,,,,AMZ-eCom,AMZ eCom,,,USD,66.24,,66.91,,,0,0.00,,0.00,0.67,,,,,,66.91,,0.00,,,,,,,,,,,,,,,,,,,,,,,10001,10565,10001-2026-0302-000140,,,,,,,,,,,,,,,,,,,,,,,,,,,,,,,,,,,,,,,,,,2026-03-02,AUSTIN-06-CAMEL-9,,,,,,EA,,,,,,,,1,0,,1,,10.00,,10.00,,,,,FALSE,TRUE,FALSE,FALSE,,,,,,,,,,,,,,,,,,
140,1,0,2026-03-02,2026-03-06,2026-04-01,2026-03-03,,,,,AMZ-eCom,AMZ eCom,,,USD,66.24,,66.91,,,0,0.00,,0.00,0.67,,,,,,66.91,,0.00,,,,,,,,,,,,,,,,,,,,,,,10001,10565,10001-2026-0302-000140,,,,,,,,,,,,,,,,,,,,,,,,,,,,,,,,,,,,,,,,,,2026-03-02,ASTRID-01-NUDE-S,,,,,,EA,,,,,,,,1,0,,1,,44.74,,44.74,,,,,FALSE,TRUE,FALSE,FALSE,,,,,,,,,,,,,,,,,,
140,1,0,2026-03-02,2026-03-06,2026-04-01,2026-03-03,,,,,AMZ-eCom,AMZ eCom,,,USD,66.24,,66.91,,,0,0.00,,0.00,0.67,,,,,,66.91,,0.00,,,,,,,,,,,,,,,,,,,,,,,10001,10565,10001-2026-0302-000140,,,,,,,,,,,,,,,,,,,,,,,,,,,,,,,,,,,,,,,,,,2026-03-02,ADELINE-02-NUDE-7.5,,,,,,EA,,,,,,,,1,0,,1,,11.50,,11.50,,,,,FALSE,TRUE,FALSE,FALSE,,,,,,,,,,,,,,,,,,
141,1,0,2026-03-02,2026-03-07,2026-04-01,2026-03-03,,,,,Etsy-LS,Etsy LS,,,USD,83.25,,97.78,,,0,0.00,,0.00,14.53,,,,,,97.78,,0.00,,,,,,,,,,,,,,,,,,,,,,,10008,10571,10008-2026-0302-000141,,,,,,,,,,,,,,,,,,,,,,,,,,,,,,,,,,,,,,,,,,2026-03-02,ADELINE-02-PINK-9,,,,,,EA,,,,,,,,3,0,,3,,11.50,,34.50,,,,,FALSE,TRUE,FALSE,FALSE,,,,,,,,,,,,,,,,,,
141,1,0,2026-03-02,2026-03-07,2026-04-01,2026-03-03,,,,,Etsy-LS,Etsy LS,,,USD,83.25,,97.78,,,0,0.00,,0.00,14.53,,,,,,97.78,,0.00,,,,,,,,,,,,,,,,,,,,,,,10008,10571,10008-2026-0302-000141,,,,,,,,,,,,,,,,,,,,,,,,,,,,,,,,,,,,,,,,,,2026-03-02,AVIANA-06-PINK-8.5,,,,,,EA,,,,,,,,2,0,,2,,16.25,,32.50,,,,,FALSE,TRUE,FALSE,FALSE,,,,,,,,,,,,,,,,,,
141,1,0,2026-03-02,2026-03-07,2026-04-01,2026-03-03,,,,,Etsy-LS,Etsy LS,,,USD,83.25,,97.78,,,0,0.00,,0.00,14.53,,,,,,97.78,,0.00,,,,,,,,,,,,,,,,,,,,,,,10008,10571,10008-2026-0302-000141,,,,,,,,,,,,,,,,,,,,,,,,,,,,,,,,,,,,,,,,,,2026-03-02,AVIANA-06-BEIGE-9,,,,,,EA,,,,,,,,1,0,,1,,16.25,,16.25,,,,,FALSE,TRUE,FALSE,FALSE,,,,,,,,,,,,,,,,,,
142,1,0,2026-03-04,2026-03-06,2026-04-03,2026-03-05,,,,,AMZ-eCom,AMZ eCom,,,USD,95.00,,111.91,,,0,0.00,,0.00,16.91,,,,,,111.91,,0.00,,,,,,,,,,,,,,,,,,,,,,,10001,10565,10001-2026-0304-000142,,,,,,,,,,,,,,,,,,,,,,,,,,,,,,,,,,,,,,,,,,2026-03-04,ADELINE-02-PINK-8.5,,,,,,EA,,,,,,,,2,0,,2,,11.50,,23.00,,,,,FALSE,TRUE,FALSE,FALSE,,,,,,,,,,,,,,,,,,
142,1,0,2026-03-04,2026-03-06,2026-04-03,2026-03-05,,,,,AMZ-eCom,AMZ eCom,,,USD,95.00,,111.91,,,0,0.00,,0.00,16.91,,,,,,111.91,,0.00,,,,,,,,,,,,,,,,,,,,,,,10001,10565,10001-2026-0304-000142,,,,,,,,,,,,,,,,,,,,,,,,,,,,,,,,,,,,,,,,,,2026-03-04,173451-1183CITIZEN-1-STD,,,,,,EA,,,,,,,,3,0,,3,,24.00,,72.00,,,,,FALSE,TRUE,FALSE,FALSE,,,,,,,,,,,,,,,,,,
143,1,0,2026-03-04,2026-03-04,2026-04-03,2026-03-04,,,,,Macys,Macys,,,USD,166.75,,171.43,,,0,0.00,,0.00,4.68,,,,,,171.43,,0.00,,,,,,,,,,,,,,,,,,,,,,,30005,10574,30005-2026-0304-000143,,,,,,,,,,,,,,,,,,,,,,,,,,,,,,,,,,,,,,,,,,2026-03-04,CORA-01-FUCH-6,,,,,,EA,,,,,,,,3,0,,3,,10.75,,32.25,,,,,FALSE,TRUE,FALSE,FALSE,,,,,,,,,,,,,,,,,,
143,1,0,2026-03-04,2026-03-04,2026-04-03,2026-03-04,,,,,Macys,Macys,,,USD,166.75,,171.43,,,0,0.00,,0.00,4.68,,,,,,171.43,,0.00,,,,,,,,,,,,,,,,,,,,,,,30005,10574,30005-2026-0304-000143,,,,,,,,,,,,,,,,,,,,,,,,,,,,,,,,,,,,,,,,,,2026-03-04,AVIANA-06-PINK-12,,,,,,EA,,,,,,,,2,0,,2,,16.25,,32.50,,,,,FALSE,TRUE,FALSE,FALSE,,,,,,,,,,,,,,,,,,
143,1,0,2026-03-04,2026-03-04,2026-04-03,2026-03-04,,,,,Macys,Macys,,,USD,166.75,,171.43,,,0,0.00,,0.00,4.68,,,,,,171.43,,0.00,,,,,,,,,,,,,,,,,,,,,,,30005,10574,30005-2026-0304-000143,,,,,,,,,,,,,,,,,,,,,,,,,,,,,,,,,,,,,,,,,,2026-03-04,F13031C-1742VNTGDM-26-STD,,,,,,EA,,,,,,,,3,0,,3,,34.00,,102.00,,,,,FALSE,TRUE,FALSE,FALSE,,,,,,,,,,,,,,,,,,
144,1,0,2026-03-01,2026-03-03,2026-03-31,2026-03-03,,,,,Shopify,Shopify,,,USD,68.25,,72.04,,,0,0.00,,0.00,3.79,,,,,,72.04,,0.00,,,,,,,,,,,,,,,,,,,,,,,20001,10580,20001-2026-0301-000144,,,,,,,,,,,,,,,,,,,,,,,,,,,,,,,,,,,,,,,,,,2026-03-01,CAMILA-06-LILAC-10,,,,,,EA,,,,,,,,2,0,,2,,8.00,,16.00,,,,,FALSE,TRUE,FALSE,FALSE,,,,,,,,,,,,,,,,,,
144,1,0,2026-03-01,2026-03-03,2026-03-31,2026-03-03,,,,,Shopify,Shopify,,,USD,68.25,,72.04,,,0,0.00,,0.00,3.79,,,,,,72.04,,0.00,,,,,,,,,,,,,,,,,,,,,,,20001,10580,20001-2026-0301-000144,,,,,,,,,,,,,,,,,,,,,,,,,,,,,,,,,,,,,,,,,,2026-03-01,CORA-01-CAME-9,,,,,,EA,,,,,,,,3,0,,3,,10.75,,32.25,,,,,FALSE,TRUE,FALSE,FALSE,,,,,,,,,,,,,,,,,,
144,1,0,2026-03-01,2026-03-03,2026-03-31,2026-03-03,,,,,Shopify,Shopify,,,USD,68.25,,72.04,,,0,0.00,,0.00,3.79,,,,,,72.04,,0.00,,,,,,,,,,,,,,,,,,,,,,,20001,10580,20001-2026-0301-000144,,,,,,,,,,,,,,,,,,,,,,,,,,,,,,,,,,,,,,,,,,2026-03-01,AUSTIN-06-BLACK-6,,,,,,EA,,,,,,,,2,0,,2,,10.00,,20.00,,,,,FALSE,TRUE,FALSE,FALSE,,,,,,,,,,,,,,,,,,
145,1,0,2026-03-02,2026-03-06,2026-04-01,2026-03-02,,,,,Mirakl-HudsonsB,Mirakl HudsonsB,,,USD,408.00,,418.87,,,0,0.00,,0.00,10.87,,,,,,418.87,,0.00,,,,,,,,,,,,,,,,,,,,,,,10005,10577,10005-2026-0302-000145,,,,,,,,,,,,,,,,,,,,,,,,,,,,,,,,,,,,,,,,,,2026-03-02,AUSTIN-06-BLUSH-A12,,,,,,EA,,,,,,,,2,0,,2,,120.00,,240.00,,,,,FALSE,TRUE,FALSE,FALSE,,,,,,,,,,,,,,,,,,
145,1,0,2026-03-02,2026-03-06,2026-04-01,2026-03-02,,,,,Mirakl-HudsonsB,Mirakl HudsonsB,,,USD,408.00,,418.87,,,0,0.00,,0.00,10.87,,,,,,418.87,,0.00,,,,,,,,,,,,,,,,,,,,,,,10005,10577,10005-2026-0302-000145,,,,,,,,,,,,,,,,,,,,,,,,,,,,,,,,,,,,,,,,,,2026-03-02,FA13501DM-1608BLAU2-26-32,,,,,,EA,,,,,,,,4,0,,4,,34.00,,136.00,,,,,FALSE,TRUE,FALSE,FALSE,,,,,,,,,,,,,,,,,,
145,1,0,2026-03-02,2026-03-06,2026-04-01,2026-03-02,,,,,Mirakl-HudsonsB,Mirakl HudsonsB,,,USD,408.00,,418.87,,,0,0.00,,0.00,10.87,,,,,,418.87,,0.00,,,,,,,,,,,,,,,,,,,,,,,10005,10577,10005-2026-0302-000145,,,,,,,,,,,,,,,,,,,,,,,,,,,,,,,,,,,,,,,,,,2026-03-02,CAMILA-06-GREEN-7,,,,,,EA,,,,,,,,4,0,,4,,8.00,,32.00,,,,,FALSE,TRUE,FALSE,FALSE,,,,,,,,,,,,,,,,,,
146,1,0,2026-03-02,2026-03-05,2026-04-01,2026-03-04,,,,,Shopify,Shopify,,,USD,358.00,,358.36,,,0,0.00,,0.00,0.36,,,,,,358.36,,0.00,,,,,,,,,,,,,,,,,,,,,,,20001,10580,20001-2026-0302-000146,,,,,,,,,,,,,,,,,,,,,,,,,,,,,,,,,,,,,,,,,,2026-03-02,ADELINE-03-TAUPE-B12,,,,,,EA,,,,,,,,1,0,,1,,222.00,,222.00,,,,,FALSE,TRUE,FALSE,FALSE,,,,,,,,,,,,,,,,,,
146,1,0,2026-03-02,2026-03-05,2026-04-01,2026-03-04,,,,,Shopify,Shopify,,,USD,358.00,,358.36,,,0,0.00,,0.00,0.36,,,,,,358.36,,0.00,,,,,,,,,,,,,,,,,,,,,,,20001,10580,20001-2026-0302-000146,,,,,,,,,,,,,,,,,,,,,,,,,,,,,,,,,,,,,,,,,,2026-03-02,AUSTIN-06-BLACK-12,,,,,,EA,,,,,,,,4,0,,4,,10.00,,40.00,,,,,FALSE,TRUE,FALSE,FALSE,,,,,,,,,,,,,,,,,,
146,1,0,2026-03-02,2026-03-05,2026-04-01,2026-03-04,,,,,Shopify,Shopify,,,USD,358.00,,358.36,,,0,0.00,,0.00,0.36,,,,,,358.36,,0.00,,,,,,,,,,,,,,,,,,,,,,,20001,10580,20001-2026-0302-000146,,,,,,,,,,,,,,,,,,,,,,,,,,,,,,,,,,,,,,,,,,2026-03-02,173451-1183CITIZEN-9-34,,,,,,EA,,,,,,,,4,0,,4,,24.00,,96.00,,,,,FALSE,TRUE,FALSE,FALSE,,,,,,,,,,,,,,,,,,
147,1,0,2026-03-02,2026-03-02,2026-04-01,2026-03-02,,,,,eBay,eBay,,,USD,66.00,,70.24,,,0,0.00,,0.00,4.24,,,,,,70.24,,0.00,,,,,,,,,,,,,,,,,,,,,,,10004,10570,10004-2026-0302-000147,,,,,,,,,,,,,,,,,,,,,,,,,,,,,,,,,,,,,,,,,,2026-03-02,F13T007SS-CABERNET-XS-STD,,,,,,EA,,,,,,,,2,0,,2,,29.00,,58.00,,,,,FALSE,TRUE,FALSE,FALSE,,,,,,,,,,,,,,,,,,
147,1,0,2026-03-02,2026-03-02,2026-04-01,2026-03-02,,,,,eBay,eBay,,,USD,66.00,,70.24,,,0,0.00,,0.00,4.24,,,,,,70.24,,0.00,,,,,,,,,,,,,,,,,,,,,,,10004,10570,10004-2026-0302-000147,,,,,,,,,,,,,,,,,,,,,,,,,,,,,,,,,,,,,,,,,,2026-03-02,CAMILA-06-NUDE-8.5,,,,,,EA,,,,,,,,1,0,,1,,8.00,,8.00,,,,,FALSE,TRUE,FALSE,FALSE,,,,,,,,,,,,,,,,,,
148,1,0,2026-03-03,2026-03-03,2026-04-02,2026-03-03,,,,,Squarespace,Squarespace,,,USD,179.50,,184.94,,,0,0.00,,0.00,5.44,,,,,,184.94,,0.00,,,,,,,,,,,,,,,,,,,,,,,20006,10582,20006-2026-0303-000148,,,,,,,,,,,,,,,,,,,,,,,,,,,,,,,,,,,,,,,,,,2026-03-03,FA16023WV-MIDNIGHTBLUE-M-STD,,,,,,EA,,,,,,,,2,0,,2,,39.00,,78.00,,,,,FALSE,TRUE,FALSE,FALSE,,,,,,,,,,,,,,,,,,
148,1,0,2026-03-03,2026-03-03,2026-04-02,2026-03-03,,,,,Squarespace,Squarespace,,,USD,179.50,,184.94,,,0,0.00,,0.00,5.44,,,,,,184.94,,0.00,,,,,,,,,,,,,,,,,,,,,,,20006,10582,20006-2026-0303-000148,,,,,,,,,,,,,,,,,,,,,,,,,,,,,,,,,,,,,,,,,,2026-03-03,ASTRID-01-BLACK-7.5,,,,,,EA,,,,,,,,4,0,,4,,20.75,,83.00,,,,,FALSE,TRUE,FALSE,FALSE,,,,,,,,,,,,,,,,,,
148,1,0,2026-03-03,2026-03-03,2026-04-02,2026-03-03,,,,,Squarespace,Squarespace,,,USD,179.50,,184.94,,,0,0.00,,0.00,5.44,,,,,,184.94,,0.00,,,,,,,,,,,,,,,,,,,,,,,20006,10582,20006-2026-0303-000148,,,,,,,,,,,,,,,,,,,,,,,,,,,,,,,,,,,,,,,,,,2026-03-03,ADELINE-03-BROWN-11,,,,,,EA,,,,,,,,1,0,,1,,18.50,,18.50,,,,,FALSE,TRUE,FALSE,FALSE,,,,,,,,,,,,,,,,,,
149,1,0,2026-03-01,2026-03-04,2026-03-31,2026-03-02,,,,,eBay,eBay,,,USD,68.00,,85.68,,,0,0.00,,0.00,17.68,,,,,,85.68,,0.00,,,,,,,,,,,,,,,,,,,,,,,10004,10570,10004-2026-0301-000149,,,,,,,,,,,,,,,,,,,,,,,,,,,,,,,,,,,,,,,,,,2026-03-01,FA13501DM-1464KINGSC-26-32,,,,,,EA,,,,,,,,2,0,,2,,34.00,,68.00,,,,,FALSE,TRUE,FALSE,FALSE,,,,,,,,,,,,,,,,,,
150,1,0,2026-03-01,2026-03-04,2026-03-31,2026-03-02,,,,,Shopify,Shopify,,,USD,138.00,,153.41,,,0,0.00,,0.00,15.41,,,,,,153.41,,0.00,,,,,,,,,,,,,,,,,,,,,,,20001,10580,20001-2026-0301-000150,,,,,,,,,,,,,,,,,,,,,,,,,,,,,,,,,,,,,,,,,,2026-03-01,CAMILA-06-TAUPE-7,,,,,,EA,,,,,,,,3,0,,3,,8.00,,24.00,,,,,FALSE,TRUE,FALSE,FALSE,,,,,,,,,,,,,,,,,,
150,1,0,2026-03-01,2026-03-04,2026-03-31,2026-03-02,,,,,Shopify,Shopify,,,USD,138.00,,153.41,,,0,0.00,,0.00,15.41,,,,,,153.41,,0.00,,,,,,,,,,,,,,,,,,,,,,,20001,10580,20001-2026-0301-000150,,,,,,,,,,,,,,,,,,,,,,,,,,,,,,,,,,,,,,,,,,2026-03-01,ADELINE-02-PINK-11,,,,,,EA,,,,,,,,4,0,,4,,11.50,,46.00,,,,,FALSE,TRUE,FALSE,FALSE,,,,,,,,,,,,,,,,,,
150,1,0,2026-03-01,2026-03-04,2026-03-31,2026-03-02,,,,,Shopify,Shopify,,,USD,138.00,,153.41,,,0,0.00,,0.00,15.41,,,,,,153.41,,0.00,,,,,,,,,,,,,,,,,,,,,,,20001,10580,20001-2026-0301-000150,,,,,,,,,,,,,,,,,,,,,,,,,,,,,,,,,,,,,,,,,,2026-03-01,FA13501DM-RINSEWSFT-26-32,,,,,,EA,,,,,,,,2,0,,2,,34.00,,68.00,,,,,FALSE,TRUE,FALSE,FALSE,,,,,,,,,,,,,,,,,,
151,1,0,2026-03-01,2026-03-01,2026-03-31,2026-03-02,,,,,Veeqo-Amazon,Veeqo Amazon,,,USD,142.00,,151.93,,,0,0.00,,0.00,9.93,,,,,,151.93,,0.00,,,,,,,,,,,,,,,,,,,,,,,10016,10579,10016-2026-0301-000151,,,,,,,,,,,,,,,,,,,,,,,,,,,,,,,,,,,,,,,,,,2026-03-01,AUSTIN-06-NUDE-8.5,,,,,,EA,,,,,,,,4,0,,4,,10.00,,40.00,,,,,FALSE,TRUE,FALSE,FALSE,,,,,,,,,,,,,,,,,,
151,1,0,2026-03-01,2026-03-01,2026-03-31,2026-03-02,,,,,Veeqo-Amazon,Veeqo Amazon,,,USD,142.00,,151.93,,,0,0.00,,0.00,9.93,,,,,,151.93,,0.00,,,,,,,,,,,,,,,,,,,,,,,10016,10579,10016-2026-0301-000151,,,,,,,,,,,,,,,,,,,,,,,,,,,,,,,,,,,,,,,,,,2026-03-01,FA13501DM-1464KINGSC-27-32,,,,,,EA,,,,,,,,3,0,,3,,34.00,,102.00,,,,,FALSE,TRUE,FALSE,FALSE,,,,,,,,,,,,,,,,,,
152,1,0,2026-03-04,2026-03-08,2026-04-03,2026-03-04,,,,,Mirakl-Kohls,Mirakl Kohls,,,USD,55.50,,57.04,,,0,0.00,,0.00,1.54,,,,,,57.04,,0.00,,,,,,,,,,,,,,,,,,,,,,,10013,10576,10013-2026-0304-000152,,,,,,,,,,,,,,,,,,,,,,,,,,,,,,,,,,,,,,,,,,2026-03-04,ADELINE-03-GOLD-8.5,,,,,,EA,,,,,,,,3,0,,3,,18.50,,55.50,,,,,FALSE,TRUE,FALSE,FALSE,,,,,,,,,,,,,,,,,,
153,1,0,2026-03-01,2026-03-06,2026-03-31,2026-03-03,,,,,AMZ-eCom,AMZ eCom,,,USD,189.50,,207.35,,,0,0.00,,0.00,17.85,,,,,,207.35,,0.00,,,,,,,,,,,,,,,,,,,,,,,10001,10565,10001-2026-0301-000153,,,,,,,,,,,,,,,,,,,,,,,,,,,,,,,,,,,,,,,,,,2026-03-01,FA13501DM-RINSEWSFT-28-30,,,,,,EA,,,,,,,,4,0,,4,,34.00,,136.00,,,,,FALSE,TRUE,FALSE,FALSE,,,,,,,,,,,,,,,,,,
153,1,0,2026-03-01,2026-03-06,2026-03-31,2026-03-03,,,,,AMZ-eCom,AMZ eCom,,,USD,189.50,,207.35,,,0,0.00,,0.00,17.85,,,,,,207.35,,0.00,,,,,,,,,,,,,,,,,,,,,,,10001,10565,10001-2026-0301-000153,,,,,,,,,,,,,,,,,,,,,,,,,,,,,,,,,,,,,,,,,,2026-03-01,CAMILA-06-LILAC-8.5,,,,,,EA,,,,,,,,4,0,,4,,8.00,,32.00,,,,,FALSE,TRUE,FALSE,FALSE,,,,,,,,,,,,,,,,,,
153,1,0,2026-03-01,2026-03-06,2026-03-31,2026-03-03,,,,,AMZ-eCom,AMZ eCom,,,USD,189.50,,207.35,,,0,0.00,,0.00,17.85,,,,,,207.35,,0.00,,,,,,,,,,,,,,,,,,,,,,,10001,10565,10001-2026-0301-000153,,,,,,,,,,,,,,,,,,,,,,,,,,,,,,,,,,,,,,,,,,2026-03-01,CORA-01-BLK-5,,,,,,EA,,,,,,,,2,0,,2,,10.75,,21.50,,,,,FALSE,TRUE,FALSE,FALSE,,,,,,,,,,,,,,,,,,
154,1,0,2026-03-02,2026-03-06,2026-04-01,2026-03-03,,,,,Mirakl-HudsonsB,Mirakl HudsonsB,,,USD,62.25,,62.25,,,0,0.00,,0.00,0.00,,,,,,62.25,,0.00,,,,,,,,,,,,,,,,,,,,,,,10005,10577,10005-2026-0302-000154,,,,,,,,,,,,,,,,,,,,,,,,,,,,,,,,,,,,,,,,,,2026-03-02,ASTRID-01-NUDE-7.5,,,,,,EA,,,,,,,,3,0,,3,,20.75,,62.25,,,,,FALSE,TRUE,FALSE,FALSE,,,,,,,,,,,,,,,,,,
155,1,0,2026-03-01,2026-03-02,2026-03-31,2026-03-02,,,,,Squarespace,Squarespace,,,USD,42.75,,49.40,,,0,0.00,,0.00,6.65,,,,,,49.40,,0.00,,,,,,,,,,,,,,,,,,,,,,,20006,10582,20006-2026-0301-000155,,,,,,,,,,,,,,,,,,,,,,,,,,,,,,,,,,,,,,,,,,2026-03-01,CAMILA-06-NUDE-12,,,,,,EA,,,,,,,,4,0,,4,,8.00,,32.00,,,,,FALSE,TRUE,FALSE,FALSE,,,,,,,,,,,,,,,,,,
155,1,0,2026-03-01,2026-03-02,2026-03-31,2026-03-02,,,,,Squarespace,Squarespace,,,USD,42.75,,49.40,,,0,0.00,,0.00,6.65,,,,,,49.40,,0.00,,,,,,,,,,,,,,,,,,,,,,,20006,10582,20006-2026-0301-000155,,,,,,,,,,,,,,,,,,,,,,,,,,,,,,,,,,,,,,,,,,2026-03-01,CORA-01-TAUP-7.5,,,,,,EA,,,,,,,,1,0,,1,,10.75,,10.75,,,,,FALSE,TRUE,FALSE,FALSE,,,,,,,,,,,,,,,,,,
156,1,0,2026-03-03,2026-03-04,2026-04-02,2026-03-03,,,,,Mirakl-Kohls,Mirakl Kohls,,,USD,102.00,,108.65,,,0,0.00,,0.00,6.65,,,,,,108.65,,0.00,,,,,,,,,,,,,,,,,,,,,,,10013,10576,10013-2026-0303-000156,,,,,,,,,,,,,,,,,,,,,,,,,,,,,,,,,,,,,,,,,,2026-03-03,FA13501DM-RINSEWSFT-31-32,,,,,,EA,,,,,,,,3,0,,3,,34.00,,102.00,,,,,FALSE,TRUE,FALSE,FALSE,,,,,,,,,,,,,,,,,,
157,1,0,2026-03-01,2026-03-05,2026-03-31,2026-03-01,,,,,Walmart-eComm,Walmart eComm,,,USD,408.50,,420.80,,,0,0.00,,0.00,12.30,,,,,,420.80,,0.00,,,,,,,,,,,,,,,,,,,,,,,10002,10566,10002-2026-0301-000157,,,,,,,,,,,,,,,,,,,,,,,,,,,,,,,,,,,,,,,,,,2026-03-01,CAMILA-06-BLACK-S,,,,,,EA,,,,,,,,3,0,,3,,96.00,,288.00,,,,,FALSE,TRUE,FALSE,FALSE,,,,,,,,,,,,,,,,,,
157,1,0,2026-03-01,2026-03-05,2026-03-31,2026-03-01,,,,,Walmart-eComm,Walmart eComm,,,USD,408.50,,420.80,,,0,0.00,,0.00,12.30,,,,,,420.80,,0.00,,,,,,,,,,,,,,,,,,,,,,,10002,10566,10002-2026-0301-000157,,,,,,,,,,,,,,,,,,,,,,,,,,,,,,,,,,,,,,,,,,2026-03-01,F13031C-1742VNTGBJ-27-STD,,,,,,EA,,,,,,,,3,0,,3,,34.00,,102.00,,,,,FALSE,TRUE,FALSE,FALSE,,,,,,,,,,,,,,,,,,
157,1,0,2026-03-01,2026-03-05,2026-03-31,2026-03-01,,,,,Walmart-eComm,Walmart eComm,,,USD,408.50,,420.80,,,0,0.00,,0.00,12.30,,,,,,420.80,,0.00,,,,,,,,,,,,,,,,,,,,,,,10002,10566,10002-2026-0301-000157,,,,,,,,,,,,,,,,,,,,,,,,,,,,,,,,,,,,,,,,,,2026-03-01,ADELINE-03-TAUPE-9.5,,,,,,EA,,,,,,,,1,0,,1,,18.50,,18.50,,,,,FALSE,TRUE,FALSE,FALSE,,,,,,,,,,,,,,,,,,
158,1,0,2026-03-03,2026-03-07,2026-04-02,2026-03-03,,,,,Etsy-VS,Etsy VS,,,USD,173.25,,189.33,,,0,0.00,,0.00,16.08,,,,,,189.33,,0.00,,,,,,,,,,,,,,,,,,,,,,,10008,10572,10008-2026-0303-000158,,,,,,,,,,,,,,,,,,,,,,,,,,,,,,,,,,,,,,,,,,2026-03-03,AUSTIN-06-CAMEL-8,,,,,,EA,,,,,,,,4,0,,4,,10.00,,40.00,,,,,FALSE,TRUE,FALSE,FALSE,,,,,,,,,,,,,,,,,,
158,1,0,2026-03-03,2026-03-07,2026-04-02,2026-03-03,,,,,Etsy-VS,Etsy VS,,,USD,173.25,,189.33,,,0,0.00,,0.00,16.08,,,,,,189.33,,0.00,,,,,,,,,,,,,,,,,,,,,,,10008,10572,10008-2026-0303-000158,,,,,,,,,,,,,,,,,,,,,,,,,,,,,,,,,,,,,,,,,,2026-03-03,FA16105WV-MIDNIGHTBLUE-L-STD,,,,,,EA,,,,,,,,3,0,,3,,39.00,,117.00,,,,,FALSE,TRUE,FALSE,FALSE,,,,,,,,,,,,,,,,,,
158,1,0,2026-03-03,2026-03-07,2026-04-02,2026-03-03,,,,,Etsy-VS,Etsy VS,,,USD,173.25,,189.33,,,0,0.00,,0.00,16.08,,,,,,189.33,,0.00,,,,,,,,,,,,,,,,,,,,,,,10008,10572,10008-2026-0303-000158,,,,,,,,,,,,,,,,,,,,,,,,,,,,,,,,,,,,,,,,,,2026-03-03,AVIANA-06-BEIGE-7.5,,,,,,EA,,,,,,,,1,0,,1,,16.25,,16.25,,,,,FALSE,TRUE,FALSE,FALSE,,,,,,,,,,,,,,,,,,
159,1,0,2026-03-03,2026-03-04,2026-04-02,2026-03-04,,,,,Shopify,Shopify,,,USD,366.00,,367.84,,,0,0.00,,0.00,1.84,,,,,,367.84,,0.00,,,,,,,,,,,,,,,,,,,,,,,20001,10580,20001-2026-0303-000159,,,,,,,,,,,,,,,,,,,,,,,,,,,,,,,,,,,,,,,,,,2026-03-03,FD3601734-MEDBLEACH-L-STD,,,,,,EA,,,,,,,,3,0,,3,,98.00,,294.00,,,,,FALSE,TRUE,FALSE,FALSE,,,,,,,,,,,,,,,,,,
159,1,0,2026-03-03,2026-03-04,2026-04-02,2026-03-04,,,,,Shopify,Shopify,,,USD,366.00,,367.84,,,0,0.00,,0.00,1.84,,,,,,367.84,,0.00,,,,,,,,,,,,,,,,,,,,,,,20001,10580,20001-2026-0303-000159,,,,,,,,,,,,,,,,,,,,,,,,,,,,,,,,,,,,,,,,,,2026-03-03,173451-1183CITIZEN-17-34,,,,,,EA,,,,,,,,3,0,,3,,24.00,,72.00,,,,,FALSE,TRUE,FALSE,FALSE,,,,,,,,,,,,,,,,,,
160,1,0,2026-03-01,2026-03-01,2026-03-31,2026-03-03,,,,,Squarespace,Squarespace,,,USD,106.50,,110.71,,,0,0.00,,0.00,4.21,,,,,,110.71,,0.00,,,,,,,,,,,,,,,,,,,,,,,20006,10582,20006-2026-0301-000160,,,,,,,,,,,,,,,,,,,,,,,,,,,,,,,,,,,,,,,,,,2026-03-01,ADELINE-03-GOLD-7.5,,,,,,EA,,,,,,,,4,0,,4,,18.50,,74.00,,,,,FALSE,TRUE,FALSE,FALSE,,,,,,,,,,,,,,,,,,
160,1,0,2026-03-01,2026-03-01,2026-03-31,2026-03-03,,,,,Squarespace,Squarespace,,,USD,106.50,,110.71,,,0,0.00,,0.00,4.21,,,,,,110.71,,0.00,,,,,,,,,,,,,,,,,,,,,,,20006,10582,20006-2026-0301-000160,,,,,,,,,,,,,,,,,,,,,,,,,,,,,,,,,,,,,,,,,,2026-03-01,AVIANA-06-BLACK-8,,,,,,EA,,,,,,,,2,0,,2,,16.25,,32.50,,,,,FALSE,TRUE,FALSE,FALSE,,,,,,,,,,,,,,,,,,
161,1,0,2026-03-03,2026-03-08,2026-04-02,2026-03-03,,,,,Mirakl-HudsonsB,Mirakl HudsonsB,,,USD,45.25,,48.35,,,0,0.00,,0.00,3.10,,,,,,48.35,,0.00,,,,,,,,,,,,,,,,,,,,,,,10005,10577,10005-2026-0303-000161,,,,,,,,,,,,,,,,,,,,,,,,,,,,,,,,,,,,,,,,,,2026-03-03,CORA-01-LEOP-5,,,,,,EA,,,,,,,,1,0,,1,,10.75,,10.75,,,,,FALSE,TRUE,FALSE,FALSE,,,,,,,,,,,,,,,,,,
161,1,0,2026-03-03,2026-03-08,2026-04-02,2026-03-03,,,,,Mirakl-HudsonsB,Mirakl HudsonsB,,,USD,45.25,,48.35,,,0,0.00,,0.00,3.10,,,,,,48.35,,0.00,,,,,,,,,,,,,,,,,,,,,,,10005,10577,10005-2026-0303-000161,,,,,,,,,,,,,,,,,,,,,,,,,,,,,,,,,,,,,,,,,,2026-03-03,ADELINE-02-CAMEL-8.5,,,,,,EA,,,,,,,,3,0,,3,,11.50,,34.50,,,,,FALSE,TRUE,FALSE,FALSE,,,,,,,,,,,,,,,,,,
162,1,0,2026-03-02,2026-03-06,2026-04-01,2026-03-04,,,,,Etsy-LS,Etsy LS,,,USD,97.00,,101.57,,,0,0.00,,0.00,4.57,,,,,,101.57,,0.00,,,,,,,,,,,,,,,,,,,,,,,10008,10571,10008-2026-0302-000162,,,,,,,,,,,,,,,,,,,,,,,,,,,,,,,,,,,,,,,,,,2026-03-02,ADELINE-03-GOLD-7,,,,,,EA,,,,,,,,3,0,,3,,18.50,,55.50,,,,,FALSE,TRUE,FALSE,FALSE,,,,,,,,,,,,,,,,,,
162,1,0,2026-03-02,2026-03-06,2026-04-01,2026-03-04,,,,,Etsy-LS,Etsy LS,,,USD,97.00,,101.57,,,0,0.00,,0.00,4.57,,,,,,101.57,,0.00,,,,,,,,,,,,,,,,,,,,,,,10008,10571,10008-2026-0302-000162,,,,,,,,,,,,,,,,,,,,,,,,,,,,,,,,,,,,,,,,,,2026-03-02,ASTRID-01-GREY-7,,,,,,EA,,,,,,,,2,0,,2,,20.75,,41.50,,,,,FALSE,TRUE,FALSE,FALSE,,,,,,,,,,,,,,,,,,
163,1,0,2026-03-04,2026-03-06,2026-04-03,2026-03-04,,,,,Magento,Magento,,,USD,97.00,,109.73,,,0,0.00,,0.00,12.73,,,,,,109.73,,0.00,,,,,,,,,,,,,,,,,,,,,,,20003,10581,20003-2026-0304-000163,,,,,,,,,,,,,,,,,,,,,,,,,,,,,,,,,,,,,,,,,,2026-03-04,CAMILA-06-BLACK-12,,,,,,EA,,,,,,,,4,0,,4,,8.00,,32.00,,,,,FALSE,TRUE,FALSE,FALSE,,,,,,,,,,,,,,,,,,
163,1,0,2026-03-04,2026-03-06,2026-04-03,2026-03-04,,,,,Magento,Magento,,,USD,97.00,,109.73,,,0,0.00,,0.00,12.73,,,,,,109.73,,0.00,,,,,,,,,,,,,,,,,,,,,,,20003,10581,20003-2026-0304-000163,,,,,,,,,,,,,,,,,,,,,,,,,,,,,,,,,,,,,,,,,,2026-03-04,AVIANA-06-BLACK-9.5,,,,,,EA,,,,,,,,4,0,,4,,16.25,,65.00,,,,,FALSE,TRUE,FALSE,FALSE,,,,,,,,,,,,,,,,,,
164,1,0,2026-03-02,2026-03-06,2026-04-01,2026-03-03,,,,,Mirakl-HudsonsB,Mirakl HudsonsB,,,USD,78.00,,78.00,,,0,0.00,,0.00,0.00,,,,,,78.00,,0.00,,,,,,,,,,,,,,,,,,,,,,,10005,10577,10005-2026-0302-000164,,,,,,,,,,,,,,,,,,,,,,,,,,,,,,,,,,,,,,,,,,2026-03-02,FB3601737-3219UNFORGV-27-STD,,,,,,EA,,,,,,,,2,0,,2,,39.00,,78.00,,,,,FALSE,TRUE,FALSE,FALSE,,,,,,,,,,,,,,,,,,
165,1,0,2026-03-02,2026-03-05,2026-04-01,2026-03-03,,,,,eBay,eBay,,,USD,417.00,,430.11,,,0,0.00,,0.00,13.11,,,,,,430.11,,0.00,,,,,,,,,,,,,,,,,,,,,,,10004,10570,10004-2026-0302-000165,,,,,,,,,,,,,,,,,,,,,,,,,,,,,,,,,,,,,,,,,,2026-03-02,AUSTIN-06-WHITE-10,,,,,,EA,,,,,,,,3,0,,3,,10.00,,30.00,,,,,FALSE,TRUE,FALSE,FALSE,,,,,,,,,,,,,,,,,,
165,1,0,2026-03-02,2026-03-05,2026-04-01,2026-03-03,,,,,eBay,eBay,,,USD,417.00,,430.11,,,0,0.00,,0.00,13.11,,,,,,430.11,,0.00,,,,,,,,,,,,,,,,,,,,,,,10004,10570,10004-2026-0302-000165,,,,,,,,,,,,,,,,,,,,,,,,,,,,,,,,,,,,,,,,,,2026-03-02,CORA-01-FUCH-S,,,,,,EA,,,,,,,,3,0,,3,,129.00,,387.00,,,,,FALSE,TRUE,FALSE,FALSE,,,,,,,,,,,,,,,,,,
166,1,0,2026-03-03,2026-03-08,2026-04-02,2026-03-04,,,,,eBay,eBay,,,USD,220.25,,230.81,,,0,0.00,,0.00,10.56,,,,,,230.81,,0.00,,,,,,,,,,,,,,,,,,,,,,,10004,10570,10004-2026-0303-000166,,,,,,,,,,,,,,,,,,,,,,,,,,,,,,,,,,,,,,,,,,2026-03-03,F13031C-1742VNTGDM-32-STD,,,,,,EA,,,,,,,,2,0,,2,,34.00,,68.00,,,,,FALSE,TRUE,FALSE,FALSE,,,,,,,,,,,,,,,,,,
166,1,0,2026-03-03,2026-03-08,2026-04-02,2026-03-04,,,,,eBay,eBay,,,USD,220.25,,230.81,,,0,0.00,,0.00,10.56,,,,,,230.81,,0.00,,,,,,,,,,,,,,,,,,,,,,,10004,10570,10004-2026-0303-000166,,,,,,,,,,,,,,,,,,,,,,,,,,,,,,,,,,,,,,,,,,2026-03-03,AVIANA-06-BLACK-7,,,,,,EA,,,,,,,,1,0,,1,,16.25,,16.25,,,,,FALSE,TRUE,FALSE,FALSE,,,,,,,,,,,,,,,,,,
166,1,0,2026-03-03,2026-03-08,2026-04-02,2026-03-04,,,,,eBay,eBay,,,USD,220.25,,230.81,,,0,0.00,,0.00,10.56,,,,,,230.81,,0.00,,,,,,,,,,,,,,,,,,,,,,,10004,10570,10004-2026-0303-000166,,,,,,,,,,,,,,,,,,,,,,,,,,,,,,,,,,,,,,,,,,2026-03-03,F13031C-1742VNTGBJ-31-STD,,,,,,EA,,,,,,,,4,0,,4,,34.00,,136.00,,,,,FALSE,TRUE,FALSE,FALSE,,,,,,,,,,,,,,,,,,
167,1,0,2026-03-01,2026-03-04,2026-03-31,2026-03-02,,,,,Mirakl-Kohls,Mirakl Kohls,,,USD,55.50,,68.90,,,0,0.00,,0.00,13.40,,,,,,68.90,,0.00,,,,,,,,,,,,,,,,,,,,,,,10013,10576,10013-2026-0301-000167,,,,,,,,,,,,,,,,,,,,,,,,,,,,,,,,,,,,,,,,,,2026-03-01,ADELINE-03-BROWN-9,,,,,,EA,,,,,,,,3,0,,3,,18.50,,55.50,,,,,FALSE,TRUE,FALSE,FALSE,,,,,,,,,,,,,,,,,,
168,1,0,2026-03-02,2026-03-05,2026-04-01,2026-03-02,,,,,Shopify,Shopify,,,USD,64.50,,65.68,,,0,0.00,,0.00,1.18,,,,,,65.68,,0.00,,,,,,,,,,,,,,,,,,,,,,,20001,10580,20001-2026-0302-000168,,,,,,,,,,,,,,,,,,,,,,,,,,,,,,,,,,,,,,,,,,2026-03-02,ADELINE-02-NUDE-7,,,,,,EA,,,,,,,,4,0,,4,,11.50,,46.00,,,,,FALSE,TRUE,FALSE,FALSE,,,,,,,,,,,,,,,,,,
168,1,0,2026-03-02,2026-03-05,2026-04-01,2026-03-02,,,,,Shopify,Shopify,,,USD,64.50,,65.68,,,0,0.00,,0.00,1.18,,,,,,65.68,,0.00,,,,,,,,,,,,,,,,,,,,,,,20001,10580,20001-2026-0302-000168,,,,,,,,,,,,,,,,,,,,,,,,,,,,,,,,,,,,,,,,,,2026-03-02,ADELINE-03-BLUE-11,,,,,,EA,,,,,,,,1,0,,1,,18.50,,18.50,,,,,FALSE,TRUE,FALSE,FALSE,,,,,,,,,,,,,,,,,,
169,1,0,2026-03-02,2026-03-05,2026-04-01,2026-03-04,,,,,Etsy-VS,Etsy VS,,,USD,134.86,,136.06,,,0,0.00,,0.00,1.20,,,,,,136.06,,0.00,,,,,,,,,,,,,,,,,,,,,,,10008,10572,10008-2026-0302-000169,,,,,,,,,,,,,,,,,,,,,,,,,,,,,,,,,,,,,,,,,,2026-03-02,ASTRID-01-BLACK-A12,,,,,,EA,,,,,,,,1,0,,1,,47.11,,47.11,,,,,FALSE,TRUE,FALSE,FALSE,,,,,,,,,,,,,,,,,,
169,1,0,2026-03-02,2026-03-05,2026-04-01,2026-03-04,,,,,Etsy-VS,Etsy VS,,,USD,134.86,,136.06,,,0,0.00,,0.00,1.20,,,,,,136.06,,0.00,,,,,,,,,,,,,,,,,,,,,,,10008,10572,10008-2026-0302-000169,,,,,,,,,,,,,,,,,,,,,,,,,,,,,,,,,,,,,,,,,,2026-03-02,CORA-01-BLK-6,,,,,,EA,,,,,,,,3,0,,3,,10.75,,32.25,,,,,FALSE,TRUE,FALSE,FALSE,,,,,,,,,,,,,,,,,,
169,1,0,2026-03-02,2026-03-05,2026-04-01,2026-03-04,,,,,Etsy-VS,Etsy VS,,,USD,134.86,,136.06,,,0,0.00,,0.00,1.20,,,,,,136.06,,0.00,,,,,,,,,,,,,,,,,,,,,,,10008,10572,10008-2026-0302-000169,,,,,,,,,,,,,,,,,,,,,,,,,,,,,,,,,,,,,,,,,,2026-03-02,ADELINE-03-BLACK-6,,,,,,EA,,,,,,,,3,0,,3,,18.50,,55.50,,,,,FALSE,TRUE,FALSE,FALSE,,,,,,,,,,,,,,,,,,
170,1,0,2026-03-01,2026-03-03,2026-03-31,2026-03-01,,,,,Walmart-eComm,Walmart eComm,,,USD,196.50,,199.63,,,0,0.00,,0.00,3.13,,,,,,199.63,,0.00,,,,,,,,,,,,,,,,,,,,,,,10002,10566,10002-2026-0301-000170,,,,,,,,,,,,,,,,,,,,,,,,,,,,,,,,,,,,,,,,,,2026-03-01,ASTRID-01-BLUSH-8,,,,,,EA,,,,,,,,4,0,,4,,20.75,,83.00,,,,,FALSE,TRUE,FALSE,FALSE,,,,,,,,,,,,,,,,,,
170,1,0,2026-03-01,2026-03-03,2026-03-31,2026-03-01,,,,,Walmart-eComm,Walmart eComm,,,USD,196.50,,199.63,,,0,0.00,,0.00,3.13,,,,,,199.63,,0.00,,,,,,,,,,,,,,,,,,,,,,,10002,10566,10002-2026-0301-000170,,,,,,,,,,,,,,,,,,,,,,,,,,,,,,,,,,,,,,,,,,2026-03-01,F13031C-1742VNTGST-25-STD,,,,,,EA,,,,,,,,3,0,,3,,34.00,,102.00,,,,,FALSE,TRUE,FALSE,FALSE,,,,,,,,,,,,,,,,,,
170,1,0,2026-03-01,2026-03-03,2026-03-31,2026-03-01,,,,,Walmart-eComm,Walmart eComm,,,USD,196.50,,199.63,,,0,0.00,,0.00,3.13,,,,,,199.63,,0.00,,,,,,,,,,,,,,,,,,,,,,,10002,10566,10002-2026-0301-000170,,,,,,,,,,,,,,,,,,,,,,,,,,,,,,,,,,,,,,,,,,2026-03-01,ADELINE-02-NUDE-10,,,,,,EA,,,,,,,,1,0,,1,,11.50,,11.50,,,,,FALSE,TRUE,FALSE,FALSE,,,,,,,,,,,,,,,,,,
171,1,0,2026-03-03,2026-03-03,2026-04-02,2026-03-05,,,,,JCPenney,JCPenney,,,USD,68.00,,72.16,,,0,0.00,,0.00,4.16,,,,,,72.16,,0.00,,,,,,,,,,,,,,,,,,,,,,,30007,10575,30007-2026-0303-000171,,,,,,,,,,,,,,,,,,,,,,,,,,,,,,,,,,,,,,,,,,2026-03-03,FA13501DM-1464KINGSC-32-32,,,,,,EA,,,,,,,,2,0,,2,,34.00,,68.00,,,,,FALSE,TRUE,FALSE,FALSE,,,,,,,,,,,,,,,,,,
172,1,0,2026-03-04,2026-03-05,2026-04-03,2026-03-04,,,,,Etsy-VS,Etsy VS,,,USD,354.00,,370.63,,,0,0.00,,0.00,16.63,,,,,,370.63,,0.00,,,,,,,,,,,,,,,,,,,,,,,10008,10572,10008-2026-0304-000172,,,,,,,,,,,,,,,,,,,,,,,,,,,,,,,,,,,,,,,,,,2026-03-04,CORA-01-YLW-B12,,,,,,EA,,,,,,,,2,0,,2,,129.00,,258.00,,,,,FALSE,TRUE,FALSE,FALSE,,,,,,,,,,,,,,,,,,
172,1,0,2026-03-04,2026-03-05,2026-04-03,2026-03-04,,,,,Etsy-VS,Etsy VS,,,USD,354.00,,370.63,,,0,0.00,,0.00,16.63,,,,,,370.63,,0.00,,,,,,,,,,,,,,,,,,,,,,,10008,10572,10008-2026-0304-000172,,,,,,,,,,,,,,,,,,,,,,,,,,,,,,,,,,,,,,,,,,2026-03-04,173451-1183CITIZEN-21-34,,,,,,EA,,,,,,,,4,0,,4,,24.00,,96.00,,,,,FALSE,TRUE,FALSE,FALSE,,,,,,,,,,,,,,,,,,
173,1,0,2026-03-03,2026-03-03,2026-04-02,2026-03-05,,,,,AMZ-eCom,AMZ eCom,,,USD,432.00,,445.94,,,0,0.00,,0.00,13.94,,,,,,445.94,,0.00,,,,,,,,,,,,,,,,,,,,,,,10001,10565,10001-2026-0303-000173,,,,,,,,,,,,,,,,,,,,,,,,,,,,,,,,,,,,,,,,,,2026-03-03,AUSTIN-06-BLACK-B12,,,,,,EA,,,,,,,,3,0,,3,,120.00,,360.00,,,,,FALSE,TRUE,FALSE,FALSE,,,,,,,,,,,,,,,,,,
173,1,0,2026-03-03,2026-03-03,2026-04-02,2026-03-05,,,,,AMZ-eCom,AMZ eCom,,,USD,432.00,,445.94,,,0,0.00,,0.00,13.94,,,,,,445.94,,0.00,,,,,,,,,,,,,,,,,,,,,,,10001,10565,10001-2026-0303-000173,,,,,,,,,,,,,,,,,,,,,,,,,,,,,,,,,,,,,,,,,,2026-03-03,173451-1183CITIZEN-1-34,,,,,,EA,,,,,,,,3,0,,3,,24.00,,72.00,,,,,FALSE,TRUE,FALSE,FALSE,,,,,,,,,,,,,,,,,,
174,1,0,2026-03-02,2026-03-06,2026-04-01,2026-03-03,,,,,Mirakl-HudsonsB,Mirakl HudsonsB,,,USD,74.00,,81.52,,,0,0.00,,0.00,7.52,,,,,,81.52,,0.00,,,,,,,,,,,,,,,,,,,,,,,10005,10577,10005-2026-0302-000174,,,,,,,,,,,,,,,,,,,,,,,,,,,,,,,,,,,,,,,,,,2026-03-02,ADELINE-03-TAUPE-7.5,,,,,,EA,,,,,,,,4,0,,4,,18.50,,74.00,,,,,FALSE,TRUE,FALSE,FALSE,,,,,,,,,,,,,,,,,,
175,1,0,2026-03-04,2026-03-06,2026-04-03,2026-03-05,,,,,Macys,Macys,,,USD,59.50,,71.78,,,0,0.00,,0.00,12.28,,,,,,71.78,,0.00,,,,,,,,,,,,,,,,,,,,,,,30005,10574,30005-2026-0304-000175,,,,,,,,,,,,,,,,,,,,,,,,,,,,,,,,,,,,,,,,,,2026-03-04,AVIANA-06-WHITE-6.5,,,,,,EA,,,,,,,,2,0,,2,,16.25,,32.50,,,,,FALSE,TRUE,FALSE,FALSE,,,,,,,,,,,,,,,,,,
175,1,0,2026-03-04,2026-03-06,2026-04-03,2026-03-05,,,,,Macys,Macys,,,USD,59.50,,71.78,,,0,0.00,,0.00,12.28,,,,,,71.78,,0.00,,,,,,,,,,,,,,,,,,,,,,,30005,10574,30005-2026-0304-000175,,,,,,,,,,,,,,,,,,,,,,,,,,,,,,,,,,,,,,,,,,2026-03-04,AVIANA-06-BEIGE-7,,,,,,EA,,,,,,,,1,0,,1,,16.25,,16.25,,,,,FALSE,TRUE,FALSE,FALSE,,,,,,,,,,,,,,,,,,
175,1,0,2026-03-04,2026-03-06,2026-04-03,2026-03-05,,,,,Macys,Macys,,,USD,59.50,,71.78,,,0,0.00,,0.00,12.28,,,,,,71.78,,0.00,,,,,,,,,,,,,,,,,,,,,,,30005,10574,30005-2026-0304-000175,,,,,,,,,,,,,,,,,,,,,,,,,,,,,,,,,,,,,,,,,,2026-03-04,CORA-01-TAUP-9.5,,,,,,EA,,,,,,,,1,0,,1,,10.75,,10.75,,,,,FALSE,TRUE,FALSE,FALSE,,,,,,,,,,,,,,,,,,
176,1,0,2026-03-01,2026-03-02,2026-03-31,2026-03-02,,,,,eBay,eBay,,,USD,102.00,,114.02,,,0,0.00,,0.00,12.02,,,,,,114.02,,0.00,,,,,,,,,,,,,,,,,,,,,,,10004,10570,10004-2026-0301-000176,,,,,,,,,,,,,,,,,,,,,,,,,,,,,,,,,,,,,,,,,,2026-03-01,F13031C-1742VNTGDM-30-STD,,,,,,EA,,,,,,,,1,0,,1,,34.00,,34.00,,,,,FALSE,TRUE,FALSE,FALSE,,,,,,,,,,,,,,,,,,
176,1,0,2026-03-01,2026-03-02,2026-03-31,2026-03-02,,,,,eBay,eBay,,,USD,102.00,,114.02,,,0,0.00,,0.00,12.02,,,,,,114.02,,0.00,,,,,,,,,,,,,,,,,,,,,,,10004,10570,10004-2026-0301-000176,,,,,,,,,,,,,,,,,,,,,,,,,,,,,,,,,,,,,,,,,,2026-03-01,F13031C-1742VNTGBJ-30-STD,,,,,,EA,,,,,,,,2,0,,2,,34.00,,68.00,,,,,FALSE,TRUE,FALSE,FALSE,,,,,,,,,,,,,,,,,,
177,1,0,2026-03-04,2026-03-08,2026-04-03,2026-03-06,,,,,JCPenney,JCPenney,,,USD,432.00,,439.10,,,0,0.00,,0.00,7.10,,,,,,439.10,,0.00,,,,,,,,,,,,,,,,,,,,,,,30007,10575,30007-2026-0304-000177,,,,,,,,,,,,,,,,,,,,,,,,,,,,,,,,,,,,,,,,,,2026-03-04,ADELINE-02-PINK-S,,,,,,EA,,,,,,,,3,0,,3,,138.00,,414.00,,,,,FALSE,TRUE,FALSE,FALSE,,,,,,,,,,,,,,,,,,
177,1,0,2026-03-04,2026-03-08,2026-04-03,2026-03-06,,,,,JCPenney,JCPenney,,,USD,432.00,,439.10,,,0,0.00,,0.00,7.10,,,,,,439.10,,0.00,,,,,,,,,,,,,,,,,,,,,,,30007,10575,30007-2026-0304-000177,,,,,,,,,,,,,,,,,,,,,,,,,,,,,,,,,,,,,,,,,,2026-03-04,CAMILA-06-BLACK-6.5,,,,,,EA,,,,,,,,1,0,,1,,8.00,,8.00,,,,,FALSE,TRUE,FALSE,FALSE,,,,,,,,,,,,,,,,,,
177,1,0,2026-03-04,2026-03-08,2026-04-03,2026-03-06,,,,,JCPenney,JCPenney,,,USD,432.00,,439.10,,,0,0.00,,0.00,7.10,,,,,,439.10,,0.00,,,,,,,,,,,,,,,,,,,,,,,30007,10575,30007-2026-0304-000177,,,,,,,,,,,,,,,,,,,,,,,,,,,,,,,,,,,,,,,,,,2026-03-04,AUSTIN-06-NUDE-9.5,,,,,,EA,,,,,,,,1,0,,1,,10.00,,10.00,,,,,FALSE,TRUE,FALSE,FALSE,,,,,,,,,,,,,,,,,,
178,1,0,2026-03-04,2026-03-08,2026-04-03,2026-03-05,,,,,Mirakl-HudsonsB,Mirakl HudsonsB,,,USD,41.50,,57.54,,,0,0.00,,0.00,16.04,,,,,,57.54,,0.00,,,,,,,,,,,,,,,,,,,,,,,10005,10577,10005-2026-0304-000178,,,,,,,,,,,,,,,,,,,,,,,,,,,,,,,,,,,,,,,,,,2026-03-04,ASTRID-01-BLUSH-6.5,,,,,,EA,,,,,,,,2,0,,2,,20.75,,41.50,,,,,FALSE,TRUE,FALSE,FALSE,,,,,,,,,,,,,,,,,,
179,1,0,2026-03-03,2026-03-05,2026-04-02,2026-03-05,,,,,Macys,Macys,,,USD,181.50,,196.30,,,0,0.00,,0.00,14.80,,,,,,196.30,,0.00,,,,,,,,,,,,,,,,,,,,,,,30005,10574,30005-2026-0303-000179,,,,,,,,,,,,,,,,,,,,,,,,,,,,,,,,,,,,,,,,,,2026-03-03,ADELINE-03-BROWN-8,,,,,,EA,,,,,,,,4,0,,4,,18.50,,74.00,,,,,FALSE,TRUE,FALSE,FALSE,,,,,,,,,,,,,,,,,,
179,1,0,2026-03-03,2026-03-05,2026-04-02,2026-03-05,,,,,Macys,Macys,,,USD,181.50,,196.30,,,0,0.00,,0.00,14.80,,,,,,196.30,,0.00,,,,,,,,,,,,,,,,,,,,,,,30005,10574,30005-2026-0303-000179,,,,,,,,,,,,,,,,,,,,,,,,,,,,,,,,,,,,,,,,,,2026-03-03,ADELINE-02-WHITE-8.5,,,,,,EA,,,,,,,,1,0,,1,,11.50,,11.50,,,,,FALSE,TRUE,FALSE,FALSE,,,,,,,,,,,,,,,,,,
179,1,0,2026-03-03,2026-03-05,2026-04-02,2026-03-05,,,,,Macys,Macys,,,USD,181.50,,196.30,,,0,0.00,,0.00,14.80,,,,,,196.30,,0.00,,,,,,,,,,,,,,,,,,,,,,,30005,10574,30005-2026-0303-000179,,,,,,,,,,,,,,,,,,,,,,,,,,,,,,,,,,,,,,,,,,2026-03-03,173451-1183CITIZEN-3-34,,,,,,EA,,,,,,,,4,0,,4,,24.00,,96.00,,,,,FALSE,TRUE,FALSE,FALSE,,,,,,,,,,,,,,,,,,
180,1,0,2026-03-01,2026-03-02,2026-03-31,2026-03-01,,,,,Squarespace,Squarespace,,,USD,143.50,,145.43,,,0,0.00,,0.00,1.93,,,,,,145.43,,0.00,,,,,,,,,,,,,,,,,,,,,,,20006,10582,20006-2026-0301-000180,,,,,,,,,,,,,,,,,,,,,,,,,,,,,,,,,,,,,,,,,,2026-03-01,CORA-01-FUCH-12,,,,,,EA,,,,,,,,2,0,,2,,10.75,,21.50,,,,,FALSE,TRUE,FALSE,FALSE,,,,,,,,,,,,,,,,,,
180,1,0,2026-03-01,2026-03-02,2026-03-31,2026-03-01,,,,,Squarespace,Squarespace,,,USD,143.50,,145.43,,,0,0.00,,0.00,1.93,,,,,,145.43,,0.00,,,,,,,,,,,,,,,,,,,,,,,20006,10582,20006-2026-0301-000180,,,,,,,,,,,,,,,,,,,,,,,,,,,,,,,,,,,,,,,,,,2026-03-01,AUSTIN-06-WHITE-8,,,,,,EA,,,,,,,,2,0,,2,,10.00,,20.00,,,,,FALSE,TRUE,FALSE,FALSE,,,,,,,,,,,,,,,,,,
180,1,0,2026-03-01,2026-03-02,2026-03-31,2026-03-01,,,,,Squarespace,Squarespace,,,USD,143.50,,145.43,,,0,0.00,,0.00,1.93,,,,,,145.43,,0.00,,,,,,,,,,,,,,,,,,,,,,,20006,10582,20006-2026-0301-000180,,,,,,,,,,,,,,,,,,,,,,,,,,,,,,,,,,,,,,,,,,2026-03-01,FA13512DM-1847DPOCN-31-30,,,,,,EA,,,,,,,,3,0,,3,,34.00,,102.00,,,,,FALSE,TRUE,FALSE,FALSE,,,,,,,,,,,,,,,,,,
181,1,0,2026-03-03,2026-03-06,2026-04-02,2026-03-05,,,,,Macys,Macys,,,USD,40.00,,48.16,,,0,0.00,,0.00,8.16,,,,,,48.16,,0.00,,,,,,,,,,,,,,,,,,,,,,,30005,10574,30005-2026-0303-000181,,,,,,,,,,,,,,,,,,,,,,,,,,,,,,,,,,,,,,,,,,2026-03-03,CAMILA-06-NUDE-5,,,,,,EA,,,,,,,,4,0,,4,,8.00,,32.00,,,,,FALSE,TRUE,FALSE,FALSE,,,,,,,,,,,,,,,,,,
181,1,0,2026-03-03,2026-03-06,2026-04-02,2026-03-05,,,,,Macys,Macys,,,USD,40.00,,48.16,,,0,0.00,,0.00,8.16,,,,,,48.16,,0.00,,,,,,,,,,,,,,,,,,,,,,,30005,10574,30005-2026-0303-000181,,,,,,,,,,,,,,,,,,,,,,,,,,,,,,,,,,,,,,,,,,2026-03-03,CAMILA-06-GREEN-6.5,,,,,,EA,,,,,,,,1,0,,1,,8.00,,8.00,,,,,FALSE,TRUE,FALSE,FALSE,,,,,,,,,,,,,,,,,,
182,1,0,2026-03-01,2026-03-05,2026-03-31,2026-03-01,,,,,eBay,eBay,,,USD,190.00,,193.22,,,0,0.00,,0.00,3.22,,,,,,193.22,,0.00,,,,,,,,,,,,,,,,,,,,,,,10004,10570,10004-2026-0301-000182,,,,,,,,,,,,,,,,,,,,,,,,,,,,,,,,,,,,,,,,,,2026-03-01,FD9801506P-GINGER-3X-STD,,,,,,EA,,,,,,,,3,0,,3,,49.00,,147.00,,,,,FALSE,TRUE,FALSE,FALSE,,,,,,,,,,,,,,,,,,
182,1,0,2026-03-01,2026-03-05,2026-03-31,2026-03-01,,,,,eBay,eBay,,,USD,190.00,,193.22,,,0,0.00,,0.00,3.22,,,,,,193.22,,0.00,,,,,,,,,,,,,,,,,,,,,,,10004,10570,10004-2026-0301-000182,,,,,,,,,,,,,,,,,,,,,,,,,,,,,,,,,,,,,,,,,,2026-03-01,AUSTIN-06-BLUSH-9.5,,,,,,EA,,,,,,,,2,0,,2,,10.00,,20.00,,,,,FALSE,TRUE,FALSE,FALSE,,,,,,,,,,,,,,,,,,
182,1,0,2026-03-01,2026-03-05,2026-03-31,2026-03-01,,,,,eBay,eBay,,,USD,190.00,,193.22,,,0,0.00,,0.00,3.22,,,,,,193.22,,0.00,,,,,,,,,,,,,,,,,,,,,,,10004,10570,10004-2026-0301-000182,,,,,,,,,,,,,,,,,,,,,,,,,,,,,,,,,,,,,,,,,,2026-03-01,ADELINE-02-PINK-5,,,,,,EA,,,,,,,,2,0,,2,,11.50,,23.00,,,,,FALSE,TRUE,FALSE,FALSE,,,,,,,,,,,,,,,,,,
183,1,0,2026-03-03,2026-03-03,2026-04-02,2026-03-03,,,,,JCPenney,JCPenney,,,USD,46.00,,52.79,,,0,0.00,,0.00,6.79,,,,,,52.79,,0.00,,,,,,,,,,,,,,,,,,,,,,,30007,10575,30007-2026-0303-000183,,,,,,,,,,,,,,,,,,,,,,,,,,,,,,,,,,,,,,,,,,2026-03-03,ADELINE-02-BLACK-8.5,,,,,,EA,,,,,,,,4,0,,4,,11.50,,46.00,,,,,FALSE,TRUE,FALSE,FALSE,,,,,,,,,,,,,,,,,,
184,1,0,2026-03-02,2026-03-03,2026-04-01,2026-03-03,,,,,Etsy-LS,Etsy LS,,,USD,64.25,,69.80,,,0,0.00,,0.00,5.55,,,,,,69.80,,0.00,,,,,,,,,,,,,,,,,,,,,,,10008,10571,10008-2026-0302-000184,,,,,,,,,,,,,,,,,,,,,,,,,,,,,,,,,,,,,,,,,,2026-03-02,CORA-01-FUCH-8.5,,,,,,EA,,,,,,,,3,0,,3,,10.75,,32.25,,,,,FALSE,TRUE,FALSE,FALSE,,,,,,,,,,,,,,,,,,
184,1,0,2026-03-02,2026-03-03,2026-04-01,2026-03-03,,,,,Etsy-LS,Etsy LS,,,USD,64.25,,69.80,,,0,0.00,,0.00,5.55,,,,,,69.80,,0.00,,,,,,,,,,,,,,,,,,,,,,,10008,10571,10008-2026-0302-000184,,,,,,,,,,,,,,,,,,,,,,,,,,,,,,,,,,,,,,,,,,2026-03-02,CAMILA-06-GREEN-9.5,,,,,,EA,,,,,,,,4,0,,4,,8.00,,32.00,,,,,FALSE,TRUE,FALSE,FALSE,,,,,,,,,,,,,,,,,,
185,1,0,2026-03-01,2026-03-06,2026-03-31,2026-03-03,,,,,Shopify,Shopify,,,USD,89.50,,92.87,,,0,0.00,,0.00,3.37,,,,,,92.87,,0.00,,,,,,,,,,,,,,,,,,,,,,,20001,10580,20001-2026-0301-000185,,,,,,,,,,,,,,,,,,,,,,,,,,,,,,,,,,,,,,,,,,2026-03-01,ADELINE-02-WHITE-7.5,,,,,,EA,,,,,,,,1,0,,1,,11.50,,11.50,,,,,FALSE,TRUE,FALSE,FALSE,,,,,,,,,,,,,,,,,,
185,1,0,2026-03-01,2026-03-06,2026-03-31,2026-03-03,,,,,Shopify,Shopify,,,USD,89.50,,92.87,,,0,0.00,,0.00,3.37,,,,,,92.87,,0.00,,,,,,,,,,,,,,,,,,,,,,,20001,10580,20001-2026-0301-000185,,,,,,,,,,,,,,,,,,,,,,,,,,,,,,,,,,,,,,,,,,2026-03-01,FB3601737-3219UNFORGV-28-STD,,,,,,EA,,,,,,,,2,0,,2,,39.00,,78.00,,,,,FALSE,TRUE,FALSE,FALSE,,,,,,,,,,,,,,,,,,
186,1,0,2026-03-02,2026-03-03,2026-04-01,2026-03-03,,,,,Walmart-eComm,Walmart eComm,,,USD,102.25,,105.05,,,0,0.00,,0.00,2.80,,,,,,105.05,,0.00,,,,,,,,,,,,,,,,,,,,,,,10002,10566,10002-2026-0302-000186,,,,,,,,,,,,,,,,,,,,,,,,,,,,,,,,,,,,,,,,,,2026-03-02,AUSTIN-06-WHITE-12,,,,,,EA,,,,,,,,4,0,,4,,10.00,,40.00,,,,,FALSE,TRUE,FALSE,FALSE,,,,,,,,,,,,,,,,,,
186,1,0,2026-03-02,2026-03-03,2026-04-01,2026-03-03,,,,,Walmart-eComm,Walmart eComm,,,USD,102.25,,105.05,,,0,0.00,,0.00,2.80,,,,,,105.05,,0.00,,,,,,,,,,,,,,,,,,,,,,,10002,10566,10002-2026-0302-000186,,,,,,,,,,,,,,,,,,,,,,,,,,,,,,,,,,,,,,,,,,2026-03-02,ASTRID-01-BLUSH-5,,,,,,EA,,,,,,,,3,0,,3,,20.75,,62.25,,,,,FALSE,TRUE,FALSE,FALSE,,,,,,,,,,,,,,,,,,
187,1,0,2026-03-03,2026-03-06,2026-04-02,2026-03-04,,,,,Veeqo-Amazon,Veeqo Amazon,,,USD,222.00,,229.06,,,0,0.00,,0.00,7.06,,,,,,229.06,,0.00,,,,,,,,,,,,,,,,,,,,,,,10016,10579,10016-2026-0303-000187,,,,,,,,,,,,,,,,,,,,,,,,,,,,,,,,,,,,,,,,,,2026-03-03,ADELINE-03-BROWN-B12,,,,,,EA,,,,,,,,1,0,,1,,222.00,,222.00,,,,,FALSE,TRUE,FALSE,FALSE,,,,,,,,,,,,,,,,,,
188,1,0,2026-03-04,2026-03-09,2026-04-03,2026-03-06,,,,,Macys,Macys,,,USD,45.50,,47.80,,,0,0.00,,0.00,2.30,,,,,,47.80,,0.00,,,,,,,,,,,,,,,,,,,,,,,30005,10574,30005-2026-0304-000188,,,,,,,,,,,,,,,,,,,,,,,,,,,,,,,,,,,,,,,,,,2026-03-04,CAMILA-06-GREEN-9,,,,,,EA,,,,,,,,3,0,,3,,8.00,,24.00,,,,,FALSE,TRUE,FALSE,FALSE,,,,,,,,,,,,,,,,,,
188,1,0,2026-03-04,2026-03-09,2026-04-03,2026-03-06,,,,,Macys,Macys,,,USD,45.50,,47.80,,,0,0.00,,0.00,2.30,,,,,,47.80,,0.00,,,,,,,,,,,,,,,,,,,,,,,30005,10574,30005-2026-0304-000188,,,,,,,,,,,,,,,,,,,,,,,,,,,,,,,,,,,,,,,,,,2026-03-04,CORA-01-BLK-8,,,,,,EA,,,,,,,,1,0,,1,,10.75,,10.75,,,,,FALSE,TRUE,FALSE,FALSE,,,,,,,,,,,,,,,,,,
188,1,0,2026-03-04,2026-03-09,2026-04-03,2026-03-06,,,,,Macys,Macys,,,USD,45.50,,47.80,,,0,0.00,,0.00,2.30,,,,,,47.80,,0.00,,,,,,,,,,,,,,,,,,,,,,,30005,10574,30005-2026-0304-000188,,,,,,,,,,,,,,,,,,,,,,,,,,,,,,,,,,,,,,,,,,2026-03-04,CORA-01-BLK-6.5,,,,,,EA,,,,,,,,1,0,,1,,10.75,,10.75,,,,,FALSE,TRUE,FALSE,FALSE,,,,,,,,,,,,,,,,,,
189,1,0,2026-03-04,2026-03-06,2026-04-03,2026-03-05,,,,,Mirakl-Kohls,Mirakl Kohls,,,USD,83.75,,90.54,,,0,0.00,,0.00,6.79,,,,,,90.54,,0.00,,,,,,,,,,,,,,,,,,,,,,,10013,10576,10013-2026-0304-000189,,,,,,,,,,,,,,,,,,,,,,,,,,,,,,,,,,,,,,,,,,2026-03-04,CORA-01-FUCH-8,,,,,,EA,,,,,,,,2,0,,2,,10.75,,21.50,,,,,FALSE,TRUE,FALSE,FALSE,,,,,,,,,,,,,,,,,,
189,1,0,2026-03-04,2026-03-06,2026-04-03,2026-03-05,,,,,Mirakl-Kohls,Mirakl Kohls,,,USD,83.75,,90.54,,,0,0.00,,0.00,6.79,,,,,,90.54,,0.00,,,,,,,,,,,,,,,,,,,,,,,10013,10576,10013-2026-0304-000189,,,,,,,,,,,,,,,,,,,,,,,,,,,,,,,,,,,,,,,,,,2026-03-04,CORA-01-CAME-8.5,,,,,,EA,,,,,,,,3,0,,3,,10.75,,32.25,,,,,FALSE,TRUE,FALSE,FALSE,,,,,,,,,,,,,,,,,,
189,1,0,2026-03-04,2026-03-06,2026-04-03,2026-03-05,,,,,Mirakl-Kohls,Mirakl Kohls,,,USD,83.75,,90.54,,,0,0.00,,0.00,6.79,,,,,,90.54,,0.00,,,,,,,,,,,,,,,,,,,,,,,10013,10576,10013-2026-0304-000189,,,,,,,,,,,,,,,,,,,,,,,,,,,,,,,,,,,,,,,,,,2026-03-04,AUSTIN-06-CAMEL-5,,,,,,EA,,,,,,,,3,0,,3,,10.00,,30.00,,,,,FALSE,TRUE,FALSE,FALSE,,,,,,,,,,,,,,,,,,
190,1,0,2026-03-02,2026-03-07,2026-04-01,2026-03-04,,,,,Squarespace,Squarespace,,,USD,108.75,,119.69,,,0,0.00,,0.00,10.94,,,,,,119.69,,0.00,,,,,,,,,,,,,,,,,,,,,,,20006,10582,20006-2026-0302-000190,,,,,,,,,,,,,,,,,,,,,,,,,,,,,,,,,,,,,,,,,,2026-03-02,CORA-01-BLK-9,,,,,,EA,,,,,,,,1,0,,1,,10.75,,10.75,,,,,FALSE,TRUE,FALSE,FALSE,,,,,,,,,,,,,,,,,,
190,1,0,2026-03-02,2026-03-07,2026-04-01,2026-03-04,,,,,Squarespace,Squarespace,,,USD,108.75,,119.69,,,0,0.00,,0.00,10.94,,,,,,119.69,,0.00,,,,,,,,,,,,,,,,,,,,,,,20006,10582,20006-2026-0302-000190,,,,,,,,,,,,,,,,,,,,,,,,,,,,,,,,,,,,,,,,,,2026-03-02,FD3601734-MEDBLEACH-S-STD,,,,,,EA,,,,,,,,1,0,,1,,98.00,,98.00,,,,,FALSE,TRUE,FALSE,FALSE,,,,,,,,,,,,,,,,,,
191,1,0,2026-03-01,2026-03-06,2026-03-31,2026-03-02,,,,,Etsy-VS,Etsy VS,,,USD,292.75,,294.19,,,0,0.00,,0.00,1.44,,,,,,294.19,,0.00,,,,,,,,,,,,,,,,,,,,,,,10008,10572,10008-2026-0301-000191,,,,,,,,,,,,,,,,,,,,,,,,,,,,,,,,,,,,,,,,,,2026-03-01,ADELINE-03-TAUPE-12,,,,,,EA,,,,,,,,1,0,,1,,18.50,,18.50,,,,,FALSE,TRUE,FALSE,FALSE,,,,,,,,,,,,,,,,,,
191,1,0,2026-03-01,2026-03-06,2026-03-31,2026-03-02,,,,,Etsy-VS,Etsy VS,,,USD,292.75,,294.19,,,0,0.00,,0.00,1.44,,,,,,294.19,,0.00,,,,,,,,,,,,,,,,,,,,,,,10008,10572,10008-2026-0301-000191,,,,,,,,,,,,,,,,,,,,,,,,,,,,,,,,,,,,,,,,,,2026-03-01,AVIANA-06-WHITE-9,,,,,,EA,,,,,,,,1,0,,1,,16.25,,16.25,,,,,FALSE,TRUE,FALSE,FALSE,,,,,,,,,,,,,,,,,,
191,1,0,2026-03-01,2026-03-06,2026-03-31,2026-03-02,,,,,Etsy-VS,Etsy VS,,,USD,292.75,,294.19,,,0,0.00,,0.00,1.44,,,,,,294.19,,0.00,,,,,,,,,,,,,,,,,,,,,,,10008,10572,10008-2026-0301-000191,,,,,,,,,,,,,,,,,,,,,,,,,,,,,,,,,,,,,,,,,,2026-03-01,CORA-01-LEOP-A12,,,,,,EA,,,,,,,,2,0,,2,,129.00,,258.00,,,,,FALSE,TRUE,FALSE,FALSE,,,,,,,,,,,,,,,,,,
192,1,0,2026-03-01,2026-03-06,2026-03-31,2026-03-03,,,,,eBay,eBay,,,USD,150.75,,150.75,,,0,0.00,,0.00,0.00,,,,,,150.75,,0.00,,,,,,,,,,,,,,,,,,,,,,,10004,10570,10004-2026-0301-000192,,,,,,,,,,,,,,,,,,,,,,,,,,,,,,,,,,,,,,,,,,2026-03-01,FA13501DM-1464KINGSC-31-32,,,,,,EA,,,,,,,,3,0,,3,,34.00,,102.00,,,,,FALSE,TRUE,FALSE,FALSE,,,,,,,,,,,,,,,,,,
192,1,0,2026-03-01,2026-03-06,2026-03-31,2026-03-03,,,,,eBay,eBay,,,USD,150.75,,150.75,,,0,0.00,,0.00,0.00,,,,,,150.75,,0.00,,,,,,,,,,,,,,,,,,,,,,,10004,10570,10004-2026-0301-000192,,,,,,,,,,,,,,,,,,,,,,,,,,,,,,,,,,,,,,,,,,2026-03-01,AVIANA-06-BEIGE-9.5,,,,,,EA,,,,,,,,3,0,,3,,16.25,,48.75,,,,,FALSE,TRUE,FALSE,FALSE,,,,,,,,,,,,,,,,,,
193,1,0,2026-03-01,2026-03-03,2026-03-31,2026-03-02,,,,,Magento,Magento,,,USD,136.25,,141.38,,,0,0.00,,0.00,5.13,,,,,,141.38,,0.00,,,,,,,,,,,,,,,,,,,,,,,20003,10581,20003-2026-0301-000193,,,,,,,,,,,,,,,,,,,,,,,,,,,,,,,,,,,,,,,,,,2026-03-01,FA16023WV-SMOKELEOPARD-XL-STD,,,,,,EA,,,,,,,,3,0,,3,,40.00,,120.00,,,,,FALSE,TRUE,FALSE,FALSE,,,,,,,,,,,,,,,,,,
193,1,0,2026-03-01,2026-03-03,2026-03-31,2026-03-02,,,,,Magento,Magento,,,USD,136.25,,141.38,,,0,0.00,,0.00,5.13,,,,,,141.38,,0.00,,,,,,,,,,,,,,,,,,,,,,,20003,10581,20003-2026-0301-000193,,,,,,,,,,,,,,,,,,,,,,,,,,,,,,,,,,,,,,,,,,2026-03-01,AVIANA-06-BEIGE-8.5,,,,,,EA,,,,,,,,1,0,,1,,16.25,,16.25,,,,,FALSE,TRUE,FALSE,FALSE,,,,,,,,,,,,,,,,,,
194,1,0,2026-03-04,2026-03-08,2026-04-03,2026-03-05,,,,,Macys,Macys,,,USD,272.75,,278.26,,,0,0.00,,0.00,5.51,,,,,,278.26,,0.00,,,,,,,,,,,,,,,,,,,,,,,30005,10574,30005-2026-0304-000194,,,,,,,,,,,,,,,,,,,,,,,,,,,,,,,,,,,,,,,,,,2026-03-04,CORA-01-FUCH-9.5,,,,,,EA,,,,,,,,3,0,,3,,10.75,,32.25,,,,,FALSE,TRUE,FALSE,FALSE,,,,,,,,,,,,,,,,,,
194,1,0,2026-03-04,2026-03-08,2026-04-03,2026-03-05,,,,,Macys,Macys,,,USD,272.75,,278.26,,,0,0.00,,0.00,5.51,,,,,,278.26,,0.00,,,,,,,,,,,,,,,,,,,,,,,30005,10574,30005-2026-0304-000194,,,,,,,,,,,,,,,,,,,,,,,,,,,,,,,,,,,,,,,,,,2026-03-04,ADELINE-03-BROWN-A12,,,,,,EA,,,,,,,,1,0,,1,,222.00,,222.00,,,,,FALSE,TRUE,FALSE,FALSE,,,,,,,,,,,,,,,,,,
194,1,0,2026-03-04,2026-03-08,2026-04-03,2026-03-05,,,,,Macys,Macys,,,USD,272.75,,278.26,,,0,0.00,,0.00,5.51,,,,,,278.26,,0.00,,,,,,,,,,,,,,,,,,,,,,,30005,10574,30005-2026-0304-000194,,,,,,,,,,,,,,,,,,,,,,,,,,,,,,,,,,,,,,,,,,2026-03-04,ADELINE-03-BROWN-7,,,,,,EA,,,,,,,,1,0,,1,,18.50,,18.50,,,,,FALSE,TRUE,FALSE,FALSE,,,,,,,,,,,,,,,,,,
195,1,0,2026-03-03,2026-03-05,2026-04-02,2026-03-05,,,,,Walmart-eComm,Walmart eComm,,,USD,235.50,,239.03,,,0,0.00,,0.00,3.53,,,,,,239.03,,0.00,,,,,,,,,,,,,,,,,,,,,,,10002,10566,10002-2026-0303-000195,,,,,,,,,,,,,,,,,,,,,,,,,,,,,,,,,,,,,,,,,,2026-03-03,F13031C-1742VNTGCO-32-STD,,,,,,EA,,,,,,,,4,0,,4,,34.00,,136.00,,,,,FALSE,TRUE,FALSE,FALSE,,,,,,,,,,,,,,,,,,
195,1,0,2026-03-03,2026-03-05,2026-04-02,2026-03-05,,,,,Walmart-eComm,Walmart eComm,,,USD,235.50,,239.03,,,0,0.00,,0.00,3.53,,,,,,239.03,,0.00,,,,,,,,,,,,,,,,,,,,,,,10002,10566,10002-2026-0303-000195,,,,,,,,,,,,,,,,,,,,,,,,,,,,,,,,,,,,,,,,,,2026-03-03,ADELINE-02-WHITE-9,,,,,,EA,,,,,,,,3,0,,3,,11.50,,34.50,,,,,FALSE,TRUE,FALSE,FALSE,,,,,,,,,,,,,,,,,,
195,1,0,2026-03-03,2026-03-05,2026-04-02,2026-03-05,,,,,Walmart-eComm,Walmart eComm,,,USD,235.50,,239.03,,,0,0.00,,0.00,3.53,,,,,,239.03,,0.00,,,,,,,,,,,,,,,,,,,,,,,10002,10566,10002-2026-0303-000195,,,,,,,,,,,,,,,,,,,,,,,,,,,,,,,,,,,,,,,,,,2026-03-03,AVIANA-06-WHITE-7,,,,,,EA,,,,,,,,4,0,,4,,16.25,,65.00,,,,,FALSE,TRUE,FALSE,FALSE,,,,,,,,,,,,,,,,,,
196,1,0,2026-03-04,2026-03-09,2026-04-03,2026-03-04,,,,,Macys,Macys,,,USD,93.75,,99.00,,,0,0.00,,0.00,5.25,,,,,,99.00,,0.00,,,,,,,,,,,,,,,,,,,,,,,30005,10574,30005-2026-0304-000196,,,,,,,,,,,,,,,,,,,,,,,,,,,,,,,,,,,,,,,,,,2026-03-04,CORA-01-BLK-7,,,,,,EA,,,,,,,,1,0,,1,,10.75,,10.75,,,,,FALSE,TRUE,FALSE,FALSE,,,,,,,,,,,,,,,,,,
196,1,0,2026-03-04,2026-03-09,2026-04-03,2026-03-04,,,,,Macys,Macys,,,USD,93.75,,99.00,,,0,0.00,,0.00,5.25,,,,,,99.00,,0.00,,,,,,,,,,,,,,,,,,,,,,,30005,10574,30005-2026-0304-000196,,,,,,,,,,,,,,,,,,,,,,,,,,,,,,,,,,,,,,,,,,2026-03-04,ASTRID-01-GREY-9,,,,,,EA,,,,,,,,4,0,,4,,20.75,,83.00,,,,,FALSE,TRUE,FALSE,FALSE,,,,,,,,,,,,,,,,,,
197,1,0,2026-03-01,2026-03-04,2026-03-31,2026-03-03,,,,,AMZ-eCom,AMZ eCom,,,USD,414.00,,427.64,,,0,0.00,,0.00,13.64,,,,,,427.64,,0.00,,,,,,,,,,,,,,,,,,,,,,,10001,10565,10001-2026-0301-000197,,,,,,,,,,,,,,,,,,,,,,,,,,,,,,,,,,,,,,,,,,2026-03-01,ADELINE-02-NUDE-A12,,,,,,EA,,,,,,,,3,0,,3,,138.00,,414.00,,,,,FALSE,TRUE,FALSE,FALSE,,,,,,,,,,,,,,,,,,
198,1,0,2026-03-03,2026-03-06,2026-04-02,2026-03-05,,,,,Veeqo-Amazon,Veeqo Amazon,,,USD,51.50,,51.81,,,0,0.00,,0.00,0.31,,,,,,51.81,,0.00,,,,,,,,,,,,,,,,,,,,,,,10016,10579,10016-2026-0303-000198,,,,,,,,,,,,,,,,,,,,,,,,,,,,,,,,,,,,,,,,,,2026-03-03,AUSTIN-06-WHITE-5,,,,,,EA,,,,,,,,4,0,,4,,10.00,,40.00,,,,,FALSE,TRUE,FALSE,FALSE,,,,,,,,,,,,,,,,,,
198,1,0,2026-03-03,2026-03-06,2026-04-02,2026-03-05,,,,,Veeqo-Amazon,Veeqo Amazon,,,USD,51.50,,51.81,,,0,0.00,,0.00,0.31,,,,,,51.81,,0.00,,,,,,,,,,,,,,,,,,,,,,,10016,10579,10016-2026-0303-000198,,,,,,,,,,,,,,,,,,,,,,,,,,,,,,,,,,,,,,,,,,2026-03-03,ADELINE-02-PINK-7,,,,,,EA,,,,,,,,1,0,,1,,11.50,,11.50,,,,,FALSE,TRUE,FALSE,FALSE,,,,,,,,,,,,,,,,,,
199,1,0,2026-03-01,2026-03-04,2026-03-31,2026-03-01,,,,,Walmart-eComm,Walmart eComm,,,USD,154.00,,160.47,,,0,0.00,,0.00,6.47,,,,,,160.47,,0.00,,,,,,,,,,,,,,,,,,,,,,,10002,10566,10002-2026-0301-000199,,,,,,,,,,,,,,,,,,,,,,,,,,,,,,,,,,,,,,,,,,2026-03-01,CAMILA-06-BLACK-7.5,,,,,,EA,,,,,,,,3,0,,3,,8.00,,24.00,,,,,FALSE,TRUE,FALSE,FALSE,,,,,,,,,,,,,,,,,,
199,1,0,2026-03-01,2026-03-04,2026-03-31,2026-03-01,,,,,Walmart-eComm,Walmart eComm,,,USD,154.00,,160.47,,,0,0.00,,0.00,6.47,,,,,,160.47,,0.00,,,,,,,,,,,,,,,,,,,,,,,10002,10566,10002-2026-0301-000199,,,,,,,,,,,,,,,,,,,,,,,,,,,,,,,,,,,,,,,,,,2026-03-01,FA13501DM-RINSEWSFT-28-32,,,,,,EA,,,,,,,,1,0,,1,,34.00,,34.00,,,,,FALSE,TRUE,FALSE,FALSE,,,,,,,,,,,,,,,,,,
199,1,0,2026-03-01,2026-03-04,2026-03-31,2026-03-01,,,,,Walmart-eComm,Walmart eComm,,,USD,154.00,,160.47,,,0,0.00,,0.00,6.47,,,,,,160.47,,0.00,,,,,,,,,,,,,,,,,,,,,,,10002,10566,10002-2026-0301-000199,,,,,,,,,,,,,,,,,,,,,,,,,,,,,,,,,,,,,,,,,,2026-03-01,173451-1183CITIZEN-15-34,,,,,,EA,,,,,,,,4,0,,4,,24.00,,96.00,,,,,FALSE,TRUE,FALSE,FALSE,,,,,,,,,,,,,,,,,,
200,1,0,2026-03-03,2026-03-06,2026-04-02,2026-03-04,,,,,Shopify,Shopify,,,USD,93.75,,96.22,,,0,0.00,,0.00,2.47,,,,,,96.22,,0.00,,,,,,,,,,,,,,,,,,,,,,,20001,10580,20001-2026-0303-000200,,,,,,,,,,,,,,,,,,,,,,,,,,,,,,,,,,,,,,,,,,2026-03-03,ASTRID-01-GREY-6,,,,,,EA,,,,,,,,4,0,,4,,20.75,,83.00,,,,,FALSE,TRUE,FALSE,FALSE,,,,,,,,,,,,,,,,,,
200,1,0,2026-03-03,2026-03-06,2026-04-02,2026-03-04,,,,,Shopify,Shopify,,,USD,93.75,,96.22,,,0,0.00,,0.00,2.47,,,,,,96.22,,0.00,,,,,,,,,,,,,,,,,,,,,,,20001,10580,20001-2026-0303-000200,,,,,,,,,,,,,,,,,,,,,,,,,,,,,,,,,,,,,,,,,,2026-03-03,CORA-01-LEOP-10,,,,,,EA,,,,,,,,1,0,,1,,10.75,,10.75,,,,,FALSE,TRUE,FALSE,FALSE,,,,,,,,,,,,,,,,,,
201,1,0,2026-03-03,2026-03-07,2026-04-02,2026-03-05,,,,,Shopify,Shopify,,,USD,318.00,,335.25,,,0,0.00,,0.00,17.25,,,,,,335.25,,0.00,,,,,,,,,,,,,,,,,,,,,,,20001,10580,20001-2026-0303-000201,,,,,,,,,,,,,,,,,,,,,,,,,,,,,,,,,,,,,,,,,,2026-03-03,AUSTIN-06-NUDE-S,,,,,,EA,,,,,,,,2,0,,2,,120.00,,240.00,,,,,FALSE,TRUE,FALSE,FALSE,,,,,,,,,,,,,,,,,,
201,1,0,2026-03-03,2026-03-07,2026-04-02,2026-03-05,,,,,Shopify,Shopify,,,USD,318.00,,335.25,,,0,0.00,,0.00,17.25,,,,,,335.25,,0.00,,,,,,,,,,,,,,,,,,,,,,,20001,10580,20001-2026-0303-000201,,,,,,,,,,,,,,,,,,,,,,,,,,,,,,,,,,,,,,,,,,2026-03-03,FA16023WV-MIDNIGHTBLUE-XS-STD,,,,,,EA,,,,,,,,2,0,,2,,39.00,,78.00,,,,,FALSE,TRUE,FALSE,FALSE,,,,,,,,,,,,,,,,,,
202,1,0,2026-03-03,2026-03-08,2026-04-02,2026-03-05,,,,,Etsy-VS,Etsy VS,,,USD,190.00,,197.30,,,0,0.00,,0.00,7.30,,,,,,197.30,,0.00,,,,,,,,,,,,,,,,,,,,,,,10008,10572,10008-2026-0303-000202,,,,,,,,,,,,,,,,,,,,,,,,,,,,,,,,,,,,,,,,,,2026-03-03,FA16105WV-MIDNIGHTCAMO-XL-STD,,,,,,EA,,,,,,,,4,0,,4,,39.00,,156.00,,,,,FALSE,TRUE,FALSE,FALSE,,,,,,,,,,,,,,,,,,
202,1,0,2026-03-03,2026-03-08,2026-04-02,2026-03-05,,,,,Etsy-VS,Etsy VS,,,USD,190.00,,197.30,,,0,0.00,,0.00,7.30,,,,,,197.30,,0.00,,,,,,,,,,,,,,,,,,,,,,,10008,10572,10008-2026-0303-000202,,,,,,,,,,,,,,,,,,,,,,,,,,,,,,,,,,,,,,,,,,2026-03-03,FA13501DM-1464KINGSC-32-30,,,,,,EA,,,,,,,,1,0,,1,,34.00,,34.00,,,,,FALSE,TRUE,FALSE,FALSE,,,,,,,,,,,,,,,,,,
203,1,0,2026-03-04,2026-03-05,2026-04-03,2026-03-04,,,,,eBay,eBay,,,USD,254.25,,260.04,,,0,0.00,,0.00,5.79,,,,,,260.04,,0.00,,,,,,,,,,,,,,,,,,,,,,,10004,10570,10004-2026-0304-000203,,,,,,,,,,,,,,,,,,,,,,,,,,,,,,,,,,,,,,,,,,2026-03-04,ADELINE-03-GOLD-A12,,,,,,EA,,,,,,,,1,0,,1,,222.00,,222.00,,,,,FALSE,TRUE,FALSE,FALSE,,,,,,,,,,,,,,,,,,
203,1,0,2026-03-04,2026-03-05,2026-04-03,2026-03-04,,,,,eBay,eBay,,,USD,254.25,,260.04,,,0,0.00,,0.00,5.79,,,,,,260.04,,0.00,,,,,,,,,,,,,,,,,,,,,,,10004,10570,10004-2026-0304-000203,,,,,,,,,,,,,,,,,,,,,,,,,,,,,,,,,,,,,,,,,,2026-03-04,CORA-01-TAUP-9,,,,,,EA,,,,,,,,3,0,,3,,10.75,,32.25,,,,,FALSE,TRUE,FALSE,FALSE,,,,,,,,,,,,,,,,,,
204,1,0,2026-03-03,2026-03-04,2026-04-02,2026-03-04,,,,,Veeqo-Amazon,Veeqo Amazon,,,USD,244.00,,244.00,,,0,0.00,,0.00,0.00,,,,,,244.00,,0.00,,,,,,,,,,,,,,,,,,,,,,,10016,10579,10016-2026-0303-000204,,,,,,,,,,,,,,,,,,,,,,,,,,,,,,,,,,,,,,,,,,2026-03-03,FD9801506P-BLACK-3X-STD,,,,,,EA,,,,,,,,2,0,,2,,49.00,,98.00,,,,,FALSE,TRUE,FALSE,FALSE,,,,,,,,,,,,,,,,,,
204,1,0,2026-03-03,2026-03-04,2026-04-02,2026-03-04,,,,,Veeqo-Amazon,Veeqo Amazon,,,USD,244.00,,244.00,,,0,0.00,,0.00,0.00,,,,,,244.00,,0.00,,,,,,,,,,,,,,,,,,,,,,,10016,10579,10016-2026-0303-000204,,,,,,,,,,,,,,,,,,,,,,,,,,,,,,,,,,,,,,,,,,2026-03-03,FA13512DM-1847DPOCN-27-32,,,,,,EA,,,,,,,,4,0,,4,,34.00,,136.00,,,,,FALSE,TRUE,FALSE,FALSE,,,,,,,,,,,,,,,,,,
204,1,0,2026-03-03,2026-03-04,2026-04-02,2026-03-04,,,,,Veeqo-Amazon,Veeqo Amazon,,,USD,244.00,,244.00,,,0,0.00,,0.00,0.00,,,,,,244.00,,0.00,,,,,,,,,,,,,,,,,,,,,,,10016,10579,10016-2026-0303-000204,,,,,,,,,,,,,,,,,,,,,,,,,,,,,,,,,,,,,,,,,,2026-03-03,AUSTIN-06-BLACK-7.5,,,,,,EA,,,,,,,,1,0,,1,,10.00,,10.00,,,,,FALSE,TRUE,FALSE,FALSE,,,,,,,,,,,,,,,,,,
205,1,0,2026-03-02,2026-03-06,2026-04-01,2026-03-02,,,,,Etsy-LS,Etsy LS,,,USD,218.25,,218.53,,,0,0.00,,0.00,0.28,,,,,,218.53,,0.00,,,,,,,,,,,,,,,,,,,,,,,10008,10571,10008-2026-0302-000205,,,,,,,,,,,,,,,,,,,,,,,,,,,,,,,,,,,,,,,,,,2026-03-02,AVIANA-06-WHITE-8,,,,,,EA,,,,,,,,1,0,,1,,16.25,,16.25,,,,,FALSE,TRUE,FALSE,FALSE,,,,,,,,,,,,,,,,,,
205,1,0,2026-03-02,2026-03-06,2026-04-01,2026-03-02,,,,,Etsy-LS,Etsy LS,,,USD,218.25,,218.53,,,0,0.00,,0.00,0.28,,,,,,218.53,,0.00,,,,,,,,,,,,,,,,,,,,,,,10008,10571,10008-2026-0302-000205,,,,,,,,,,,,,,,,,,,,,,,,,,,,,,,,,,,,,,,,,,2026-03-02,ADELINE-02-WHITE-9.5,,,,,,EA,,,,,,,,4,0,,4,,11.50,,46.00,,,,,FALSE,TRUE,FALSE,FALSE,,,,,,,,,,,,,,,,,,
205,1,0,2026-03-02,2026-03-06,2026-04-01,2026-03-02,,,,,Etsy-LS,Etsy LS,,,USD,218.25,,218.53,,,0,0.00,,0.00,0.28,,,,,,218.53,,0.00,,,,,,,,,,,,,,,,,,,,,,,10008,10571,10008-2026-0302-000205,,,,,,,,,,,,,,,,,,,,,,,,,,,,,,,,,,,,,,,,,,2026-03-02,FA16105WV-MIDNIGHTBLUE-XL-STD,,,,,,EA,,,,,,,,4,0,,4,,39.00,,156.00,,,,,FALSE,TRUE,FALSE,FALSE,,,,,,,,,,,,,,,,,,
206,1,0,2026-03-01,2026-03-01,2026-03-31,2026-03-01,,,,,Mirakl-Kohls,Mirakl Kohls,,,USD,131.45,,139.91,,,0,0.00,,0.00,8.46,,,,,,139.91,,0.00,,,,,,,,,,,,,,,,,,,,,,,10013,10576,10013-2026-0301-000206,,,,,,,,,,,,,,,,,,,,,,,,,,,,,,,,,,,,,,,,,,2026-03-01,ASTRID-01-BLUSH-B12,,,,,,EA,,,,,,,,1,0,,1,,88.45,,88.45,,,,,FALSE,TRUE,FALSE,FALSE,,,,,,,,,,,,,,,,,,
206,1,0,2026-03-01,2026-03-01,2026-03-31,2026-03-01,,,,,Mirakl-Kohls,Mirakl Kohls,,,USD,131.45,,139.91,,,0,0.00,,0.00,8.46,,,,,,139.91,,0.00,,,,,,,,,,,,,,,,,,,,,,,10013,10576,10013-2026-0301-000206,,,,,,,,,,,,,,,,,,,,,,,,,,,,,,,,,,,,,,,,,,2026-03-01,CORA-01-CAME-5.5,,,,,,EA,,,,,,,,4,0,,4,,10.75,,43.00,,,,,FALSE,TRUE,FALSE,FALSE,,,,,,,,,,,,,,,,,,
207,1,0,2026-03-03,2026-03-07,2026-04-02,2026-03-05,,,,,eBay,eBay,,,USD,130.00,,134.96,,,0,0.00,,0.00,4.96,,,,,,134.96,,0.00,,,,,,,,,,,,,,,,,,,,,,,10004,10570,10004-2026-0303-000207,,,,,,,,,,,,,,,,,,,,,,,,,,,,,,,,,,,,,,,,,,2026-03-03,173451-1183CITIZEN-19-STD,,,,,,EA,,,,,,,,4,0,,4,,24.00,,96.00,,,,,FALSE,TRUE,FALSE,FALSE,,,,,,,,,,,,,,,,,,
207,1,0,2026-03-03,2026-03-07,2026-04-02,2026-03-05,,,,,eBay,eBay,,,USD,130.00,,134.96,,,0,0.00,,0.00,4.96,,,,,,134.96,,0.00,,,,,,,,,,,,,,,,,,,,,,,10004,10570,10004-2026-0303-000207,,,,,,,,,,,,,,,,,,,,,,,,,,,,,,,,,,,,,,,,,,2026-03-03,F13031C-1742VNTGCO-26-STD,,,,,,EA,,,,,,,,1,0,,1,,34.00,,34.00,,,,,FALSE,TRUE,FALSE,FALSE,,,,,,,,,,,,,,,,,,
208,1,0,2026-03-03,2026-03-06,2026-04-02,2026-03-05,,,,,Etsy-LS,Etsy LS,,,USD,203.00,,219.11,,,0,0.00,,0.00,16.11,,,,,,219.11,,0.00,,,,,,,,,,,,,,,,,,,,,,,10008,10571,10008-2026-0303-000208,,,,,,,,,,,,,,,,,,,,,,,,,,,,,,,,,,,,,,,,,,2026-03-03,FA13501DM-RINSEWSFT-32-30,,,,,,EA,,,,,,,,4,0,,4,,34.00,,136.00,,,,,FALSE,TRUE,FALSE,FALSE,,,,,,,,,,,,,,,,,,
208,1,0,2026-03-03,2026-03-06,2026-04-02,2026-03-05,,,,,Etsy-LS,Etsy LS,,,USD,203.00,,219.11,,,0,0.00,,0.00,16.11,,,,,,219.11,,0.00,,,,,,,,,,,,,,,,,,,,,,,10008,10571,10008-2026-0303-000208,,,,,,,,,,,,,,,,,,,,,,,,,,,,,,,,,,,,,,,,,,2026-03-03,ADELINE-02-CAMEL-6,,,,,,EA,,,,,,,,1,0,,1,,11.50,,11.50,,,,,FALSE,TRUE,FALSE,FALSE,,,,,,,,,,,,,,,,,,
208,1,0,2026-03-03,2026-03-06,2026-04-02,2026-03-05,,,,,Etsy-LS,Etsy LS,,,USD,203.00,,219.11,,,0,0.00,,0.00,16.11,,,,,,219.11,,0.00,,,,,,,,,,,,,,,,,,,,,,,10008,10571,10008-2026-0303-000208,,,,,,,,,,,,,,,,,,,,,,,,,,,,,,,,,,,,,,,,,,2026-03-03,ADELINE-03-TAUPE-8.5,,,,,,EA,,,,,,,,3,0,,3,,18.50,,55.50,,,,,FALSE,TRUE,FALSE,FALSE,,,,,,,,,,,,,,,,,,
209,1,0,2026-03-01,2026-03-03,2026-03-31,2026-03-03,,,,,Magento,Magento,,,USD,117.80,,123.28,,,0,0.00,,0.00,5.48,,,,,,123.28,,0.00,,,,,,,,,,,,,,,,,,,,,,,20003,10581,20003-2026-0301-000209,,,,,,,,,,,,,,,,,,,,,,,,,,,,,,,,,,,,,,,,,,2026-03-01,FA13501DM-RINSEWSFT-31-30,,,,,,EA,,,,,,,,1,0,,1,,34.00,,34.00,,,,,FALSE,TRUE,FALSE,FALSE,,,,,,,,,,,,,,,,,,
209,1,0,2026-03-01,2026-03-03,2026-03-31,2026-03-03,,,,,Magento,Magento,,,USD,117.80,,123.28,,,0,0.00,,0.00,5.48,,,,,,123.28,,0.00,,,,,,,,,,,,,,,,,,,,,,,20003,10581,20003-2026-0301-000209,,,,,,,,,,,,,,,,,,,,,,,,,,,,,,,,,,,,,,,,,,2026-03-01,AVIANA-06-BEIGE-B12,,,,,,EA,,,,,,,,2,0,,2,,41.90,,83.80,,,,,FALSE,TRUE,FALSE,FALSE,,,,,,,,,,,,,,,,,,
210,1,0,2026-03-01,2026-03-06,2026-03-31,2026-03-01,,,,,Squarespace,Squarespace,,,USD,191.00,,192.33,,,0,0.00,,0.00,1.33,,,,,,192.33,,0.00,,,,,,,,,,,,,,,,,,,,,,,20006,10582,20006-2026-0301-000210,,,,,,,,,,,,,,,,,,,,,,,,,,,,,,,,,,,,,,,,,,2026-03-01,ASTRID-01-NUDE-5.5,,,,,,EA,,,,,,,,4,0,,4,,20.75,,83.00,,,,,FALSE,TRUE,FALSE,FALSE,,,,,,,,,,,,,,,,,,
210,1,0,2026-03-01,2026-03-06,2026-03-31,2026-03-01,,,,,Squarespace,Squarespace,,,USD,191.00,,192.33,,,0,0.00,,0.00,1.33,,,,,,192.33,,0.00,,,,,,,,,,,,,,,,,,,,,,,20006,10582,20006-2026-0301-000210,,,,,,,,,,,,,,,,,,,,,,,,,,,,,,,,,,,,,,,,,,2026-03-01,F13031C-1742VNTGBJ-26-STD,,,,,,EA,,,,,,,,2,0,,2,,34.00,,68.00,,,,,FALSE,TRUE,FALSE,FALSE,,,,,,,,,,,,,,,,,,
210,1,0,2026-03-01,2026-03-06,2026-03-31,2026-03-01,,,,,Squarespace,Squarespace,,,USD,191.00,,192.33,,,0,0.00,,0.00,1.33,,,,,,192.33,,0.00,,,,,,,,,,,,,,,,,,,,,,,20006,10582,20006-2026-0301-000210,,,,,,,,,,,,,,,,,,,,,,,,,,,,,,,,,,,,,,,,,,2026-03-01,AUSTIN-06-CAMEL-10,,,,,,EA,,,,,,,,4,0,,4,,10.00,,40.00,,,,,FALSE,TRUE,FALSE,FALSE,,,,,,,,,,,,,,,,,,
211,1,0,2026-03-03,2026-03-07,2026-04-02,2026-03-03,,,,,Shopify,Shopify,,,USD,248.00,,248.16,,,0,0.00,,0.00,0.16,,,,,,248.16,,0.00,,,,,,,,,,,,,,,,,,,,,,,20001,10580,20001-2026-0303-000211,,,,,,,,,,,,,,,,,,,,,,,,,,,,,,,,,,,,,,,,,,2026-03-03,FD9801506P-CHERRY-1X-STD,,,,,,EA,,,,,,,,2,0,,2,,49.00,,98.00,,,,,FALSE,TRUE,FALSE,FALSE,,,,,,,,,,,,,,,,,,
211,1,0,2026-03-03,2026-03-07,2026-04-02,2026-03-03,,,,,Shopify,Shopify,,,USD,248.00,,248.16,,,0,0.00,,0.00,0.16,,,,,,248.16,,0.00,,,,,,,,,,,,,,,,,,,,,,,20001,10580,20001-2026-0303-000211,,,,,,,,,,,,,,,,,,,,,,,,,,,,,,,,,,,,,,,,,,2026-03-03,FA13501DM-1608BLAU2-27-32,,,,,,EA,,,,,,,,3,0,,3,,34.00,,102.00,,,,,FALSE,TRUE,FALSE,FALSE,,,,,,,,,,,,,,,,,,
211,1,0,2026-03-03,2026-03-07,2026-04-02,2026-03-03,,,,,Shopify,Shopify,,,USD,248.00,,248.16,,,0,0.00,,0.00,0.16,,,,,,248.16,,0.00,,,,,,,,,,,,,,,,,,,,,,,20001,10580,20001-2026-0303-000211,,,,,,,,,,,,,,,,,,,,,,,,,,,,,,,,,,,,,,,,,,2026-03-03,173451-1183CITIZEN-15-STD,,,,,,EA,,,,,,,,2,0,,2,,24.00,,48.00,,,,,FALSE,TRUE,FALSE,FALSE,,,,,,,,,,,,,,,,,,
212,1,0,2026-03-01,2026-03-03,2026-03-31,2026-03-03,,,,,AMZ-eCom,AMZ eCom,,,USD,58.50,,70.38,,,0,0.00,,0.00,11.88,,,,,,70.38,,0.00,,,,,,,,,,,,,,,,,,,,,,,10001,10565,10001-2026-0301-000212,,,,,,,,,,,,,,,,,,,,,,,,,,,,,,,,,,,,,,,,,,2026-03-01,CORA-01-LEOP-9,,,,,,EA,,,,,,,,2,0,,2,,10.75,,21.50,,,,,FALSE,TRUE,FALSE,FALSE,,,,,,,,,,,,,,,,,,
212,1,0,2026-03-01,2026-03-03,2026-03-31,2026-03-03,,,,,AMZ-eCom,AMZ eCom,,,USD,58.50,,70.38,,,0,0.00,,0.00,11.88,,,,,,70.38,,0.00,,,,,,,,,,,,,,,,,,,,,,,10001,10565,10001-2026-0301-000212,,,,,,,,,,,,,,,,,,,,,,,,,,,,,,,,,,,,,,,,,,2026-03-01,ADELINE-03-BLACK-10,,,,,,EA,,,,,,,,2,0,,2,,18.50,,37.00,,,,,FALSE,TRUE,FALSE,FALSE,,,,,,,,,,,,,,,,,,
213,1,0,2026-03-02,2026-03-03,2026-04-01,2026-03-02,,,,,Magento,Magento,,,USD,112.50,,112.50,,,0,0.00,,0.00,0.00,,,,,,112.50,,0.00,,,,,,,,,,,,,,,,,,,,,,,20003,10581,20003-2026-0302-000213,,,,,,,,,,,,,,,,,,,,,,,,,,,,,,,,,,,,,,,,,,2026-03-02,ADELINE-03-BLUE-9,,,,,,EA,,,,,,,,2,0,,2,,18.50,,37.00,,,,,FALSE,TRUE,FALSE,FALSE,,,,,,,,,,,,,,,,,,
213,1,0,2026-03-02,2026-03-03,2026-04-01,2026-03-02,,,,,Magento,Magento,,,USD,112.50,,112.50,,,0,0.00,,0.00,0.00,,,,,,112.50,,0.00,,,,,,,,,,,,,,,,,,,,,,,20003,10581,20003-2026-0302-000213,,,,,,,,,,,,,,,,,,,,,,,,,,,,,,,,,,,,,,,,,,2026-03-02,ASTRID-01-NUDE-8,,,,,,EA,,,,,,,,2,0,,2,,20.75,,41.50,,,,,FALSE,TRUE,FALSE,FALSE,,,,,,,,,,,,,,,,,,
213,1,0,2026-03-02,2026-03-03,2026-04-01,2026-03-02,,,,,Magento,Magento,,,USD,112.50,,112.50,,,0,0.00,,0.00,0.00,,,,,,112.50,,0.00,,,,,,,,,,,,,,,,,,,,,,,20003,10581,20003-2026-0302-000213,,,,,,,,,,,,,,,,,,,,,,,,,,,,,,,,,,,,,,,,,,2026-03-02,F13031C-1742VNTGBJ-24-STD,,,,,,EA,,,,,,,,1,0,,1,,34.00,,34.00,,,,,FALSE,TRUE,FALSE,FALSE,,,,,,,,,,,,,,,,,,
214,1,0,2026-03-01,2026-03-06,2026-03-31,2026-03-01,,,,,Walmart-eComm,Walmart eComm,,,USD,224.00,,241.97,,,0,0.00,,0.00,17.97,,,,,,241.97,,0.00,,,,,,,,,,,,,,,,,,,,,,,10002,10566,10002-2026-0301-000214,,,,,,,,,,,,,,,,,,,,,,,,,,,,,,,,,,,,,,,,,,2026-03-01,AVIANA-06-PINK-6.5,,,,,,EA,,,,,,,,4,0,,4,,16.25,,65.00,,,,,FALSE,TRUE,FALSE,FALSE,,,,,,,,,,,,,,,,,,
214,1,0,2026-03-01,2026-03-06,2026-03-31,2026-03-01,,,,,Walmart-eComm,Walmart eComm,,,USD,224.00,,241.97,,,0,0.00,,0.00,17.97,,,,,,241.97,,0.00,,,,,,,,,,,,,,,,,,,,,,,10002,10566,10002-2026-0301-000214,,,,,,,,,,,,,,,,,,,,,,,,,,,,,,,,,,,,,,,,,,2026-03-01,ADELINE-02-CAMEL-5.5,,,,,,EA,,,,,,,,2,0,,2,,11.50,,23.00,,,,,FALSE,TRUE,FALSE,FALSE,,,,,,,,,,,,,,,,,,
214,1,0,2026-03-01,2026-03-06,2026-03-31,2026-03-01,,,,,Walmart-eComm,Walmart eComm,,,USD,224.00,,241.97,,,0,0.00,,0.00,17.97,,,,,,241.97,,0.00,,,,,,,,,,,,,,,,,,,,,,,10002,10566,10002-2026-0301-000214,,,,,,,,,,,,,,,,,,,,,,,,,,,,,,,,,,,,,,,,,,2026-03-01,FA13501DM-1608BLAU2-30-30,,,,,,EA,,,,,,,,4,0,,4,,34.00,,136.00,,,,,FALSE,TRUE,FALSE,FALSE,,,,,,,,,,,,,,,,,,
215,1,0,2026-03-02,2026-03-06,2026-04-01,2026-03-02,,,,,Veeqo-Amazon,Veeqo Amazon,,,USD,51.75,,54.65,,,0,0.00,,0.00,2.90,,,,,,54.65,,0.00,,,,,,,,,,,,,,,,,,,,,,,10016,10579,10016-2026-0302-000215,,,,,,,,,,,,,,,,,,,,,,,,,,,,,,,,,,,,,,,,,,2026-03-02,ASTRID-01-GREY-6.5,,,,,,EA,,,,,,,,1,0,,1,,20.75,,20.75,,,,,FALSE,TRUE,FALSE,FALSE,,,,,,,,,,,,,,,,,,
215,1,0,2026-03-02,2026-03-06,2026-04-01,2026-03-02,,,,,Veeqo-Amazon,Veeqo Amazon,,,USD,51.75,,54.65,,,0,0.00,,0.00,2.90,,,,,,54.65,,0.00,,,,,,,,,,,,,,,,,,,,,,,10016,10579,10016-2026-0302-000215,,,,,,,,,,,,,,,,,,,,,,,,,,,,,,,,,,,,,,,,,,2026-03-02,ADELINE-02-NUDE-5,,,,,,EA,,,,,,,,2,0,,2,,11.50,,23.00,,,,,FALSE,TRUE,FALSE,FALSE,,,,,,,,,,,,,,,,,,
215,1,0,2026-03-02,2026-03-06,2026-04-01,2026-03-02,,,,,Veeqo-Amazon,Veeqo Amazon,,,USD,51.75,,54.65,,,0,0.00,,0.00,2.90,,,,,,54.65,,0.00,,,,,,,,,,,,,,,,,,,,,,,10016,10579,10016-2026-0302-000215,,,,,,,,,,,,,,,,,,,,,,,,,,,,,,,,,,,,,,,,,,2026-03-02,CAMILA-06-LILAC-12,,,,,,EA,,,,,,,,1,0,,1,,8.00,,8.00,,,,,FALSE,TRUE,FALSE,FALSE,,,,,,,,,,,,,,,,,,
216,1,0,2026-03-02,2026-03-06,2026-04-01,2026-03-02,,,,,eBay,eBay,,,USD,262.50,,276.49,,,0,0.00,,0.00,13.99,,,,,,276.49,,0.00,,,,,,,,,,,,,,,,,,,,,,,10004,10570,10004-2026-0302-000216,,,,,,,,,,,,,,,,,,,,,,,,,,,,,,,,,,,,,,,,,,2026-03-02,ADELINE-03-BROWN-5,,,,,,EA,,,,,,,,4,0,,4,,18.50,,74.00,,,,,FALSE,TRUE,FALSE,FALSE,,,,,,,,,,,,,,,,,,
216,1,0,2026-03-02,2026-03-06,2026-04-01,2026-03-02,,,,,eBay,eBay,,,USD,262.50,,276.49,,,0,0.00,,0.00,13.99,,,,,,276.49,,0.00,,,,,,,,,,,,,,,,,,,,,,,10004,10570,10004-2026-0302-000216,,,,,,,,,,,,,,,,,,,,,,,,,,,,,,,,,,,,,,,,,,2026-03-02,ASTRID-01-GREY-8.5,,,,,,EA,,,,,,,,2,0,,2,,20.75,,41.50,,,,,FALSE,TRUE,FALSE,FALSE,,,,,,,,,,,,,,,,,,
216,1,0,2026-03-02,2026-03-06,2026-04-01,2026-03-02,,,,,eBay,eBay,,,USD,262.50,,276.49,,,0,0.00,,0.00,13.99,,,,,,276.49,,0.00,,,,,,,,,,,,,,,,,,,,,,,10004,10570,10004-2026-0302-000216,,,,,,,,,,,,,,,,,,,,,,,,,,,,,,,,,,,,,,,,,,2026-03-02,FD9801506P-BLACKBROWN-1X-STD,,,,,,EA,,,,,,,,3,0,,3,,49.00,,147.00,,,,,FALSE,TRUE,FALSE,FALSE,,,,,,,,,,,,,,,,,,
217,1,0,2026-03-01,2026-03-02,2026-03-31,2026-03-03,,,,,Mirakl-Kohls,Mirakl Kohls,,,USD,86.50,,89.61,,,0,0.00,,0.00,3.11,,,,,,89.61,,0.00,,,,,,,,,,,,,,,,,,,,,,,10013,10576,10013-2026-0301-000217,,,,,,,,,,,,,,,,,,,,,,,,,,,,,,,,,,,,,,,,,,2026-03-01,ADELINE-03-BLACK-7.5,,,,,,EA,,,,,,,,2,0,,2,,18.50,,37.00,,,,,FALSE,TRUE,FALSE,FALSE,,,,,,,,,,,,,,,,,,
217,1,0,2026-03-01,2026-03-02,2026-03-31,2026-03-03,,,,,Mirakl-Kohls,Mirakl Kohls,,,USD,86.50,,89.61,,,0,0.00,,0.00,3.11,,,,,,89.61,,0.00,,,,,,,,,,,,,,,,,,,,,,,10013,10576,10013-2026-0301-000217,,,,,,,,,,,,,,,,,,,,,,,,,,,,,,,,,,,,,,,,,,2026-03-01,CAMILA-06-LILAC-6,,,,,,EA,,,,,,,,1,0,,1,,8.00,,8.00,,,,,FALSE,TRUE,FALSE,FALSE,,,,,,,,,,,,,,,,,,
217,1,0,2026-03-01,2026-03-02,2026-03-31,2026-03-03,,,,,Mirakl-Kohls,Mirakl Kohls,,,USD,86.50,,89.61,,,0,0.00,,0.00,3.11,,,,,,89.61,,0.00,,,,,,,,,,,,,,,,,,,,,,,10013,10576,10013-2026-0301-000217,,,,,,,,,,,,,,,,,,,,,,,,,,,,,,,,,,,,,,,,,,2026-03-01,ASTRID-01-BLUSH-6,,,,,,EA,,,,,,,,2,0,,2,,20.75,,41.50,,,,,FALSE,TRUE,FALSE,FALSE,,,,,,,,,,,,,,,,,,
218,1,0,2026-03-03,2026-03-05,2026-04-02,2026-03-03,,,,,Etsy-LS,Etsy LS,,,USD,74.00,,74.68,,,0,0.00,,0.00,0.68,,,,,,74.68,,0.00,,,,,,,,,,,,,,,,,,,,,,,10008,10571,10008-2026-0303-000218,,,,,,,,,,,,,,,,,,,,,,,,,,,,,,,,,,,,,,,,,,2026-03-03,ADELINE-03-TAUPE-6.5,,,,,,EA,,,,,,,,4,0,,4,,18.50,,74.00,,,,,FALSE,TRUE,FALSE,FALSE,,,,,,,,,,,,,,,,,,
219,1,0,2026-03-01,2026-03-06,2026-03-31,2026-03-01,,,,,AMZ-eCom,AMZ eCom,,,USD,98.00,,115.10,,,0,0.00,,0.00,17.10,,,,,,115.10,,0.00,,,,,,,,,,,,,,,,,,,,,,,10001,10565,10001-2026-0301-000219,,,,,,,,,,,,,,,,,,,,,,,,,,,,,,,,,,,,,,,,,,2026-03-01,AUSTIN-06-BLACK-11,,,,,,EA,,,,,,,,2,0,,2,,10.00,,20.00,,,,,FALSE,TRUE,FALSE,FALSE,,,,,,,,,,,,,,,,,,
219,1,0,2026-03-01,2026-03-06,2026-03-31,2026-03-01,,,,,AMZ-eCom,AMZ eCom,,,USD,98.00,,115.10,,,0,0.00,,0.00,17.10,,,,,,115.10,,0.00,,,,,,,,,,,,,,,,,,,,,,,10001,10565,10001-2026-0301-000219,,,,,,,,,,,,,,,,,,,,,,,,,,,,,,,,,,,,,,,,,,2026-03-01,FA16023WV-SLATE-XL-STD,,,,,,EA,,,,,,,,2,0,,2,,39.00,,78.00,,,,,FALSE,TRUE,FALSE,FALSE,,,,,,,,,,,,,,,,,,
220,1,0,2026-03-01,2026-03-05,2026-03-31,2026-03-02,,,,,Walmart-eComm,Walmart eComm,,,USD,87.50,,87.50,,,0,0.00,,0.00,0.00,,,,,,87.50,,0.00,,,,,,,,,,,,,,,,,,,,,,,10002,10566,10002-2026-0301-000220,,,,,,,,,,,,,,,,,,,,,,,,,,,,,,,,,,,,,,,,,,2026-03-01,ADELINE-02-WHITE-6,,,,,,EA,,,,,,,,4,0,,4,,11.50,,46.00,,,,,FALSE,TRUE,FALSE,FALSE,,,,,,,,,,,,,,,,,,
220,1,0,2026-03-01,2026-03-05,2026-03-31,2026-03-02,,,,,Walmart-eComm,Walmart eComm,,,USD,87.50,,87.50,,,0,0.00,,0.00,0.00,,,,,,87.50,,0.00,,,,,,,,,,,,,,,,,,,,,,,10002,10566,10002-2026-0301-000220,,,,,,,,,,,,,,,,,,,,,,,,,,,,,,,,,,,,,,,,,,2026-03-01,ADELINE-02-BLACK-9,,,,,,EA,,,,,,,,2,0,,2,,11.50,,23.00,,,,,FALSE,TRUE,FALSE,FALSE,,,,,,,,,,,,,,,,,,
220,1,0,2026-03-01,2026-03-05,2026-03-31,2026-03-02,,,,,Walmart-eComm,Walmart eComm,,,USD,87.50,,87.50,,,0,0.00,,0.00,0.00,,,,,,87.50,,0.00,,,,,,,,,,,,,,,,,,,,,,,10002,10566,10002-2026-0301-000220,,,,,,,,,,,,,,,,,,,,,,,,,,,,,,,,,,,,,,,,,,2026-03-01,ADELINE-03-BLUE-10,,,,,,EA,,,,,,,,1,0,,1,,18.50,,18.50,,,,,FALSE,TRUE,FALSE,FALSE,,,,,,,,,,,,,,,,,,
221,1,0,2026-03-04,2026-03-09,2026-04-03,2026-03-04,,,,,Magento,Magento,,,USD,80.00,,94.67,,,0,0.00,,0.00,14.67,,,,,,94.67,,0.00,,,,,,,,,,,,,,,,,,,,,,,20003,10581,20003-2026-0304-000221,,,,,,,,,,,,,,,,,,,,,,,,,,,,,,,,,,,,,,,,,,2026-03-04,CAMILA-06-GREEN-12,,,,,,EA,,,,,,,,2,0,,2,,8.00,,16.00,,,,,FALSE,TRUE,FALSE,FALSE,,,,,,,,,,,,,,,,,,
221,1,0,2026-03-04,2026-03-09,2026-04-03,2026-03-04,,,,,Magento,Magento,,,USD,80.00,,94.67,,,0,0.00,,0.00,14.67,,,,,,94.67,,0.00,,,,,,,,,,,,,,,,,,,,,,,20003,10581,20003-2026-0304-000221,,,,,,,,,,,,,,,,,,,,,,,,,,,,,,,,,,,,,,,,,,2026-03-04,CAMILA-06-NUDE-10,,,,,,EA,,,,,,,,4,0,,4,,8.00,,32.00,,,,,FALSE,TRUE,FALSE,FALSE,,,,,,,,,,,,,,,,,,
221,1,0,2026-03-04,2026-03-09,2026-04-03,2026-03-04,,,,,Magento,Magento,,,USD,80.00,,94.67,,,0,0.00,,0.00,14.67,,,,,,94.67,,0.00,,,,,,,,,,,,,,,,,,,,,,,20003,10581,20003-2026-0304-000221,,,,,,,,,,,,,,,,,,,,,,,,,,,,,,,,,,,,,,,,,,2026-03-04,CAMILA-06-LILAC-11,,,,,,EA,,,,,,,,4,0,,4,,8.00,,32.00,,,,,FALSE,TRUE,FALSE,FALSE,,,,,,,,,,,,,,,,,,
222,1,0,2026-03-04,2026-03-07,2026-04-03,2026-03-05,,,,,Walmart-eComm,Walmart eComm,,,USD,54.75,,68.01,,,0,0.00,,0.00,13.26,,,,,,68.01,,0.00,,,,,,,,,,,,,,,,,,,,,,,10002,10566,10002-2026-0304-000222,,,,,,,,,,,,,,,,,,,,,,,,,,,,,,,,,,,,,,,,,,2026-03-04,CAMILA-06-GREEN-8,,,,,,EA,,,,,,,,3,0,,3,,8.00,,24.00,,,,,FALSE,TRUE,FALSE,FALSE,,,,,,,,,,,,,,,,,,
222,1,0,2026-03-04,2026-03-07,2026-04-03,2026-03-05,,,,,Walmart-eComm,Walmart eComm,,,USD,54.75,,68.01,,,0,0.00,,0.00,13.26,,,,,,68.01,,0.00,,,,,,,,,,,,,,,,,,,,,,,10002,10566,10002-2026-0304-000222,,,,,,,,,,,,,,,,,,,,,,,,,,,,,,,,,,,,,,,,,,2026-03-04,CORA-01-TAUP-6.5,,,,,,EA,,,,,,,,1,0,,1,,10.75,,10.75,,,,,FALSE,TRUE,FALSE,FALSE,,,,,,,,,,,,,,,,,,
222,1,0,2026-03-04,2026-03-07,2026-04-03,2026-03-05,,,,,Walmart-eComm,Walmart eComm,,,USD,54.75,,68.01,,,0,0.00,,0.00,13.26,,,,,,68.01,,0.00,,,,,,,,,,,,,,,,,,,,,,,10002,10566,10002-2026-0304-000222,,,,,,,,,,,,,,,,,,,,,,,,,,,,,,,,,,,,,,,,,,2026-03-04,AUSTIN-06-BLUSH-7,,,,,,EA,,,,,,,,2,0,,2,,10.00,,20.00,,,,,FALSE,TRUE,FALSE,FALSE,,,,,,,,,,,,,,,,,,
223,1,0,2026-03-04,2026-03-06,2026-04-03,2026-03-05,,,,,Veeqo-Amazon,Veeqo Amazon,,,USD,230.00,,235.32,,,0,0.00,,0.00,5.32,,,,,,235.32,,0.00,,,,,,,,,,,,,,,,,,,,,,,10016,10579,10016-2026-0304-000223,,,,,,,,,,,,,,,,,,,,,,,,,,,,,,,,,,,,,,,,,,2026-03-04,FD9801506P-GINGER-1X-STD,,,,,,EA,,,,,,,,4,0,,4,,49.00,,196.00,,,,,FALSE,TRUE,FALSE,FALSE,,,,,,,,,,,,,,,,,,
223,1,0,2026-03-04,2026-03-06,2026-04-03,2026-03-05,,,,,Veeqo-Amazon,Veeqo Amazon,,,USD,230.00,,235.32,,,0,0.00,,0.00,5.32,,,,,,235.32,,0.00,,,,,,,,,,,,,,,,,,,,,,,10016,10579,10016-2026-0304-000223,,,,,,,,,,,,,,,,,,,,,,,,,,,,,,,,,,,,,,,,,,2026-03-04,FA13501DM-1608BLAU2-31-32,,,,,,EA,,,,,,,,1,0,,1,,34.00,,34.00,,,,,FALSE,TRUE,FALSE,FALSE,,,,,,,,,,,,,,,,,,
224,1,0,2026-03-04,2026-03-08,2026-04-03,2026-03-05,,,,,Magento,Magento,,,USD,46.00,,49.31,,,0,0.00,,0.00,3.31,,,,,,49.31,,0.00,,,,,,,,,,,,,,,,,,,,,,,20003,10581,20003-2026-0304-000224,,,,,,,,,,,,,,,,,,,,,,,,,,,,,,,,,,,,,,,,,,2026-03-04,ADELINE-02-PINK-6,,,,,,EA,,,,,,,,4,0,,4,,11.50,,46.00,,,,,FALSE,TRUE,FALSE,FALSE,,,,,,,,,,,,,,,,,,
225,1,0,2026-03-01,2026-03-02,2026-03-31,2026-03-01,,,,,Squarespace,Squarespace,,,USD,295.75,,299.28,,,0,0.00,,0.00,3.53,,,,,,299.28,,0.00,,,,,,,,,,,,,,,,,,,,,,,20006,10582,20006-2026-0301-000225,,,,,,,,,,,,,,,,,,,,,,,,,,,,,,,,,,,,,,,,,,2026-03-01,CORA-01-FUCH-7.5,,,,,,EA,,,,,,,,3,0,,3,,10.75,,32.25,,,,,FALSE,TRUE,FALSE,FALSE,,,,,,,,,,,,,,,,,,
225,1,0,2026-03-01,2026-03-02,2026-03-31,2026-03-01,,,,,Squarespace,Squarespace,,,USD,295.75,,299.28,,,0,0.00,,0.00,3.53,,,,,,299.28,,0.00,,,,,,,,,,,,,,,,,,,,,,,20006,10582,20006-2026-0301-000225,,,,,,,,,,,,,,,,,,,,,,,,,,,,,,,,,,,,,,,,,,2026-03-01,ASTRID-01-NUDE-10,,,,,,EA,,,,,,,,2,0,,2,,20.75,,41.50,,,,,FALSE,TRUE,FALSE,FALSE,,,,,,,,,,,,,,,,,,
225,1,0,2026-03-01,2026-03-02,2026-03-31,2026-03-01,,,,,Squarespace,Squarespace,,,USD,295.75,,299.28,,,0,0.00,,0.00,3.53,,,,,,299.28,,0.00,,,,,,,,,,,,,,,,,,,,,,,20006,10582,20006-2026-0301-000225,,,,,,,,,,,,,,,,,,,,,,,,,,,,,,,,,,,,,,,,,,2026-03-01,ADELINE-03-BROWN-S,,,,,,EA,,,,,,,,1,0,,1,,222.00,,222.00,,,,,FALSE,TRUE,FALSE,FALSE,,,,,,,,,,,,,,,,,,
226,1,0,2026-03-03,2026-03-08,2026-04-02,2026-03-04,,,,,Veeqo-Amazon,Veeqo Amazon,,,USD,78.00,,79.21,,,0,0.00,,0.00,1.21,,,,,,79.21,,0.00,,,,,,,,,,,,,,,,,,,,,,,10016,10579,10016-2026-0303-000226,,,,,,,,,,,,,,,,,,,,,,,,,,,,,,,,,,,,,,,,,,2026-03-03,FA16023WV-MIDNIGHTCAMO-XL-STD,,,,,,EA,,,,,,,,2,0,,2,,39.00,,78.00,,,,,FALSE,TRUE,FALSE,FALSE,,,,,,,,,,,,,,,,,,
227,1,0,2026-03-02,2026-03-04,2026-04-01,2026-03-04,,,,,Etsy-VS,Etsy VS,,,USD,34.50,,50.88,,,0,0.00,,0.00,16.38,,,,,,50.88,,0.00,,,,,,,,,,,,,,,,,,,,,,,10008,10572,10008-2026-0302-000227,,,,,,,,,,,,,,,,,,,,,,,,,,,,,,,,,,,,,,,,,,2026-03-02,ADELINE-02-PINK-9.5,,,,,,EA,,,,,,,,3,0,,3,,11.50,,34.50,,,,,FALSE,TRUE,FALSE,FALSE,,,,,,,,,,,,,,,,,,
228,1,0,2026-03-04,2026-03-05,2026-04-03,2026-03-06,,,,,Magento,Magento,,,USD,53.75,,63.82,,,0,0.00,,0.00,10.07,,,,,,63.82,,0.00,,,,,,,,,,,,,,,,,,,,,,,20003,10581,20003-2026-0304-000228,,,,,,,,,,,,,,,,,,,,,,,,,,,,,,,,,,,,,,,,,,2026-03-04,CORA-01-LEOP-7,,,,,,EA,,,,,,,,3,0,,3,,10.75,,32.25,,,,,FALSE,TRUE,FALSE,FALSE,,,,,,,,,,,,,,,,,,
228,1,0,2026-03-04,2026-03-05,2026-04-03,2026-03-06,,,,,Magento,Magento,,,USD,53.75,,63.82,,,0,0.00,,0.00,10.07,,,,,,63.82,,0.00,,,,,,,,,,,,,,,,,,,,,,,20003,10581,20003-2026-0304-000228,,,,,,,,,,,,,,,,,,,,,,,,,,,,,,,,,,,,,,,,,,2026-03-04,CORA-01-LEOP-7.5,,,,,,EA,,,,,,,,2,0,,2,,10.75,,21.50,,,,,FALSE,TRUE,FALSE,FALSE,,,,,,,,,,,,,,,,,,
229,1,0,2026-03-01,2026-03-02,2026-03-31,2026-03-03,,,,,JCPenney,JCPenney,,,USD,119.00,,123.13,,,0,0.00,,0.00,4.13,,,,,,123.13,,0.00,,,,,,,,,,,,,,,,,,,,,,,30007,10575,30007-2026-0301-000229,,,,,,,,,,,,,,,,,,,,,,,,,,,,,,,,,,,,,,,,,,2026-03-01,ASTRID-01-BLUSH-9.5,,,,,,EA,,,,,,,,4,0,,4,,20.75,,83.00,,,,,FALSE,TRUE,FALSE,FALSE,,,,,,,,,,,,,,,,,,
229,1,0,2026-03-01,2026-03-02,2026-03-31,2026-03-03,,,,,JCPenney,JCPenney,,,USD,119.00,,123.13,,,0,0.00,,0.00,4.13,,,,,,123.13,,0.00,,,,,,,,,,,,,,,,,,,,,,,30007,10575,30007-2026-0301-000229,,,,,,,,,,,,,,,,,,,,,,,,,,,,,,,,,,,,,,,,,,2026-03-01,AUSTIN-06-WHITE-7,,,,,,EA,,,,,,,,2,0,,2,,10.00,,20.00,,,,,FALSE,TRUE,FALSE,FALSE,,,,,,,,,,,,,,,,,,
229,1,0,2026-03-01,2026-03-02,2026-03-31,2026-03-03,,,,,JCPenney,JCPenney,,,USD,119.00,,123.13,,,0,0.00,,0.00,4.13,,,,,,123.13,,0.00,,,,,,,,,,,,,,,,,,,,,,,30007,10575,30007-2026-0301-000229,,,,,,,,,,,,,,,,,,,,,,,,,,,,,,,,,,,,,,,,,,2026-03-01,CAMILA-06-TAUPE-9,,,,,,EA,,,,,,,,2,0,,2,,8.00,,16.00,,,,,FALSE,TRUE,FALSE,FALSE,,,,,,,,,,,,,,,,,,
230,1,0,2026-03-04,2026-03-07,2026-04-03,2026-03-06,,,,,Magento,Magento,,,USD,319.00,,319.00,,,0,0.00,,0.00,0.00,,,,,,319.00,,0.00,,,,,,,,,,,,,,,,,,,,,,,20003,10581,20003-2026-0304-000230,,,,,,,,,,,,,,,,,,,,,,,,,,,,,,,,,,,,,,,,,,2026-03-04,ADELINE-02-WHITE-B12,,,,,,EA,,,,,,,,2,0,,2,,138.00,,276.00,,,,,FALSE,TRUE,FALSE,FALSE,,,,,,,,,,,,,,,,,,
230,1,0,2026-03-04,2026-03-07,2026-04-03,2026-03-06,,,,,Magento,Magento,,,USD,319.00,,319.00,,,0,0.00,,0.00,0.00,,,,,,319.00,,0.00,,,,,,,,,,,,,,,,,,,,,,,20003,10581,20003-2026-0304-000230,,,,,,,,,,,,,,,,,,,,,,,,,,,,,,,,,,,,,,,,,,2026-03-04,CORA-01-CAME-11,,,,,,EA,,,,,,,,4,0,,4,,10.75,,43.00,,,,,FALSE,TRUE,FALSE,FALSE,,,,,,,,,,,,,,,,,,
231,1,0,2026-03-01,2026-03-04,2026-03-31,2026-03-03,,,,,Etsy-VS,Etsy VS,,,USD,40.00,,52.21,,,0,0.00,,0.00,12.21,,,,,,52.21,,0.00,,,,,,,,,,,,,,,,,,,,,,,10008,10572,10008-2026-0301-000231,,,,,,,,,,,,,,,,,,,,,,,,,,,,,,,,,,,,,,,,,,2026-03-01,AUSTIN-06-BLUSH-12,,,,,,EA,,,,,,,,4,0,,4,,10.00,,40.00,,,,,FALSE,TRUE,FALSE,FALSE,,,,,,,,,,,,,,,,,,
232,1,0,2026-03-01,2026-03-03,2026-03-31,2026-03-03,,,,,JCPenney,JCPenney,,,USD,57.00,,60.57,,,0,0.00,,0.00,3.57,,,,,,60.57,,0.00,,,,,,,,,,,,,,,,,,,,,,,30007,10575,30007-2026-0301-000232,,,,,,,,,,,,,,,,,,,,,,,,,,,,,,,,,,,,,,,,,,2026-03-01,ADELINE-03-BLUE-8.5,,,,,,EA,,,,,,,,2,0,,2,,18.50,,37.00,,,,,FALSE,TRUE,FALSE,FALSE,,,,,,,,,,,,,,,,,,
232,1,0,2026-03-01,2026-03-03,2026-03-31,2026-03-03,,,,,JCPenney,JCPenney,,,USD,57.00,,60.57,,,0,0.00,,0.00,3.57,,,,,,60.57,,0.00,,,,,,,,,,,,,,,,,,,,,,,30007,10575,30007-2026-0301-000232,,,,,,,,,,,,,,,,,,,,,,,,,,,,,,,,,,,,,,,,,,2026-03-01,AUSTIN-06-WHITE-8.5,,,,,,EA,,,,,,,,2,0,,2,,10.00,,20.00,,,,,FALSE,TRUE,FALSE,FALSE,,,,,,,,,,,,,,,,,,
233,1,0,2026-03-01,2026-03-02,2026-03-31,2026-03-03,,,,,Veeqo-Amazon,Veeqo Amazon,,,USD,281.49,,286.19,,,0,0.00,,0.00,4.70,,,,,,286.19,,0.00,,,,,,,,,,,,,,,,,,,,,,,10016,10579,10016-2026-0301-000233,,,,,,,,,,,,,,,,,,,,,,,,,,,,,,,,,,,,,,,,,,2026-03-01,AVIANA-06-WHITE-A12,,,,,,EA,,,,,,,,3,0,,3,,82.33,,246.99,,,,,FALSE,TRUE,FALSE,FALSE,,,,,,,,,,,,,,,,,,
233,1,0,2026-03-01,2026-03-02,2026-03-31,2026-03-03,,,,,Veeqo-Amazon,Veeqo Amazon,,,USD,281.49,,286.19,,,0,0.00,,0.00,4.70,,,,,,286.19,,0.00,,,,,,,,,,,,,,,,,,,,,,,10016,10579,10016-2026-0301-000233,,,,,,,,,,,,,,,,,,,,,,,,,,,,,,,,,,,,,,,,,,2026-03-01,ADELINE-02-CAMEL-9.5,,,,,,EA,,,,,,,,3,0,,3,,11.50,,34.50,,,,,FALSE,TRUE,FALSE,FALSE,,,,,,,,,,,,,,,,,,
234,1,0,2026-03-04,2026-03-05,2026-04-03,2026-03-06,,,,,Etsy-LS,Etsy LS,,,USD,34.00,,46.22,,,0,0.00,,0.00,12.22,,,,,,46.22,,0.00,,,,,,,,,,,,,,,,,,,,,,,10008,10571,10008-2026-0304-000234,,,,,,,,,,,,,,,,,,,,,,,,,,,,,,,,,,,,,,,,,,2026-03-04,FA13512DM-1847DPOCN-26-32,,,,,,EA,,,,,,,,1,0,,1,,34.00,,34.00,,,,,FALSE,TRUE,FALSE,FALSE,,,,,,,,,,,,,,,,,,
235,1,0,2026-03-04,2026-03-07,2026-04-03,2026-03-04,,,,,Mirakl-HudsonsB,Mirakl HudsonsB,,,USD,69.00,,79.36,,,0,0.00,,0.00,10.36,,,,,,79.36,,0.00,,,,,,,,,,,,,,,,,,,,,,,10005,10577,10005-2026-0304-000235,,,,,,,,,,,,,,,,,,,,,,,,,,,,,,,,,,,,,,,,,,2026-03-04,CAMILA-06-TAUPE-8,,,,,,EA,,,,,,,,2,0,,2,,8.00,,16.00,,,,,FALSE,TRUE,FALSE,FALSE,,,,,,,,,,,,,,,,,,
235,1,0,2026-03-04,2026-03-07,2026-04-03,2026-03-04,,,,,Mirakl-HudsonsB,Mirakl HudsonsB,,,USD,69.00,,79.36,,,0,0.00,,0.00,10.36,,,,,,79.36,,0.00,,,,,,,,,,,,,,,,,,,,,,,10005,10577,10005-2026-0304-000235,,,,,,,,,,,,,,,,,,,,,,,,,,,,,,,,,,,,,,,,,,2026-03-04,ADELINE-02-BLACK-10,,,,,,EA,,,,,,,,3,0,,3,,11.50,,34.50,,,,,FALSE,TRUE,FALSE,FALSE,,,,,,,,,,,,,,,,,,
235,1,0,2026-03-04,2026-03-07,2026-04-03,2026-03-04,,,,,Mirakl-HudsonsB,Mirakl HudsonsB,,,USD,69.00,,79.36,,,0,0.00,,0.00,10.36,,,,,,79.36,,0.00,,,,,,,,,,,,,,,,,,,,,,,10005,10577,10005-2026-0304-000235,,,,,,,,,,,,,,,,,,,,,,,,,,,,,,,,,,,,,,,,,,2026-03-04,ADELINE-03-GOLD-6.5,,,,,,EA,,,,,,,,1,0,,1,,18.50,,18.50,,,,,FALSE,TRUE,FALSE,FALSE,,,,,,,,,,,,,,,,,,
236,1,0,2026-03-01,2026-03-03,2026-03-31,2026-03-01,,,,,Etsy-VS,Etsy VS,,,USD,182.00,,189.81,,,0,0.00,,0.00,7.81,,,,,,189.81,,0.00,,,,,,,,,,,,,,,,,,,,,,,10008,10572,10008-2026-0301-000236,,,,,,,,,,,,,,,,,,,,,,,,,,,,,,,,,,,,,,,,,,2026-03-01,FA16105WV-MIDNIGHTCAMO-M-STD,,,,,,EA,,,,,,,,2,0,,2,,39.00,,78.00,,,,,FALSE,TRUE,FALSE,FALSE,,,,,,,,,,,,,,,,,,
236,1,0,2026-03-01,2026-03-03,2026-03-31,2026-03-01,,,,,Etsy-VS,Etsy VS,,,USD,182.00,,189.81,,,0,0.00,,0.00,7.81,,,,,,189.81,,0.00,,,,,,,,,,,,,,,,,,,,,,,10008,10572,10008-2026-0301-000236,,,,,,,,,,,,,,,,,,,,,,,,,,,,,,,,,,,,,,,,,,2026-03-01,ADELINE-03-BLUE-5.5,,,,,,EA,,,,,,,,4,0,,4,,18.50,,74.00,,,,,FALSE,TRUE,FALSE,FALSE,,,,,,,,,,,,,,,,,,
236,1,0,2026-03-01,2026-03-03,2026-03-31,2026-03-01,,,,,Etsy-VS,Etsy VS,,,USD,182.00,,189.81,,,0,0.00,,0.00,7.81,,,,,,189.81,,0.00,,,,,,,,,,,,,,,,,,,,,,,10008,10572,10008-2026-0301-000236,,,,,,,,,,,,,,,,,,,,,,,,,,,,,,,,,,,,,,,,,,2026-03-01,AUSTIN-06-BLACK-9,,,,,,EA,,,,,,,,3,0,,3,,10.00,,30.00,,,,,FALSE,TRUE,FALSE,FALSE,,,,,,,,,,,,,,,,,,
237,1,0,2026-03-01,2026-03-02,2026-03-31,2026-03-01,,,,,Etsy-LS,Etsy LS,,,USD,305.00,,305.00,,,0,0.00,,0.00,0.00,,,,,,305.00,,0.00,,,,,,,,,,,,,,,,,,,,,,,10008,10571,10008-2026-0301-000237,,,,,,,,,,,,,,,,,,,,,,,,,,,,,,,,,,,,,,,,,,2026-03-01,AUSTIN-06-BLUSH-11,,,,,,EA,,,,,,,,4,0,,4,,10.00,,40.00,,,,,FALSE,TRUE,FALSE,FALSE,,,,,,,,,,,,,,,,,,
237,1,0,2026-03-01,2026-03-02,2026-03-31,2026-03-01,,,,,Etsy-LS,Etsy LS,,,USD,305.00,,305.00,,,0,0.00,,0.00,0.00,,,,,,305.00,,0.00,,,,,,,,,,,,,,,,,,,,,,,10008,10571,10008-2026-0301-000237,,,,,,,,,,,,,,,,,,,,,,,,,,,,,,,,,,,,,,,,,,2026-03-01,CORA-01-BLK-B12,,,,,,EA,,,,,,,,1,0,,1,,129.00,,129.00,,,,,FALSE,TRUE,FALSE,FALSE,,,,,,,,,,,,,,,,,,
237,1,0,2026-03-01,2026-03-02,2026-03-31,2026-03-01,,,,,Etsy-LS,Etsy LS,,,USD,305.00,,305.00,,,0,0.00,,0.00,0.00,,,,,,305.00,,0.00,,,,,,,,,,,,,,,,,,,,,,,10008,10571,10008-2026-0301-000237,,,,,,,,,,,,,,,,,,,,,,,,,,,,,,,,,,,,,,,,,,2026-03-01,F13031C-1742VNTGST-29-STD,,,,,,EA,,,,,,,,4,0,,4,,34.00,,136.00,,,,,FALSE,TRUE,FALSE,FALSE,,,,,,,,,,,,,,,,,,
238,1,0,2026-03-03,2026-03-06,2026-04-02,2026-03-04,,,,,AMZ-eCom,AMZ eCom,,,USD,42.50,,53.05,,,0,0.00,,0.00,10.55,,,,,,53.05,,0.00,,,,,,,,,,,,,,,,,,,,,,,10001,10565,10001-2026-0303-000238,,,,,,,,,,,,,,,,,,,,,,,,,,,,,,,,,,,,,,,,,,2026-03-03,CAMILA-06-BLACK-5.5,,,,,,EA,,,,,,,,1,0,,1,,8.00,,8.00,,,,,FALSE,TRUE,FALSE,FALSE,,,,,,,,,,,,,,,,,,
238,1,0,2026-03-03,2026-03-06,2026-04-02,2026-03-04,,,,,AMZ-eCom,AMZ eCom,,,USD,42.50,,53.05,,,0,0.00,,0.00,10.55,,,,,,53.05,,0.00,,,,,,,,,,,,,,,,,,,,,,,10001,10565,10001-2026-0303-000238,,,,,,,,,,,,,,,,,,,,,,,,,,,,,,,,,,,,,,,,,,2026-03-03,ADELINE-02-CAMEL-7.5,,,,,,EA,,,,,,,,3,0,,3,,11.50,,34.50,,,,,FALSE,TRUE,FALSE,FALSE,,,,,,,,,,,,,,,,,,
239,1,0,2026-03-04,2026-03-04,2026-04-03,2026-03-05,,,,,Macys,Macys,,,USD,164.25,,178.84,,,0,0.00,,0.00,14.59,,,,,,178.84,,0.00,,,,,,,,,,,,,,,,,,,,,,,30005,10574,30005-2026-0304-000239,,,,,,,,,,,,,,,,,,,,,,,,,,,,,,,,,,,,,,,,,,2026-03-04,FA13501DM-1464KINGSC-27-30,,,,,,EA,,,,,,,,3,0,,3,,34.00,,102.00,,,,,FALSE,TRUE,FALSE,FALSE,,,,,,,,,,,,,,,,,,
239,1,0,2026-03-04,2026-03-04,2026-04-03,2026-03-05,,,,,Macys,Macys,,,USD,164.25,,178.84,,,0,0.00,,0.00,14.59,,,,,,178.84,,0.00,,,,,,,,,,,,,,,,,,,,,,,30005,10574,30005-2026-0304-000239,,,,,,,,,,,,,,,,,,,,,,,,,,,,,,,,,,,,,,,,,,2026-03-04,ASTRID-01-BLUSH-5.5,,,,,,EA,,,,,,,,3,0,,3,,20.75,,62.25,,,,,FALSE,TRUE,FALSE,FALSE,,,,,,,,,,,,,,,,,,
240,1,0,2026-03-04,2026-03-06,2026-04-03,2026-03-06,,,,,Mirakl-Kohls,Mirakl Kohls,,,USD,120.00,,123.01,,,0,0.00,,0.00,3.01,,,,,,123.01,,0.00,,,,,,,,,,,,,,,,,,,,,,,10013,10576,10013-2026-0304-000240,,,,,,,,,,,,,,,,,,,,,,,,,,,,,,,,,,,,,,,,,,2026-03-04,ASTRID-01-BLACK-10,,,,,,EA,,,,,,,,4,0,,4,,20.75,,83.00,,,,,FALSE,TRUE,FALSE,FALSE,,,,,,,,,,,,,,,,,,
240,1,0,2026-03-04,2026-03-06,2026-04-03,2026-03-06,,,,,Mirakl-Kohls,Mirakl Kohls,,,USD,120.00,,123.01,,,0,0.00,,0.00,3.01,,,,,,123.01,,0.00,,,,,,,,,,,,,,,,,,,,,,,10013,10576,10013-2026-0304-000240,,,,,,,,,,,,,,,,,,,,,,,,,,,,,,,,,,,,,,,,,,2026-03-04,ADELINE-03-BLACK-7,,,,,,EA,,,,,,,,2,0,,2,,18.50,,37.00,,,,,FALSE,TRUE,FALSE,FALSE,,,,,,,,,,,,,,,,,,
241,1,0,2026-03-02,2026-03-02,2026-04-01,2026-03-04,,,,,Squarespace,Squarespace,,,USD,192.00,,192.00,,,0,0.00,,0.00,0.00,,,,,,192.00,,0.00,,,,,,,,,,,,,,,,,,,,,,,20006,10582,20006-2026-0302-000241,,,,,,,,,,,,,,,,,,,,,,,,,,,,,,,,,,,,,,,,,,2026-03-02,CORA-01-CAME-7.5,,,,,,EA,,,,,,,,4,0,,4,,10.75,,43.00,,,,,FALSE,TRUE,FALSE,FALSE,,,,,,,,,,,,,,,,,,
241,1,0,2026-03-02,2026-03-02,2026-04-01,2026-03-04,,,,,Squarespace,Squarespace,,,USD,192.00,,192.00,,,0,0.00,,0.00,0.00,,,,,,192.00,,0.00,,,,,,,,,,,,,,,,,,,,,,,20006,10582,20006-2026-0302-000241,,,,,,,,,,,,,,,,,,,,,,,,,,,,,,,,,,,,,,,,,,2026-03-02,CAMILA-06-BLACK-8,,,,,,EA,,,,,,,,4,0,,4,,8.00,,32.00,,,,,FALSE,TRUE,FALSE,FALSE,,,,,,,,,,,,,,,,,,
241,1,0,2026-03-02,2026-03-02,2026-04-01,2026-03-04,,,,,Squarespace,Squarespace,,,USD,192.00,,192.00,,,0,0.00,,0.00,0.00,,,,,,192.00,,0.00,,,,,,,,,,,,,,,,,,,,,,,20006,10582,20006-2026-0302-000241,,,,,,,,,,,,,,,,,,,,,,,,,,,,,,,,,,,,,,,,,,2026-03-02,FA16023WV-SMOKEYROSE-XL-STD,,,,,,EA,,,,,,,,3,0,,3,,39.00,,117.00,,,,,FALSE,TRUE,FALSE,FALSE,,,,,,,,,,,,,,,,,,
242,1,0,2026-03-04,2026-03-07,2026-04-03,2026-03-05,,,,,Magento,Magento,,,USD,128.50,,128.50,,,0,0.00,,0.00,0.00,,,,,,128.50,,0.00,,,,,,,,,,,,,,,,,,,,,,,20003,10581,20003-2026-0304-000242,,,,,,,,,,,,,,,,,,,,,,,,,,,,,,,,,,,,,,,,,,2026-03-04,FA13501DM-RINSEWSFT-26-30,,,,,,EA,,,,,,,,3,0,,3,,34.00,,102.00,,,,,FALSE,TRUE,FALSE,FALSE,,,,,,,,,,,,,,,,,,
242,1,0,2026-03-04,2026-03-07,2026-04-03,2026-03-05,,,,,Magento,Magento,,,USD,128.50,,128.50,,,0,0.00,,0.00,0.00,,,,,,128.50,,0.00,,,,,,,,,,,,,,,,,,,,,,,20003,10581,20003-2026-0304-000242,,,,,,,,,,,,,,,,,,,,,,,,,,,,,,,,,,,,,,,,,,2026-03-04,ADELINE-03-BLACK-9,,,,,,EA,,,,,,,,1,0,,1,,18.50,,18.50,,,,,FALSE,TRUE,FALSE,FALSE,,,,,,,,,,,,,,,,,,
242,1,0,2026-03-04,2026-03-07,2026-04-03,2026-03-05,,,,,Magento,Magento,,,USD,128.50,,128.50,,,0,0.00,,0.00,0.00,,,,,,128.50,,0.00,,,,,,,,,,,,,,,,,,,,,,,20003,10581,20003-2026-0304-000242,,,,,,,,,,,,,,,,,,,,,,,,,,,,,,,,,,,,,,,,,,2026-03-04,CAMILA-06-BLACK-9.5,,,,,,EA,,,,,,,,1,0,,1,,8.00,,8.00,,,,,FALSE,TRUE,FALSE,FALSE,,,,,,,,,,,,,,,,,,
243,1,0,2026-03-04,2026-03-07,2026-04-03,2026-03-06,,,,,Veeqo-Amazon,Veeqo Amazon,,,USD,288.00,,290.20,,,0,0.00,,0.00,2.20,,,,,,290.20,,0.00,,,,,,,,,,,,,,,,,,,,,,,10016,10579,10016-2026-0304-000243,,,,,,,,,,,,,,,,,,,,,,,,,,,,,,,,,,,,,,,,,,2026-03-04,CAMILA-06-TAUPE-B12,,,,,,EA,,,,,,,,3,0,,3,,96.00,,288.00,,,,,FALSE,TRUE,FALSE,FALSE,,,,,,,,,,,,,,,,,,
244,1,0,2026-03-02,2026-03-06,2026-04-01,2026-03-04,,,,,Mirakl-HudsonsB,Mirakl HudsonsB,,,USD,120.00,,120.00,,,0,0.00,,0.00,0.00,,,,,,120.00,,0.00,,,,,,,,,,,,,,,,,,,,,,,10005,10577,10005-2026-0302-000244,,,,,,,,,,,,,,,,,,,,,,,,,,,,,,,,,,,,,,,,,,2026-03-02,AUSTIN-06-BLUSH-S,,,,,,EA,,,,,,,,1,0,,1,,120.00,,120.00,,,,,FALSE,TRUE,FALSE,FALSE,,,,,,,,,,,,,,,,,,
245,1,0,2026-03-01,2026-03-06,2026-03-31,2026-03-01,,,,,Mirakl-HudsonsB,Mirakl HudsonsB,,,USD,328.00,,342.59,,,0,0.00,,0.00,14.59,,,,,,342.59,,0.00,,,,,,,,,,,,,,,,,,,,,,,10005,10577,10005-2026-0301-000245,,,,,,,,,,,,,,,,,,,,,,,,,,,,,,,,,,,,,,,,,,2026-03-01,173451-1183CITIZEN-9-STD,,,,,,EA,,,,,,,,4,0,,4,,24.00,,96.00,,,,,FALSE,TRUE,FALSE,FALSE,,,,,,,,,,,,,,,,,,
245,1,0,2026-03-01,2026-03-06,2026-03-31,2026-03-01,,,,,Mirakl-HudsonsB,Mirakl HudsonsB,,,USD,328.00,,342.59,,,0,0.00,,0.00,14.59,,,,,,342.59,,0.00,,,,,,,,,,,,,,,,,,,,,,,10005,10577,10005-2026-0301-000245,,,,,,,,,,,,,,,,,,,,,,,,,,,,,,,,,,,,,,,,,,2026-03-01,FA13501DM-1608BLAU2-32-30,,,,,,EA,,,,,,,,4,0,,4,,34.00,,136.00,,,,,FALSE,TRUE,FALSE,FALSE,,,,,,,,,,,,,,,,,,
245,1,0,2026-03-01,2026-03-06,2026-03-31,2026-03-01,,,,,Mirakl-HudsonsB,Mirakl HudsonsB,,,USD,328.00,,342.59,,,0,0.00,,0.00,14.59,,,,,,342.59,,0.00,,,,,,,,,,,,,,,,,,,,,,,10005,10577,10005-2026-0301-000245,,,,,,,,,,,,,,,,,,,,,,,,,,,,,,,,,,,,,,,,,,2026-03-01,173451-1183CITIZEN-13-STD,,,,,,EA,,,,,,,,4,0,,4,,24.00,,96.00,,,,,FALSE,TRUE,FALSE,FALSE,,,,,,,,,,,,,,,,,,
246,1,0,2026-03-01,2026-03-05,2026-03-31,2026-03-02,,,,,Mirakl-HudsonsB,Mirakl HudsonsB,,,USD,89.50,,96.14,,,0,0.00,,0.00,6.64,,,,,,96.14,,0.00,,,,,,,,,,,,,,,,,,,,,,,10005,10577,10005-2026-0301-000246,,,,,,,,,,,,,,,,,,,,,,,,,,,,,,,,,,,,,,,,,,2026-03-01,FA13501DM-1464KINGSC-31-30,,,,,,EA,,,,,,,,2,0,,2,,34.00,,68.00,,,,,FALSE,TRUE,FALSE,FALSE,,,,,,,,,,,,,,,,,,
246,1,0,2026-03-01,2026-03-05,2026-03-31,2026-03-02,,,,,Mirakl-HudsonsB,Mirakl HudsonsB,,,USD,89.50,,96.14,,,0,0.00,,0.00,6.64,,,,,,96.14,,0.00,,,,,,,,,,,,,,,,,,,,,,,10005,10577,10005-2026-0301-000246,,,,,,,,,,,,,,,,,,,,,,,,,,,,,,,,,,,,,,,,,,2026-03-01,ADELINE-02-WHITE-7,,,,,,EA,,,,,,,,1,0,,1,,11.50,,11.50,,,,,FALSE,TRUE,FALSE,FALSE,,,,,,,,,,,,,,,,,,
246,1,0,2026-03-01,2026-03-05,2026-03-31,2026-03-02,,,,,Mirakl-HudsonsB,Mirakl HudsonsB,,,USD,89.50,,96.14,,,0,0.00,,0.00,6.64,,,,,,96.14,,0.00,,,,,,,,,,,,,,,,,,,,,,,10005,10577,10005-2026-0301-000246,,,,,,,,,,,,,,,,,,,,,,,,,,,,,,,,,,,,,,,,,,2026-03-01,AUSTIN-06-NUDE-6,,,,,,EA,,,,,,,,1,0,,1,,10.00,,10.00,,,,,FALSE,TRUE,FALSE,FALSE,,,,,,,,,,,,,,,,,,
247,1,0,2026-03-01,2026-03-06,2026-03-31,2026-03-02,,,,,Etsy-LS,Etsy LS,,,USD,428.00,,442.98,,,0,0.00,,0.00,14.98,,,,,,442.98,,0.00,,,,,,,,,,,,,,,,,,,,,,,10008,10571,10008-2026-0301-000247,,,,,,,,,,,,,,,,,,,,,,,,,,,,,,,,,,,,,,,,,,2026-03-01,34478006-BLANCMANGE-3X-STD,,,,,,EA,,,,,,,,1,0,,1,,428.00,,428.00,,,,,FALSE,TRUE,FALSE,FALSE,,,,,,,,,,,,,,,,,,
248,1,0,2026-03-03,2026-03-07,2026-04-02,2026-03-05,,,,,AMZ-eCom,AMZ eCom,,,USD,108.50,,109.43,,,0,0.00,,0.00,0.93,,,,,,109.43,,0.00,,,,,,,,,,,,,,,,,,,,,,,10001,10565,10001-2026-0303-000248,,,,,,,,,,,,,,,,,,,,,,,,,,,,,,,,,,,,,,,,,,2026-03-03,ADELINE-03-BLUE-12,,,,,,EA,,,,,,,,4,0,,4,,18.50,,74.00,,,,,FALSE,TRUE,FALSE,FALSE,,,,,,,,,,,,,,,,,,
248,1,0,2026-03-03,2026-03-07,2026-04-02,2026-03-05,,,,,AMZ-eCom,AMZ eCom,,,USD,108.50,,109.43,,,0,0.00,,0.00,0.93,,,,,,109.43,,0.00,,,,,,,,,,,,,,,,,,,,,,,10001,10565,10001-2026-0303-000248,,,,,,,,,,,,,,,,,,,,,,,,,,,,,,,,,,,,,,,,,,2026-03-03,ADELINE-02-WHITE-8,,,,,,EA,,,,,,,,3,0,,3,,11.50,,34.50,,,,,FALSE,TRUE,FALSE,FALSE,,,,,,,,,,,,,,,,,,
249,1,0,2026-03-04,2026-03-06,2026-04-03,2026-03-06,,,,,Etsy-VS,Etsy VS,,,USD,56.00,,62.60,,,0,0.00,,0.00,6.60,,,,,,62.60,,0.00,,,,,,,,,,,,,,,,,,,,,,,10008,10572,10008-2026-0304-000249,,,,,,,,,,,,,,,,,,,,,,,,,,,,,,,,,,,,,,,,,,2026-03-04,CORA-01-BLK-12,,,,,,EA,,,,,,,,2,0,,2,,10.75,,21.50,,,,,FALSE,TRUE,FALSE,FALSE,,,,,,,,,,,,,,,,,,
249,1,0,2026-03-04,2026-03-06,2026-04-03,2026-03-06,,,,,Etsy-VS,Etsy VS,,,USD,56.00,,62.60,,,0,0.00,,0.00,6.60,,,,,,62.60,,0.00,,,,,,,,,,,,,,,,,,,,,,,10008,10572,10008-2026-0304-000249,,,,,,,,,,,,,,,,,,,,,,,,,,,,,,,,,,,,,,,,,,2026-03-04,ADELINE-02-NUDE-5.5,,,,,,EA,,,,,,,,3,0,,3,,11.50,,34.50,,,,,FALSE,TRUE,FALSE,FALSE,,,,,,,,,,,,,,,,,,
250,1,0,2026-03-02,2026-03-02,2026-04-01,2026-03-02,,,,,JCPenney,JCPenney,,,USD,46.00,,54.55,,,0,0.00,,0.00,8.55,,,,,,54.55,,0.00,,,,,,,,,,,,,,,,,,,,,,,30007,10575,30007-2026-0302-000250,,,,,,,,,,,,,,,,,,,,,,,,,,,,,,,,,,,,,,,,,,2026-03-02,ADELINE-02-WHITE-5.5,,,,,,EA,,,,,,,,4,0,,4,,11.50,,46.00,,,,,FALSE,TRUE,FALSE,FALSE,,,,,,,,,,,,,,,,,,
251,1,0,2026-03-04,2026-03-06,2026-04-03,2026-03-06,,,,,Mirakl-Kohls,Mirakl Kohls,,,USD,330.25,,340.65,,,0,0.00,,0.00,10.40,,,,,,340.65,,0.00,,,,,,,,,,,,,,,,,,,,,,,10013,10576,10013-2026-0304-000251,,,,,,,,,,,,,,,,,,,,,,,,,,,,,,,,,,,,,,,,,,2026-03-04,ASTRID-01-BLACK-9,,,,,,EA,,,,,,,,3,0,,3,,20.75,,62.25,,,,,FALSE,TRUE,FALSE,FALSE,,,,,,,,,,,,,,,,,,
251,1,0,2026-03-04,2026-03-06,2026-04-03,2026-03-06,,,,,Mirakl-Kohls,Mirakl Kohls,,,USD,330.25,,340.65,,,0,0.00,,0.00,10.40,,,,,,340.65,,0.00,,,,,,,,,,,,,,,,,,,,,,,10013,10576,10013-2026-0304-000251,,,,,,,,,,,,,,,,,,,,,,,,,,,,,,,,,,,,,,,,,,2026-03-04,ADELINE-02-NUDE-6,,,,,,EA,,,,,,,,4,0,,4,,11.50,,46.00,,,,,FALSE,TRUE,FALSE,FALSE,,,,,,,,,,,,,,,,,,
251,1,0,2026-03-04,2026-03-06,2026-04-03,2026-03-06,,,,,Mirakl-Kohls,Mirakl Kohls,,,USD,330.25,,340.65,,,0,0.00,,0.00,10.40,,,,,,340.65,,0.00,,,,,,,,,,,,,,,,,,,,,,,10013,10576,10013-2026-0304-000251,,,,,,,,,,,,,,,,,,,,,,,,,,,,,,,,,,,,,,,,,,2026-03-04,ADELINE-03-GOLD-B12,,,,,,EA,,,,,,,,1,0,,1,,222.00,,222.00,,,,,FALSE,TRUE,FALSE,FALSE,,,,,,,,,,,,,,,,,,
252,1,0,2026-03-03,2026-03-07,2026-04-02,2026-03-04,,,,,Walmart-eComm,Walmart eComm,,,USD,138.00,,154.20,,,0,0.00,,0.00,16.20,,,,,,154.20,,0.00,,,,,,,,,,,,,,,,,,,,,,,10002,10566,10002-2026-0303-000252,,,,,,,,,,,,,,,,,,,,,,,,,,,,,,,,,,,,,,,,,,2026-03-03,ADELINE-02-PINK-A12,,,,,,EA,,,,,,,,1,0,,1,,138.00,,138.00,,,,,FALSE,TRUE,FALSE,FALSE,,,,,,,,,,,,,,,,,,
253,1,0,2026-03-03,2026-03-06,2026-04-02,2026-03-05,,,,,Shopify,Shopify,,,USD,414.00,,423.02,,,0,0.00,,0.00,9.02,,,,,,423.02,,0.00,,,,,,,,,,,,,,,,,,,,,,,20001,10580,20001-2026-0303-000253,,,,,,,,,,,,,,,,,,,,,,,,,,,,,,,,,,,,,,,,,,2026-03-03,ADELINE-02-WHITE-S,,,,,,EA,,,,,,,,3,0,,3,,138.00,,414.00,,,,,FALSE,TRUE,FALSE,FALSE,,,,,,,,,,,,,,,,,,
254,1,0,2026-03-03,2026-03-05,2026-04-02,2026-03-04,,,,,Mirakl-HudsonsB,Mirakl HudsonsB,,,USD,102.00,,118.42,,,0,0.00,,0.00,16.42,,,,,,118.42,,0.00,,,,,,,,,,,,,,,,,,,,,,,10005,10577,10005-2026-0303-000254,,,,,,,,,,,,,,,,,,,,,,,,,,,,,,,,,,,,,,,,,,2026-03-03,F13031C-1742VNTGCO-31-STD,,,,,,EA,,,,,,,,3,0,,3,,34.00,,102.00,,,,,FALSE,TRUE,FALSE,FALSE,,,,,,,,,,,,,,,,,,
255,1,0,2026-03-01,2026-03-02,2026-03-31,2026-03-02,,,,,Etsy-VS,Etsy VS,,,USD,188.00,,191.89,,,0,0.00,,0.00,3.89,,,,,,191.89,,0.00,,,,,,,,,,,,,,,,,,,,,,,10008,10572,10008-2026-0301-000255,,,,,,,,,,,,,,,,,,,,,,,,,,,,,,,,,,,,,,,,,,2026-03-01,ADELINE-03-BLUE-9.5,,,,,,EA,,,,,,,,4,0,,4,,18.50,,74.00,,,,,FALSE,TRUE,FALSE,FALSE,,,,,,,,,,,,,,,,,,
255,1,0,2026-03-01,2026-03-02,2026-03-31,2026-03-02,,,,,Etsy-VS,Etsy VS,,,USD,188.00,,191.89,,,0,0.00,,0.00,3.89,,,,,,191.89,,0.00,,,,,,,,,,,,,,,,,,,,,,,10008,10572,10008-2026-0301-000255,,,,,,,,,,,,,,,,,,,,,,,,,,,,,,,,,,,,,,,,,,2026-03-01,F13031C-1742VNTGBJ-29-STD,,,,,,EA,,,,,,,,2,0,,2,,34.00,,68.00,,,,,FALSE,TRUE,FALSE,FALSE,,,,,,,,,,,,,,,,,,
255,1,0,2026-03-01,2026-03-02,2026-03-31,2026-03-02,,,,,Etsy-VS,Etsy VS,,,USD,188.00,,191.89,,,0,0.00,,0.00,3.89,,,,,,191.89,,0.00,,,,,,,,,,,,,,,,,,,,,,,10008,10572,10008-2026-0301-000255,,,,,,,,,,,,,,,,,,,,,,,,,,,,,,,,,,,,,,,,,,2026-03-01,ADELINE-02-PINK-12,,,,,,EA,,,,,,,,4,0,,4,,11.50,,46.00,,,,,FALSE,TRUE,FALSE,FALSE,,,,,,,,,,,,,,,,,,
256,1,0,2026-03-04,2026-03-07,2026-04-03,2026-03-05,,,,,Squarespace,Squarespace,,,USD,90.75,,96.00,,,0,0.00,,0.00,5.25,,,,,,96.00,,0.00,,,,,,,,,,,,,,,,,,,,,,,20006,10582,20006-2026-0304-000256,,,,,,,,,,,,,,,,,,,,,,,,,,,,,,,,,,,,,,,,,,2026-03-04,AUSTIN-06-BLACK-5.5,,,,,,EA,,,,,,,,3,0,,3,,10.00,,30.00,,,,,FALSE,TRUE,FALSE,FALSE,,,,,,,,,,,,,,,,,,
256,1,0,2026-03-04,2026-03-07,2026-04-03,2026-03-05,,,,,Squarespace,Squarespace,,,USD,90.75,,96.00,,,0,0.00,,0.00,5.25,,,,,,96.00,,0.00,,,,,,,,,,,,,,,,,,,,,,,20006,10582,20006-2026-0304-000256,,,,,,,,,,,,,,,,,,,,,,,,,,,,,,,,,,,,,,,,,,2026-03-04,AUSTIN-06-NUDE-5.5,,,,,,EA,,,,,,,,4,0,,4,,10.00,,40.00,,,,,FALSE,TRUE,FALSE,FALSE,,,,,,,,,,,,,,,,,,
256,1,0,2026-03-04,2026-03-07,2026-04-03,2026-03-05,,,,,Squarespace,Squarespace,,,USD,90.75,,96.00,,,0,0.00,,0.00,5.25,,,,,,96.00,,0.00,,,,,,,,,,,,,,,,,,,,,,,20006,10582,20006-2026-0304-000256,,,,,,,,,,,,,,,,,,,,,,,,,,,,,,,,,,,,,,,,,,2026-03-04,ASTRID-01-BLUSH-12,,,,,,EA,,,,,,,,1,0,,1,,20.75,,20.75,,,,,FALSE,TRUE,FALSE,FALSE,,,,,,,,,,,,,,,,,,
257,1,0,2026-03-01,2026-03-04,2026-03-31,2026-03-02,,,,,Macys,Macys,,,USD,46.00,,51.29,,,0,0.00,,0.00,5.29,,,,,,51.29,,0.00,,,,,,,,,,,,,,,,,,,,,,,30005,10574,30005-2026-0301-000257,,,,,,,,,,,,,,,,,,,,,,,,,,,,,,,,,,,,,,,,,,2026-03-01,ADELINE-02-PINK-8,,,,,,EA,,,,,,,,4,0,,4,,11.50,,46.00,,,,,FALSE,TRUE,FALSE,FALSE,,,,,,,,,,,,,,,,,,
258,1,0,2026-03-01,2026-03-04,2026-03-31,2026-03-02,,,,,Shopify,Shopify,,,USD,338.25,,354.29,,,0,0.00,,0.00,16.04,,,,,,354.29,,0.00,,,,,,,,,,,,,,,,,,,,,,,20001,10580,20001-2026-0301-000258,,,,,,,,,,,,,,,,,,,,,,,,,,,,,,,,,,,,,,,,,,2026-03-01,ASTRID-01-NUDE-11,,,,,,EA,,,,,,,,3,0,,3,,20.75,,62.25,,,,,FALSE,TRUE,FALSE,FALSE,,,,,,,,,,,,,,,,,,
258,1,0,2026-03-01,2026-03-04,2026-03-31,2026-03-02,,,,,Shopify,Shopify,,,USD,338.25,,354.29,,,0,0.00,,0.00,16.04,,,,,,354.29,,0.00,,,,,,,,,,,,,,,,,,,,,,,20001,10580,20001-2026-0301-000258,,,,,,,,,,,,,,,,,,,,,,,,,,,,,,,,,,,,,,,,,,2026-03-01,ADELINE-02-BLACK-B12,,,,,,EA,,,,,,,,2,0,,2,,138.00,,276.00,,,,,FALSE,TRUE,FALSE,FALSE,,,,,,,,,,,,,,,,,,
259,1,0,2026-03-01,2026-03-04,2026-03-31,2026-03-03,,,,,Mirakl-Kohls,Mirakl Kohls,,,USD,394.50,,394.50,,,0,0.00,,0.00,0.00,,,,,,394.50,,0.00,,,,,,,,,,,,,,,,,,,,,,,10013,10576,10013-2026-0301-000259,,,,,,,,,,,,,,,,,,,,,,,,,,,,,,,,,,,,,,,,,,2026-03-01,ADELINE-02-CAMEL-10,,,,,,EA,,,,,,,,3,0,,3,,11.50,,34.50,,,,,FALSE,TRUE,FALSE,FALSE,,,,,,,,,,,,,,,,,,
259,1,0,2026-03-01,2026-03-04,2026-03-31,2026-03-03,,,,,Mirakl-Kohls,Mirakl Kohls,,,USD,394.50,,394.50,,,0,0.00,,0.00,0.00,,,,,,394.50,,0.00,,,,,,,,,,,,,,,,,,,,,,,10013,10576,10013-2026-0301-000259,,,,,,,,,,,,,,,,,,,,,,,,,,,,,,,,,,,,,,,,,,2026-03-01,AUSTIN-06-NUDE-A12,,,,,,EA,,,,,,,,3,0,,3,,120.00,,360.00,,,,,FALSE,TRUE,FALSE,FALSE,,,,,,,,,,,,,,,,,,
260,1,0,2026-03-01,2026-03-04,2026-03-31,2026-03-03,,,,,Magento,Magento,,,USD,33.00,,47.01,,,0,0.00,,0.00,14.01,,,,,,47.01,,0.00,,,,,,,,,,,,,,,,,,,,,,,20003,10581,20003-2026-0301-000260,,,,,,,,,,,,,,,,,,,,,,,,,,,,,,,,,,,,,,,,,,2026-03-01,AUSTIN-06-NUDE-8,,,,,,EA,,,,,,,,1,0,,1,,10.00,,10.00,,,,,FALSE,TRUE,FALSE,FALSE,,,,,,,,,,,,,,,,,,
260,1,0,2026-03-01,2026-03-04,2026-03-31,2026-03-03,,,,,Magento,Magento,,,USD,33.00,,47.01,,,0,0.00,,0.00,14.01,,,,,,47.01,,0.00,,,,,,,,,,,,,,,,,,,,,,,20003,10581,20003-2026-0301-000260,,,,,,,,,,,,,,,,,,,,,,,,,,,,,,,,,,,,,,,,,,2026-03-01,ADELINE-02-NUDE-12,,,,,,EA,,,,,,,,2,0,,2,,11.50,,23.00,,,,,FALSE,TRUE,FALSE,FALSE,,,,,,,,,,,,,,,,,,
261,1,0,2026-03-01,2026-03-03,2026-03-31,2026-03-03,,,,,Squarespace,Squarespace,,,USD,346.00,,360.12,,,0,0.00,,0.00,14.12,,,,,,360.12,,0.00,,,,,,,,,,,,,,,,,,,,,,,20006,10582,20006-2026-0301-000261,,,,,,,,,,,,,,,,,,,,,,,,,,,,,,,,,,,,,,,,,,2026-03-01,ADELINE-03-BLACK-6.5,,,,,,EA,,,,,,,,3,0,,3,,18.50,,55.50,,,,,FALSE,TRUE,FALSE,FALSE,,,,,,,,,,,,,,,,,,
261,1,0,2026-03-01,2026-03-03,2026-03-31,2026-03-03,,,,,Squarespace,Squarespace,,,USD,346.00,,360.12,,,0,0.00,,0.00,14.12,,,,,,360.12,,0.00,,,,,,,,,,,,,,,,,,,,,,,20006,10582,20006-2026-0301-000261,,,,,,,,,,,,,,,,,,,,,,,,,,,,,,,,,,,,,,,,,,2026-03-01,CORA-01-YLW-A12,,,,,,EA,,,,,,,,2,0,,2,,129.00,,258.00,,,,,FALSE,TRUE,FALSE,FALSE,,,,,,,,,,,,,,,,,,
261,1,0,2026-03-01,2026-03-03,2026-03-31,2026-03-03,,,,,Squarespace,Squarespace,,,USD,346.00,,360.12,,,0,0.00,,0.00,14.12,,,,,,360.12,,0.00,,,,,,,,,,,,,,,,,,,,,,,20006,10582,20006-2026-0301-000261,,,,,,,,,,,,,,,,,,,,,,,,,,,,,,,,,,,,,,,,,,2026-03-01,AVIANA-06-BLACK-6,,,,,,EA,,,,,,,,2,0,,2,,16.25,,32.50,,,,,FALSE,TRUE,FALSE,FALSE,,,,,,,,,,,,,,,,,,
262,1,0,2026-03-02,2026-03-06,2026-04-01,2026-03-04,,,,,Walmart-eComm,Walmart eComm,,,USD,96.00,,103.94,,,0,0.00,,0.00,7.94,,,,,,103.94,,0.00,,,,,,,,,,,,,,,,,,,,,,,10002,10566,10002-2026-0302-000262,,,,,,,,,,,,,,,,,,,,,,,,,,,,,,,,,,,,,,,,,,2026-03-02,CAMILA-06-TAUPE-6,,,,,,EA,,,,,,,,3,0,,3,,8.00,,24.00,,,,,FALSE,TRUE,FALSE,FALSE,,,,,,,,,,,,,,,,,,
262,1,0,2026-03-02,2026-03-06,2026-04-01,2026-03-04,,,,,Walmart-eComm,Walmart eComm,,,USD,96.00,,103.94,,,0,0.00,,0.00,7.94,,,,,,103.94,,0.00,,,,,,,,,,,,,,,,,,,,,,,10002,10566,10002-2026-0302-000262,,,,,,,,,,,,,,,,,,,,,,,,,,,,,,,,,,,,,,,,,,2026-03-02,173451-1183CITIZEN-11-34,,,,,,EA,,,,,,,,3,0,,3,,24.00,,72.00,,,,,FALSE,TRUE,FALSE,FALSE,,,,,,,,,,,,,,,,,,
263,1,0,2026-03-02,2026-03-04,2026-04-01,2026-03-02,,,,,Mirakl-HudsonsB,Mirakl HudsonsB,,,USD,65.00,,81.88,,,0,0.00,,0.00,16.88,,,,,,81.88,,0.00,,,,,,,,,,,,,,,,,,,,,,,10005,10577,10005-2026-0302-000263,,,,,,,,,,,,,,,,,,,,,,,,,,,,,,,,,,,,,,,,,,2026-03-02,AVIANA-06-WHITE-9.5,,,,,,EA,,,,,,,,4,0,,4,,16.25,,65.00,,,,,FALSE,TRUE,FALSE,FALSE,,,,,,,,,,,,,,,,,,
264,1,0,2026-03-03,2026-03-03,2026-04-02,2026-03-05,,,,,JCPenney,JCPenney,,,USD,209.00,,209.29,,,0,0.00,,0.00,0.29,,,,,,209.29,,0.00,,,,,,,,,,,,,,,,,,,,,,,30007,10575,30007-2026-0303-000264,,,,,,,,,,,,,,,,,,,,,,,,,,,,,,,,,,,,,,,,,,2026-03-03,ADELINE-03-BLUE-5,,,,,,EA,,,,,,,,4,0,,4,,18.50,,74.00,,,,,FALSE,TRUE,FALSE,FALSE,,,,,,,,,,,,,,,,,,
264,1,0,2026-03-03,2026-03-03,2026-04-02,2026-03-05,,,,,JCPenney,JCPenney,,,USD,209.00,,209.29,,,0,0.00,,0.00,0.29,,,,,,209.29,,0.00,,,,,,,,,,,,,,,,,,,,,,,30007,10575,30007-2026-0303-000264,,,,,,,,,,,,,,,,,,,,,,,,,,,,,,,,,,,,,,,,,,2026-03-03,173451-1183CITIZEN-23-STD,,,,,,EA,,,,,,,,4,0,,4,,24.00,,96.00,,,,,FALSE,TRUE,FALSE,FALSE,,,,,,,,,,,,,,,,,,
264,1,0,2026-03-03,2026-03-03,2026-04-02,2026-03-05,,,,,JCPenney,JCPenney,,,USD,209.00,,209.29,,,0,0.00,,0.00,0.29,,,,,,209.29,,0.00,,,,,,,,,,,,,,,,,,,,,,,30007,10575,30007-2026-0303-000264,,,,,,,,,,,,,,,,,,,,,,,,,,,,,,,,,,,,,,,,,,2026-03-03,FA16023WV-SMOKEYROSE-S-STD,,,,,,EA,,,,,,,,1,0,,1,,39.00,,39.00,,,,,FALSE,TRUE,FALSE,FALSE,,,,,,,,,,,,,,,,,,
265,1,0,2026-03-01,2026-03-05,2026-03-31,2026-03-02,,,,,Squarespace,Squarespace,,,USD,40.00,,55.25,,,0,0.00,,0.00,15.25,,,,,,55.25,,0.00,,,,,,,,,,,,,,,,,,,,,,,20006,10582,20006-2026-0301-000265,,,,,,,,,,,,,,,,,,,,,,,,,,,,,,,,,,,,,,,,,,2026-03-01,AUSTIN-06-CAMEL-6.5,,,,,,EA,,,,,,,,4,0,,4,,10.00,,40.00,,,,,FALSE,TRUE,FALSE,FALSE,,,,,,,,,,,,,,,,,,
266,1,0,2026-03-04,2026-03-09,2026-04-03,2026-03-06,,,,,eBay,eBay,,,USD,222.00,,235.84,,,0,0.00,,0.00,13.84,,,,,,235.84,,0.00,,,,,,,,,,,,,,,,,,,,,,,10004,10570,10004-2026-0304-000266,,,,,,,,,,,,,,,,,,,,,,,,,,,,,,,,,,,,,,,,,,2026-03-04,ADELINE-03-GOLD-S,,,,,,EA,,,,,,,,1,0,,1,,222.00,,222.00,,,,,FALSE,TRUE,FALSE,FALSE,,,,,,,,,,,,,,,,,,
267,1,0,2026-03-03,2026-03-07,2026-04-02,2026-03-03,,,,,Magento,Magento,,,USD,78.25,,94.03,,,0,0.00,,0.00,15.78,,,,,,94.03,,0.00,,,,,,,,,,,,,,,,,,,,,,,20003,10581,20003-2026-0303-000267,,,,,,,,,,,,,,,,,,,,,,,,,,,,,,,,,,,,,,,,,,2026-03-03,ADELINE-02-BLACK-6,,,,,,EA,,,,,,,,4,0,,4,,11.50,,46.00,,,,,FALSE,TRUE,FALSE,FALSE,,,,,,,,,,,,,,,,,,
267,1,0,2026-03-03,2026-03-07,2026-04-02,2026-03-03,,,,,Magento,Magento,,,USD,78.25,,94.03,,,0,0.00,,0.00,15.78,,,,,,94.03,,0.00,,,,,,,,,,,,,,,,,,,,,,,20003,10581,20003-2026-0303-000267,,,,,,,,,,,,,,,,,,,,,,,,,,,,,,,,,,,,,,,,,,2026-03-03,CORA-01-FUCH-5,,,,,,EA,,,,,,,,3,0,,3,,10.75,,32.25,,,,,FALSE,TRUE,FALSE,FALSE,,,,,,,,,,,,,,,,,,
268,1,0,2026-03-01,2026-03-02,2026-03-31,2026-03-01,,,,,Squarespace,Squarespace,,,USD,95.50,,110.68,,,0,0.00,,0.00,15.18,,,,,,110.68,,0.00,,,,,,,,,,,,,,,,,,,,,,,20006,10582,20006-2026-0301-000268,,,,,,,,,,,,,,,,,,,,,,,,,,,,,,,,,,,,,,,,,,2026-03-01,CORA-01-YLW-5,,,,,,EA,,,,,,,,4,0,,4,,10.75,,43.00,,,,,FALSE,TRUE,FALSE,FALSE,,,,,,,,,,,,,,,,,,
268,1,0,2026-03-01,2026-03-02,2026-03-31,2026-03-01,,,,,Squarespace,Squarespace,,,USD,95.50,,110.68,,,0,0.00,,0.00,15.18,,,,,,110.68,,0.00,,,,,,,,,,,,,,,,,,,,,,,20006,10582,20006-2026-0301-000268,,,,,,,,,,,,,,,,,,,,,,,,,,,,,,,,,,,,,,,,,,2026-03-01,ADELINE-03-BLACK-5,,,,,,EA,,,,,,,,1,0,,1,,18.50,,18.50,,,,,FALSE,TRUE,FALSE,FALSE,,,,,,,,,,,,,,,,,,
268,1,0,2026-03-01,2026-03-02,2026-03-31,2026-03-01,,,,,Squarespace,Squarespace,,,USD,95.50,,110.68,,,0,0.00,,0.00,15.18,,,,,,110.68,,0.00,,,,,,,,,,,,,,,,,,,,,,,20006,10582,20006-2026-0301-000268,,,,,,,,,,,,,,,,,,,,,,,,,,,,,,,,,,,,,,,,,,2026-03-01,FA13512DM-1847DPOCN-26-30,,,,,,EA,,,,,,,,1,0,,1,,34.00,,34.00,,,,,FALSE,TRUE,FALSE,FALSE,,,,,,,,,,,,,,,,,,
269,1,0,2026-03-02,2026-03-06,2026-04-01,2026-03-02,,,,,Etsy-LS,Etsy LS,,,USD,387.00,,387.41,,,0,0.00,,0.00,0.41,,,,,,387.41,,0.00,,,,,,,,,,,,,,,,,,,,,,,10008,10571,10008-2026-0302-000269,,,,,,,,,,,,,,,,,,,,,,,,,,,,,,,,,,,,,,,,,,2026-03-02,CORA-01-CAME-B12,,,,,,EA,,,,,,,,3,0,,3,,129.00,,387.00,,,,,FALSE,TRUE,FALSE,FALSE,,,,,,,,,,,,,,,,,,
270,1,0,2026-03-01,2026-03-01,2026-03-31,2026-03-01,,,,,JCPenney,JCPenney,,,USD,263.50,,270.33,,,0,0.00,,0.00,6.83,,,,,,270.33,,0.00,,,,,,,,,,,,,,,,,,,,,,,30007,10575,30007-2026-0301-000270,,,,,,,,,,,,,,,,,,,,,,,,,,,,,,,,,,,,,,,,,,2026-03-01,ADELINE-03-TAUPE-S,,,,,,EA,,,,,,,,1,0,,1,,222.00,,222.00,,,,,FALSE,TRUE,FALSE,FALSE,,,,,,,,,,,,,,,,,,
270,1,0,2026-03-01,2026-03-01,2026-03-31,2026-03-01,,,,,JCPenney,JCPenney,,,USD,263.50,,270.33,,,0,0.00,,0.00,6.83,,,,,,270.33,,0.00,,,,,,,,,,,,,,,,,,,,,,,30007,10575,30007-2026-0301-000270,,,,,,,,,,,,,,,,,,,,,,,,,,,,,,,,,,,,,,,,,,2026-03-01,ASTRID-01-GREY-8,,,,,,EA,,,,,,,,2,0,,2,,20.75,,41.50,,,,,FALSE,TRUE,FALSE,FALSE,,,,,,,,,,,,,,,,,,
271,1,0,2026-03-03,2026-03-04,2026-04-02,2026-03-05,,,,,eBay,eBay,,,USD,183.00,,184.29,,,0,0.00,,0.00,1.29,,,,,,184.29,,0.00,,,,,,,,,,,,,,,,,,,,,,,10004,10570,10004-2026-0303-000271,,,,,,,,,,,,,,,,,,,,,,,,,,,,,,,,,,,,,,,,,,2026-03-03,CAMILA-06-LILAC-6.5,,,,,,EA,,,,,,,,4,0,,4,,8.00,,32.00,,,,,FALSE,TRUE,FALSE,FALSE,,,,,,,,,,,,,,,,,,
271,1,0,2026-03-03,2026-03-04,2026-04-02,2026-03-05,,,,,eBay,eBay,,,USD,183.00,,184.29,,,0,0.00,,0.00,1.29,,,,,,184.29,,0.00,,,,,,,,,,,,,,,,,,,,,,,10004,10570,10004-2026-0303-000271,,,,,,,,,,,,,,,,,,,,,,,,,,,,,,,,,,,,,,,,,,2026-03-03,FA16105WV-MIDNIGHTCAMO-S-STD,,,,,,EA,,,,,,,,3,0,,3,,39.00,,117.00,,,,,FALSE,TRUE,FALSE,FALSE,,,,,,,,,,,,,,,,,,
271,1,0,2026-03-03,2026-03-04,2026-04-02,2026-03-05,,,,,eBay,eBay,,,USD,183.00,,184.29,,,0,0.00,,0.00,1.29,,,,,,184.29,,0.00,,,,,,,,,,,,,,,,,,,,,,,10004,10570,10004-2026-0303-000271,,,,,,,,,,,,,,,,,,,,,,,,,,,,,,,,,,,,,,,,,,2026-03-03,F13031C-1742VNTGST-32-STD,,,,,,EA,,,,,,,,1,0,,1,,34.00,,34.00,,,,,FALSE,TRUE,FALSE,FALSE,,,,,,,,,,,,,,,,,,
272,1,0,2026-03-02,2026-03-02,2026-04-01,2026-03-03,,,,,Mirakl-HudsonsB,Mirakl HudsonsB,,,USD,414.00,,424.42,,,0,0.00,,0.00,10.42,,,,,,424.42,,0.00,,,,,,,,,,,,,,,,,,,,,,,10005,10577,10005-2026-0302-000272,,,,,,,,,,,,,,,,,,,,,,,,,,,,,,,,,,,,,,,,,,2026-03-02,ADELINE-02-WHITE-A12,,,,,,EA,,,,,,,,3,0,,3,,138.00,,414.00,,,,,FALSE,TRUE,FALSE,FALSE,,,,,,,,,,,,,,,,,,
273,1,0,2026-03-03,2026-03-08,2026-04-02,2026-03-05,,,,,Macys,Macys,,,USD,68.00,,84.65,,,0,0.00,,0.00,16.65,,,,,,84.65,,0.00,,,,,,,,,,,,,,,,,,,,,,,30005,10574,30005-2026-0303-000273,,,,,,,,,,,,,,,,,,,,,,,,,,,,,,,,,,,,,,,,,,2026-03-03,FA13512DM-1847DPOCN-27-30,,,,,,EA,,,,,,,,2,0,,2,,34.00,,68.00,,,,,FALSE,TRUE,FALSE,FALSE,,,,,,,,,,,,,,,,,,
274,1,0,2026-03-03,2026-03-06,2026-04-02,2026-03-05,,,,,Shopify,Shopify,,,USD,227.00,,229.92,,,0,0.00,,0.00,2.92,,,,,,229.92,,0.00,,,,,,,,,,,,,,,,,,,,,,,20001,10580,20001-2026-0303-000274,,,,,,,,,,,,,,,,,,,,,,,,,,,,,,,,,,,,,,,,,,2026-03-03,FB3601737-3219UNFORGV-29-STD,,,,,,EA,,,,,,,,4,0,,4,,39.00,,156.00,,,,,FALSE,TRUE,FALSE,FALSE,,,,,,,,,,,,,,,,,,
274,1,0,2026-03-03,2026-03-06,2026-04-02,2026-03-05,,,,,Shopify,Shopify,,,USD,227.00,,229.92,,,0,0.00,,0.00,2.92,,,,,,229.92,,0.00,,,,,,,,,,,,,,,,,,,,,,,20001,10580,20001-2026-0303-000274,,,,,,,,,,,,,,,,,,,,,,,,,,,,,,,,,,,,,,,,,,2026-03-03,FA16023WV-MIDNIGHTBLUE-L-STD,,,,,,EA,,,,,,,,1,0,,1,,39.00,,39.00,,,,,FALSE,TRUE,FALSE,FALSE,,,,,,,,,,,,,,,,,,
274,1,0,2026-03-03,2026-03-06,2026-04-02,2026-03-05,,,,,Shopify,Shopify,,,USD,227.00,,229.92,,,0,0.00,,0.00,2.92,,,,,,229.92,,0.00,,,,,,,,,,,,,,,,,,,,,,,20001,10580,20001-2026-0303-000274,,,,,,,,,,,,,,,,,,,,,,,,,,,,,,,,,,,,,,,,,,2026-03-03,CAMILA-06-TAUPE-5.5,,,,,,EA,,,,,,,,4,0,,4,,8.00,,32.00,,,,,FALSE,TRUE,FALSE,FALSE,,,,,,,,,,,,,,,,,,
275,1,0,2026-03-03,2026-03-05,2026-04-02,2026-03-04,,,,,Shopify,Shopify,,,USD,43.00,,54.91,,,0,0.00,,0.00,11.91,,,,,,54.91,,0.00,,,,,,,,,,,,,,,,,,,,,,,20001,10580,20001-2026-0303-000275,,,,,,,,,,,,,,,,,,,,,,,,,,,,,,,,,,,,,,,,,,2026-03-03,CORA-01-LEOP-8.5,,,,,,EA,,,,,,,,4,0,,4,,10.75,,43.00,,,,,FALSE,TRUE,FALSE,FALSE,,,,,,,,,,,,,,,,,,
276,1,0,2026-03-04,2026-03-07,2026-04-03,2026-03-06,,,,,Mirakl-HudsonsB,Mirakl HudsonsB,,,USD,360.00,,361.55,,,0,0.00,,0.00,1.55,,,,,,361.55,,0.00,,,,,,,,,,,,,,,,,,,,,,,10005,10577,10005-2026-0304-000276,,,,,,,,,,,,,,,,,,,,,,,,,,,,,,,,,,,,,,,,,,2026-03-04,AUSTIN-06-CAMEL-S,,,,,,EA,,,,,,,,3,0,,3,,120.00,,360.00,,,,,FALSE,TRUE,FALSE,FALSE,,,,,,,,,,,,,,,,,,
277,1,0,2026-03-01,2026-03-05,2026-03-31,2026-03-01,,,,,Macys,Macys,,,USD,129.00,,129.00,,,0,0.00,,0.00,0.00,,,,,,129.00,,0.00,,,,,,,,,,,,,,,,,,,,,,,30005,10574,30005-2026-0301-000277,,,,,,,,,,,,,,,,,,,,,,,,,,,,,,,,,,,,,,,,,,2026-03-01,CORA-01-TAUP-S,,,,,,EA,,,,,,,,1,0,,1,,129.00,,129.00,,,,,FALSE,TRUE,FALSE,FALSE,,,,,,,,,,,,,,,,,,
278,1,0,2026-03-02,2026-03-02,2026-04-01,2026-03-04,,,,,AMZ-eCom,AMZ eCom,,,USD,226.00,,233.33,,,0,0.00,,0.00,7.33,,,,,,233.33,,0.00,,,,,,,,,,,,,,,,,,,,,,,10001,10565,10001-2026-0302-000278,,,,,,,,,,,,,,,,,,,,,,,,,,,,,,,,,,,,,,,,,,2026-03-02,FA13501DM-1608BLAU2-31-30,,,,,,EA,,,,,,,,1,0,,1,,34.00,,34.00,,,,,FALSE,TRUE,FALSE,FALSE,,,,,,,,,,,,,,,,,,
278,1,0,2026-03-02,2026-03-02,2026-04-01,2026-03-04,,,,,AMZ-eCom,AMZ eCom,,,USD,226.00,,233.33,,,0,0.00,,0.00,7.33,,,,,,233.33,,0.00,,,,,,,,,,,,,,,,,,,,,,,10001,10565,10001-2026-0302-000278,,,,,,,,,,,,,,,,,,,,,,,,,,,,,,,,,,,,,,,,,,2026-03-02,CAMILA-06-LILAC-B12,,,,,,EA,,,,,,,,2,0,,2,,96.00,,192.00,,,,,FALSE,TRUE,FALSE,FALSE,,,,,,,,,,,,,,,,,,
279,1,0,2026-03-02,2026-03-03,2026-04-01,2026-03-02,,,,,Mirakl-Kohls,Mirakl Kohls,,,USD,188.00,,201.85,,,0,0.00,,0.00,13.85,,,,,,201.85,,0.00,,,,,,,,,,,,,,,,,,,,,,,10013,10576,10013-2026-0302-000279,,,,,,,,,,,,,,,,,,,,,,,,,,,,,,,,,,,,,,,,,,2026-03-02,AUSTIN-06-CAMEL-B12,,,,,,EA,,,,,,,,1,0,,1,,120.00,,120.00,,,,,FALSE,TRUE,FALSE,FALSE,,,,,,,,,,,,,,,,,,
279,1,0,2026-03-02,2026-03-03,2026-04-01,2026-03-02,,,,,Mirakl-Kohls,Mirakl Kohls,,,USD,188.00,,201.85,,,0,0.00,,0.00,13.85,,,,,,201.85,,0.00,,,,,,,,,,,,,,,,,,,,,,,10013,10576,10013-2026-0302-000279,,,,,,,,,,,,,,,,,,,,,,,,,,,,,,,,,,,,,,,,,,2026-03-02,F13031C-1742VNTGDM-31-STD,,,,,,EA,,,,,,,,2,0,,2,,34.00,,68.00,,,,,FALSE,TRUE,FALSE,FALSE,,,,,,,,,,,,,,,,,,
280,1,0,2026-03-01,2026-03-05,2026-03-31,2026-03-02,,,,,Veeqo-Amazon,Veeqo Amazon,,,USD,34.50,,45.99,,,0,0.00,,0.00,11.49,,,,,,45.99,,0.00,,,,,,,,,,,,,,,,,,,,,,,10016,10579,10016-2026-0301-000280,,,,,,,,,,,,,,,,,,,,,,,,,,,,,,,,,,,,,,,,,,2026-03-01,ADELINE-02-CAMEL-12,,,,,,EA,,,,,,,,3,0,,3,,11.50,,34.50,,,,,FALSE,TRUE,FALSE,FALSE,,,,,,,,,,,,,,,,,,
281,1,0,2026-03-02,2026-03-04,2026-04-01,2026-03-04,,,,,eBay,eBay,,,USD,93.00,,94.64,,,0,0.00,,0.00,1.64,,,,,,94.64,,0.00,,,,,,,,,,,,,,,,,,,,,,,10004,10570,10004-2026-0302-000281,,,,,,,,,,,,,,,,,,,,,,,,,,,,,,,,,,,,,,,,,,2026-03-02,CAMILA-06-NUDE-11,,,,,,EA,,,,,,,,4,0,,4,,8.00,,32.00,,,,,FALSE,TRUE,FALSE,FALSE,,,,,,,,,,,,,,,,,,
281,1,0,2026-03-02,2026-03-04,2026-04-01,2026-03-04,,,,,eBay,eBay,,,USD,93.00,,94.64,,,0,0.00,,0.00,1.64,,,,,,94.64,,0.00,,,,,,,,,,,,,,,,,,,,,,,10004,10570,10004-2026-0302-000281,,,,,,,,,,,,,,,,,,,,,,,,,,,,,,,,,,,,,,,,,,2026-03-02,173451-1183CITIZEN-17-STD,,,,,,EA,,,,,,,,1,0,,1,,24.00,,24.00,,,,,FALSE,TRUE,FALSE,FALSE,,,,,,,,,,,,,,,,,,
281,1,0,2026-03-02,2026-03-04,2026-04-01,2026-03-04,,,,,eBay,eBay,,,USD,93.00,,94.64,,,0,0.00,,0.00,1.64,,,,,,94.64,,0.00,,,,,,,,,,,,,,,,,,,,,,,10004,10570,10004-2026-0302-000281,,,,,,,,,,,,,,,,,,,,,,,,,,,,,,,,,,,,,,,,,,2026-03-02,ADELINE-03-BROWN-6.5,,,,,,EA,,,,,,,,2,0,,2,,18.50,,37.00,,,,,FALSE,TRUE,FALSE,FALSE,,,,,,,,,,,,,,,,,,
282,1,0,2026-03-01,2026-03-06,2026-03-31,2026-03-01,,,,,Shopify,Shopify,,,USD,307.00,,324.17,,,0,0.00,,0.00,17.17,,,,,,324.17,,0.00,,,,,,,,,,,,,,,,,,,,,,,20001,10580,20001-2026-0301-000282,,,,,,,,,,,,,,,,,,,,,,,,,,,,,,,,,,,,,,,,,,2026-03-01,FD3601033-3022FROZENPD-L-STD,,,,,,EA,,,,,,,,1,0,,1,,49.00,,49.00,,,,,FALSE,TRUE,FALSE,FALSE,,,,,,,,,,,,,,,,,,
282,1,0,2026-03-01,2026-03-06,2026-03-31,2026-03-01,,,,,Shopify,Shopify,,,USD,307.00,,324.17,,,0,0.00,,0.00,17.17,,,,,,324.17,,0.00,,,,,,,,,,,,,,,,,,,,,,,20001,10580,20001-2026-0301-000282,,,,,,,,,,,,,,,,,,,,,,,,,,,,,,,,,,,,,,,,,,2026-03-01,CORA-01-YLW-S,,,,,,EA,,,,,,,,2,0,,2,,129.00,,258.00,,,,,FALSE,TRUE,FALSE,FALSE,,,,,,,,,,,,,,,,,,
283,1,0,2026-03-04,2026-03-08,2026-04-03,2026-03-05,,,,,Etsy-LS,Etsy LS,,,USD,372.00,,383.22,,,0,0.00,,0.00,11.22,,,,,,383.22,,0.00,,,,,,,,,,,,,,,,,,,,,,,10008,10571,10008-2026-0304-000283,,,,,,,,,,,,,,,,,,,,,,,,,,,,,,,,,,,,,,,,,,2026-03-04,FA13501DM-1464KINGSC-26-30,,,,,,EA,,,,,,,,3,0,,3,,34.00,,102.00,,,,,FALSE,TRUE,FALSE,FALSE,,,,,,,,,,,,,,,,,,
283,1,0,2026-03-04,2026-03-08,2026-04-03,2026-03-05,,,,,Etsy-LS,Etsy LS,,,USD,372.00,,383.22,,,0,0.00,,0.00,11.22,,,,,,383.22,,0.00,,,,,,,,,,,,,,,,,,,,,,,10008,10571,10008-2026-0304-000283,,,,,,,,,,,,,,,,,,,,,,,,,,,,,,,,,,,,,,,,,,2026-03-04,FB3601737-3219UNFORGV-26-STD,,,,,,EA,,,,,,,,2,0,,2,,39.00,,78.00,,,,,FALSE,TRUE,FALSE,FALSE,,,,,,,,,,,,,,,,,,
283,1,0,2026-03-04,2026-03-08,2026-04-03,2026-03-05,,,,,Etsy-LS,Etsy LS,,,USD,372.00,,383.22,,,0,0.00,,0.00,11.22,,,,,,383.22,,0.00,,,,,,,,,,,,,,,,,,,,,,,10008,10571,10008-2026-0304-000283,,,,,,,,,,,,,,,,,,,,,,,,,,,,,,,,,,,,,,,,,,2026-03-04,CAMILA-06-LILAC-S,,,,,,EA,,,,,,,,2,0,,2,,96.00,,192.00,,,,,FALSE,TRUE,FALSE,FALSE,,,,,,,,,,,,,,,,,,
284,1,0,2026-03-01,2026-03-05,2026-03-31,2026-03-02,,,,,Etsy-LS,Etsy LS,,,USD,32.50,,49.50,,,0,0.00,,0.00,17.00,,,,,,49.50,,0.00,,,,,,,,,,,,,,,,,,,,,,,10008,10571,10008-2026-0301-000284,,,,,,,,,,,,,,,,,,,,,,,,,,,,,,,,,,,,,,,,,,2026-03-01,AVIANA-06-BEIGE-12,,,,,,EA,,,,,,,,2,0,,2,,16.25,,32.50,,,,,FALSE,TRUE,FALSE,FALSE,,,,,,,,,,,,,,,,,,
285,1,0,2026-03-04,2026-03-06,2026-04-03,2026-03-04,,,,,JCPenney,JCPenney,,,USD,83.00,,96.00,,,0,0.00,,0.00,13.00,,,,,,96.00,,0.00,,,,,,,,,,,,,,,,,,,,,,,30007,10575,30007-2026-0304-000285,,,,,,,,,,,,,,,,,,,,,,,,,,,,,,,,,,,,,,,,,,2026-03-04,ASTRID-01-GREY-7.5,,,,,,EA,,,,,,,,4,0,,4,,20.75,,83.00,,,,,FALSE,TRUE,FALSE,FALSE,,,,,,,,,,,,,,,,,,
286,1,0,2026-03-02,2026-03-06,2026-04-01,2026-03-02,,,,,Macys,Macys,,,USD,55.50,,55.50,,,0,0.00,,0.00,0.00,,,,,,55.50,,0.00,,,,,,,,,,,,,,,,,,,,,,,30005,10574,30005-2026-0302-000286,,,,,,,,,,,,,,,,,,,,,,,,,,,,,,,,,,,,,,,,,,2026-03-02,ADELINE-03-BROWN-8.5,,,,,,EA,,,,,,,,3,0,,3,,18.50,,55.50,,,,,FALSE,TRUE,FALSE,FALSE,,,,,,,,,,,,,,,,,,
287,1,0,2026-03-04,2026-03-08,2026-04-03,2026-03-05,,,,,Etsy-LS,Etsy LS,,,USD,355.54,,372.30,,,0,0.00,,0.00,16.76,,,,,,372.30,,0.00,,,,,,,,,,,,,,,,,,,,,,,10008,10571,10008-2026-0304-000287,,,,,,,,,,,,,,,,,,,,,,,,,,,,,,,,,,,,,,,,,,2026-03-04,ASTRID-01-NUDE-B12,,,,,,EA,,,,,,,,3,0,,3,,104.68,,314.04,,,,,FALSE,TRUE,FALSE,FALSE,,,,,,,,,,,,,,,,,,
287,1,0,2026-03-04,2026-03-08,2026-04-03,2026-03-05,,,,,Etsy-LS,Etsy LS,,,USD,355.54,,372.30,,,0,0.00,,0.00,16.76,,,,,,372.30,,0.00,,,,,,,,,,,,,,,,,,,,,,,10008,10571,10008-2026-0304-000287,,,,,,,,,,,,,,,,,,,,,,,,,,,,,,,,,,,,,,,,,,2026-03-04,ASTRID-01-BLUSH-7.5,,,,,,EA,,,,,,,,2,0,,2,,20.75,,41.50,,,,,FALSE,TRUE,FALSE,FALSE,,,,,,,,,,,,,,,,,,
288,1,0,2026-03-01,2026-03-05,2026-03-31,2026-03-03,,,,,AMZ-eCom,AMZ eCom,,,USD,32.00,,47.86,,,0,0.00,,0.00,15.86,,,,,,47.86,,0.00,,,,,,,,,,,,,,,,,,,,,,,10001,10565,10001-2026-0301-000288,,,,,,,,,,,,,,,,,,,,,,,,,,,,,,,,,,,,,,,,,,2026-03-01,CAMILA-06-LILAC-9.5,,,,,,EA,,,,,,,,4,0,,4,,8.00,,32.00,,,,,FALSE,TRUE,FALSE,FALSE,,,,,,,,,,,,,,,,,,
289,1,0,2026-03-03,2026-03-08,2026-04-02,2026-03-05,,,,,Mirakl-HudsonsB,Mirakl HudsonsB,,,USD,439.75,,441.45,,,0,0.00,,0.00,1.70,,,,,,441.45,,0.00,,,,,,,,,,,,,,,,,,,,,,,10005,10577,10005-2026-0303-000289,,,,,,,,,,,,,,,,,,,,,,,,,,,,,,,,,,,,,,,,,,2026-03-03,CAMILA-06-TAUPE-10,,,,,,EA,,,,,,,,4,0,,4,,8.00,,32.00,,,,,FALSE,TRUE,FALSE,FALSE,,,,,,,,,,,,,,,,,,
289,1,0,2026-03-03,2026-03-08,2026-04-02,2026-03-05,,,,,Mirakl-HudsonsB,Mirakl HudsonsB,,,USD,439.75,,441.45,,,0,0.00,,0.00,1.70,,,,,,441.45,,0.00,,,,,,,,,,,,,,,,,,,,,,,10005,10577,10005-2026-0303-000289,,,,,,,,,,,,,,,,,,,,,,,,,,,,,,,,,,,,,,,,,,2026-03-03,CORA-01-LEOP-B12,,,,,,EA,,,,,,,,3,0,,3,,129.00,,387.00,,,,,FALSE,TRUE,FALSE,FALSE,,,,,,,,,,,,,,,,,,
289,1,0,2026-03-03,2026-03-08,2026-04-02,2026-03-05,,,,,Mirakl-HudsonsB,Mirakl HudsonsB,,,USD,439.75,,441.45,,,0,0.00,,0.00,1.70,,,,,,441.45,,0.00,,,,,,,,,,,,,,,,,,,,,,,10005,10577,10005-2026-0303-000289,,,,,,,,,,,,,,,,,,,,,,,,,,,,,,,,,,,,,,,,,,2026-03-03,ASTRID-01-NUDE-6,,,,,,EA,,,,,,,,1,0,,1,,20.75,,20.75,,,,,FALSE,TRUE,FALSE,FALSE,,,,,,,,,,,,,,,,,,
290,1,0,2026-03-03,2026-03-05,2026-04-02,2026-03-04,,,,,AMZ-eCom,AMZ eCom,,,USD,86.50,,92.82,,,0,0.00,,0.00,6.32,,,,,,92.82,,0.00,,,,,,,,,,,,,,,,,,,,,,,10001,10565,10001-2026-0303-000290,,,,,,,,,,,,,,,,,,,,,,,,,,,,,,,,,,,,,,,,,,2026-03-03,ADELINE-03-BLACK-5.5,,,,,,EA,,,,,,,,1,0,,1,,18.50,,18.50,,,,,FALSE,TRUE,FALSE,FALSE,,,,,,,,,,,,,,,,,,
290,1,0,2026-03-03,2026-03-05,2026-04-02,2026-03-04,,,,,AMZ-eCom,AMZ eCom,,,USD,86.50,,92.82,,,0,0.00,,0.00,6.32,,,,,,92.82,,0.00,,,,,,,,,,,,,,,,,,,,,,,10001,10565,10001-2026-0303-000290,,,,,,,,,,,,,,,,,,,,,,,,,,,,,,,,,,,,,,,,,,2026-03-03,F13031C-1742VNTGST-30-STD,,,,,,EA,,,,,,,,2,0,,2,,34.00,,68.00,,,,,FALSE,TRUE,FALSE,FALSE,,,,,,,,,,,,,,,,,,
291,1,0,2026-03-03,2026-03-07,2026-04-02,2026-03-05,,,,,Mirakl-HudsonsB,Mirakl HudsonsB,,,USD,75.50,,85.77,,,0,0.00,,0.00,10.27,,,,,,85.77,,0.00,,,,,,,,,,,,,,,,,,,,,,,10005,10577,10005-2026-0303-000291,,,,,,,,,,,,,,,,,,,,,,,,,,,,,,,,,,,,,,,,,,2026-03-03,FA13501DM-1464KINGSC-28-30,,,,,,EA,,,,,,,,1,0,,1,,34.00,,34.00,,,,,FALSE,TRUE,FALSE,FALSE,,,,,,,,,,,,,,,,,,
291,1,0,2026-03-03,2026-03-07,2026-04-02,2026-03-05,,,,,Mirakl-HudsonsB,Mirakl HudsonsB,,,USD,75.50,,85.77,,,0,0.00,,0.00,10.27,,,,,,85.77,,0.00,,,,,,,,,,,,,,,,,,,,,,,10005,10577,10005-2026-0303-000291,,,,,,,,,,,,,,,,,,,,,,,,,,,,,,,,,,,,,,,,,,2026-03-03,ADELINE-02-PINK-6.5,,,,,,EA,,,,,,,,1,0,,1,,11.50,,11.50,,,,,FALSE,TRUE,FALSE,FALSE,,,,,,,,,,,,,,,,,,
291,1,0,2026-03-03,2026-03-07,2026-04-02,2026-03-05,,,,,Mirakl-HudsonsB,Mirakl HudsonsB,,,USD,75.50,,85.77,,,0,0.00,,0.00,10.27,,,,,,85.77,,0.00,,,,,,,,,,,,,,,,,,,,,,,10005,10577,10005-2026-0303-000291,,,,,,,,,,,,,,,,,,,,,,,,,,,,,,,,,,,,,,,,,,2026-03-03,AUSTIN-06-CAMEL-5.5,,,,,,EA,,,,,,,,3,0,,3,,10.00,,30.00,,,,,FALSE,TRUE,FALSE,FALSE,,,,,,,,,,,,,,,,,,
292,1,0,2026-03-02,2026-03-03,2026-04-01,2026-03-02,,,,,Macys,Macys,,,USD,119.00,,122.29,,,0,0.00,,0.00,3.29,,,,,,122.29,,0.00,,,,,,,,,,,,,,,,,,,,,,,30005,10574,30005-2026-0302-000292,,,,,,,,,,,,,,,,,,,,,,,,,,,,,,,,,,,,,,,,,,2026-03-02,AVIANA-06-BLACK-5,,,,,,EA,,,,,,,,3,0,,3,,16.25,,48.75,,,,,FALSE,TRUE,FALSE,FALSE,,,,,,,,,,,,,,,,,,
292,1,0,2026-03-02,2026-03-03,2026-04-01,2026-03-02,,,,,Macys,Macys,,,USD,119.00,,122.29,,,0,0.00,,0.00,3.29,,,,,,122.29,,0.00,,,,,,,,,,,,,,,,,,,,,,,30005,10574,30005-2026-0302-000292,,,,,,,,,,,,,,,,,,,,,,,,,,,,,,,,,,,,,,,,,,2026-03-02,ASTRID-01-NUDE-12,,,,,,EA,,,,,,,,3,0,,3,,20.75,,62.25,,,,,FALSE,TRUE,FALSE,FALSE,,,,,,,,,,,,,,,,,,
292,1,0,2026-03-02,2026-03-03,2026-04-01,2026-03-02,,,,,Macys,Macys,,,USD,119.00,,122.29,,,0,0.00,,0.00,3.29,,,,,,122.29,,0.00,,,,,,,,,,,,,,,,,,,,,,,30005,10574,30005-2026-0302-000292,,,,,,,,,,,,,,,,,,,,,,,,,,,,,,,,,,,,,,,,,,2026-03-02,CAMILA-06-NUDE-6.5,,,,,,EA,,,,,,,,1,0,,1,,8.00,,8.00,,,,,FALSE,TRUE,FALSE,FALSE,,,,,,,,,,,,,,,,,,
293,1,0,2026-03-03,2026-03-06,2026-04-02,2026-03-04,,,,,Walmart-eComm,Walmart eComm,,,USD,179.00,,194.37,,,0,0.00,,0.00,15.37,,,,,,194.37,,0.00,,,,,,,,,,,,,,,,,,,,,,,10002,10566,10002-2026-0303-000293,,,,,,,,,,,,,,,,,,,,,,,,,,,,,,,,,,,,,,,,,,2026-03-03,CORA-01-BLK-11,,,,,,EA,,,,,,,,4,0,,4,,10.75,,43.00,,,,,FALSE,TRUE,FALSE,FALSE,,,,,,,,,,,,,,,,,,
293,1,0,2026-03-03,2026-03-06,2026-04-02,2026-03-04,,,,,Walmart-eComm,Walmart eComm,,,USD,179.00,,194.37,,,0,0.00,,0.00,15.37,,,,,,194.37,,0.00,,,,,,,,,,,,,,,,,,,,,,,10002,10566,10002-2026-0303-000293,,,,,,,,,,,,,,,,,,,,,,,,,,,,,,,,,,,,,,,,,,2026-03-03,FA13501DM-1464KINGSC-29-32,,,,,,EA,,,,,,,,4,0,,4,,34.00,,136.00,,,,,FALSE,TRUE,FALSE,FALSE,,,,,,,,,,,,,,,,,,
294,1,0,2026-03-01,2026-03-06,2026-03-31,2026-03-02,,,,,Walmart-eComm,Walmart eComm,,,USD,68.00,,71.32,,,0,0.00,,0.00,3.32,,,,,,71.32,,0.00,,,,,,,,,,,,,,,,,,,,,,,10002,10566,10002-2026-0301-000294,,,,,,,,,,,,,,,,,,,,,,,,,,,,,,,,,,,,,,,,,,2026-03-01,FA13501DM-1608BLAU2-30-32,,,,,,EA,,,,,,,,2,0,,2,,34.00,,68.00,,,,,FALSE,TRUE,FALSE,FALSE,,,,,,,,,,,,,,,,,,
295,1,0,2026-03-02,2026-03-06,2026-04-01,2026-03-03,,,,,Magento,Magento,,,USD,77.00,,88.06,,,0,0.00,,0.00,11.06,,,,,,88.06,,0.00,,,,,,,,,,,,,,,,,,,,,,,20003,10581,20003-2026-0302-000295,,,,,,,,,,,,,,,,,,,,,,,,,,,,,,,,,,,,,,,,,,2026-03-02,F13T007SS-CABERNET-S-STD,,,,,,EA,,,,,,,,1,0,,1,,29.00,,29.00,,,,,FALSE,TRUE,FALSE,FALSE,,,,,,,,,,,,,,,,,,
295,1,0,2026-03-02,2026-03-06,2026-04-01,2026-03-03,,,,,Magento,Magento,,,USD,77.00,,88.06,,,0,0.00,,0.00,11.06,,,,,,88.06,,0.00,,,,,,,,,,,,,,,,,,,,,,,20003,10581,20003-2026-0302-000295,,,,,,,,,,,,,,,,,,,,,,,,,,,,,,,,,,,,,,,,,,2026-03-02,173451-1183CITIZEN-11-STD,,,,,,EA,,,,,,,,2,0,,2,,24.00,,48.00,,,,,FALSE,TRUE,FALSE,FALSE,,,,,,,,,,,,,,,,,,
296,1,0,2026-03-04,2026-03-04,2026-04-03,2026-03-06,,,,,AMZ-eCom,AMZ eCom,,,USD,76.00,,76.23,,,0,0.00,,0.00,0.23,,,,,,76.23,,0.00,,,,,,,,,,,,,,,,,,,,,,,10001,10565,10001-2026-0304-000296,,,,,,,,,,,,,,,,,,,,,,,,,,,,,,,,,,,,,,,,,,2026-03-04,CAMILA-06-LILAC-5.5,,,,,,EA,,,,,,,,1,0,,1,,8.00,,8.00,,,,,FALSE,TRUE,FALSE,FALSE,,,,,,,,,,,,,,,,,,
296,1,0,2026-03-04,2026-03-04,2026-04-03,2026-03-06,,,,,AMZ-eCom,AMZ eCom,,,USD,76.00,,76.23,,,0,0.00,,0.00,0.23,,,,,,76.23,,0.00,,,,,,,,,,,,,,,,,,,,,,,10001,10565,10001-2026-0304-000296,,,,,,,,,,,,,,,,,,,,,,,,,,,,,,,,,,,,,,,,,,2026-03-04,FA13512DM-1847DPOCN-32-30,,,,,,EA,,,,,,,,2,0,,2,,34.00,,68.00,,,,,FALSE,TRUE,FALSE,FALSE,,,,,,,,,,,,,,,,,,
297,1,0,2026-03-02,2026-03-05,2026-04-01,2026-03-02,,,,,Macys,Macys,,,USD,78.25,,79.64,,,0,0.00,,0.00,1.39,,,,,,79.64,,0.00,,,,,,,,,,,,,,,,,,,,,,,30005,10574,30005-2026-0302-000297,,,,,,,,,,,,,,,,,,,,,,,,,,,,,,,,,,,,,,,,,,2026-03-02,ASTRID-01-BLUSH-11,,,,,,EA,,,,,,,,3,0,,3,,20.75,,62.25,,,,,FALSE,TRUE,FALSE,FALSE,,,,,,,,,,,,,,,,,,
297,1,0,2026-03-02,2026-03-05,2026-04-01,2026-03-02,,,,,Macys,Macys,,,USD,78.25,,79.64,,,0,0.00,,0.00,1.39,,,,,,79.64,,0.00,,,,,,,,,,,,,,,,,,,,,,,30005,10574,30005-2026-0302-000297,,,,,,,,,,,,,,,,,,,,,,,,,,,,,,,,,,,,,,,,,,2026-03-02,CAMILA-06-BLACK-10,,,,,,EA,,,,,,,,2,0,,2,,8.00,,16.00,,,,,FALSE,TRUE,FALSE,FALSE,,,,,,,,,,,,,,,,,,
298,1,0,2026-03-04,2026-03-04,2026-04-03,2026-03-06,,,,,AMZ-eCom,AMZ eCom,,,USD,39.25,,53.45,,,0,0.00,,0.00,14.20,,,,,,53.45,,0.00,,,,,,,,,,,,,,,,,,,,,,,10001,10565,10001-2026-0304-000298,,,,,,,,,,,,,,,,,,,,,,,,,,,,,,,,,,,,,,,,,,2026-03-04,AVIANA-06-PINK-9.5,,,,,,EA,,,,,,,,1,0,,1,,16.25,,16.25,,,,,FALSE,TRUE,FALSE,FALSE,,,,,,,,,,,,,,,,,,
298,1,0,2026-03-04,2026-03-04,2026-04-03,2026-03-06,,,,,AMZ-eCom,AMZ eCom,,,USD,39.25,,53.45,,,0,0.00,,0.00,14.20,,,,,,53.45,,0.00,,,,,,,,,,,,,,,,,,,,,,,10001,10565,10001-2026-0304-000298,,,,,,,,,,,,,,,,,,,,,,,,,,,,,,,,,,,,,,,,,,2026-03-04,ADELINE-02-NUDE-11,,,,,,EA,,,,,,,,2,0,,2,,11.50,,23.00,,,,,FALSE,TRUE,FALSE,FALSE,,,,,,,,,,,,,,,,,,
299,1,0,2026-03-01,2026-03-02,2026-03-31,2026-03-03,,,,,JCPenney,JCPenney,,,USD,80.00,,92.56,,,0,0.00,,0.00,12.56,,,,,,92.56,,0.00,,,,,,,,,,,,,,,,,,,,,,,30007,10575,30007-2026-0301-000299,,,,,,,,,,,,,,,,,,,,,,,,,,,,,,,,,,,,,,,,,,2026-03-01,CAMILA-06-LILAC-7,,,,,,EA,,,,,,,,4,0,,4,,8.00,,32.00,,,,,FALSE,TRUE,FALSE,FALSE,,,,,,,,,,,,,,,,,,
299,1,0,2026-03-01,2026-03-02,2026-03-31,2026-03-03,,,,,JCPenney,JCPenney,,,USD,80.00,,92.56,,,0,0.00,,0.00,12.56,,,,,,92.56,,0.00,,,,,,,,,,,,,,,,,,,,,,,30007,10575,30007-2026-0301-000299,,,,,,,,,,,,,,,,,,,,,,,,,,,,,,,,,,,,,,,,,,2026-03-01,173451-1183CITIZEN-7-34,,,,,,EA,,,,,,,,2,0,,2,,24.00,,48.00,,,,,FALSE,TRUE,FALSE,FALSE,,,,,,,,,,,,,,,,,,
300,1,0,2026-03-01,2026-03-06,2026-03-31,2026-03-02,,,,,Squarespace,Squarespace,,,USD,46.00,,51.29,,,0,0.00,,0.00,5.29,,,,,,51.29,,0.00,,,,,,,,,,,,,,,,,,,,,,,20006,10582,20006-2026-0301-000300,,,,,,,,,,,,,,,,,,,,,,,,,,,,,,,,,,,,,,,,,,2026-03-01,ADELINE-02-NUDE-8,,,,,,EA,,,,,,,,4,0,,4,,11.50,,46.00,,,,,FALSE,TRUE,FALSE,FALSE,,,,,,,,,,,,,,,,,,
