OrderNumber,OrderType,OrderStatus,OrderDate,ShipDate,DueDate,BillDate,EtaArrivalDate,EarliestShipDate,LatestShipDate,SignatureFlag,CustomerCode,CustomerName,Terms,TermsDays,Currency,SubTotalAmount,SalesAmount,TotalAmount,TaxableAmount,NonTaxableAmount,TaxRate,TaxAmount,DiscountRate,DiscountAmount,ShippingAmount,ShippingTaxAmount,MiscAmount,MiscTaxAmount,ChargeAndAllowanceAmount,ChannelAmount,PaidAmount,CreditAmount,Balance,DepositAmount,SalesRep,SalesRep2,SalesRep3,SalesRep4,CommissionRate,CommissionRate2,CommissionRate3,CommissionRate4,TotalWeight,ActualWeight,CancelCode,SalesDivision,CustomerSource,Fulfillment Status,Financial Status,AmountRefunded,IsEdi,ShippingCarrier,ShippingClass,MainTrackingNumber,MainReturnTrackingNumber,ChannelNum,ChannelAccountNum,ChannelOrderID,SecondaryChannelOrderID,ShippingAccount,RefNum,CustomerPoNum,Carton,EndBuyerUserID,EndBuyerName,EndBuyerEmail,ShipToName,ShipToFirstName,ShipToLastName,ShipToCompany,ShipToAddressLine1,ShipToAddressLine2,ShipToAddressLine3,ShipToCity,ShipToState,ShipToPostalCode,ShipToCounty,ShipToCountry,ShipToEmail,ShipToDaytimePhone,BillToName,BillToCompany,BillToAddressLine1,BillToAddressLine2,BillToAddressLine3,BillToCity,BillToState,BillToPostalCode,BillToCounty,BillToCountry,BillToEmail,BillToDaytimePhone,Notes,ShippingCode,WarehouseCode,ShipmentID,DepartmentCode,DivisionCode,Seq,ItemDate,SKU,UPC,CustomerSKU,SKUTitle,LotNum,Description,UOM,PackType,PackQty,PackPrice,OrderPack,ShipPack,CancelledPack,OpenPack,OrderQty,ShipQty,CancelledQty,OpenQty,PriceRule,Price,DiscountPrice,ExtAmount,ItemTotalAmount,ShipAmount,CancelledAmount,OpenAmount,Stockable,Taxable,Costable,IsProfit,LotInDate,LotExpDate,DBChannelOrderLineRowID,ItemShippingAmount,ShippingCost,ItemTaxAmount,ItemShippingTaxAmount,ItemDiscountRate,ItemDiscountAmount,ItemNotes,ItemCancelCode,Lineitem fulfillment status,Lineitem taxable,ChannelItemID,EAN,MPN,ExternalBarcode,PodInfo
SO2026-000001,1,0,2026-03-02,2026-03-02,2026-04-01,2026-03-03,,,,,JCPenney,JCPenney,,30,USD,118.00,118.00,123.72,118.00,0.00,0,0.00,0,0.00,5.72,0.00,,,,,123.72,,0.00,,,,,,,,,,,,,,,,,,,,,,,30007,10575,30007-2026-000001,,,,,,,,,JCPenney Shipping,Alex Reed,Zane Holt,JCPenney Stores,213 Gateway Rd,Dock 13,Retail ship location,San Diego,CA,92106,San Diego,USA,ship-jcpenney@example.com,(619) 555-2206,,,,,,,,,,,,,,,,,,,1,2026-03-02,CORA-01-FUCH-7.5,,,CROSS FRONT SANDAL,,,EA,,,,,,,,4,0,,4,,10.75,10.75,43.00,43.00,0.00,,43.00,FALSE,TRUE,FALSE,FALSE,,,,,,,,,,,,,,,,,,
SO2026-000001,1,0,2026-03-02,2026-03-02,2026-04-01,2026-03-03,,,,,JCPenney,JCPenney,,30,USD,118.00,118.00,123.72,118.00,0.00,0,0.00,0,0.00,5.72,0.00,,,,,123.72,,0.00,,,,,,,,,,,,,,,,,,,,,,,30007,10575,30007-2026-000001,,,,,,,,,JCPenney Shipping,Alex Reed,Zane Holt,JCPenney Stores,213 Gateway Rd,Dock 13,Retail ship location,San Diego,CA,92106,San Diego,USA,ship-jcpenney@example.com,(619) 555-2206,,,,,,,,,,,,,,,,,,,2,2026-03-02,CAMILA-06-NUDE-10,,,COSS FRONT SLIP ON SLIDES,,,EA,,,,,,,,4,0,,4,,8.00,8.00,32.00,32.00,0.00,,32.00,FALSE,TRUE,FALSE,FALSE,,,,,,,,,,,,,,,,,,
SO2026-000001,1,0,2026-03-02,2026-03-02,2026-04-01,2026-03-03,,,,,JCPenney,JCPenney,,30,USD,118.00,118.00,123.72,118.00,0.00,0,0.00,0,0.00,5.72,0.00,,,,,123.72,,0.00,,,,,,,,,,,,,,,,,,,,,,,30007,10575,30007-2026-000001,,,,,,,,,JCPenney Shipping,Alex Reed,Zane Holt,JCPenney Stores,213 Gateway Rd,Dock 13,Retail ship location,San Diego,CA,92106,San Diego,USA,ship-jcpenney@example.com,(619) 555-2206,,,,,,,,,,,,,,,,,,,3,2026-03-02,CORA-01-LEOP-5,,,CROSS FRONT SANDAL,,,EA,,,,,,,,4,0,,4,,10.75,10.75,43.00,43.00,0.00,,43.00,FALSE,TRUE,FALSE,FALSE,,,,,,,,,,,,,,,,,,
SO2026-000002,1,0,2026-03-01,2026-03-03,2026-03-31,2026-03-02,,,,,AMZ-eCom,AMZ eCom,,30,USD,79.50,79.50,80.57,79.50,0.00,0,0.00,0,0.00,1.07,0.00,,,,,80.57,,0.00,,,,,,,,,,,,,,,,,,,,,,,10001,10565,10001-2026-000002,,,,,,,,,AMZ eCom Shipping,Alex Reed,Nora Lane,AMZ eCom Retail,201 Harbor Ave,Dock 1,Main ship location,Los Angeles,CA,90002,Los Angeles,USA,ship-amz-ecom@example.com,(213) 555-1006,,,,,,,,,,,,,,,,,,,1,2026-03-01,ADELINE-03-TAUPE-8.5,,,BUCKLE FRONT FLAT SANDALS,,,EA,,,,,,,,3,0,,3,,18.50,18.50,55.50,55.50,0.00,,55.50,FALSE,TRUE,FALSE,FALSE,,,,,,,,,,,,,,,,,,
SO2026-000002,1,0,2026-03-01,2026-03-03,2026-03-31,2026-03-02,,,,,AMZ-eCom,AMZ eCom,,30,USD,79.50,79.50,80.57,79.50,0.00,0,0.00,0,0.00,1.07,0.00,,,,,80.57,,0.00,,,,,,,,,,,,,,,,,,,,,,,10001,10565,10001-2026-000002,,,,,,,,,AMZ eCom Shipping,Alex Reed,Nora Lane,AMZ eCom Retail,201 Harbor Ave,Dock 1,Main ship location,Los Angeles,CA,90002,Los Angeles,USA,ship-amz-ecom@example.com,(213) 555-1006,,,,,,,,,,,,,,,,,,,2,2026-03-01,CAMILA-06-LILAC-8,,,COSS FRONT SLIP ON SLIDES,,,EA,,,,,,,,3,0,,3,,8.00,8.00,24.00,24.00,0.00,,24.00,FALSE,TRUE,FALSE,FALSE,,,,,,,,,,,,,,,,,,
SO2026-000003,1,0,2026-03-03,2026-03-06,2026-04-02,2026-03-04,,,,,eBay,eBay,,30,USD,34.50,34.50,48.22,34.50,0.00,0,0.00,0,0.00,13.72,0.00,,,,,48.22,,0.00,,,,,,,,,,,,,,,,,,,,,,,10004,10570,10004-2026-000003,,,,,,,,,eBay Shipping,Morgan Lee,Quentin Hale,eBay Commerce,204 Fulfillment Ave,Dock 4,Standard ship location,San Jose,CA,95111,Santa Clara,USA,ship-ebay@example.com,(408) 555-1306,,,,,,,,,,,,,,,,,,,1,2026-03-03,ADELINE-02-WHITE-9.5,,,WOVEN SLIDE SANDAL,,,EA,,,,,,,,3,0,,3,,11.50,11.50,34.50,34.50,0.00,,34.50,FALSE,TRUE,FALSE,FALSE,,,,,,,,,,,,,,,,,,
SO2026-000004,1,0,2026-03-01,2026-03-03,2026-03-31,2026-03-02,,,,,Etsy-VS,Etsy VS,,30,USD,46.00,46.00,47.89,46.00,0.00,0,0.00,0,0.00,1.89,0.00,,,,,47.89,,0.00,,,,,,,,,,,,,,,,,,,,,,,10008,10572,10008-2026-000004,,,,,,,,,Etsy VS Shipping,Jamie Clark,Soren Vale,Etsy VS Marketplace,206 Pacific Hwy,Dock 6,Seasonal ship location,Los Angeles,CA,90004,Los Angeles,USA,ship-etsy-vs@example.com,(213) 555-1506,,,,,,,,,,,,,,,,,,,1,2026-03-01,ADELINE-02-NUDE-9,,,WOVEN SLIDE SANDAL,,,EA,,,,,,,,4,0,,4,,11.50,11.50,46.00,46.00,0.00,,46.00,FALSE,TRUE,FALSE,FALSE,,,,,,,,,,,,,,,,,,
SO2026-000005,1,0,2026-03-04,2026-03-06,2026-04-03,2026-03-04,,,,,Mirakl-HudsonsB,Mirakl HudsonsB,,30,USD,126.50,126.50,140.35,126.50,0.00,0,0.00,0,0.00,13.85,0.00,,,,,140.35,,0.00,,,,,,,,,,,,,,,,,,,,,,,10005,10577,10005-2026-000005,,,,,,,,,Mirakl HudsonsB Shipping,Morgan Lee,Yara Glenn,Mirakl HudsonsB Network,212 Quail Hill Pkwy,Dock 12,Network ship location,Irvine,CA,92607,Orange,USA,ship-mirakl-hudsonsb@example.com,(949) 555-2106,,,,,,,,,,,,,,,,,,,1,2026-03-04,CAMILA-06-TAUPE-10,,,COSS FRONT SLIP ON SLIDES,,,EA,,,,,,,,2,0,,2,,8.00,8.00,16.00,16.00,0.00,,16.00,FALSE,TRUE,FALSE,FALSE,,,,,,,,,,,,,,,,,,
SO2026-000005,1,0,2026-03-04,2026-03-06,2026-04-03,2026-03-04,,,,,Mirakl-HudsonsB,Mirakl HudsonsB,,30,USD,126.50,126.50,140.35,126.50,0.00,0,0.00,0,0.00,13.85,0.00,,,,,140.35,,0.00,,,,,,,,,,,,,,,,,,,,,,,10005,10577,10005-2026-000005,,,,,,,,,Mirakl HudsonsB Shipping,Morgan Lee,Yara Glenn,Mirakl HudsonsB Network,212 Quail Hill Pkwy,Dock 12,Network ship location,Irvine,CA,92607,Orange,USA,ship-mirakl-hudsonsb@example.com,(949) 555-2106,,,,,,,,,,,,,,,,,,,2,2026-03-04,FA16023WV-SMOKEYROSE-S-STD,809666901139,,Olivia Gray Floral Print Kimono Chiffon Wrap Maxi Dress,,,EA,,,,,,,,2,0,,2,,39.00,39.00,78.00,78.00,0.00,,78.00,FALSE,TRUE,FALSE,FALSE,,,,,,,,,,,,,,,,,,
SO2026-000005,1,0,2026-03-04,2026-03-06,2026-04-03,2026-03-04,,,,,Mirakl-HudsonsB,Mirakl HudsonsB,,30,USD,126.50,126.50,140.35,126.50,0.00,0,0.00,0,0.00,13.85,0.00,,,,,140.35,,0.00,,,,,,,,,,,,,,,,,,,,,,,10005,10577,10005-2026-000005,,,,,,,,,Mirakl HudsonsB Shipping,Morgan Lee,Yara Glenn,Mirakl HudsonsB Network,212 Quail Hill Pkwy,Dock 12,Network ship location,Irvine,CA,92607,Orange,USA,ship-mirakl-hudsonsb@example.com,(949) 555-2106,,,,,,,,,,,,,,,,,,,3,2026-03-04,AVIANA-06-BLACK-7,,,FUR SLIPPER,,,EA,,,,,,,,2,0,,2,,16.25,16.25,32.50,32.50,0.00,,32.50,FALSE,TRUE,FALSE,FALSE,,,,,,,,,,,,,,,,,,
SO2026-000006,1,0,2026-03-04,2026-03-04,2026-04-03,2026-03-06,,,,,Squarespace,Squarespace,,30,USD,305.00,305.00,315.43,305.00,0.00,0,0.00,0,0.00,10.43,0.00,,,,,315.43,,0.00,,,,,,,,,,,,,,,,,,,,,,,20006,10582,20006-2026-000006,,,,,,,,,Squarespace Shipping,Jamie Clark,Elin Marsh,Squarespace Digital,218 Camino Del Rio,Dock 18,Digital ship location,San Diego,CA,92108,San Diego,USA,ship-squarespace@example.com,(619) 555-2706,,,,,,,,,,,,,,,,,,,1,2026-03-04,AVIANA-06-PINK-8,,,FUR SLIPPER,,,EA,,,,,,,,4,0,,4,,16.25,16.25,65.00,65.00,0.00,,65.00,FALSE,TRUE,FALSE,FALSE,,,,,,,,,,,,,,,,,,
SO2026-000006,1,0,2026-03-04,2026-03-04,2026-04-03,2026-03-06,,,,,Squarespace,Squarespace,,30,USD,305.00,305.00,315.43,305.00,0.00,0,0.00,0,0.00,10.43,0.00,,,,,315.43,,0.00,,,,,,,,,,,,,,,,,,,,,,,20006,10582,20006-2026-000006,,,,,,,,,Squarespace Shipping,Jamie Clark,Elin Marsh,Squarespace Digital,218 Camino Del Rio,Dock 18,Digital ship location,San Diego,CA,92108,San Diego,USA,ship-squarespace@example.com,(619) 555-2706,,,,,,,,,,,,,,,,,,,2,2026-03-04,AUSTIN-06-CAMEL-B12,,,SNEAKER,,,EA,,,,,,,,2,0,,2,,120.00,120.00,240.00,240.00,0.00,,240.00,FALSE,TRUE,FALSE,FALSE,,,,,,,,,,,,,,,,,,
SO2026-000007,1,0,2026-03-02,2026-03-03,2026-04-01,2026-03-04,,,,,eBay,eBay,,30,USD,140.00,140.00,152.67,140.00,0.00,0,0.00,0,0.00,12.67,0.00,,,,,152.67,,0.00,,,,,,,,,,,,,,,,,,,,,,,10004,10570,10004-2026-000007,,,,,,,,,eBay Shipping,Morgan Lee,Quentin Hale,eBay Commerce,204 Fulfillment Ave,Dock 4,Standard ship location,San Jose,CA,95111,Santa Clara,USA,ship-ebay@example.com,(408) 555-1306,,,,,,,,,,,,,,,,,,,1,2026-03-02,ADELINE-02-PINK-7,,,WOVEN SLIDE SANDAL,,,EA,,,,,,,,2,0,,2,,11.50,11.50,23.00,23.00,0.00,,23.00,FALSE,TRUE,FALSE,FALSE,,,,,,,,,,,,,,,,,,
SO2026-000007,1,0,2026-03-02,2026-03-03,2026-04-01,2026-03-04,,,,,eBay,eBay,,30,USD,140.00,140.00,152.67,140.00,0.00,0,0.00,0,0.00,12.67,0.00,,,,,152.67,,0.00,,,,,,,,,,,,,,,,,,,,,,,10004,10570,10004-2026-000007,,,,,,,,,eBay Shipping,Morgan Lee,Quentin Hale,eBay Commerce,204 Fulfillment Ave,Dock 4,Standard ship location,San Jose,CA,95111,Santa Clara,USA,ship-ebay@example.com,(408) 555-1306,,,,,,,,,,,,,,,,,,,2,2026-03-02,FB3601737-3219UNFORGV-26-STD,809666434361,,Rainie Light Hand-Sanded Denim Stretch High-Waist Slit Hem Jeans,,,EA,,,,,,,,3,0,,3,,39.00,39.00,117.00,117.00,0.00,,117.00,FALSE,TRUE,FALSE,FALSE,,,,,,,,,,,,,,,,,,
SO2026-000008,1,0,2026-03-03,2026-03-03,2026-04-02,2026-03-03,,,,,Etsy-LS,Etsy LS,,30,USD,179.50,179.50,180.67,179.50,0.00,0,0.00,0,0.00,1.17,0.00,,,,,180.67,,0.00,,,,,,,,,,,,,,,,,,,,,,,10008,10571,10008-2026-000008,,,,,,,,,Etsy LS Shipping,Alex Reed,Rhea Moss,Etsy LS Marketplace,205 Mission St,Dock 5,Marketplace ship location,San Francisco,CA,94103,San Francisco,USA,ship-etsy-ls@example.com,(415) 555-1406,,,,,,,,,,,,,,,,,,,1,2026-03-03,ASTRID-01-NUDE-11,,,SLIP ON SNEAKER,,,EA,,,,,,,,2,0,,2,,20.75,20.75,41.50,41.50,0.00,,41.50,FALSE,TRUE,FALSE,FALSE,,,,,,,,,,,,,,,,,,
SO2026-000008,1,0,2026-03-03,2026-03-03,2026-04-02,2026-03-03,,,,,Etsy-LS,Etsy LS,,30,USD,179.50,179.50,180.67,179.50,0.00,0,0.00,0,0.00,1.17,0.00,,,,,180.67,,0.00,,,,,,,,,,,,,,,,,,,,,,,10008,10571,10008-2026-000008,,,,,,,,,Etsy LS Shipping,Alex Reed,Rhea Moss,Etsy LS Marketplace,205 Mission St,Dock 5,Marketplace ship location,San Francisco,CA,94103,San Francisco,USA,ship-etsy-ls@example.com,(415) 555-1406,,,,,,,,,,,,,,,,,,,2,2026-03-03,ADELINE-02-BLACK-B12,,,WOVEN SLIDE SANDAL,,,EA,,,,,,,,1,0,,1,,138.00,138.00,138.00,138.00,0.00,,138.00,FALSE,TRUE,FALSE,FALSE,,,,,,,,,,,,,,,,,,
SO2026-000009,1,0,2026-03-03,2026-03-06,2026-04-02,2026-03-03,,,,,Mirakl-HudsonsB,Mirakl HudsonsB,,30,USD,48.75,48.75,55.30,48.75,0.00,0,0.00,0,0.00,6.55,0.00,,,,,55.30,,0.00,,,,,,,,,,,,,,,,,,,,,,,10005,10577,10005-2026-000009,,,,,,,,,Mirakl HudsonsB Shipping,Morgan Lee,Yara Glenn,Mirakl HudsonsB Network,212 Quail Hill Pkwy,Dock 12,Network ship location,Irvine,CA,92607,Orange,USA,ship-mirakl-hudsonsb@example.com,(949) 555-2106,,,,,,,,,,,,,,,,,,,1,2026-03-03,AVIANA-06-WHITE-5,,,FUR SLIPPER,,,EA,,,,,,,,3,0,,3,,16.25,16.25,48.75,48.75,0.00,,48.75,FALSE,TRUE,FALSE,FALSE,,,,,,,,,,,,,,,,,,
SO2026-000010,1,0,2026-03-03,2026-03-07,2026-04-02,2026-03-04,,,,,Macys,Macys,,30,USD,302.00,302.00,309.57,302.00,0.00,0,0.00,0,0.00,7.57,0.00,,,,,309.57,,0.00,,,,,,,,,,,,,,,,,,,,,,,30005,10574,30005-2026-000010,,,,,,,,,Macys Shipping,Taylor Kim,Blake Jett,Macys Stores,215 King St,Dock 15,Department ship location,San Francisco,CA,94107,San Francisco,USA,ship-macys@example.com,(415) 555-2406,,,,,,,,,,,,,,,,,,,1,2026-03-03,CAMILA-06-LILAC-7,,,COSS FRONT SLIP ON SLIDES,,,EA,,,,,,,,1,0,,1,,8.00,8.00,8.00,8.00,0.00,,8.00,FALSE,TRUE,FALSE,FALSE,,,,,,,,,,,,,,,,,,
SO2026-000010,1,0,2026-03-03,2026-03-07,2026-04-02,2026-03-04,,,,,Macys,Macys,,30,USD,302.00,302.00,309.57,302.00,0.00,0,0.00,0,0.00,7.57,0.00,,,,,309.57,,0.00,,,,,,,,,,,,,,,,,,,,,,,30005,10574,30005-2026-000010,,,,,,,,,Macys Shipping,Taylor Kim,Blake Jett,Macys Stores,215 King St,Dock 15,Department ship location,San Francisco,CA,94107,San Francisco,USA,ship-macys@example.com,(415) 555-2406,,,,,,,,,,,,,,,,,,,2,2026-03-03,FB3601737-3219UNFORGV-29-STD,809666434392,,Rainie Light Hand-Sanded Denim Stretch High-Waist Slit Hem Jeans,,,EA,,,,,,,,4,0,,4,,39.00,39.00,156.00,156.00,0.00,,156.00,FALSE,TRUE,FALSE,FALSE,,,,,,,,,,,,,,,,,,
SO2026-000010,1,0,2026-03-03,2026-03-07,2026-04-02,2026-03-04,,,,,Macys,Macys,,30,USD,302.00,302.00,309.57,302.00,0.00,0,0.00,0,0.00,7.57,0.00,,,,,309.57,,0.00,,,,,,,,,,,,,,,,,,,,,,,30005,10574,30005-2026-000010,,,,,,,,,Macys Shipping,Taylor Kim,Blake Jett,Macys Stores,215 King St,Dock 15,Department ship location,San Francisco,CA,94107,San Francisco,USA,ship-macys@example.com,(415) 555-2406,,,,,,,,,,,,,,,,,,,3,2026-03-03,ADELINE-02-NUDE-A12,,,WOVEN SLIDE SANDAL,,,EA,,,,,,,,1,0,,1,,138.00,138.00,138.00,138.00,0.00,,138.00,FALSE,TRUE,FALSE,FALSE,,,,,,,,,,,,,,,,,,
SO2026-000011,1,0,2026-03-03,2026-03-08,2026-04-02,2026-03-04,,,,,Mirakl-HudsonsB,Mirakl HudsonsB,,30,USD,232.00,232.00,236.38,232.00,0.00,0,0.00,0,0.00,4.38,0.00,,,,,236.38,,0.00,,,,,,,,,,,,,,,,,,,,,,,10005,10577,10005-2026-000011,,,,,,,,,Mirakl HudsonsB Shipping,Morgan Lee,Yara Glenn,Mirakl HudsonsB Network,212 Quail Hill Pkwy,Dock 12,Network ship location,Irvine,CA,92607,Orange,USA,ship-mirakl-hudsonsb@example.com,(949) 555-2106,,,,,,,,,,,,,,,,,,,1,2026-03-03,ADELINE-03-BLUE-9,,,BUCKLE FRONT FLAT SANDALS,,,EA,,,,,,,,2,0,,2,,18.50,18.50,37.00,37.00,0.00,,37.00,FALSE,TRUE,FALSE,FALSE,,,,,,,,,,,,,,,,,,
SO2026-000011,1,0,2026-03-03,2026-03-08,2026-04-02,2026-03-04,,,,,Mirakl-HudsonsB,Mirakl HudsonsB,,30,USD,232.00,232.00,236.38,232.00,0.00,0,0.00,0,0.00,4.38,0.00,,,,,236.38,,0.00,,,,,,,,,,,,,,,,,,,,,,,10005,10577,10005-2026-000011,,,,,,,,,Mirakl HudsonsB Shipping,Morgan Lee,Yara Glenn,Mirakl HudsonsB Network,212 Quail Hill Pkwy,Dock 12,Network ship location,Irvine,CA,92607,Orange,USA,ship-mirakl-hudsonsb@example.com,(949) 555-2106,,,,,,,,,,,,,,,,,,,2,2026-03-03,FA16105WV-MIDNIGHTCAMO-L-STD,809666795592,,Patricia Woven Chiffon Midnight Blue Palazzo Pant W Elastic Waist,,,EA,,,,,,,,2,0,,2,,39.00,39.00,78.00,78.00,0.00,,78.00,FALSE,TRUE,FALSE,FALSE,,,,,,,,,,,,,,,,,,
SO2026-000011,1,0,2026-03-03,2026-03-08,2026-04-02,2026-03-04,,,,,Mirakl-HudsonsB,Mirakl HudsonsB,,30,USD,232.00,232.00,236.38,232.00,0.00,0,0.00,0,0.00,4.38,0.00,,,,,236.38,,0.00,,,,,,,,,,,,,,,,,,,,,,,10005,10577,10005-2026-000011,,,,,,,,,Mirakl HudsonsB Shipping,Morgan Lee,Yara Glenn,Mirakl HudsonsB Network,212 Quail Hill Pkwy,Dock 12,Network ship location,Irvine,CA,92607,Orange,USA,ship-mirakl-hudsonsb@example.com,(949) 555-2106,,,,,,,,,,,,,,,,,,,3,2026-03-03,FB3601737,,,Light Hand-Sanded Denim Stretch High-Waist Slit Hem Jeans,,,EA,,,,,,,,3,0,,3,,39.00,39.00,117.00,117.00,0.00,,117.00,FALSE,TRUE,FALSE,FALSE,,,,,,,,,,,,,,,,,,
SO2026-000012,1,0,2026-03-04,2026-03-07,2026-04-03,2026-03-06,,,,,JCPenney,JCPenney,,30,USD,68.00,68.00,77.70,68.00,0.00,0,0.00,0,0.00,9.70,0.00,,,,,77.70,,0.00,,,,,,,,,,,,,,,,,,,,,,,30007,10575,30007-2026-000012,,,,,,,,,JCPenney Shipping,Alex Reed,Zane Holt,JCPenney Stores,213 Gateway Rd,Dock 13,Retail ship location,San Diego,CA,92106,San Diego,USA,ship-jcpenney@example.com,(619) 555-2206,,,,,,,,,,,,,,,,,,,1,2026-03-04,FA13501DM-1608BLAU2-26-32,809666857849,,Maya Basic Dark Handsand Wash Midrise Skinny Jeans,,,EA,,,,,,,,2,0,,2,,34.00,34.00,68.00,68.00,0.00,,68.00,FALSE,TRUE,FALSE,FALSE,,,,,,,,,,,,,,,,,,
SO2026-000013,1,0,2026-03-01,2026-03-03,2026-03-31,2026-03-03,,,,,Walmart-eComm,Walmart eComm,,30,USD,118.00,118.00,120.85,118.00,0.00,0,0.00,0,0.00,2.85,0.00,,,,,120.85,,0.00,,,,,,,,,,,,,,,,,,,,,,,10002,10566,10002-2026-000013,,,,,,,,,Walmart eComm Shipping,Morgan Lee,Gavin Orr,Walmart eComm Retail,220 Townsend St,Dock 20,National ship location,San Francisco,CA,94109,San Francisco,USA,ship-walmart-ecomm@example.com,(415) 555-2906,,,,,,,,,,,,,,,,,,,1,2026-03-01,CORA-01-YLW-8,,,CROSS FRONT SANDAL,,,EA,,,,,,,,4,0,,4,,10.75,10.75,43.00,43.00,0.00,,43.00,FALSE,TRUE,FALSE,FALSE,,,,,,,,,,,,,,,,,,
SO2026-000013,1,0,2026-03-01,2026-03-03,2026-03-31,2026-03-03,,,,,Walmart-eComm,Walmart eComm,,30,USD,118.00,118.00,120.85,118.00,0.00,0,0.00,0,0.00,2.85,0.00,,,,,120.85,,0.00,,,,,,,,,,,,,,,,,,,,,,,10002,10566,10002-2026-000013,,,,,,,,,Walmart eComm Shipping,Morgan Lee,Gavin Orr,Walmart eComm Retail,220 Townsend St,Dock 20,National ship location,San Francisco,CA,94109,San Francisco,USA,ship-walmart-ecomm@example.com,(415) 555-2906,,,,,,,,,,,,,,,,,,,2,2026-03-01,CAMILA-06-LILAC-6,,,COSS FRONT SLIP ON SLIDES,,,EA,,,,,,,,4,0,,4,,8.00,8.00,32.00,32.00,0.00,,32.00,FALSE,TRUE,FALSE,FALSE,,,,,,,,,,,,,,,,,,
SO2026-000013,1,0,2026-03-01,2026-03-03,2026-03-31,2026-03-03,,,,,Walmart-eComm,Walmart eComm,,30,USD,118.00,118.00,120.85,118.00,0.00,0,0.00,0,0.00,2.85,0.00,,,,,120.85,,0.00,,,,,,,,,,,,,,,,,,,,,,,10002,10566,10002-2026-000013,,,,,,,,,Walmart eComm Shipping,Morgan Lee,Gavin Orr,Walmart eComm Retail,220 Townsend St,Dock 20,National ship location,San Francisco,CA,94109,San Francisco,USA,ship-walmart-ecomm@example.com,(415) 555-2906,,,,,,,,,,,,,,,,,,,3,2026-03-01,CORA-01-FUCH-6.5,,,CROSS FRONT SANDAL,,,EA,,,,,,,,4,0,,4,,10.75,10.75,43.00,43.00,0.00,,43.00,FALSE,TRUE,FALSE,FALSE,,,,,,,,,,,,,,,,,,
SO2026-000014,1,0,2026-03-02,2026-03-02,2026-04-01,2026-03-02,,,,,Magento,Magento,,30,USD,200.00,200.00,205.27,200.00,0.00,0,0.00,0,0.00,5.27,0.00,,,,,205.27,,0.00,,,,,,,,,,,,,,,,,,,,,,,20003,10581,20003-2026-000014,,,,,,,,,Magento Shipping,Morgan Lee,Cora Knox,Magento Platform,216 Century Blvd,Dock 16,Platform ship location,Los Angeles,CA,90008,Los Angeles,USA,ship-magento@example.com,(213) 555-2506,,,,,,,,,,,,,,,,,,,1,2026-03-02,F13031C,,,Five-pocket stretch woven corduroy skinny pants with wine stitching and copper hardware.,,,EA,,,,,,,,4,0,,4,,34.00,34.00,136.00,136.00,0.00,,136.00,FALSE,TRUE,FALSE,FALSE,,,,,,,,,,,,,,,,,,
SO2026-000014,1,0,2026-03-02,2026-03-02,2026-04-01,2026-03-02,,,,,Magento,Magento,,30,USD,200.00,200.00,205.27,200.00,0.00,0,0.00,0,0.00,5.27,0.00,,,,,205.27,,0.00,,,,,,,,,,,,,,,,,,,,,,,20003,10581,20003-2026-000014,,,,,,,,,Magento Shipping,Morgan Lee,Cora Knox,Magento Platform,216 Century Blvd,Dock 16,Platform ship location,Los Angeles,CA,90008,Los Angeles,USA,ship-magento@example.com,(213) 555-2506,,,,,,,,,,,,,,,,,,,2,2026-03-02,AUSTIN-06-WHITE-8.5,,,SNEAKER,,,EA,,,,,,,,4,0,,4,,10.00,10.00,40.00,40.00,0.00,,40.00,FALSE,TRUE,FALSE,FALSE,,,,,,,,,,,,,,,,,,
SO2026-000014,1,0,2026-03-02,2026-03-02,2026-04-01,2026-03-02,,,,,Magento,Magento,,30,USD,200.00,200.00,205.27,200.00,0.00,0,0.00,0,0.00,5.27,0.00,,,,,205.27,,0.00,,,,,,,,,,,,,,,,,,,,,,,20003,10581,20003-2026-000014,,,,,,,,,Magento Shipping,Morgan Lee,Cora Knox,Magento Platform,216 Century Blvd,Dock 16,Platform ship location,Los Angeles,CA,90008,Los Angeles,USA,ship-magento@example.com,(213) 555-2506,,,,,,,,,,,,,,,,,,,3,2026-03-02,CAMILA-06-LILAC-8.5,,,COSS FRONT SLIP ON SLIDES,,,EA,,,,,,,,3,0,,3,,8.00,8.00,24.00,24.00,0.00,,24.00,FALSE,TRUE,FALSE,FALSE,,,,,,,,,,,,,,,,,,
SO2026-000015,1,0,2026-03-03,2026-03-05,2026-04-02,2026-03-03,,,,,Squarespace,Squarespace,,30,USD,184.00,184.00,184.00,184.00,0.00,0,0.00,0,0.00,0.00,0.00,,,,,184.00,,0.00,,,,,,,,,,,,,,,,,,,,,,,20006,10582,20006-2026-000015,,,,,,,,,Squarespace Shipping,Jamie Clark,Elin Marsh,Squarespace Digital,218 Camino Del Rio,Dock 18,Digital ship location,San Diego,CA,92108,San Diego,USA,ship-squarespace@example.com,(619) 555-2706,,,,,,,,,,,,,,,,,,,1,2026-03-03,FD9801506P-BLACK-1X-STD,809666395280,,Natalia Solid Button-Up Wrap Lantern Sleeve Dress,,,EA,,,,,,,,3,0,,3,,49.00,49.00,147.00,147.00,0.00,,147.00,FALSE,TRUE,FALSE,FALSE,,,,,,,,,,,,,,,,,,
SO2026-000015,1,0,2026-03-03,2026-03-05,2026-04-02,2026-03-03,,,,,Squarespace,Squarespace,,30,USD,184.00,184.00,184.00,184.00,0.00,0,0.00,0,0.00,0.00,0.00,,,,,184.00,,0.00,,,,,,,,,,,,,,,,,,,,,,,20006,10582,20006-2026-000015,,,,,,,,,Squarespace Shipping,Jamie Clark,Elin Marsh,Squarespace Digital,218 Camino Del Rio,Dock 18,Digital ship location,San Diego,CA,92108,San Diego,USA,ship-squarespace@example.com,(619) 555-2706,,,,,,,,,,,,,,,,,,,2,2026-03-03,ADELINE-03-BLACK-11,,,BUCKLE FRONT FLAT SANDALS,,,EA,,,,,,,,2,0,,2,,18.50,18.50,37.00,37.00,0.00,,37.00,FALSE,TRUE,FALSE,FALSE,,,,,,,,,,,,,,,,,,
SO2026-000016,1,0,2026-03-04,2026-03-06,2026-04-03,2026-03-04,,,,,Walmart-eComm,Walmart eComm,,30,USD,136.00,136.00,136.75,136.00,0.00,0,0.00,0,0.00,0.75,0.00,,,,,136.75,,0.00,,,,,,,,,,,,,,,,,,,,,,,10002,10566,10002-2026-000016,,,,,,,,,Walmart eComm Shipping,Morgan Lee,Gavin Orr,Walmart eComm Retail,220 Townsend St,Dock 20,National ship location,San Francisco,CA,94109,San Francisco,USA,ship-walmart-ecomm@example.com,(415) 555-2906,,,,,,,,,,,,,,,,,,,1,2026-03-04,F13031C-1742VNTGBJ-28-STD,809666254815,,Cayden Vintage Beujolias Corduroy Skinny Jeans,,,EA,,,,,,,,4,0,,4,,34.00,34.00,136.00,136.00,0.00,,136.00,FALSE,TRUE,FALSE,FALSE,,,,,,,,,,,,,,,,,,
SO2026-000017,1,0,2026-03-04,2026-03-04,2026-04-03,2026-03-04,,,,,Etsy-VS,Etsy VS,,30,USD,156.00,156.00,156.78,156.00,0.00,0,0.00,0,0.00,0.78,0.00,,,,,156.78,,0.00,,,,,,,,,,,,,,,,,,,,,,,10008,10572,10008-2026-000017,,,,,,,,,Etsy VS Shipping,Jamie Clark,Soren Vale,Etsy VS Marketplace,206 Pacific Hwy,Dock 6,Seasonal ship location,Los Angeles,CA,90004,Los Angeles,USA,ship-etsy-vs@example.com,(213) 555-1506,,,,,,,,,,,,,,,,,,,1,2026-03-04,AUSTIN-06-BLACK-9,,,SNEAKER,,,EA,,,,,,,,2,0,,2,,10.00,10.00,20.00,20.00,0.00,,20.00,FALSE,TRUE,FALSE,FALSE,,,,,,,,,,,,,,,,,,
SO2026-000017,1,0,2026-03-04,2026-03-04,2026-04-03,2026-03-04,,,,,Etsy-VS,Etsy VS,,30,USD,156.00,156.00,156.78,156.00,0.00,0,0.00,0,0.00,0.78,0.00,,,,,156.78,,0.00,,,,,,,,,,,,,,,,,,,,,,,10008,10572,10008-2026-000017,,,,,,,,,Etsy VS Shipping,Jamie Clark,Soren Vale,Etsy VS Marketplace,206 Pacific Hwy,Dock 6,Seasonal ship location,Los Angeles,CA,90004,Los Angeles,USA,ship-etsy-vs@example.com,(213) 555-1506,,,,,,,,,,,,,,,,,,,2,2026-03-04,F13031C-1742VNTGST-30-STD,809666255102,,Cayden Vintage Beujolias Corduroy Skinny Jeans,,,EA,,,,,,,,4,0,,4,,34.00,34.00,136.00,136.00,0.00,,136.00,FALSE,TRUE,FALSE,FALSE,,,,,,,,,,,,,,,,,,
SO2026-000018,1,0,2026-03-01,2026-03-01,2026-03-31,2026-03-02,,,,,Walmart-eComm,Walmart eComm,,30,USD,55.50,55.50,61.76,55.50,0.00,0,0.00,0,0.00,6.26,0.00,,,,,61.76,,0.00,,,,,,,,,,,,,,,,,,,,,,,10002,10566,10002-2026-000018,,,,,,,,,Walmart eComm Shipping,Morgan Lee,Gavin Orr,Walmart eComm Retail,220 Townsend St,Dock 20,National ship location,San Francisco,CA,94109,San Francisco,USA,ship-walmart-ecomm@example.com,(415) 555-2906,,,,,,,,,,,,,,,,,,,1,2026-03-01,ADELINE-03-GOLD-12,,,BUCKLE FRONT FLAT SANDALS,,,EA,,,,,,,,3,0,,3,,18.50,18.50,55.50,55.50,0.00,,55.50,FALSE,TRUE,FALSE,FALSE,,,,,,,,,,,,,,,,,,
SO2026-000019,1,0,2026-03-01,2026-03-06,2026-03-31,2026-03-01,,,,,Mirakl-HudsonsB,Mirakl HudsonsB,,30,USD,40.00,40.00,47.85,40.00,0.00,0,0.00,0,0.00,7.85,0.00,,,,,47.85,,0.00,,,,,,,,,,,,,,,,,,,,,,,10005,10577,10005-2026-000019,,,,,,,,,Mirakl HudsonsB Shipping,Morgan Lee,Yara Glenn,Mirakl HudsonsB Network,212 Quail Hill Pkwy,Dock 12,Network ship location,Irvine,CA,92607,Orange,USA,ship-mirakl-hudsonsb@example.com,(949) 555-2106,,,,,,,,,,,,,,,,,,,1,2026-03-01,AUSTIN-06-WHITE-8,,,SNEAKER,,,EA,,,,,,,,1,0,,1,,10.00,10.00,10.00,10.00,0.00,,10.00,FALSE,TRUE,FALSE,FALSE,,,,,,,,,,,,,,,,,,
SO2026-000019,1,0,2026-03-01,2026-03-06,2026-03-31,2026-03-01,,,,,Mirakl-HudsonsB,Mirakl HudsonsB,,30,USD,40.00,40.00,47.85,40.00,0.00,0,0.00,0,0.00,7.85,0.00,,,,,47.85,,0.00,,,,,,,,,,,,,,,,,,,,,,,10005,10577,10005-2026-000019,,,,,,,,,Mirakl HudsonsB Shipping,Morgan Lee,Yara Glenn,Mirakl HudsonsB Network,212 Quail Hill Pkwy,Dock 12,Network ship location,Irvine,CA,92607,Orange,USA,ship-mirakl-hudsonsb@example.com,(949) 555-2106,,,,,,,,,,,,,,,,,,,2,2026-03-01,AUSTIN-06-CAMEL-7,,,SNEAKER,,,EA,,,,,,,,3,0,,3,,10.00,10.00,30.00,30.00,0.00,,30.00,FALSE,TRUE,FALSE,FALSE,,,,,,,,,,,,,,,,,,
SO2026-000020,1,0,2026-03-03,2026-03-07,2026-04-02,2026-03-05,,,,,Veeqo-Amazon,Veeqo Amazon,,30,USD,160.25,160.25,173.95,160.25,0.00,0,0.00,0,0.00,13.70,0.00,,,,,173.95,,0.00,,,,,,,,,,,,,,,,,,,,,,,10016,10579,10016-2026-000020,,,,,,,,,Veeqo Amazon Shipping,Jamie Clark,Owen Pike,Veeqo Amazon Retail,202 Distribution Way,Dock 2,Regional ship location,Irvine,CA,92603,Orange,USA,ship-veeqo-amazon@example.com,(949) 555-1106,,,,,,,,,,,,,,,,,,,1,2026-03-03,173451-1183CITIZEN-15-34,809666377804,,Susan Stretch Denim Skinny Jeans Medium Blue 5 Pocket Wash,,,EA,,,,,,,,1,0,,1,,24.00,24.00,24.00,24.00,0.00,,24.00,FALSE,TRUE,FALSE,FALSE,,,,,,,,,,,,,,,,,,
SO2026-000020,1,0,2026-03-03,2026-03-07,2026-04-02,2026-03-05,,,,,Veeqo-Amazon,Veeqo Amazon,,30,USD,160.25,160.25,173.95,160.25,0.00,0,0.00,0,0.00,13.70,0.00,,,,,173.95,,0.00,,,,,,,,,,,,,,,,,,,,,,,10016,10579,10016-2026-000020,,,,,,,,,Veeqo Amazon Shipping,Jamie Clark,Owen Pike,Veeqo Amazon Retail,202 Distribution Way,Dock 2,Regional ship location,Irvine,CA,92603,Orange,USA,ship-veeqo-amazon@example.com,(949) 555-1106,,,,,,,,,,,,,,,,,,,2,2026-03-03,ADELINE-03-TAUPE-9,,,BUCKLE FRONT FLAT SANDALS,,,EA,,,,,,,,4,0,,4,,18.50,18.50,74.00,74.00,0.00,,74.00,FALSE,TRUE,FALSE,FALSE,,,,,,,,,,,,,,,,,,
SO2026-000020,1,0,2026-03-03,2026-03-07,2026-04-02,2026-03-05,,,,,Veeqo-Amazon,Veeqo Amazon,,30,USD,160.25,160.25,173.95,160.25,0.00,0,0.00,0,0.00,13.70,0.00,,,,,173.95,,0.00,,,,,,,,,,,,,,,,,,,,,,,10016,10579,10016-2026-000020,,,,,,,,,Veeqo Amazon Shipping,Jamie Clark,Owen Pike,Veeqo Amazon Retail,202 Distribution Way,Dock 2,Regional ship location,Irvine,CA,92603,Orange,USA,ship-veeqo-amazon@example.com,(949) 555-1106,,,,,,,,,,,,,,,,,,,3,2026-03-03,ASTRID-01-NUDE-9,,,SLIP ON SNEAKER,,,EA,,,,,,,,3,0,,3,,20.75,20.75,62.25,62.25,0.00,,62.25,FALSE,TRUE,FALSE,FALSE,,,,,,,,,,,,,,,,,,
SO2026-000021,1,0,2026-03-02,2026-03-04,2026-04-01,2026-03-03,,,,,AMZ-eCom,AMZ eCom,,30,USD,360.00,360.00,360.00,360.00,0.00,0,0.00,0,0.00,0.00,0.00,,,,,360.00,,0.00,,,,,,,,,,,,,,,,,,,,,,,10001,10565,10001-2026-000021,,,,,,,,,AMZ eCom Shipping,Alex Reed,Nora Lane,AMZ eCom Retail,201 Harbor Ave,Dock 1,Main ship location,Los Angeles,CA,90002,Los Angeles,USA,ship-amz-ecom@example.com,(213) 555-1006,,,,,,,,,,,,,,,,,,,1,2026-03-02,AUSTIN-06-BLACK-S,,,SNEAKER,,,EA,,,,,,,,3,0,,3,,120.00,120.00,360.00,360.00,0.00,,360.00,FALSE,TRUE,FALSE,FALSE,,,,,,,,,,,,,,,,,,
SO2026-000022,1,0,2026-03-01,2026-03-06,2026-03-31,2026-03-02,,,,,Mirakl-HudsonsB,Mirakl HudsonsB,,30,USD,129.50,129.50,129.50,129.50,0.00,0,0.00,0,0.00,0.00,0.00,,,,,129.50,,0.00,,,,,,,,,,,,,,,,,,,,,,,10005,10577,10005-2026-000022,,,,,,,,,Mirakl HudsonsB Shipping,Morgan Lee,Yara Glenn,Mirakl HudsonsB Network,212 Quail Hill Pkwy,Dock 12,Network ship location,Irvine,CA,92607,Orange,USA,ship-mirakl-hudsonsb@example.com,(949) 555-2106,,,,,,,,,,,,,,,,,,,1,2026-03-01,FA13501DM-RINSEWSFT-27-30,809666858303,,Maya Basic Dark Handsand Wash Midrise Skinny Jeans,,,EA,,,,,,,,1,0,,1,,34.00,34.00,34.00,34.00,0.00,,34.00,FALSE,TRUE,FALSE,FALSE,,,,,,,,,,,,,,,,,,
SO2026-000022,1,0,2026-03-01,2026-03-06,2026-03-31,2026-03-02,,,,,Mirakl-HudsonsB,Mirakl HudsonsB,,30,USD,129.50,129.50,129.50,129.50,0.00,0,0.00,0,0.00,0.00,0.00,,,,,129.50,,0.00,,,,,,,,,,,,,,,,,,,,,,,10005,10577,10005-2026-000022,,,,,,,,,Mirakl HudsonsB Shipping,Morgan Lee,Yara Glenn,Mirakl HudsonsB Network,212 Quail Hill Pkwy,Dock 12,Network ship location,Irvine,CA,92607,Orange,USA,ship-mirakl-hudsonsb@example.com,(949) 555-2106,,,,,,,,,,,,,,,,,,,2,2026-03-01,ADELINE-03-TAUPE-6.5,,,BUCKLE FRONT FLAT SANDALS,,,EA,,,,,,,,3,0,,3,,18.50,18.50,55.50,55.50,0.00,,55.50,FALSE,TRUE,FALSE,FALSE,,,,,,,,,,,,,,,,,,
SO2026-000022,1,0,2026-03-01,2026-03-06,2026-03-31,2026-03-02,,,,,Mirakl-HudsonsB,Mirakl HudsonsB,,30,USD,129.50,129.50,129.50,129.50,0.00,0,0.00,0,0.00,0.00,0.00,,,,,129.50,,0.00,,,,,,,,,,,,,,,,,,,,,,,10005,10577,10005-2026-000022,,,,,,,,,Mirakl HudsonsB Shipping,Morgan Lee,Yara Glenn,Mirakl HudsonsB Network,212 Quail Hill Pkwy,Dock 12,Network ship location,Irvine,CA,92607,Orange,USA,ship-mirakl-hudsonsb@example.com,(949) 555-2106,,,,,,,,,,,,,,,,,,,3,2026-03-01,AUSTIN-06-WHITE-6,,,SNEAKER,,,EA,,,,,,,,4,0,,4,,10.00,10.00,40.00,40.00,0.00,,40.00,FALSE,TRUE,FALSE,FALSE,,,,,,,,,,,,,,,,,,
SO2026-000023,1,0,2026-03-02,2026-03-07,2026-04-01,2026-03-03,,,,,JCPenney,JCPenney,,30,USD,56.75,56.75,62.05,56.75,0.00,0,0.00,0,0.00,5.30,0.00,,,,,62.05,,0.00,,,,,,,,,,,,,,,,,,,,,,,30007,10575,30007-2026-000023,,,,,,,,,JCPenney Shipping,Alex Reed,Zane Holt,JCPenney Stores,213 Gateway Rd,Dock 13,Retail ship location,San Diego,CA,92106,San Diego,USA,ship-jcpenney@example.com,(619) 555-2206,,,,,,,,,,,,,,,,,,,1,2026-03-02,ADELINE-02-NUDE-8.5,,,WOVEN SLIDE SANDAL,,,EA,,,,,,,,4,0,,4,,11.50,11.50,46.00,46.00,0.00,,46.00,FALSE,TRUE,FALSE,FALSE,,,,,,,,,,,,,,,,,,
SO2026-000023,1,0,2026-03-02,2026-03-07,2026-04-01,2026-03-03,,,,,JCPenney,JCPenney,,30,USD,56.75,56.75,62.05,56.75,0.00,0,0.00,0,0.00,5.30,0.00,,,,,62.05,,0.00,,,,,,,,,,,,,,,,,,,,,,,30007,10575,30007-2026-000023,,,,,,,,,JCPenney Shipping,Alex Reed,Zane Holt,JCPenney Stores,213 Gateway Rd,Dock 13,Retail ship location,San Diego,CA,92106,San Diego,USA,ship-jcpenney@example.com,(619) 555-2206,,,,,,,,,,,,,,,,,,,2,2026-03-02,CORA-01-BLK-6.5,,,CROSS FRONT SANDAL,,,EA,,,,,,,,1,0,,1,,10.75,10.75,10.75,10.75,0.00,,10.75,FALSE,TRUE,FALSE,FALSE,,,,,,,,,,,,,,,,,,
SO2026-000024,1,0,2026-03-02,2026-03-04,2026-04-01,2026-03-03,,,,,Macys,Macys,,30,USD,136.00,136.00,150.69,136.00,0.00,0,0.00,0,0.00,14.69,0.00,,,,,150.69,,0.00,,,,,,,,,,,,,,,,,,,,,,,30005,10574,30005-2026-000024,,,,,,,,,Macys Shipping,Taylor Kim,Blake Jett,Macys Stores,215 King St,Dock 15,Department ship location,San Francisco,CA,94107,San Francisco,USA,ship-macys@example.com,(415) 555-2406,,,,,,,,,,,,,,,,,,,1,2026-03-02,F13031C-1742VNTGCO-25-STD,809666254877,,Cayden Vintage Beujolias Corduroy Skinny Jeans,,,EA,,,,,,,,4,0,,4,,34.00,34.00,136.00,136.00,0.00,,136.00,FALSE,TRUE,FALSE,FALSE,,,,,,,,,,,,,,,,,,
SO2026-000025,1,0,2026-03-01,2026-03-03,2026-03-31,2026-03-02,,,,,JCPenney,JCPenney,,30,USD,80.75,80.75,85.73,80.75,0.00,0,0.00,0,0.00,4.98,0.00,,,,,85.73,,0.00,,,,,,,,,,,,,,,,,,,,,,,30007,10575,30007-2026-000025,,,,,,,,,JCPenney Shipping,Alex Reed,Zane Holt,JCPenney Stores,213 Gateway Rd,Dock 13,Retail ship location,San Diego,CA,92106,San Diego,USA,ship-jcpenney@example.com,(619) 555-2206,,,,,,,,,,,,,,,,,,,1,2026-03-01,ADELINE-03-BLACK-6.5,,,BUCKLE FRONT FLAT SANDALS,,,EA,,,,,,,,1,0,,1,,18.50,18.50,18.50,18.50,0.00,,18.50,FALSE,TRUE,FALSE,FALSE,,,,,,,,,,,,,,,,,,
SO2026-000025,1,0,2026-03-01,2026-03-03,2026-03-31,2026-03-02,,,,,JCPenney,JCPenney,,30,USD,80.75,80.75,85.73,80.75,0.00,0,0.00,0,0.00,4.98,0.00,,,,,85.73,,0.00,,,,,,,,,,,,,,,,,,,,,,,30007,10575,30007-2026-000025,,,,,,,,,JCPenney Shipping,Alex Reed,Zane Holt,JCPenney Stores,213 Gateway Rd,Dock 13,Retail ship location,San Diego,CA,92106,San Diego,USA,ship-jcpenney@example.com,(619) 555-2206,,,,,,,,,,,,,,,,,,,2,2026-03-01,ASTRID-01-NUDE-6,,,SLIP ON SNEAKER,,,EA,,,,,,,,3,0,,3,,20.75,20.75,62.25,62.25,0.00,,62.25,FALSE,TRUE,FALSE,FALSE,,,,,,,,,,,,,,,,,,
SO2026-000026,1,0,2026-03-01,2026-03-04,2026-03-31,2026-03-01,,,,,Etsy-LS,Etsy LS,,30,USD,127.00,127.00,137.62,127.00,0.00,0,0.00,0,0.00,10.62,0.00,,,,,137.62,,0.00,,,,,,,,,,,,,,,,,,,,,,,10008,10571,10008-2026-000026,,,,,,,,,Etsy LS Shipping,Alex Reed,Rhea Moss,Etsy LS Marketplace,205 Mission St,Dock 5,Marketplace ship location,San Francisco,CA,94103,San Francisco,USA,ship-etsy-ls@example.com,(415) 555-1406,,,,,,,,,,,,,,,,,,,1,2026-03-01,FA16023WV-SMOKEYROSE,,,GGT wrap kimono maxi dress,,,EA,,,,,,,,3,0,,3,,39.00,39.00,117.00,117.00,0.00,,117.00,FALSE,TRUE,FALSE,FALSE,,,,,,,,,,,,,,,,,,
SO2026-000026,1,0,2026-03-01,2026-03-04,2026-03-31,2026-03-01,,,,,Etsy-LS,Etsy LS,,30,USD,127.00,127.00,137.62,127.00,0.00,0,0.00,0,0.00,10.62,0.00,,,,,137.62,,0.00,,,,,,,,,,,,,,,,,,,,,,,10008,10571,10008-2026-000026,,,,,,,,,Etsy LS Shipping,Alex Reed,Rhea Moss,Etsy LS Marketplace,205 Mission St,Dock 5,Marketplace ship location,San Francisco,CA,94103,San Francisco,USA,ship-etsy-ls@example.com,(415) 555-1406,,,,,,,,,,,,,,,,,,,2,2026-03-01,AUSTIN-06-WHITE-5.5,,,SNEAKER,,,EA,,,,,,,,1,0,,1,,10.00,10.00,10.00,10.00,0.00,,10.00,FALSE,TRUE,FALSE,FALSE,,,,,,,,,,,,,,,,,,
SO2026-000027,1,0,2026-03-03,2026-03-07,2026-04-02,2026-03-05,,,,,Macys,Macys,,30,USD,248.00,248.00,248.00,248.00,0.00,0,0.00,0,0.00,0.00,0.00,,,,,248.00,,0.00,,,,,,,,,,,,,,,,,,,,,,,30005,10574,30005-2026-000027,,,,,,,,,Macys Shipping,Taylor Kim,Blake Jett,Macys Stores,215 King St,Dock 15,Department ship location,San Francisco,CA,94107,San Francisco,USA,ship-macys@example.com,(415) 555-2406,,,,,,,,,,,,,,,,,,,1,2026-03-03,FA16023WV-MIDNIGHTCAMO-S-STD,809666795752,,Olivia Woven Chiffon Camo Print Kimono Wrap Maxi Dress,,,EA,,,,,,,,2,0,,2,,39.00,39.00,78.00,78.00,0.00,,78.00,FALSE,TRUE,FALSE,FALSE,,,,,,,,,,,,,,,,,,
SO2026-000027,1,0,2026-03-03,2026-03-07,2026-04-02,2026-03-05,,,,,Macys,Macys,,30,USD,248.00,248.00,248.00,248.00,0.00,0,0.00,0,0.00,0.00,0.00,,,,,248.00,,0.00,,,,,,,,,,,,,,,,,,,,,,,30005,10574,30005-2026-000027,,,,,,,,,Macys Shipping,Taylor Kim,Blake Jett,Macys Stores,215 King St,Dock 15,Department ship location,San Francisco,CA,94107,San Francisco,USA,ship-macys@example.com,(415) 555-2406,,,,,,,,,,,,,,,,,,,2,2026-03-03,FA13501DM-RINSEWSFT-29-32,809666858471,,Maya Basic Dark Handsand Wash Midrise Skinny Jeans,,,EA,,,,,,,,1,0,,1,,34.00,34.00,34.00,34.00,0.00,,34.00,FALSE,TRUE,FALSE,FALSE,,,,,,,,,,,,,,,,,,
SO2026-000027,1,0,2026-03-03,2026-03-07,2026-04-02,2026-03-05,,,,,Macys,Macys,,30,USD,248.00,248.00,248.00,248.00,0.00,0,0.00,0,0.00,0.00,0.00,,,,,248.00,,0.00,,,,,,,,,,,,,,,,,,,,,,,30005,10574,30005-2026-000027,,,,,,,,,Macys Shipping,Taylor Kim,Blake Jett,Macys Stores,215 King St,Dock 15,Department ship location,San Francisco,CA,94107,San Francisco,USA,ship-macys@example.com,(415) 555-2406,,,,,,,,,,,,,,,,,,,3,2026-03-03,FA13501DM-1608BLAU2-32-32,809666857900,,Maya Basic Dark Handsand Wash Midrise Skinny Jeans,,,EA,,,,,,,,4,0,,4,,34.00,34.00,136.00,136.00,0.00,,136.00,FALSE,TRUE,FALSE,FALSE,,,,,,,,,,,,,,,,,,
SO2026-000028,1,0,2026-03-01,2026-03-03,2026-03-31,2026-03-01,,,,,Mirakl-Kohls,Mirakl Kohls,,30,USD,48.00,48.00,55.65,48.00,0.00,0,0.00,0,0.00,7.65,0.00,,,,,55.65,,0.00,,,,,,,,,,,,,,,,,,,,,,,10013,10576,10013-2026-000028,,,,,,,,,Mirakl Kohls Shipping,Jamie Clark,Asha Ives,Mirakl Kohls Network,214 Silver Creek Rd,Dock 14,Partner ship location,San Jose,CA,95115,Santa Clara,USA,ship-mirakl-kohls@example.com,(408) 555-2306,,,,,,,,,,,,,,,,,,,1,2026-03-01,173451-1183CITIZEN-19-34,809666377828,,Susan Stretch Denim Skinny Jeans Medium Blue 5 Pocket Wash,,,EA,,,,,,,,2,0,,2,,24.00,24.00,48.00,48.00,0.00,,48.00,FALSE,TRUE,FALSE,FALSE,,,,,,,,,,,,,,,,,,
SO2026-000029,1,0,2026-03-01,2026-03-06,2026-03-31,2026-03-01,,,,,Veeqo-Amazon,Veeqo Amazon,,30,USD,86.75,86.75,89.09,86.75,0.00,0,0.00,0,0.00,2.34,0.00,,,,,89.09,,0.00,,,,,,,,,,,,,,,,,,,,,,,10016,10579,10016-2026-000029,,,,,,,,,Veeqo Amazon Shipping,Jamie Clark,Owen Pike,Veeqo Amazon Retail,202 Distribution Way,Dock 2,Regional ship location,Irvine,CA,92603,Orange,USA,ship-veeqo-amazon@example.com,(949) 555-1106,,,,,,,,,,,,,,,,,,,1,2026-03-01,ASTRID-01-BLACK-7.5,,,SLIP ON SNEAKER,,,EA,,,,,,,,2,0,,2,,20.75,20.75,41.50,41.50,0.00,,41.50,FALSE,TRUE,FALSE,FALSE,,,,,,,,,,,,,,,,,,
SO2026-000029,1,0,2026-03-01,2026-03-06,2026-03-31,2026-03-01,,,,,Veeqo-Amazon,Veeqo Amazon,,30,USD,86.75,86.75,89.09,86.75,0.00,0,0.00,0,0.00,2.34,0.00,,,,,89.09,,0.00,,,,,,,,,,,,,,,,,,,,,,,10016,10579,10016-2026-000029,,,,,,,,,Veeqo Amazon Shipping,Jamie Clark,Owen Pike,Veeqo Amazon Retail,202 Distribution Way,Dock 2,Regional ship location,Irvine,CA,92603,Orange,USA,ship-veeqo-amazon@example.com,(949) 555-1106,,,,,,,,,,,,,,,,,,,2,2026-03-01,ADELINE-02-WHITE-6.5,,,WOVEN SLIDE SANDAL,,,EA,,,,,,,,3,0,,3,,11.50,11.50,34.50,34.50,0.00,,34.50,FALSE,TRUE,FALSE,FALSE,,,,,,,,,,,,,,,,,,
SO2026-000029,1,0,2026-03-01,2026-03-06,2026-03-31,2026-03-01,,,,,Veeqo-Amazon,Veeqo Amazon,,30,USD,86.75,86.75,89.09,86.75,0.00,0,0.00,0,0.00,2.34,0.00,,,,,89.09,,0.00,,,,,,,,,,,,,,,,,,,,,,,10016,10579,10016-2026-000029,,,,,,,,,Veeqo Amazon Shipping,Jamie Clark,Owen Pike,Veeqo Amazon Retail,202 Distribution Way,Dock 2,Regional ship location,Irvine,CA,92603,Orange,USA,ship-veeqo-amazon@example.com,(949) 555-1106,,,,,,,,,,,,,,,,,,,3,2026-03-01,CORA-01-TAUP-6,,,CROSS FRONT SANDAL,,,EA,,,,,,,,1,0,,1,,10.75,10.75,10.75,10.75,0.00,,10.75,FALSE,TRUE,FALSE,FALSE,,,,,,,,,,,,,,,,,,
SO2026-000030,1,0,2026-03-04,2026-03-04,2026-04-03,2026-03-04,,,,,Walmart-eComm,Walmart eComm,,30,USD,50.00,50.00,62.73,50.00,0.00,0,0.00,0,0.00,12.73,0.00,,,,,62.73,,0.00,,,,,,,,,,,,,,,,,,,,,,,10002,10566,10002-2026-000030,,,,,,,,,Walmart eComm Shipping,Morgan Lee,Gavin Orr,Walmart eComm Retail,220 Townsend St,Dock 20,National ship location,San Francisco,CA,94109,San Francisco,USA,ship-walmart-ecomm@example.com,(415) 555-2906,,,,,,,,,,,,,,,,,,,1,2026-03-04,CAMILA-06-BLACK-8,,,COSS FRONT SLIP ON SLIDES,,,EA,,,,,,,,2,0,,2,,8.00,8.00,16.00,16.00,0.00,,16.00,FALSE,TRUE,FALSE,FALSE,,,,,,,,,,,,,,,,,,
SO2026-000030,1,0,2026-03-04,2026-03-04,2026-04-03,2026-03-04,,,,,Walmart-eComm,Walmart eComm,,30,USD,50.00,50.00,62.73,50.00,0.00,0,0.00,0,0.00,12.73,0.00,,,,,62.73,,0.00,,,,,,,,,,,,,,,,,,,,,,,10002,10566,10002-2026-000030,,,,,,,,,Walmart eComm Shipping,Morgan Lee,Gavin Orr,Walmart eComm Retail,220 Townsend St,Dock 20,National ship location,San Francisco,CA,94109,San Francisco,USA,ship-walmart-ecomm@example.com,(415) 555-2906,,,,,,,,,,,,,,,,,,,2,2026-03-04,FA13501DM-1608BLAU2-27-32,809666857856,,Maya Basic Dark Handsand Wash Midrise Skinny Jeans,,,EA,,,,,,,,1,0,,1,,34.00,34.00,34.00,34.00,0.00,,34.00,FALSE,TRUE,FALSE,FALSE,,,,,,,,,,,,,,,,,,
SO2026-000031,1,0,2026-03-03,2026-03-06,2026-04-02,2026-03-05,,,,,Shopify,Shopify,,30,USD,115.25,115.25,121.93,115.25,0.00,0,0.00,0,0.00,6.68,0.00,,,,,121.93,,0.00,,,,,,,,,,,,,,,,,,,,,,,20001,10580,20001-2026-000031,,,,,,,,,Shopify Shipping,Alex Reed,Dario Lowe,Shopify Commerce,217 Barranca Pkwy,Dock 17,Commerce ship location,Irvine,CA,92609,Orange,USA,ship-shopify@example.com,(949) 555-2606,,,,,,,,,,,,,,,,,,,1,2026-03-03,ADELINE-02-CAMEL-9.5,,,WOVEN SLIDE SANDAL,,,EA,,,,,,,,1,0,,1,,11.50,11.50,11.50,11.50,0.00,,11.50,FALSE,TRUE,FALSE,FALSE,,,,,,,,,,,,,,,,,,
SO2026-000031,1,0,2026-03-03,2026-03-06,2026-04-02,2026-03-05,,,,,Shopify,Shopify,,30,USD,115.25,115.25,121.93,115.25,0.00,0,0.00,0,0.00,6.68,0.00,,,,,121.93,,0.00,,,,,,,,,,,,,,,,,,,,,,,20001,10580,20001-2026-000031,,,,,,,,,Shopify Shipping,Alex Reed,Dario Lowe,Shopify Commerce,217 Barranca Pkwy,Dock 17,Commerce ship location,Irvine,CA,92609,Orange,USA,ship-shopify@example.com,(949) 555-2606,,,,,,,,,,,,,,,,,,,2,2026-03-03,ASTRID-01-GREY-8,,,SLIP ON SNEAKER,,,EA,,,,,,,,2,0,,2,,20.75,20.75,41.50,41.50,0.00,,41.50,FALSE,TRUE,FALSE,FALSE,,,,,,,,,,,,,,,,,,
SO2026-000031,1,0,2026-03-03,2026-03-06,2026-04-02,2026-03-05,,,,,Shopify,Shopify,,30,USD,115.25,115.25,121.93,115.25,0.00,0,0.00,0,0.00,6.68,0.00,,,,,121.93,,0.00,,,,,,,,,,,,,,,,,,,,,,,20001,10580,20001-2026-000031,,,,,,,,,Shopify Shipping,Alex Reed,Dario Lowe,Shopify Commerce,217 Barranca Pkwy,Dock 17,Commerce ship location,Irvine,CA,92609,Orange,USA,ship-shopify@example.com,(949) 555-2606,,,,,,,,,,,,,,,,,,,3,2026-03-03,ASTRID-01-GREY-9,,,SLIP ON SNEAKER,,,EA,,,,,,,,3,0,,3,,20.75,20.75,62.25,62.25,0.00,,62.25,FALSE,TRUE,FALSE,FALSE,,,,,,,,,,,,,,,,,,
SO2026-000032,1,0,2026-03-02,2026-03-02,2026-04-01,2026-03-04,,,,,Etsy-VS,Etsy VS,,30,USD,304.50,304.50,305.86,304.50,0.00,0,0.00,0,0.00,1.36,0.00,,,,,305.86,,0.00,,,,,,,,,,,,,,,,,,,,,,,10008,10572,10008-2026-000032,,,,,,,,,Etsy VS Shipping,Jamie Clark,Soren Vale,Etsy VS Marketplace,206 Pacific Hwy,Dock 6,Seasonal ship location,Los Angeles,CA,90004,Los Angeles,USA,ship-etsy-vs@example.com,(213) 555-1506,,,,,,,,,,,,,,,,,,,1,2026-03-02,AUSTIN-06-WHITE-7,,,SNEAKER,,,EA,,,,,,,,3,0,,3,,10.00,10.00,30.00,30.00,0.00,,30.00,FALSE,TRUE,FALSE,FALSE,,,,,,,,,,,,,,,,,,
SO2026-000032,1,0,2026-03-02,2026-03-02,2026-04-01,2026-03-04,,,,,Etsy-VS,Etsy VS,,30,USD,304.50,304.50,305.86,304.50,0.00,0,0.00,0,0.00,1.36,0.00,,,,,305.86,,0.00,,,,,,,,,,,,,,,,,,,,,,,10008,10572,10008-2026-000032,,,,,,,,,Etsy VS Shipping,Jamie Clark,Soren Vale,Etsy VS Marketplace,206 Pacific Hwy,Dock 6,Seasonal ship location,Los Angeles,CA,90004,Los Angeles,USA,ship-etsy-vs@example.com,(213) 555-1506,,,,,,,,,,,,,,,,,,,2,2026-03-02,AUSTIN-06-WHITE-S,,,SNEAKER,,,EA,,,,,,,,2,0,,2,,120.00,120.00,240.00,240.00,0.00,,240.00,FALSE,TRUE,FALSE,FALSE,,,,,,,,,,,,,,,,,,
SO2026-000032,1,0,2026-03-02,2026-03-02,2026-04-01,2026-03-04,,,,,Etsy-VS,Etsy VS,,30,USD,304.50,304.50,305.86,304.50,0.00,0,0.00,0,0.00,1.36,0.00,,,,,305.86,,0.00,,,,,,,,,,,,,,,,,,,,,,,10008,10572,10008-2026-000032,,,,,,,,,Etsy VS Shipping,Jamie Clark,Soren Vale,Etsy VS Marketplace,206 Pacific Hwy,Dock 6,Seasonal ship location,Los Angeles,CA,90004,Los Angeles,USA,ship-etsy-vs@example.com,(213) 555-1506,,,,,,,,,,,,,,,,,,,3,2026-03-02,ADELINE-02-NUDE-7,,,WOVEN SLIDE SANDAL,,,EA,,,,,,,,3,0,,3,,11.50,11.50,34.50,34.50,0.00,,34.50,FALSE,TRUE,FALSE,FALSE,,,,,,,,,,,,,,,,,,
SO2026-000033,1,0,2026-03-01,2026-03-06,2026-03-31,2026-03-01,,,,,Veeqo-Amazon,Veeqo Amazon,,30,USD,288.00,288.00,293.68,288.00,0.00,0,0.00,0,0.00,5.68,0.00,,,,,293.68,,0.00,,,,,,,,,,,,,,,,,,,,,,,10016,10579,10016-2026-000033,,,,,,,,,Veeqo Amazon Shipping,Jamie Clark,Owen Pike,Veeqo Amazon Retail,202 Distribution Way,Dock 2,Regional ship location,Irvine,CA,92603,Orange,USA,ship-veeqo-amazon@example.com,(949) 555-1106,,,,,,,,,,,,,,,,,,,1,2026-03-01,CAMILA-06-GREEN-S,,,COSS FRONT SLIP ON SLIDES,,,EA,,,,,,,,3,0,,3,,96.00,96.00,288.00,288.00,0.00,,288.00,FALSE,TRUE,FALSE,FALSE,,,,,,,,,,,,,,,,,,
SO2026-000034,1,0,2026-03-03,2026-03-08,2026-04-02,2026-03-04,,,,,AMZ-eCom,AMZ eCom,,30,USD,96.00,96.00,111.58,96.00,0.00,0,0.00,0,0.00,15.58,0.00,,,,,111.58,,0.00,,,,,,,,,,,,,,,,,,,,,,,10001,10565,10001-2026-000034,,,,,,,,,AMZ eCom Shipping,Alex Reed,Nora Lane,AMZ eCom Retail,201 Harbor Ave,Dock 1,Main ship location,Los Angeles,CA,90002,Los Angeles,USA,ship-amz-ecom@example.com,(213) 555-1006,,,,,,,,,,,,,,,,,,,1,2026-03-03,173451-1183CITIZEN-3-34,809666377743,,Susan Stretch Denim Skinny Jeans Medium Blue 5 Pocket Wash,,,EA,,,,,,,,4,0,,4,,24.00,24.00,96.00,96.00,0.00,,96.00,FALSE,TRUE,FALSE,FALSE,,,,,,,,,,,,,,,,,,
SO2026-000035,1,0,2026-03-01,2026-03-03,2026-03-31,2026-03-03,,,,,JCPenney,JCPenney,,30,USD,125.50,125.50,130.76,125.50,0.00,0,0.00,0,0.00,5.26,0.00,,,,,130.76,,0.00,,,,,,,,,,,,,,,,,,,,,,,30007,10575,30007-2026-000035,,,,,,,,,JCPenney Shipping,Alex Reed,Zane Holt,JCPenney Stores,213 Gateway Rd,Dock 13,Retail ship location,San Diego,CA,92106,San Diego,USA,ship-jcpenney@example.com,(619) 555-2206,,,,,,,,,,,,,,,,,,,1,2026-03-01,FA13501DM-1608BLAU2-28-30,809666857719,,Maya Basic Dark Handsand Wash Midrise Skinny Jeans,,,EA,,,,,,,,2,0,,2,,34.00,34.00,68.00,68.00,0.00,,68.00,FALSE,TRUE,FALSE,FALSE,,,,,,,,,,,,,,,,,,
SO2026-000035,1,0,2026-03-01,2026-03-03,2026-03-31,2026-03-03,,,,,JCPenney,JCPenney,,30,USD,125.50,125.50,130.76,125.50,0.00,0,0.00,0,0.00,5.26,0.00,,,,,130.76,,0.00,,,,,,,,,,,,,,,,,,,,,,,30007,10575,30007-2026-000035,,,,,,,,,JCPenney Shipping,Alex Reed,Zane Holt,JCPenney Stores,213 Gateway Rd,Dock 13,Retail ship location,San Diego,CA,92106,San Diego,USA,ship-jcpenney@example.com,(619) 555-2206,,,,,,,,,,,,,,,,,,,2,2026-03-01,ADELINE-02-CAMEL-10,,,WOVEN SLIDE SANDAL,,,EA,,,,,,,,4,0,,4,,11.50,11.50,46.00,46.00,0.00,,46.00,FALSE,TRUE,FALSE,FALSE,,,,,,,,,,,,,,,,,,
SO2026-000035,1,0,2026-03-01,2026-03-03,2026-03-31,2026-03-03,,,,,JCPenney,JCPenney,,30,USD,125.50,125.50,130.76,125.50,0.00,0,0.00,0,0.00,5.26,0.00,,,,,130.76,,0.00,,,,,,,,,,,,,,,,,,,,,,,30007,10575,30007-2026-000035,,,,,,,,,JCPenney Shipping,Alex Reed,Zane Holt,JCPenney Stores,213 Gateway Rd,Dock 13,Retail ship location,San Diego,CA,92106,San Diego,USA,ship-jcpenney@example.com,(619) 555-2206,,,,,,,,,,,,,,,,,,,3,2026-03-01,ADELINE-02-BLACK-8,,,WOVEN SLIDE SANDAL,,,EA,,,,,,,,1,0,,1,,11.50,11.50,11.50,11.50,0.00,,11.50,FALSE,TRUE,FALSE,FALSE,,,,,,,,,,,,,,,,,,
SO2026-000036,1,0,2026-03-01,2026-03-06,2026-03-31,2026-03-02,,,,,AMZ-eCom,AMZ eCom,,30,USD,111.00,111.00,123.82,111.00,0.00,0,0.00,0,0.00,12.82,0.00,,,,,123.82,,0.00,,,,,,,,,,,,,,,,,,,,,,,10001,10565,10001-2026-000036,,,,,,,,,AMZ eCom Shipping,Alex Reed,Nora Lane,AMZ eCom Retail,201 Harbor Ave,Dock 1,Main ship location,Los Angeles,CA,90002,Los Angeles,USA,ship-amz-ecom@example.com,(213) 555-1006,,,,,,,,,,,,,,,,,,,1,2026-03-01,ADELINE-03-GOLD-9,,,BUCKLE FRONT FLAT SANDALS,,,EA,,,,,,,,2,0,,2,,18.50,18.50,37.00,37.00,0.00,,37.00,FALSE,TRUE,FALSE,FALSE,,,,,,,,,,,,,,,,,,
SO2026-000036,1,0,2026-03-01,2026-03-06,2026-03-31,2026-03-02,,,,,AMZ-eCom,AMZ eCom,,30,USD,111.00,111.00,123.82,111.00,0.00,0,0.00,0,0.00,12.82,0.00,,,,,123.82,,0.00,,,,,,,,,,,,,,,,,,,,,,,10001,10565,10001-2026-000036,,,,,,,,,AMZ eCom Shipping,Alex Reed,Nora Lane,AMZ eCom Retail,201 Harbor Ave,Dock 1,Main ship location,Los Angeles,CA,90002,Los Angeles,USA,ship-amz-ecom@example.com,(213) 555-1006,,,,,,,,,,,,,,,,,,,2,2026-03-01,ADELINE-03-GOLD-9.5,,,BUCKLE FRONT FLAT SANDALS,,,EA,,,,,,,,4,0,,4,,18.50,18.50,74.00,74.00,0.00,,74.00,FALSE,TRUE,FALSE,FALSE,,,,,,,,,,,,,,,,,,
SO2026-000037,1,0,2026-03-03,2026-03-03,2026-04-02,2026-03-05,,,,,AMZ-eCom,AMZ eCom,,30,USD,41.50,41.50,49.99,41.50,0.00,0,0.00,0,0.00,8.49,0.00,,,,,49.99,,0.00,,,,,,,,,,,,,,,,,,,,,,,10001,10565,10001-2026-000037,,,,,,,,,AMZ eCom Shipping,Alex Reed,Nora Lane,AMZ eCom Retail,201 Harbor Ave,Dock 1,Main ship location,Los Angeles,CA,90002,Los Angeles,USA,ship-amz-ecom@example.com,(213) 555-1006,,,,,,,,,,,,,,,,,,,1,2026-03-03,ASTRID-01-GREY-9.5,,,SLIP ON SNEAKER,,,EA,,,,,,,,2,0,,2,,20.75,20.75,41.50,41.50,0.00,,41.50,FALSE,TRUE,FALSE,FALSE,,,,,,,,,,,,,,,,,,
SO2026-000038,1,0,2026-03-04,2026-03-09,2026-04-03,2026-03-04,,,,,Etsy-LS,Etsy LS,,30,USD,34.50,34.50,52.30,34.50,0.00,0,0.00,0,0.00,17.80,0.00,,,,,52.30,,0.00,,,,,,,,,,,,,,,,,,,,,,,10008,10571,10008-2026-000038,,,,,,,,,Etsy LS Shipping,Alex Reed,Rhea Moss,Etsy LS Marketplace,205 Mission St,Dock 5,Marketplace ship location,San Francisco,CA,94103,San Francisco,USA,ship-etsy-ls@example.com,(415) 555-1406,,,,,,,,,,,,,,,,,,,1,2026-03-04,ADELINE-02-BLACK-7.5,,,WOVEN SLIDE SANDAL,,,EA,,,,,,,,3,0,,3,,11.50,11.50,34.50,34.50,0.00,,34.50,FALSE,TRUE,FALSE,FALSE,,,,,,,,,,,,,,,,,,
SO2026-000039,1,0,2026-03-04,2026-03-04,2026-04-03,2026-03-06,,,,,JCPenney,JCPenney,,30,USD,316.00,316.00,332.53,316.00,0.00,0,0.00,0,0.00,16.53,0.00,,,,,332.53,,0.00,,,,,,,,,,,,,,,,,,,,,,,30007,10575,30007-2026-000039,,,,,,,,,JCPenney Shipping,Alex Reed,Zane Holt,JCPenney Stores,213 Gateway Rd,Dock 13,Retail ship location,San Diego,CA,92106,San Diego,USA,ship-jcpenney@example.com,(619) 555-2206,,,,,,,,,,,,,,,,,,,1,2026-03-04,AUSTIN-06-BLUSH-B12,,,SNEAKER,,,EA,,,,,,,,1,0,,1,,120.00,120.00,120.00,120.00,0.00,,120.00,FALSE,TRUE,FALSE,FALSE,,,,,,,,,,,,,,,,,,
SO2026-000039,1,0,2026-03-04,2026-03-04,2026-04-03,2026-03-06,,,,,JCPenney,JCPenney,,30,USD,316.00,316.00,332.53,316.00,0.00,0,0.00,0,0.00,16.53,0.00,,,,,332.53,,0.00,,,,,,,,,,,,,,,,,,,,,,,30007,10575,30007-2026-000039,,,,,,,,,JCPenney Shipping,Alex Reed,Zane Holt,JCPenney Stores,213 Gateway Rd,Dock 13,Retail ship location,San Diego,CA,92106,San Diego,USA,ship-jcpenney@example.com,(619) 555-2206,,,,,,,,,,,,,,,,,,,2,2026-03-04,FA16105WV,,,Woven chiffon palazzo pant with elastic waist. Side entry pockets. Lined with a jersey short.,,,EA,,,,,,,,4,0,,4,,39.00,39.00,156.00,156.00,0.00,,156.00,FALSE,TRUE,FALSE,FALSE,,,,,,,,,,,,,,,,,,
SO2026-000039,1,0,2026-03-04,2026-03-04,2026-04-03,2026-03-06,,,,,JCPenney,JCPenney,,30,USD,316.00,316.00,332.53,316.00,0.00,0,0.00,0,0.00,16.53,0.00,,,,,332.53,,0.00,,,,,,,,,,,,,,,,,,,,,,,30007,10575,30007-2026-000039,,,,,,,,,JCPenney Shipping,Alex Reed,Zane Holt,JCPenney Stores,213 Gateway Rd,Dock 13,Retail ship location,San Diego,CA,92106,San Diego,USA,ship-jcpenney@example.com,(619) 555-2206,,,,,,,,,,,,,,,,,,,3,2026-03-04,AUSTIN-06-BLUSH-5,,,SNEAKER,,,EA,,,,,,,,4,0,,4,,10.00,10.00,40.00,40.00,0.00,,40.00,FALSE,TRUE,FALSE,FALSE,,,,,,,,,,,,,,,,,,
SO2026-000040,1,0,2026-03-04,2026-03-04,2026-04-03,2026-03-04,,,,,Etsy-VS,Etsy VS,,30,USD,49.00,49.00,52.73,49.00,0.00,0,0.00,0,0.00,3.73,0.00,,,,,52.73,,0.00,,,,,,,,,,,,,,,,,,,,,,,10008,10572,10008-2026-000040,,,,,,,,,Etsy VS Shipping,Jamie Clark,Soren Vale,Etsy VS Marketplace,206 Pacific Hwy,Dock 6,Seasonal ship location,Los Angeles,CA,90004,Los Angeles,USA,ship-etsy-vs@example.com,(213) 555-1506,,,,,,,,,,,,,,,,,,,1,2026-03-04,FD9801506P-BLACKBROWN-1X-STD,809666394962,,Natalia Leopard Print Button-up Wrap Dress,,,EA,,,,,,,,1,0,,1,,49.00,49.00,49.00,49.00,0.00,,49.00,FALSE,TRUE,FALSE,FALSE,,,,,,,,,,,,,,,,,,
SO2026-000041,1,0,2026-03-01,2026-03-06,2026-03-31,2026-03-01,,,,,Magento,Magento,,30,USD,78.75,78.75,79.44,78.75,0.00,0,0.00,0,0.00,0.69,0.00,,,,,79.44,,0.00,,,,,,,,,,,,,,,,,,,,,,,20003,10581,20003-2026-000041,,,,,,,,,Magento Shipping,Morgan Lee,Cora Knox,Magento Platform,216 Century Blvd,Dock 16,Platform ship location,Los Angeles,CA,90008,Los Angeles,USA,ship-magento@example.com,(213) 555-2506,,,,,,,,,,,,,,,,,,,1,2026-03-01,AVIANA-06-BEIGE-11,,,FUR SLIPPER,,,EA,,,,,,,,3,0,,3,,16.25,16.25,48.75,48.75,0.00,,48.75,FALSE,TRUE,FALSE,FALSE,,,,,,,,,,,,,,,,,,
SO2026-000041,1,0,2026-03-01,2026-03-06,2026-03-31,2026-03-01,,,,,Magento,Magento,,30,USD,78.75,78.75,79.44,78.75,0.00,0,0.00,0,0.00,0.69,0.00,,,,,79.44,,0.00,,,,,,,,,,,,,,,,,,,,,,,20003,10581,20003-2026-000041,,,,,,,,,Magento Shipping,Morgan Lee,Cora Knox,Magento Platform,216 Century Blvd,Dock 16,Platform ship location,Los Angeles,CA,90008,Los Angeles,USA,ship-magento@example.com,(213) 555-2506,,,,,,,,,,,,,,,,,,,2,2026-03-01,AUSTIN-06-BLACK-5,,,SNEAKER,,,EA,,,,,,,,3,0,,3,,10.00,10.00,30.00,30.00,0.00,,30.00,FALSE,TRUE,FALSE,FALSE,,,,,,,,,,,,,,,,,,
SO2026-000042,1,0,2026-03-02,2026-03-07,2026-04-01,2026-03-02,,,,,eBay,eBay,,30,USD,174.00,174.00,176.62,174.00,0.00,0,0.00,0,0.00,2.62,0.00,,,,,176.62,,0.00,,,,,,,,,,,,,,,,,,,,,,,10004,10570,10004-2026-000042,,,,,,,,,eBay Shipping,Morgan Lee,Quentin Hale,eBay Commerce,204 Fulfillment Ave,Dock 4,Standard ship location,San Jose,CA,95111,Santa Clara,USA,ship-ebay@example.com,(408) 555-1306,,,,,,,,,,,,,,,,,,,1,2026-03-02,173451-1183CITIZEN-13-34,809666377798,,Susan Stretch Denim Skinny Jeans Medium Blue 5 Pocket Wash,,,EA,,,,,,,,3,0,,3,,24.00,24.00,72.00,72.00,0.00,,72.00,FALSE,TRUE,FALSE,FALSE,,,,,,,,,,,,,,,,,,
SO2026-000042,1,0,2026-03-02,2026-03-07,2026-04-01,2026-03-02,,,,,eBay,eBay,,30,USD,174.00,174.00,176.62,174.00,0.00,0,0.00,0,0.00,2.62,0.00,,,,,176.62,,0.00,,,,,,,,,,,,,,,,,,,,,,,10004,10570,10004-2026-000042,,,,,,,,,eBay Shipping,Morgan Lee,Quentin Hale,eBay Commerce,204 Fulfillment Ave,Dock 4,Standard ship location,San Jose,CA,95111,Santa Clara,USA,ship-ebay@example.com,(408) 555-1306,,,,,,,,,,,,,,,,,,,2,2026-03-02,FA13512DM-1847DPOCN-27-32,809666865059,,Angie Stud Bling Pocket Low Rise Skinny Jeans,,,EA,,,,,,,,3,0,,3,,34.00,34.00,102.00,102.00,0.00,,102.00,FALSE,TRUE,FALSE,FALSE,,,,,,,,,,,,,,,,,,
SO2026-000043,1,0,2026-03-01,2026-03-03,2026-03-31,2026-03-01,,,,,Macys,Macys,,30,USD,81.00,81.00,91.60,81.00,0.00,0,0.00,0,0.00,10.60,0.00,,,,,91.60,,0.00,,,,,,,,,,,,,,,,,,,,,,,30005,10574,30005-2026-000043,,,,,,,,,Macys Shipping,Taylor Kim,Blake Jett,Macys Stores,215 King St,Dock 15,Department ship location,San Francisco,CA,94107,San Francisco,USA,ship-macys@example.com,(415) 555-2406,,,,,,,,,,,,,,,,,,,1,2026-03-01,CORA-01-FUCH-7,,,CROSS FRONT SANDAL,,,EA,,,,,,,,3,0,,3,,10.75,10.75,32.25,32.25,0.00,,32.25,FALSE,TRUE,FALSE,FALSE,,,,,,,,,,,,,,,,,,
SO2026-000043,1,0,2026-03-01,2026-03-03,2026-03-31,2026-03-01,,,,,Macys,Macys,,30,USD,81.00,81.00,91.60,81.00,0.00,0,0.00,0,0.00,10.60,0.00,,,,,91.60,,0.00,,,,,,,,,,,,,,,,,,,,,,,30005,10574,30005-2026-000043,,,,,,,,,Macys Shipping,Taylor Kim,Blake Jett,Macys Stores,215 King St,Dock 15,Department ship location,San Francisco,CA,94107,San Francisco,USA,ship-macys@example.com,(415) 555-2406,,,,,,,,,,,,,,,,,,,2,2026-03-01,AVIANA-06-BLACK-7.5,,,FUR SLIPPER,,,EA,,,,,,,,3,0,,3,,16.25,16.25,48.75,48.75,0.00,,48.75,FALSE,TRUE,FALSE,FALSE,,,,,,,,,,,,,,,,,,
SO2026-000044,1,0,2026-03-03,2026-03-05,2026-04-02,2026-03-05,,,,,Walmart-eComm,Walmart eComm,,30,USD,80.75,80.75,85.56,80.75,0.00,0,0.00,0,0.00,4.81,0.00,,,,,85.56,,0.00,,,,,,,,,,,,,,,,,,,,,,,10002,10566,10002-2026-000044,,,,,,,,,Walmart eComm Shipping,Morgan Lee,Gavin Orr,Walmart eComm Retail,220 Townsend St,Dock 20,National ship location,San Francisco,CA,94109,San Francisco,USA,ship-walmart-ecomm@example.com,(415) 555-2906,,,,,,,,,,,,,,,,,,,1,2026-03-03,ADELINE-03-BROWN-8.5,,,BUCKLE FRONT FLAT SANDALS,,,EA,,,,,,,,1,0,,1,,18.50,18.50,18.50,18.50,0.00,,18.50,FALSE,TRUE,FALSE,FALSE,,,,,,,,,,,,,,,,,,
SO2026-000044,1,0,2026-03-03,2026-03-05,2026-04-02,2026-03-05,,,,,Walmart-eComm,Walmart eComm,,30,USD,80.75,80.75,85.56,80.75,0.00,0,0.00,0,0.00,4.81,0.00,,,,,85.56,,0.00,,,,,,,,,,,,,,,,,,,,,,,10002,10566,10002-2026-000044,,,,,,,,,Walmart eComm Shipping,Morgan Lee,Gavin Orr,Walmart eComm Retail,220 Townsend St,Dock 20,National ship location,San Francisco,CA,94109,San Francisco,USA,ship-walmart-ecomm@example.com,(415) 555-2906,,,,,,,,,,,,,,,,,,,2,2026-03-03,AUSTIN-06-BLUSH-8,,,SNEAKER,,,EA,,,,,,,,3,0,,3,,10.00,10.00,30.00,30.00,0.00,,30.00,FALSE,TRUE,FALSE,FALSE,,,,,,,,,,,,,,,,,,
SO2026-000044,1,0,2026-03-03,2026-03-05,2026-04-02,2026-03-05,,,,,Walmart-eComm,Walmart eComm,,30,USD,80.75,80.75,85.56,80.75,0.00,0,0.00,0,0.00,4.81,0.00,,,,,85.56,,0.00,,,,,,,,,,,,,,,,,,,,,,,10002,10566,10002-2026-000044,,,,,,,,,Walmart eComm Shipping,Morgan Lee,Gavin Orr,Walmart eComm Retail,220 Townsend St,Dock 20,National ship location,San Francisco,CA,94109,San Francisco,USA,ship-walmart-ecomm@example.com,(415) 555-2906,,,,,,,,,,,,,,,,,,,3,2026-03-03,CORA-01-BLK-10,,,CROSS FRONT SANDAL,,,EA,,,,,,,,3,0,,3,,10.75,10.75,32.25,32.25,0.00,,32.25,FALSE,TRUE,FALSE,FALSE,,,,,,,,,,,,,,,,,,
SO2026-000045,1,0,2026-03-01,2026-03-01,2026-03-31,2026-03-01,,,,,Mirakl-Kohls,Mirakl Kohls,,30,USD,89.00,89.00,102.28,89.00,0.00,0,0.00,0,0.00,13.28,0.00,,,,,102.28,,0.00,,,,,,,,,,,,,,,,,,,,,,,10013,10576,10013-2026-000045,,,,,,,,,Mirakl Kohls Shipping,Jamie Clark,Asha Ives,Mirakl Kohls Network,214 Silver Creek Rd,Dock 14,Partner ship location,San Jose,CA,95115,Santa Clara,USA,ship-mirakl-kohls@example.com,(408) 555-2306,,,,,,,,,,,,,,,,,,,1,2026-03-01,FD9801506P-BLACKBROWN-3X-STD,809666394986,,Natalia Leopard Print Button-up Wrap Dress,,,EA,,,,,,,,1,0,,1,,49.00,49.00,49.00,49.00,0.00,,49.00,FALSE,TRUE,FALSE,FALSE,,,,,,,,,,,,,,,,,,
SO2026-000045,1,0,2026-03-01,2026-03-01,2026-03-31,2026-03-01,,,,,Mirakl-Kohls,Mirakl Kohls,,30,USD,89.00,89.00,102.28,89.00,0.00,0,0.00,0,0.00,13.28,0.00,,,,,102.28,,0.00,,,,,,,,,,,,,,,,,,,,,,,10013,10576,10013-2026-000045,,,,,,,,,Mirakl Kohls Shipping,Jamie Clark,Asha Ives,Mirakl Kohls Network,214 Silver Creek Rd,Dock 14,Partner ship location,San Jose,CA,95115,Santa Clara,USA,ship-mirakl-kohls@example.com,(408) 555-2306,,,,,,,,,,,,,,,,,,,2,2026-03-01,AUSTIN-06-BLUSH-5.5,,,SNEAKER,,,EA,,,,,,,,4,0,,4,,10.00,10.00,40.00,40.00,0.00,,40.00,FALSE,TRUE,FALSE,FALSE,,,,,,,,,,,,,,,,,,
SO2026-000046,1,0,2026-03-02,2026-03-06,2026-04-01,2026-03-02,,,,,eBay,eBay,,30,USD,246.00,246.00,247.64,246.00,0.00,0,0.00,0,0.00,1.64,0.00,,,,,247.64,,0.00,,,,,,,,,,,,,,,,,,,,,,,10004,10570,10004-2026-000046,,,,,,,,,eBay Shipping,Morgan Lee,Quentin Hale,eBay Commerce,204 Fulfillment Ave,Dock 4,Standard ship location,San Jose,CA,95111,Santa Clara,USA,ship-ebay@example.com,(408) 555-1306,,,,,,,,,,,,,,,,,,,1,2026-03-02,FA16023WV-MIDNIGHTBLUE-M-STD,809666795721,,Olivia Woven GGT Midnight Blue Kimono Wrap Maxi Dress,,,EA,,,,,,,,3,0,,3,,39.00,39.00,117.00,117.00,0.00,,117.00,FALSE,TRUE,FALSE,FALSE,,,,,,,,,,,,,,,,,,
SO2026-000046,1,0,2026-03-02,2026-03-06,2026-04-01,2026-03-02,,,,,eBay,eBay,,30,USD,246.00,246.00,247.64,246.00,0.00,0,0.00,0,0.00,1.64,0.00,,,,,247.64,,0.00,,,,,,,,,,,,,,,,,,,,,,,10004,10570,10004-2026-000046,,,,,,,,,eBay Shipping,Morgan Lee,Quentin Hale,eBay Commerce,204 Fulfillment Ave,Dock 4,Standard ship location,San Jose,CA,95111,Santa Clara,USA,ship-ebay@example.com,(408) 555-1306,,,,,,,,,,,,,,,,,,,2,2026-03-02,CORA-01-YLW-A12,,,CROSS FRONT SANDAL,,,EA,,,,,,,,1,0,,1,,129.00,129.00,129.00,129.00,0.00,,129.00,FALSE,TRUE,FALSE,FALSE,,,,,,,,,,,,,,,,,,
SO2026-000047,1,0,2026-03-01,2026-03-03,2026-03-31,2026-03-02,,,,,Etsy-LS,Etsy LS,,30,USD,98.75,98.75,98.75,98.75,0.00,0,0.00,0,0.00,0.00,0.00,,,,,98.75,,0.00,,,,,,,,,,,,,,,,,,,,,,,10008,10571,10008-2026-000047,,,,,,,,,Etsy LS Shipping,Alex Reed,Rhea Moss,Etsy LS Marketplace,205 Mission St,Dock 5,Marketplace ship location,San Francisco,CA,94103,San Francisco,USA,ship-etsy-ls@example.com,(415) 555-1406,,,,,,,,,,,,,,,,,,,1,2026-03-01,AVIANA-06-WHITE-9,,,FUR SLIPPER,,,EA,,,,,,,,2,0,,2,,16.25,16.25,32.50,32.50,0.00,,32.50,FALSE,TRUE,FALSE,FALSE,,,,,,,,,,,,,,,,,,
SO2026-000047,1,0,2026-03-01,2026-03-03,2026-03-31,2026-03-02,,,,,Etsy-LS,Etsy LS,,30,USD,98.75,98.75,98.75,98.75,0.00,0,0.00,0,0.00,0.00,0.00,,,,,98.75,,0.00,,,,,,,,,,,,,,,,,,,,,,,10008,10571,10008-2026-000047,,,,,,,,,Etsy LS Shipping,Alex Reed,Rhea Moss,Etsy LS Marketplace,205 Mission St,Dock 5,Marketplace ship location,San Francisco,CA,94103,San Francisco,USA,ship-etsy-ls@example.com,(415) 555-1406,,,,,,,,,,,,,,,,,,,2,2026-03-01,ADELINE-03-BLACK-10,,,BUCKLE FRONT FLAT SANDALS,,,EA,,,,,,,,3,0,,3,,18.50,18.50,55.50,55.50,0.00,,55.50,FALSE,TRUE,FALSE,FALSE,,,,,,,,,,,,,,,,,,
SO2026-000047,1,0,2026-03-01,2026-03-03,2026-03-31,2026-03-02,,,,,Etsy-LS,Etsy LS,,30,USD,98.75,98.75,98.75,98.75,0.00,0,0.00,0,0.00,0.00,0.00,,,,,98.75,,0.00,,,,,,,,,,,,,,,,,,,,,,,10008,10571,10008-2026-000047,,,,,,,,,Etsy LS Shipping,Alex Reed,Rhea Moss,Etsy LS Marketplace,205 Mission St,Dock 5,Marketplace ship location,San Francisco,CA,94103,San Francisco,USA,ship-etsy-ls@example.com,(415) 555-1406,,,,,,,,,,,,,,,,,,,3,2026-03-01,CORA-01-CAME-7,,,CROSS FRONT SANDAL,,,EA,,,,,,,,1,0,,1,,10.75,10.75,10.75,10.75,0.00,,10.75,FALSE,TRUE,FALSE,FALSE,,,,,,,,,,,,,,,,,,
SO2026-000048,1,0,2026-03-01,2026-03-03,2026-03-31,2026-03-03,,,,,Etsy-VS,Etsy VS,,30,USD,129.00,129.00,135.18,129.00,0.00,0,0.00,0,0.00,6.18,0.00,,,,,135.18,,0.00,,,,,,,,,,,,,,,,,,,,,,,10008,10572,10008-2026-000048,,,,,,,,,Etsy VS Shipping,Jamie Clark,Soren Vale,Etsy VS Marketplace,206 Pacific Hwy,Dock 6,Seasonal ship location,Los Angeles,CA,90004,Los Angeles,USA,ship-etsy-vs@example.com,(213) 555-1506,,,,,,,,,,,,,,,,,,,1,2026-03-01,CORA-01-YLW-B12,,,CROSS FRONT SANDAL,,,EA,,,,,,,,1,0,,1,,129.00,129.00,129.00,129.00,0.00,,129.00,FALSE,TRUE,FALSE,FALSE,,,,,,,,,,,,,,,,,,
SO2026-000049,1,0,2026-03-03,2026-03-05,2026-04-02,2026-03-05,,,,,Walmart-eComm,Walmart eComm,,30,USD,127.25,127.25,130.40,127.25,0.00,0,0.00,0,0.00,3.15,0.00,,,,,130.40,,0.00,,,,,,,,,,,,,,,,,,,,,,,10002,10566,10002-2026-000049,,,,,,,,,Walmart eComm Shipping,Morgan Lee,Gavin Orr,Walmart eComm Retail,220 Townsend St,Dock 20,National ship location,San Francisco,CA,94109,San Francisco,USA,ship-walmart-ecomm@example.com,(415) 555-2906,,,,,,,,,,,,,,,,,,,1,2026-03-03,AVIANA-06-PINK-7,,,FUR SLIPPER,,,EA,,,,,,,,4,0,,4,,16.25,16.25,65.00,65.00,0.00,,65.00,FALSE,TRUE,FALSE,FALSE,,,,,,,,,,,,,,,,,,
SO2026-000049,1,0,2026-03-03,2026-03-05,2026-04-02,2026-03-05,,,,,Walmart-eComm,Walmart eComm,,30,USD,127.25,127.25,130.40,127.25,0.00,0,0.00,0,0.00,3.15,0.00,,,,,130.40,,0.00,,,,,,,,,,,,,,,,,,,,,,,10002,10566,10002-2026-000049,,,,,,,,,Walmart eComm Shipping,Morgan Lee,Gavin Orr,Walmart eComm Retail,220 Townsend St,Dock 20,National ship location,San Francisco,CA,94109,San Francisco,USA,ship-walmart-ecomm@example.com,(415) 555-2906,,,,,,,,,,,,,,,,,,,2,2026-03-03,ASTRID-01-BLUSH-9.5,,,SLIP ON SNEAKER,,,EA,,,,,,,,3,0,,3,,20.75,20.75,62.25,62.25,0.00,,62.25,FALSE,TRUE,FALSE,FALSE,,,,,,,,,,,,,,,,,,
SO2026-000050,1,0,2026-03-03,2026-03-03,2026-04-02,2026-03-03,,,,,Etsy-LS,Etsy LS,,30,USD,48.75,48.75,61.99,48.75,0.00,0,0.00,0,0.00,13.24,0.00,,,,,61.99,,0.00,,,,,,,,,,,,,,,,,,,,,,,10008,10571,10008-2026-000050,,,,,,,,,Etsy LS Shipping,Alex Reed,Rhea Moss,Etsy LS Marketplace,205 Mission St,Dock 5,Marketplace ship location,San Francisco,CA,94103,San Francisco,USA,ship-etsy-ls@example.com,(415) 555-1406,,,,,,,,,,,,,,,,,,,1,2026-03-03,AVIANA-06-BLACK-11,,,FUR SLIPPER,,,EA,,,,,,,,3,0,,3,,16.25,16.25,48.75,48.75,0.00,,48.75,FALSE,TRUE,FALSE,FALSE,,,,,,,,,,,,,,,,,,
SO2026-000051,1,0,2026-03-01,2026-03-01,2026-03-31,2026-03-01,,,,,Shopify,Shopify,,30,USD,62.25,62.25,71.14,62.25,0.00,0,0.00,0,0.00,8.89,0.00,,,,,71.14,,0.00,,,,,,,,,,,,,,,,,,,,,,,20001,10580,20001-2026-000051,,,,,,,,,Shopify Shipping,Alex Reed,Dario Lowe,Shopify Commerce,217 Barranca Pkwy,Dock 17,Commerce ship location,Irvine,CA,92609,Orange,USA,ship-shopify@example.com,(949) 555-2606,,,,,,,,,,,,,,,,,,,1,2026-03-01,ASTRID-01-BLUSH-6,,,SLIP ON SNEAKER,,,EA,,,,,,,,3,0,,3,,20.75,20.75,62.25,62.25,0.00,,62.25,FALSE,TRUE,FALSE,FALSE,,,,,,,,,,,,,,,,,,
SO2026-000052,1,0,2026-03-01,2026-03-03,2026-03-31,2026-03-02,,,,,Magento,Magento,,30,USD,80.00,80.00,82.59,80.00,0.00,0,0.00,0,0.00,2.59,0.00,,,,,82.59,,0.00,,,,,,,,,,,,,,,,,,,,,,,20003,10581,20003-2026-000052,,,,,,,,,Magento Shipping,Morgan Lee,Cora Knox,Magento Platform,216 Century Blvd,Dock 16,Platform ship location,Los Angeles,CA,90008,Los Angeles,USA,ship-magento@example.com,(213) 555-2506,,,,,,,,,,,,,,,,,,,1,2026-03-01,ADELINE-03-BLACK-9,,,BUCKLE FRONT FLAT SANDALS,,,EA,,,,,,,,1,0,,1,,18.50,18.50,18.50,18.50,0.00,,18.50,FALSE,TRUE,FALSE,FALSE,,,,,,,,,,,,,,,,,,
SO2026-000052,1,0,2026-03-01,2026-03-03,2026-03-31,2026-03-02,,,,,Magento,Magento,,30,USD,80.00,80.00,82.59,80.00,0.00,0,0.00,0,0.00,2.59,0.00,,,,,82.59,,0.00,,,,,,,,,,,,,,,,,,,,,,,20003,10581,20003-2026-000052,,,,,,,,,Magento Shipping,Morgan Lee,Cora Knox,Magento Platform,216 Century Blvd,Dock 16,Platform ship location,Los Angeles,CA,90008,Los Angeles,USA,ship-magento@example.com,(213) 555-2506,,,,,,,,,,,,,,,,,,,2,2026-03-01,AUSTIN-06-NUDE-11,,,SNEAKER,,,EA,,,,,,,,4,0,,4,,10.00,10.00,40.00,40.00,0.00,,40.00,FALSE,TRUE,FALSE,FALSE,,,,,,,,,,,,,,,,,,
SO2026-000052,1,0,2026-03-01,2026-03-03,2026-03-31,2026-03-02,,,,,Magento,Magento,,30,USD,80.00,80.00,82.59,80.00,0.00,0,0.00,0,0.00,2.59,0.00,,,,,82.59,,0.00,,,,,,,,,,,,,,,,,,,,,,,20003,10581,20003-2026-000052,,,,,,,,,Magento Shipping,Morgan Lee,Cora Knox,Magento Platform,216 Century Blvd,Dock 16,Platform ship location,Los Angeles,CA,90008,Los Angeles,USA,ship-magento@example.com,(213) 555-2506,,,,,,,,,,,,,,,,,,,3,2026-03-01,CORA-01-TAUP-10,,,CROSS FRONT SANDAL,,,EA,,,,,,,,2,0,,2,,10.75,10.75,21.50,21.50,0.00,,21.50,FALSE,TRUE,FALSE,FALSE,,,,,,,,,,,,,,,,,,
SO2026-000053,1,0,2026-03-01,2026-03-06,2026-03-31,2026-03-01,,,,,AMZ-eCom,AMZ eCom,,30,USD,98.00,98.00,109.19,98.00,0.00,0,0.00,0,0.00,11.19,0.00,,,,,109.19,,0.00,,,,,,,,,,,,,,,,,,,,,,,10001,10565,10001-2026-000053,,,,,,,,,AMZ eCom Shipping,Alex Reed,Nora Lane,AMZ eCom Retail,201 Harbor Ave,Dock 1,Main ship location,Los Angeles,CA,90002,Los Angeles,USA,ship-amz-ecom@example.com,(213) 555-1006,,,,,,,,,,,,,,,,,,,1,2026-03-01,FD9801506P-GINGER-1X-STD,809666395341,,Natalia Solid Button-Up Wrap Lantern Sleeve Dress,,,EA,,,,,,,,2,0,,2,,49.00,49.00,98.00,98.00,0.00,,98.00,FALSE,TRUE,FALSE,FALSE,,,,,,,,,,,,,,,,,,
SO2026-000054,1,0,2026-03-02,2026-03-03,2026-04-01,2026-03-03,,,,,Squarespace,Squarespace,,30,USD,80.25,80.25,88.34,80.25,0.00,0,0.00,0,0.00,8.09,0.00,,,,,88.34,,0.00,,,,,,,,,,,,,,,,,,,,,,,20006,10582,20006-2026-000054,,,,,,,,,Squarespace Shipping,Jamie Clark,Elin Marsh,Squarespace Digital,218 Camino Del Rio,Dock 18,Digital ship location,San Diego,CA,92108,San Diego,USA,ship-squarespace@example.com,(619) 555-2706,,,,,,,,,,,,,,,,,,,1,2026-03-02,CORA-01-LEOP-12,,,CROSS FRONT SANDAL,,,EA,,,,,,,,2,0,,2,,10.75,10.75,21.50,21.50,0.00,,21.50,FALSE,TRUE,FALSE,FALSE,,,,,,,,,,,,,,,,,,
SO2026-000054,1,0,2026-03-02,2026-03-03,2026-04-01,2026-03-03,,,,,Squarespace,Squarespace,,30,USD,80.25,80.25,88.34,80.25,0.00,0,0.00,0,0.00,8.09,0.00,,,,,88.34,,0.00,,,,,,,,,,,,,,,,,,,,,,,20006,10582,20006-2026-000054,,,,,,,,,Squarespace Shipping,Jamie Clark,Elin Marsh,Squarespace Digital,218 Camino Del Rio,Dock 18,Digital ship location,San Diego,CA,92108,San Diego,USA,ship-squarespace@example.com,(619) 555-2706,,,,,,,,,,,,,,,,,,,2,2026-03-02,CORA-01-YLW-9,,,CROSS FRONT SANDAL,,,EA,,,,,,,,1,0,,1,,10.75,10.75,10.75,10.75,0.00,,10.75,FALSE,TRUE,FALSE,FALSE,,,,,,,,,,,,,,,,,,
SO2026-000054,1,0,2026-03-02,2026-03-03,2026-04-01,2026-03-03,,,,,Squarespace,Squarespace,,30,USD,80.25,80.25,88.34,80.25,0.00,0,0.00,0,0.00,8.09,0.00,,,,,88.34,,0.00,,,,,,,,,,,,,,,,,,,,,,,20006,10582,20006-2026-000054,,,,,,,,,Squarespace Shipping,Jamie Clark,Elin Marsh,Squarespace Digital,218 Camino Del Rio,Dock 18,Digital ship location,San Diego,CA,92108,San Diego,USA,ship-squarespace@example.com,(619) 555-2706,,,,,,,,,,,,,,,,,,,3,2026-03-02,173451-1183CITIZEN-3-STD,809666377873,,Susan Stretch Denim Skinny Jeans Medium Blue 5 Pocket Wash,,,EA,,,,,,,,2,0,,2,,24.00,24.00,48.00,48.00,0.00,,48.00,FALSE,TRUE,FALSE,FALSE,,,,,,,,,,,,,,,,,,
SO2026-000055,1,0,2026-03-01,2026-03-02,2026-03-31,2026-03-01,,,,,Veeqo-Amazon,Veeqo Amazon,,30,USD,45.25,45.25,55.18,45.25,0.00,0,0.00,0,0.00,9.93,0.00,,,,,55.18,,0.00,,,,,,,,,,,,,,,,,,,,,,,10016,10579,10016-2026-000055,,,,,,,,,Veeqo Amazon Shipping,Jamie Clark,Owen Pike,Veeqo Amazon Retail,202 Distribution Way,Dock 2,Regional ship location,Irvine,CA,92603,Orange,USA,ship-veeqo-amazon@example.com,(949) 555-1106,,,,,,,,,,,,,,,,,,,1,2026-03-01,CORA-01-TAUP-8,,,CROSS FRONT SANDAL,,,EA,,,,,,,,1,0,,1,,10.75,10.75,10.75,10.75,0.00,,10.75,FALSE,TRUE,FALSE,FALSE,,,,,,,,,,,,,,,,,,
SO2026-000055,1,0,2026-03-01,2026-03-02,2026-03-31,2026-03-01,,,,,Veeqo-Amazon,Veeqo Amazon,,30,USD,45.25,45.25,55.18,45.25,0.00,0,0.00,0,0.00,9.93,0.00,,,,,55.18,,0.00,,,,,,,,,,,,,,,,,,,,,,,10016,10579,10016-2026-000055,,,,,,,,,Veeqo Amazon Shipping,Jamie Clark,Owen Pike,Veeqo Amazon Retail,202 Distribution Way,Dock 2,Regional ship location,Irvine,CA,92603,Orange,USA,ship-veeqo-amazon@example.com,(949) 555-1106,,,,,,,,,,,,,,,,,,,2,2026-03-01,ADELINE-02-PINK-12,,,WOVEN SLIDE SANDAL,,,EA,,,,,,,,3,0,,3,,11.50,11.50,34.50,34.50,0.00,,34.50,FALSE,TRUE,FALSE,FALSE,,,,,,,,,,,,,,,,,,
SO2026-000056,1,0,2026-03-04,2026-03-09,2026-04-03,2026-03-06,,,,,Shopify,Shopify,,30,USD,136.25,136.25,136.25,136.25,0.00,0,0.00,0,0.00,0.00,0.00,,,,,136.25,,0.00,,,,,,,,,,,,,,,,,,,,,,,20001,10580,20001-2026-000056,,,,,,,,,Shopify Shipping,Alex Reed,Dario Lowe,Shopify Commerce,217 Barranca Pkwy,Dock 17,Commerce ship location,Irvine,CA,92609,Orange,USA,ship-shopify@example.com,(949) 555-2606,,,,,,,,,,,,,,,,,,,1,2026-03-04,ADELINE-03-GOLD-8.5,,,BUCKLE FRONT FLAT SANDALS,,,EA,,,,,,,,4,0,,4,,18.50,18.50,74.00,74.00,0.00,,74.00,FALSE,TRUE,FALSE,FALSE,,,,,,,,,,,,,,,,,,
SO2026-000056,1,0,2026-03-04,2026-03-09,2026-04-03,2026-03-06,,,,,Shopify,Shopify,,30,USD,136.25,136.25,136.25,136.25,0.00,0,0.00,0,0.00,0.00,0.00,,,,,136.25,,0.00,,,,,,,,,,,,,,,,,,,,,,,20001,10580,20001-2026-000056,,,,,,,,,Shopify Shipping,Alex Reed,Dario Lowe,Shopify Commerce,217 Barranca Pkwy,Dock 17,Commerce ship location,Irvine,CA,92609,Orange,USA,ship-shopify@example.com,(949) 555-2606,,,,,,,,,,,,,,,,,,,2,2026-03-04,ASTRID-01-BLACK-5.5,,,SLIP ON SNEAKER,,,EA,,,,,,,,3,0,,3,,20.75,20.75,62.25,62.25,0.00,,62.25,FALSE,TRUE,FALSE,FALSE,,,,,,,,,,,,,,,,,,
SO2026-000057,1,0,2026-03-01,2026-03-01,2026-03-31,2026-03-02,,,,,Etsy-VS,Etsy VS,,30,USD,143.50,143.50,143.50,143.50,0.00,0,0.00,0,0.00,0.00,0.00,,,,,143.50,,0.00,,,,,,,,,,,,,,,,,,,,,,,10008,10572,10008-2026-000057,,,,,,,,,Etsy VS Shipping,Jamie Clark,Soren Vale,Etsy VS Marketplace,206 Pacific Hwy,Dock 6,Seasonal ship location,Los Angeles,CA,90004,Los Angeles,USA,ship-etsy-vs@example.com,(213) 555-1506,,,,,,,,,,,,,,,,,,,1,2026-03-01,ASTRID-01-BLUSH-9,,,SLIP ON SNEAKER,,,EA,,,,,,,,2,0,,2,,20.75,20.75,41.50,41.50,0.00,,41.50,FALSE,TRUE,FALSE,FALSE,,,,,,,,,,,,,,,,,,
SO2026-000057,1,0,2026-03-01,2026-03-01,2026-03-31,2026-03-02,,,,,Etsy-VS,Etsy VS,,30,USD,143.50,143.50,143.50,143.50,0.00,0,0.00,0,0.00,0.00,0.00,,,,,143.50,,0.00,,,,,,,,,,,,,,,,,,,,,,,10008,10572,10008-2026-000057,,,,,,,,,Etsy VS Shipping,Jamie Clark,Soren Vale,Etsy VS Marketplace,206 Pacific Hwy,Dock 6,Seasonal ship location,Los Angeles,CA,90004,Los Angeles,USA,ship-etsy-vs@example.com,(213) 555-1506,,,,,,,,,,,,,,,,,,,2,2026-03-01,F13031C-1742VNTGST-28-STD,809666255089,,Cayden Vintage Beujolias Corduroy Skinny Jeans,,,EA,,,,,,,,3,0,,3,,34.00,34.00,102.00,102.00,0.00,,102.00,FALSE,TRUE,FALSE,FALSE,,,,,,,,,,,,,,,,,,
SO2026-000058,1,0,2026-03-02,2026-03-03,2026-04-01,2026-03-04,,,,,Shopify,Shopify,,30,USD,328.00,328.00,344.48,328.00,0.00,0,0.00,0,0.00,16.48,0.00,,,,,344.48,,0.00,,,,,,,,,,,,,,,,,,,,,,,20001,10580,20001-2026-000058,,,,,,,,,Shopify Shipping,Alex Reed,Dario Lowe,Shopify Commerce,217 Barranca Pkwy,Dock 17,Commerce ship location,Irvine,CA,92609,Orange,USA,ship-shopify@example.com,(949) 555-2606,,,,,,,,,,,,,,,,,,,1,2026-03-02,CAMILA-06-LILAC-B12,,,COSS FRONT SLIP ON SLIDES,,,EA,,,,,,,,3,0,,3,,96.00,96.00,288.00,288.00,0.00,,288.00,FALSE,TRUE,FALSE,FALSE,,,,,,,,,,,,,,,,,,
SO2026-000058,1,0,2026-03-02,2026-03-03,2026-04-01,2026-03-04,,,,,Shopify,Shopify,,30,USD,328.00,328.00,344.48,328.00,0.00,0,0.00,0,0.00,16.48,0.00,,,,,344.48,,0.00,,,,,,,,,,,,,,,,,,,,,,,20001,10580,20001-2026-000058,,,,,,,,,Shopify Shipping,Alex Reed,Dario Lowe,Shopify Commerce,217 Barranca Pkwy,Dock 17,Commerce ship location,Irvine,CA,92609,Orange,USA,ship-shopify@example.com,(949) 555-2606,,,,,,,,,,,,,,,,,,,2,2026-03-02,AUSTIN-06-BLUSH-9,,,SNEAKER,,,EA,,,,,,,,4,0,,4,,10.00,10.00,40.00,40.00,0.00,,40.00,FALSE,TRUE,FALSE,FALSE,,,,,,,,,,,,,,,,,,
SO2026-000059,1,0,2026-03-03,2026-03-04,2026-04-02,2026-03-04,,,,,Squarespace,Squarespace,,30,USD,115.00,115.00,125.13,115.00,0.00,0,0.00,0,0.00,10.13,0.00,,,,,125.13,,0.00,,,,,,,,,,,,,,,,,,,,,,,20006,10582,20006-2026-000059,,,,,,,,,Squarespace Shipping,Jamie Clark,Elin Marsh,Squarespace Digital,218 Camino Del Rio,Dock 18,Digital ship location,San Diego,CA,92108,San Diego,USA,ship-squarespace@example.com,(619) 555-2706,,,,,,,,,,,,,,,,,,,1,2026-03-03,FA16023WV-SMOKEYROSE-XS-STD,809666796032,,Olivia Gray Floral Print Kimono Chiffon Wrap Maxi Dress,,,EA,,,,,,,,2,0,,2,,39.00,39.00,78.00,78.00,0.00,,78.00,FALSE,TRUE,FALSE,FALSE,,,,,,,,,,,,,,,,,,
SO2026-000059,1,0,2026-03-03,2026-03-04,2026-04-02,2026-03-04,,,,,Squarespace,Squarespace,,30,USD,115.00,115.00,125.13,115.00,0.00,0,0.00,0,0.00,10.13,0.00,,,,,125.13,,0.00,,,,,,,,,,,,,,,,,,,,,,,20006,10582,20006-2026-000059,,,,,,,,,Squarespace Shipping,Jamie Clark,Elin Marsh,Squarespace Digital,218 Camino Del Rio,Dock 18,Digital ship location,San Diego,CA,92108,San Diego,USA,ship-squarespace@example.com,(619) 555-2706,,,,,,,,,,,,,,,,,,,2,2026-03-03,ADELINE-03-BLUE-7.5,,,BUCKLE FRONT FLAT SANDALS,,,EA,,,,,,,,2,0,,2,,18.50,18.50,37.00,37.00,0.00,,37.00,FALSE,TRUE,FALSE,FALSE,,,,,,,,,,,,,,,,,,
SO2026-000060,1,0,2026-03-01,2026-03-04,2026-03-31,2026-03-02,,,,,Shopify,Shopify,,30,USD,43.00,43.00,58.47,43.00,0.00,0,0.00,0,0.00,15.47,0.00,,,,,58.47,,0.00,,,,,,,,,,,,,,,,,,,,,,,20001,10580,20001-2026-000060,,,,,,,,,Shopify Shipping,Alex Reed,Dario Lowe,Shopify Commerce,217 Barranca Pkwy,Dock 17,Commerce ship location,Irvine,CA,92609,Orange,USA,ship-shopify@example.com,(949) 555-2606,,,,,,,,,,,,,,,,,,,1,2026-03-01,CORA-01-BLK-8,,,CROSS FRONT SANDAL,,,EA,,,,,,,,4,0,,4,,10.75,10.75,43.00,43.00,0.00,,43.00,FALSE,TRUE,FALSE,FALSE,,,,,,,,,,,,,,,,,,
SO2026-000061,1,0,2026-03-04,2026-03-04,2026-04-03,2026-03-06,,,,,Shopify,Shopify,,30,USD,158.25,158.25,158.37,158.25,0.00,0,0.00,0,0.00,0.12,0.00,,,,,158.37,,0.00,,,,,,,,,,,,,,,,,,,,,,,20001,10580,20001-2026-000061,,,,,,,,,Shopify Shipping,Alex Reed,Dario Lowe,Shopify Commerce,217 Barranca Pkwy,Dock 17,Commerce ship location,Irvine,CA,92609,Orange,USA,ship-shopify@example.com,(949) 555-2606,,,,,,,,,,,,,,,,,,,1,2026-03-04,ASTRID-01-BLACK-7,,,SLIP ON SNEAKER,,,EA,,,,,,,,3,0,,3,,20.75,20.75,62.25,62.25,0.00,,62.25,FALSE,TRUE,FALSE,FALSE,,,,,,,,,,,,,,,,,,
SO2026-000061,1,0,2026-03-04,2026-03-04,2026-04-03,2026-03-06,,,,,Shopify,Shopify,,30,USD,158.25,158.25,158.37,158.25,0.00,0,0.00,0,0.00,0.12,0.00,,,,,158.37,,0.00,,,,,,,,,,,,,,,,,,,,,,,20001,10580,20001-2026-000061,,,,,,,,,Shopify Shipping,Alex Reed,Dario Lowe,Shopify Commerce,217 Barranca Pkwy,Dock 17,Commerce ship location,Irvine,CA,92609,Orange,USA,ship-shopify@example.com,(949) 555-2606,,,,,,,,,,,,,,,,,,,2,2026-03-04,CAMILA-06-NUDE-S,,,COSS FRONT SLIP ON SLIDES,,,EA,,,,,,,,1,0,,1,,96.00,96.00,96.00,96.00,0.00,,96.00,FALSE,TRUE,FALSE,FALSE,,,,,,,,,,,,,,,,,,
SO2026-000062,1,0,2026-03-02,2026-03-05,2026-04-01,2026-03-02,,,,,JCPenney,JCPenney,,30,USD,178.00,178.00,178.00,178.00,0.00,0,0.00,0,0.00,0.00,0.00,,,,,178.00,,0.00,,,,,,,,,,,,,,,,,,,,,,,30007,10575,30007-2026-000062,,,,,,,,,JCPenney Shipping,Alex Reed,Zane Holt,JCPenney Stores,213 Gateway Rd,Dock 13,Retail ship location,San Diego,CA,92106,San Diego,USA,ship-jcpenney@example.com,(619) 555-2206,,,,,,,,,,,,,,,,,,,1,2026-03-02,CAMILA-06-TAUPE-9.5,,,COSS FRONT SLIP ON SLIDES,,,EA,,,,,,,,1,0,,1,,8.00,8.00,8.00,8.00,0.00,,8.00,FALSE,TRUE,FALSE,FALSE,,,,,,,,,,,,,,,,,,
SO2026-000062,1,0,2026-03-02,2026-03-05,2026-04-01,2026-03-02,,,,,JCPenney,JCPenney,,30,USD,178.00,178.00,178.00,178.00,0.00,0,0.00,0,0.00,0.00,0.00,,,,,178.00,,0.00,,,,,,,,,,,,,,,,,,,,,,,30007,10575,30007-2026-000062,,,,,,,,,JCPenney Shipping,Alex Reed,Zane Holt,JCPenney Stores,213 Gateway Rd,Dock 13,Retail ship location,San Diego,CA,92106,San Diego,USA,ship-jcpenney@example.com,(619) 555-2206,,,,,,,,,,,,,,,,,,,2,2026-03-02,FA13512DM-1847DPOCN-30-30,809666864939,,Angie Stud Bling Pocket Low Rise Skinny Jeans,,,EA,,,,,,,,2,0,,2,,34.00,34.00,68.00,68.00,0.00,,68.00,FALSE,TRUE,FALSE,FALSE,,,,,,,,,,,,,,,,,,
SO2026-000062,1,0,2026-03-02,2026-03-05,2026-04-01,2026-03-02,,,,,JCPenney,JCPenney,,30,USD,178.00,178.00,178.00,178.00,0.00,0,0.00,0,0.00,0.00,0.00,,,,,178.00,,0.00,,,,,,,,,,,,,,,,,,,,,,,30007,10575,30007-2026-000062,,,,,,,,,JCPenney Shipping,Alex Reed,Zane Holt,JCPenney Stores,213 Gateway Rd,Dock 13,Retail ship location,San Diego,CA,92106,San Diego,USA,ship-jcpenney@example.com,(619) 555-2206,,,,,,,,,,,,,,,,,,,3,2026-03-02,F13031C-1742VNTGBJ-31-STD,809666254846,,Cayden Vintage Beujolias Corduroy Skinny Jeans,,,EA,,,,,,,,3,0,,3,,34.00,34.00,102.00,102.00,0.00,,102.00,FALSE,TRUE,FALSE,FALSE,,,,,,,,,,,,,,,,,,
SO2026-000063,1,0,2026-03-02,2026-03-02,2026-04-01,2026-03-03,,,,,Macys,Macys,,30,USD,417.75,417.75,432.37,417.75,0.00,0,0.00,0,0.00,14.62,0.00,,,,,432.37,,0.00,,,,,,,,,,,,,,,,,,,,,,,30005,10574,30005-2026-000063,,,,,,,,,Macys Shipping,Taylor Kim,Blake Jett,Macys Stores,215 King St,Dock 15,Department ship location,San Francisco,CA,94107,San Francisco,USA,ship-macys@example.com,(415) 555-2406,,,,,,,,,,,,,,,,,,,1,2026-03-02,AUSTIN-06-NUDE-9,,,SNEAKER,,,EA,,,,,,,,2,0,,2,,10.00,10.00,20.00,20.00,0.00,,20.00,FALSE,TRUE,FALSE,FALSE,,,,,,,,,,,,,,,,,,
SO2026-000063,1,0,2026-03-02,2026-03-02,2026-04-01,2026-03-03,,,,,Macys,Macys,,30,USD,417.75,417.75,432.37,417.75,0.00,0,0.00,0,0.00,14.62,0.00,,,,,432.37,,0.00,,,,,,,,,,,,,,,,,,,,,,,30005,10574,30005-2026-000063,,,,,,,,,Macys Shipping,Taylor Kim,Blake Jett,Macys Stores,215 King St,Dock 15,Department ship location,San Francisco,CA,94107,San Francisco,USA,ship-macys@example.com,(415) 555-2406,,,,,,,,,,,,,,,,,,,2,2026-03-02,CORA-01-BLK-8.5,,,CROSS FRONT SANDAL,,,EA,,,,,,,,1,0,,1,,10.75,10.75,10.75,10.75,0.00,,10.75,FALSE,TRUE,FALSE,FALSE,,,,,,,,,,,,,,,,,,
SO2026-000063,1,0,2026-03-02,2026-03-02,2026-04-01,2026-03-03,,,,,Macys,Macys,,30,USD,417.75,417.75,432.37,417.75,0.00,0,0.00,0,0.00,14.62,0.00,,,,,432.37,,0.00,,,,,,,,,,,,,,,,,,,,,,,30005,10574,30005-2026-000063,,,,,,,,,Macys Shipping,Taylor Kim,Blake Jett,Macys Stores,215 King St,Dock 15,Department ship location,San Francisco,CA,94107,San Francisco,USA,ship-macys@example.com,(415) 555-2406,,,,,,,,,,,,,,,,,,,3,2026-03-02,CORA-01-CAME-B12,,,CROSS FRONT SANDAL,,,EA,,,,,,,,3,0,,3,,129.00,129.00,387.00,387.00,0.00,,387.00,FALSE,TRUE,FALSE,FALSE,,,,,,,,,,,,,,,,,,
SO2026-000064,1,0,2026-03-04,2026-03-09,2026-04-03,2026-03-05,,,,,Etsy-VS,Etsy VS,,30,USD,107.25,107.25,121.98,107.25,0.00,0,0.00,0,0.00,14.73,0.00,,,,,121.98,,0.00,,,,,,,,,,,,,,,,,,,,,,,10008,10572,10008-2026-000064,,,,,,,,,Etsy VS Shipping,Jamie Clark,Soren Vale,Etsy VS Marketplace,206 Pacific Hwy,Dock 6,Seasonal ship location,Los Angeles,CA,90004,Los Angeles,USA,ship-etsy-vs@example.com,(213) 555-1506,,,,,,,,,,,,,,,,,,,1,2026-03-04,ADELINE-02-BLACK-12,,,WOVEN SLIDE SANDAL,,,EA,,,,,,,,2,0,,2,,11.50,11.50,23.00,23.00,0.00,,23.00,FALSE,TRUE,FALSE,FALSE,,,,,,,,,,,,,,,,,,
SO2026-000064,1,0,2026-03-04,2026-03-09,2026-04-03,2026-03-05,,,,,Etsy-VS,Etsy VS,,30,USD,107.25,107.25,121.98,107.25,0.00,0,0.00,0,0.00,14.73,0.00,,,,,121.98,,0.00,,,,,,,,,,,,,,,,,,,,,,,10008,10572,10008-2026-000064,,,,,,,,,Etsy VS Shipping,Jamie Clark,Soren Vale,Etsy VS Marketplace,206 Pacific Hwy,Dock 6,Seasonal ship location,Los Angeles,CA,90004,Los Angeles,USA,ship-etsy-vs@example.com,(213) 555-1506,,,,,,,,,,,,,,,,,,,2,2026-03-04,AVIANA-06-PINK-9.5,,,FUR SLIPPER,,,EA,,,,,,,,1,0,,1,,16.25,16.25,16.25,16.25,0.00,,16.25,FALSE,TRUE,FALSE,FALSE,,,,,,,,,,,,,,,,,,
SO2026-000064,1,0,2026-03-04,2026-03-09,2026-04-03,2026-03-05,,,,,Etsy-VS,Etsy VS,,30,USD,107.25,107.25,121.98,107.25,0.00,0,0.00,0,0.00,14.73,0.00,,,,,121.98,,0.00,,,,,,,,,,,,,,,,,,,,,,,10008,10572,10008-2026-000064,,,,,,,,,Etsy VS Shipping,Jamie Clark,Soren Vale,Etsy VS Marketplace,206 Pacific Hwy,Dock 6,Seasonal ship location,Los Angeles,CA,90004,Los Angeles,USA,ship-etsy-vs@example.com,(213) 555-1506,,,,,,,,,,,,,,,,,,,3,2026-03-04,FA13501DM-RINSEWSFT-27-32,809666858457,,Maya Basic Dark Handsand Wash Midrise Skinny Jeans,,,EA,,,,,,,,2,0,,2,,34.00,34.00,68.00,68.00,0.00,,68.00,FALSE,TRUE,FALSE,FALSE,,,,,,,,,,,,,,,,,,
SO2026-000065,1,0,2026-03-03,2026-03-03,2026-04-02,2026-03-04,,,,,eBay,eBay,,30,USD,34.50,34.50,46.58,34.50,0.00,0,0.00,0,0.00,12.08,0.00,,,,,46.58,,0.00,,,,,,,,,,,,,,,,,,,,,,,10004,10570,10004-2026-000065,,,,,,,,,eBay Shipping,Morgan Lee,Quentin Hale,eBay Commerce,204 Fulfillment Ave,Dock 4,Standard ship location,San Jose,CA,95111,Santa Clara,USA,ship-ebay@example.com,(408) 555-1306,,,,,,,,,,,,,,,,,,,1,2026-03-03,ADELINE-02-BLACK-5,,,WOVEN SLIDE SANDAL,,,EA,,,,,,,,2,0,,2,,11.50,11.50,23.00,23.00,0.00,,23.00,FALSE,TRUE,FALSE,FALSE,,,,,,,,,,,,,,,,,,
SO2026-000065,1,0,2026-03-03,2026-03-03,2026-04-02,2026-03-04,,,,,eBay,eBay,,30,USD,34.50,34.50,46.58,34.50,0.00,0,0.00,0,0.00,12.08,0.00,,,,,46.58,,0.00,,,,,,,,,,,,,,,,,,,,,,,10004,10570,10004-2026-000065,,,,,,,,,eBay Shipping,Morgan Lee,Quentin Hale,eBay Commerce,204 Fulfillment Ave,Dock 4,Standard ship location,San Jose,CA,95111,Santa Clara,USA,ship-ebay@example.com,(408) 555-1306,,,,,,,,,,,,,,,,,,,2,2026-03-03,ADELINE-02-NUDE-11,,,WOVEN SLIDE SANDAL,,,EA,,,,,,,,1,0,,1,,11.50,11.50,11.50,11.50,0.00,,11.50,FALSE,TRUE,FALSE,FALSE,,,,,,,,,,,,,,,,,,
SO2026-000066,1,0,2026-03-02,2026-03-06,2026-04-01,2026-03-04,,,,,AMZ-eCom,AMZ eCom,,30,USD,55.50,55.50,69.18,55.50,0.00,0,0.00,0,0.00,13.68,0.00,,,,,69.18,,0.00,,,,,,,,,,,,,,,,,,,,,,,10001,10565,10001-2026-000066,,,,,,,,,AMZ eCom Shipping,Alex Reed,Nora Lane,AMZ eCom Retail,201 Harbor Ave,Dock 1,Main ship location,Los Angeles,CA,90002,Los Angeles,USA,ship-amz-ecom@example.com,(213) 555-1006,,,,,,,,,,,,,,,,,,,1,2026-03-02,AVIANA-06-PINK-8.5,,,FUR SLIPPER,,,EA,,,,,,,,2,0,,2,,16.25,16.25,32.50,32.50,0.00,,32.50,FALSE,TRUE,FALSE,FALSE,,,,,,,,,,,,,,,,,,
SO2026-000066,1,0,2026-03-02,2026-03-06,2026-04-01,2026-03-04,,,,,AMZ-eCom,AMZ eCom,,30,USD,55.50,55.50,69.18,55.50,0.00,0,0.00,0,0.00,13.68,0.00,,,,,69.18,,0.00,,,,,,,,,,,,,,,,,,,,,,,10001,10565,10001-2026-000066,,,,,,,,,AMZ eCom Shipping,Alex Reed,Nora Lane,AMZ eCom Retail,201 Harbor Ave,Dock 1,Main ship location,Los Angeles,CA,90002,Los Angeles,USA,ship-amz-ecom@example.com,(213) 555-1006,,,,,,,,,,,,,,,,,,,2,2026-03-02,ADELINE-02-CAMEL-5.5,,,WOVEN SLIDE SANDAL,,,EA,,,,,,,,2,0,,2,,11.50,11.50,23.00,23.00,0.00,,23.00,FALSE,TRUE,FALSE,FALSE,,,,,,,,,,,,,,,,,,
SO2026-000067,1,0,2026-03-03,2026-03-07,2026-04-02,2026-03-03,,,,,Shopify,Shopify,,30,USD,46.00,46.00,52.07,46.00,0.00,0,0.00,0,0.00,6.07,0.00,,,,,52.07,,0.00,,,,,,,,,,,,,,,,,,,,,,,20001,10580,20001-2026-000067,,,,,,,,,Shopify Shipping,Alex Reed,Dario Lowe,Shopify Commerce,217 Barranca Pkwy,Dock 17,Commerce ship location,Irvine,CA,92609,Orange,USA,ship-shopify@example.com,(949) 555-2606,,,,,,,,,,,,,,,,,,,1,2026-03-03,CAMILA-06-GREEN-10,,,COSS FRONT SLIP ON SLIDES,,,EA,,,,,,,,2,0,,2,,8.00,8.00,16.00,16.00,0.00,,16.00,FALSE,TRUE,FALSE,FALSE,,,,,,,,,,,,,,,,,,
SO2026-000067,1,0,2026-03-03,2026-03-07,2026-04-02,2026-03-03,,,,,Shopify,Shopify,,30,USD,46.00,46.00,52.07,46.00,0.00,0,0.00,0,0.00,6.07,0.00,,,,,52.07,,0.00,,,,,,,,,,,,,,,,,,,,,,,20001,10580,20001-2026-000067,,,,,,,,,Shopify Shipping,Alex Reed,Dario Lowe,Shopify Commerce,217 Barranca Pkwy,Dock 17,Commerce ship location,Irvine,CA,92609,Orange,USA,ship-shopify@example.com,(949) 555-2606,,,,,,,,,,,,,,,,,,,2,2026-03-03,AUSTIN-06-CAMEL-6,,,SNEAKER,,,EA,,,,,,,,3,0,,3,,10.00,10.00,30.00,30.00,0.00,,30.00,FALSE,TRUE,FALSE,FALSE,,,,,,,,,,,,,,,,,,
SO2026-000068,1,0,2026-03-03,2026-03-07,2026-04-02,2026-03-03,,,,,Mirakl-HudsonsB,Mirakl HudsonsB,,30,USD,312.00,312.00,312.00,312.00,0.00,0,0.00,0,0.00,0.00,0.00,,,,,312.00,,0.00,,,,,,,,,,,,,,,,,,,,,,,10005,10577,10005-2026-000068,,,,,,,,,Mirakl HudsonsB Shipping,Morgan Lee,Yara Glenn,Mirakl HudsonsB Network,212 Quail Hill Pkwy,Dock 12,Network ship location,Irvine,CA,92607,Orange,USA,ship-mirakl-hudsonsb@example.com,(949) 555-2106,,,,,,,,,,,,,,,,,,,1,2026-03-03,FA13501DM-1464KINGSC-28-32,809666852769,,Maya Basic Dark Handsand Wash Midrise Skinny Jeans,,,EA,,,,,,,,4,0,,4,,34.00,34.00,136.00,136.00,0.00,,136.00,FALSE,TRUE,FALSE,FALSE,,,,,,,,,,,,,,,,,,
SO2026-000068,1,0,2026-03-03,2026-03-07,2026-04-02,2026-03-03,,,,,Mirakl-HudsonsB,Mirakl HudsonsB,,30,USD,312.00,312.00,312.00,312.00,0.00,0,0.00,0,0.00,0.00,0.00,,,,,312.00,,0.00,,,,,,,,,,,,,,,,,,,,,,,10005,10577,10005-2026-000068,,,,,,,,,Mirakl HudsonsB Shipping,Morgan Lee,Yara Glenn,Mirakl HudsonsB Network,212 Quail Hill Pkwy,Dock 12,Network ship location,Irvine,CA,92607,Orange,USA,ship-mirakl-hudsonsb@example.com,(949) 555-2106,,,,,,,,,,,,,,,,,,,2,2026-03-03,FA13501DM-1608BLAU2,,,Maya Basic Dark Handsand Wash Midrise Skinny Jeans,,,EA,,,,,,,,3,0,,3,,34.00,34.00,102.00,102.00,0.00,,102.00,FALSE,TRUE,FALSE,FALSE,,,,,,,,,,,,,,,,,,
SO2026-000068,1,0,2026-03-03,2026-03-07,2026-04-02,2026-03-03,,,,,Mirakl-HudsonsB,Mirakl HudsonsB,,30,USD,312.00,312.00,312.00,312.00,0.00,0,0.00,0,0.00,0.00,0.00,,,,,312.00,,0.00,,,,,,,,,,,,,,,,,,,,,,,10005,10577,10005-2026-000068,,,,,,,,,Mirakl HudsonsB Shipping,Morgan Lee,Yara Glenn,Mirakl HudsonsB Network,212 Quail Hill Pkwy,Dock 12,Network ship location,Irvine,CA,92607,Orange,USA,ship-mirakl-hudsonsb@example.com,(949) 555-2106,,,,,,,,,,,,,,,,,,,3,2026-03-03,ADELINE-03-BLUE-12,,,BUCKLE FRONT FLAT SANDALS,,,EA,,,,,,,,4,0,,4,,18.50,18.50,74.00,74.00,0.00,,74.00,FALSE,TRUE,FALSE,FALSE,,,,,,,,,,,,,,,,,,
SO2026-000069,1,0,2026-03-01,2026-03-02,2026-03-31,2026-03-02,,,,,Veeqo-Amazon,Veeqo Amazon,,30,USD,129.25,129.25,130.69,129.25,0.00,0,0.00,0,0.00,1.44,0.00,,,,,130.69,,0.00,,,,,,,,,,,,,,,,,,,,,,,10016,10579,10016-2026-000069,,,,,,,,,Veeqo Amazon Shipping,Jamie Clark,Owen Pike,Veeqo Amazon Retail,202 Distribution Way,Dock 2,Regional ship location,Irvine,CA,92603,Orange,USA,ship-veeqo-amazon@example.com,(949) 555-1106,,,,,,,,,,,,,,,,,,,1,2026-03-01,ASTRID-01-BLUSH-7.5,,,SLIP ON SNEAKER,,,EA,,,,,,,,4,0,,4,,20.75,20.75,83.00,83.00,0.00,,83.00,FALSE,TRUE,FALSE,FALSE,,,,,,,,,,,,,,,,,,
SO2026-000069,1,0,2026-03-01,2026-03-02,2026-03-31,2026-03-02,,,,,Veeqo-Amazon,Veeqo Amazon,,30,USD,129.25,129.25,130.69,129.25,0.00,0,0.00,0,0.00,1.44,0.00,,,,,130.69,,0.00,,,,,,,,,,,,,,,,,,,,,,,10016,10579,10016-2026-000069,,,,,,,,,Veeqo Amazon Shipping,Jamie Clark,Owen Pike,Veeqo Amazon Retail,202 Distribution Way,Dock 2,Regional ship location,Irvine,CA,92603,Orange,USA,ship-veeqo-amazon@example.com,(949) 555-1106,,,,,,,,,,,,,,,,,,,2,2026-03-01,AUSTIN-06-BLACK-12,,,SNEAKER,,,EA,,,,,,,,3,0,,3,,10.00,10.00,30.00,30.00,0.00,,30.00,FALSE,TRUE,FALSE,FALSE,,,,,,,,,,,,,,,,,,
SO2026-000069,1,0,2026-03-01,2026-03-02,2026-03-31,2026-03-02,,,,,Veeqo-Amazon,Veeqo Amazon,,30,USD,129.25,129.25,130.69,129.25,0.00,0,0.00,0,0.00,1.44,0.00,,,,,130.69,,0.00,,,,,,,,,,,,,,,,,,,,,,,10016,10579,10016-2026-000069,,,,,,,,,Veeqo Amazon Shipping,Jamie Clark,Owen Pike,Veeqo Amazon Retail,202 Distribution Way,Dock 2,Regional ship location,Irvine,CA,92603,Orange,USA,ship-veeqo-amazon@example.com,(949) 555-1106,,,,,,,,,,,,,,,,,,,3,2026-03-01,AVIANA-06-BEIGE-8.5,,,FUR SLIPPER,,,EA,,,,,,,,1,0,,1,,16.25,16.25,16.25,16.25,0.00,,16.25,FALSE,TRUE,FALSE,FALSE,,,,,,,,,,,,,,,,,,
SO2026-000070,1,0,2026-03-04,2026-03-04,2026-04-03,2026-03-06,,,,,Magento,Magento,,30,USD,384.00,384.00,401.35,384.00,0.00,0,0.00,0,0.00,17.35,0.00,,,,,401.35,,0.00,,,,,,,,,,,,,,,,,,,,,,,20003,10581,20003-2026-000070,,,,,,,,,Magento Shipping,Morgan Lee,Cora Knox,Magento Platform,216 Century Blvd,Dock 16,Platform ship location,Los Angeles,CA,90008,Los Angeles,USA,ship-magento@example.com,(213) 555-2506,,,,,,,,,,,,,,,,,,,1,2026-03-04,CAMILA-06-TAUPE-S,,,COSS FRONT SLIP ON SLIDES,,,EA,,,,,,,,4,0,,4,,96.00,96.00,384.00,384.00,0.00,,384.00,FALSE,TRUE,FALSE,FALSE,,,,,,,,,,,,,,,,,,
SO2026-000071,1,0,2026-03-02,2026-03-05,2026-04-01,2026-03-04,,,,,Walmart-eComm,Walmart eComm,,30,USD,121.00,121.00,135.25,121.00,0.00,0,0.00,0,0.00,14.25,0.00,,,,,135.25,,0.00,,,,,,,,,,,,,,,,,,,,,,,10002,10566,10002-2026-000071,,,,,,,,,Walmart eComm Shipping,Morgan Lee,Gavin Orr,Walmart eComm Retail,220 Townsend St,Dock 20,National ship location,San Francisco,CA,94109,San Francisco,USA,ship-walmart-ecomm@example.com,(415) 555-2906,,,,,,,,,,,,,,,,,,,1,2026-03-02,ADELINE-02-BLACK-10,,,WOVEN SLIDE SANDAL,,,EA,,,,,,,,2,0,,2,,11.50,11.50,23.00,23.00,0.00,,23.00,FALSE,TRUE,FALSE,FALSE,,,,,,,,,,,,,,,,,,
SO2026-000071,1,0,2026-03-02,2026-03-05,2026-04-01,2026-03-04,,,,,Walmart-eComm,Walmart eComm,,30,USD,121.00,121.00,135.25,121.00,0.00,0,0.00,0,0.00,14.25,0.00,,,,,135.25,,0.00,,,,,,,,,,,,,,,,,,,,,,,10002,10566,10002-2026-000071,,,,,,,,,Walmart eComm Shipping,Morgan Lee,Gavin Orr,Walmart eComm Retail,220 Townsend St,Dock 20,National ship location,San Francisco,CA,94109,San Francisco,USA,ship-walmart-ecomm@example.com,(415) 555-2906,,,,,,,,,,,,,,,,,,,2,2026-03-02,FD9801506P-GINGER,,,"Wear as a dress or a longline tunic over pants, this sleek asymmetrical dress features trendy statem",,,EA,,,,,,,,2,0,,2,,49.00,49.00,98.00,98.00,0.00,,98.00,FALSE,TRUE,FALSE,FALSE,,,,,,,,,,,,,,,,,,
SO2026-000072,1,0,2026-03-02,2026-03-04,2026-04-01,2026-03-03,,,,,Shopify,Shopify,,30,USD,179.00,179.00,192.88,179.00,0.00,0,0.00,0,0.00,13.88,0.00,,,,,192.88,,0.00,,,,,,,,,,,,,,,,,,,,,,,20001,10580,20001-2026-000072,,,,,,,,,Shopify Shipping,Alex Reed,Dario Lowe,Shopify Commerce,217 Barranca Pkwy,Dock 17,Commerce ship location,Irvine,CA,92609,Orange,USA,ship-shopify@example.com,(949) 555-2606,,,,,,,,,,,,,,,,,,,1,2026-03-02,FA16023WV-SMOKEYROSE-XL-STD,809666901160,,Olivia Gray Floral Print Kimono Chiffon Wrap Maxi Dress,,,EA,,,,,,,,3,0,,3,,39.00,39.00,117.00,117.00,0.00,,117.00,FALSE,TRUE,FALSE,FALSE,,,,,,,,,,,,,,,,,,
SO2026-000072,1,0,2026-03-02,2026-03-04,2026-04-01,2026-03-03,,,,,Shopify,Shopify,,30,USD,179.00,179.00,192.88,179.00,0.00,0,0.00,0,0.00,13.88,0.00,,,,,192.88,,0.00,,,,,,,,,,,,,,,,,,,,,,,20001,10580,20001-2026-000072,,,,,,,,,Shopify Shipping,Alex Reed,Dario Lowe,Shopify Commerce,217 Barranca Pkwy,Dock 17,Commerce ship location,Irvine,CA,92609,Orange,USA,ship-shopify@example.com,(949) 555-2606,,,,,,,,,,,,,,,,,,,2,2026-03-02,CAMILA-06-LILAC-9.5,,,COSS FRONT SLIP ON SLIDES,,,EA,,,,,,,,4,0,,4,,8.00,8.00,32.00,32.00,0.00,,32.00,FALSE,TRUE,FALSE,FALSE,,,,,,,,,,,,,,,,,,
SO2026-000072,1,0,2026-03-02,2026-03-04,2026-04-01,2026-03-03,,,,,Shopify,Shopify,,30,USD,179.00,179.00,192.88,179.00,0.00,0,0.00,0,0.00,13.88,0.00,,,,,192.88,,0.00,,,,,,,,,,,,,,,,,,,,,,,20001,10580,20001-2026-000072,,,,,,,,,Shopify Shipping,Alex Reed,Dario Lowe,Shopify Commerce,217 Barranca Pkwy,Dock 17,Commerce ship location,Irvine,CA,92609,Orange,USA,ship-shopify@example.com,(949) 555-2606,,,,,,,,,,,,,,,,,,,3,2026-03-02,AUSTIN-06-BLACK-9.5,,,SNEAKER,,,EA,,,,,,,,3,0,,3,,10.00,10.00,30.00,30.00,0.00,,30.00,FALSE,TRUE,FALSE,FALSE,,,,,,,,,,,,,,,,,,
SO2026-000073,1,0,2026-03-03,2026-03-07,2026-04-02,2026-03-05,,,,,Veeqo-Amazon,Veeqo Amazon,,30,USD,214.00,214.00,220.97,214.00,0.00,0,0.00,0,0.00,6.97,0.00,,,,,220.97,,0.00,,,,,,,,,,,,,,,,,,,,,,,10016,10579,10016-2026-000073,,,,,,,,,Veeqo Amazon Shipping,Jamie Clark,Owen Pike,Veeqo Amazon Retail,202 Distribution Way,Dock 2,Regional ship location,Irvine,CA,92603,Orange,USA,ship-veeqo-amazon@example.com,(949) 555-1106,,,,,,,,,,,,,,,,,,,1,2026-03-03,ADELINE-02-CAMEL-6.5,,,WOVEN SLIDE SANDAL,,,EA,,,,,,,,4,0,,4,,11.50,11.50,46.00,46.00,0.00,,46.00,FALSE,TRUE,FALSE,FALSE,,,,,,,,,,,,,,,,,,
SO2026-000073,1,0,2026-03-03,2026-03-07,2026-04-02,2026-03-05,,,,,Veeqo-Amazon,Veeqo Amazon,,30,USD,214.00,214.00,220.97,214.00,0.00,0,0.00,0,0.00,6.97,0.00,,,,,220.97,,0.00,,,,,,,,,,,,,,,,,,,,,,,10016,10579,10016-2026-000073,,,,,,,,,Veeqo Amazon Shipping,Jamie Clark,Owen Pike,Veeqo Amazon Retail,202 Distribution Way,Dock 2,Regional ship location,Irvine,CA,92603,Orange,USA,ship-veeqo-amazon@example.com,(949) 555-1106,,,,,,,,,,,,,,,,,,,2,2026-03-03,CAMILA-06-BLACK-9,,,COSS FRONT SLIP ON SLIDES,,,EA,,,,,,,,4,0,,4,,8.00,8.00,32.00,32.00,0.00,,32.00,FALSE,TRUE,FALSE,FALSE,,,,,,,,,,,,,,,,,,
SO2026-000073,1,0,2026-03-03,2026-03-07,2026-04-02,2026-03-05,,,,,Veeqo-Amazon,Veeqo Amazon,,30,USD,214.00,214.00,220.97,214.00,0.00,0,0.00,0,0.00,6.97,0.00,,,,,220.97,,0.00,,,,,,,,,,,,,,,,,,,,,,,10016,10579,10016-2026-000073,,,,,,,,,Veeqo Amazon Shipping,Jamie Clark,Owen Pike,Veeqo Amazon Retail,202 Distribution Way,Dock 2,Regional ship location,Irvine,CA,92603,Orange,USA,ship-veeqo-amazon@example.com,(949) 555-1106,,,,,,,,,,,,,,,,,,,3,2026-03-03,F13031C-1742VNTGCO-28-STD,809666254907,,Cayden Vintage Beujolias Corduroy Skinny Jeans,,,EA,,,,,,,,4,0,,4,,34.00,34.00,136.00,136.00,0.00,,136.00,FALSE,TRUE,FALSE,FALSE,,,,,,,,,,,,,,,,,,
SO2026-000074,1,0,2026-03-03,2026-03-05,2026-04-02,2026-03-05,,,,,AMZ-eCom,AMZ eCom,,30,USD,100.50,100.50,115.69,100.50,0.00,0,0.00,0,0.00,15.19,0.00,,,,,115.69,,0.00,,,,,,,,,,,,,,,,,,,,,,,10001,10565,10001-2026-000074,,,,,,,,,AMZ eCom Shipping,Alex Reed,Nora Lane,AMZ eCom Retail,201 Harbor Ave,Dock 1,Main ship location,Los Angeles,CA,90002,Los Angeles,USA,ship-amz-ecom@example.com,(213) 555-1006,,,,,,,,,,,,,,,,,,,1,2026-03-03,173451-1183CITIZEN-1-34,809666377736,,Susan Stretch Denim Skinny Jeans Medium Blue 5 Pocket Wash,,,EA,,,,,,,,2,0,,2,,24.00,24.00,48.00,48.00,0.00,,48.00,FALSE,TRUE,FALSE,FALSE,,,,,,,,,,,,,,,,,,
SO2026-000074,1,0,2026-03-03,2026-03-05,2026-04-02,2026-03-05,,,,,AMZ-eCom,AMZ eCom,,30,USD,100.50,100.50,115.69,100.50,0.00,0,0.00,0,0.00,15.19,0.00,,,,,115.69,,0.00,,,,,,,,,,,,,,,,,,,,,,,10001,10565,10001-2026-000074,,,,,,,,,AMZ eCom Shipping,Alex Reed,Nora Lane,AMZ eCom Retail,201 Harbor Ave,Dock 1,Main ship location,Los Angeles,CA,90002,Los Angeles,USA,ship-amz-ecom@example.com,(213) 555-1006,,,,,,,,,,,,,,,,,,,2,2026-03-03,ADELINE-03-GOLD-6.5,,,BUCKLE FRONT FLAT SANDALS,,,EA,,,,,,,,1,0,,1,,18.50,18.50,18.50,18.50,0.00,,18.50,FALSE,TRUE,FALSE,FALSE,,,,,,,,,,,,,,,,,,
SO2026-000074,1,0,2026-03-03,2026-03-05,2026-04-02,2026-03-05,,,,,AMZ-eCom,AMZ eCom,,30,USD,100.50,100.50,115.69,100.50,0.00,0,0.00,0,0.00,15.19,0.00,,,,,115.69,,0.00,,,,,,,,,,,,,,,,,,,,,,,10001,10565,10001-2026-000074,,,,,,,,,AMZ eCom Shipping,Alex Reed,Nora Lane,AMZ eCom Retail,201 Harbor Ave,Dock 1,Main ship location,Los Angeles,CA,90002,Los Angeles,USA,ship-amz-ecom@example.com,(213) 555-1006,,,,,,,,,,,,,,,,,,,3,2026-03-03,F13031C-1742VNTGST-32-STD,809666255126,,Cayden Vintage Beujolias Corduroy Skinny Jeans,,,EA,,,,,,,,1,0,,1,,34.00,34.00,34.00,34.00,0.00,,34.00,FALSE,TRUE,FALSE,FALSE,,,,,,,,,,,,,,,,,,
SO2026-000075,1,0,2026-03-01,2026-03-03,2026-03-31,2026-03-02,,,,,Shopify,Shopify,,30,USD,51.50,51.50,54.69,51.50,0.00,0,0.00,0,0.00,3.19,0.00,,,,,54.69,,0.00,,,,,,,,,,,,,,,,,,,,,,,20001,10580,20001-2026-000075,,,,,,,,,Shopify Shipping,Alex Reed,Dario Lowe,Shopify Commerce,217 Barranca Pkwy,Dock 17,Commerce ship location,Irvine,CA,92609,Orange,USA,ship-shopify@example.com,(949) 555-2606,,,,,,,,,,,,,,,,,,,1,2026-03-01,ADELINE-02-PINK-5.5,,,WOVEN SLIDE SANDAL,,,EA,,,,,,,,1,0,,1,,11.50,11.50,11.50,11.50,0.00,,11.50,FALSE,TRUE,FALSE,FALSE,,,,,,,,,,,,,,,,,,
SO2026-000075,1,0,2026-03-01,2026-03-03,2026-03-31,2026-03-02,,,,,Shopify,Shopify,,30,USD,51.50,51.50,54.69,51.50,0.00,0,0.00,0,0.00,3.19,0.00,,,,,54.69,,0.00,,,,,,,,,,,,,,,,,,,,,,,20001,10580,20001-2026-000075,,,,,,,,,Shopify Shipping,Alex Reed,Dario Lowe,Shopify Commerce,217 Barranca Pkwy,Dock 17,Commerce ship location,Irvine,CA,92609,Orange,USA,ship-shopify@example.com,(949) 555-2606,,,,,,,,,,,,,,,,,,,2,2026-03-01,AUSTIN-06-BLACK-7,,,SNEAKER,,,EA,,,,,,,,4,0,,4,,10.00,10.00,40.00,40.00,0.00,,40.00,FALSE,TRUE,FALSE,FALSE,,,,,,,,,,,,,,,,,,
SO2026-000076,1,0,2026-03-01,2026-03-06,2026-03-31,2026-03-02,,,,,JCPenney,JCPenney,,30,USD,258.50,258.50,265.50,258.50,0.00,0,0.00,0,0.00,7.00,0.00,,,,,265.50,,0.00,,,,,,,,,,,,,,,,,,,,,,,30007,10575,30007-2026-000076,,,,,,,,,JCPenney Shipping,Alex Reed,Zane Holt,JCPenney Stores,213 Gateway Rd,Dock 13,Retail ship location,San Diego,CA,92106,San Diego,USA,ship-jcpenney@example.com,(619) 555-2206,,,,,,,,,,,,,,,,,,,1,2026-03-01,AUSTIN-06-CAMEL-A12,,,SNEAKER,,,EA,,,,,,,,2,0,,2,,120.00,120.00,240.00,240.00,0.00,,240.00,FALSE,TRUE,FALSE,FALSE,,,,,,,,,,,,,,,,,,
SO2026-000076,1,0,2026-03-01,2026-03-06,2026-03-31,2026-03-02,,,,,JCPenney,JCPenney,,30,USD,258.50,258.50,265.50,258.50,0.00,0,0.00,0,0.00,7.00,0.00,,,,,265.50,,0.00,,,,,,,,,,,,,,,,,,,,,,,30007,10575,30007-2026-000076,,,,,,,,,JCPenney Shipping,Alex Reed,Zane Holt,JCPenney Stores,213 Gateway Rd,Dock 13,Retail ship location,San Diego,CA,92106,San Diego,USA,ship-jcpenney@example.com,(619) 555-2206,,,,,,,,,,,,,,,,,,,2,2026-03-01,ADELINE-03-BROWN-12,,,BUCKLE FRONT FLAT SANDALS,,,EA,,,,,,,,1,0,,1,,18.50,18.50,18.50,18.50,0.00,,18.50,FALSE,TRUE,FALSE,FALSE,,,,,,,,,,,,,,,,,,
SO2026-000077,1,0,2026-03-03,2026-03-04,2026-04-02,2026-03-05,,,,,Magento,Magento,,30,USD,199.50,199.50,207.20,199.50,0.00,0,0.00,0,0.00,7.70,0.00,,,,,207.20,,0.00,,,,,,,,,,,,,,,,,,,,,,,20003,10581,20003-2026-000077,,,,,,,,,Magento Shipping,Morgan Lee,Cora Knox,Magento Platform,216 Century Blvd,Dock 16,Platform ship location,Los Angeles,CA,90008,Los Angeles,USA,ship-magento@example.com,(213) 555-2506,,,,,,,,,,,,,,,,,,,1,2026-03-03,AVIANA-06-BLACK-6,,,FUR SLIPPER,,,EA,,,,,,,,4,0,,4,,16.25,16.25,65.00,65.00,0.00,,65.00,FALSE,TRUE,FALSE,FALSE,,,,,,,,,,,,,,,,,,
SO2026-000077,1,0,2026-03-03,2026-03-04,2026-04-02,2026-03-05,,,,,Magento,Magento,,30,USD,199.50,199.50,207.20,199.50,0.00,0,0.00,0,0.00,7.70,0.00,,,,,207.20,,0.00,,,,,,,,,,,,,,,,,,,,,,,20003,10581,20003-2026-000077,,,,,,,,,Magento Shipping,Morgan Lee,Cora Knox,Magento Platform,216 Century Blvd,Dock 16,Platform ship location,Los Angeles,CA,90008,Los Angeles,USA,ship-magento@example.com,(213) 555-2506,,,,,,,,,,,,,,,,,,,2,2026-03-03,FA13501DM-1464KINGSC-31-32,809666852790,,Maya Basic Dark Handsand Wash Midrise Skinny Jeans,,,EA,,,,,,,,3,0,,3,,34.00,34.00,102.00,102.00,0.00,,102.00,FALSE,TRUE,FALSE,FALSE,,,,,,,,,,,,,,,,,,
SO2026-000077,1,0,2026-03-03,2026-03-04,2026-04-02,2026-03-05,,,,,Magento,Magento,,30,USD,199.50,199.50,207.20,199.50,0.00,0,0.00,0,0.00,7.70,0.00,,,,,207.20,,0.00,,,,,,,,,,,,,,,,,,,,,,,20003,10581,20003-2026-000077,,,,,,,,,Magento Shipping,Morgan Lee,Cora Knox,Magento Platform,216 Century Blvd,Dock 16,Platform ship location,Los Angeles,CA,90008,Los Angeles,USA,ship-magento@example.com,(213) 555-2506,,,,,,,,,,,,,,,,,,,3,2026-03-03,AVIANA-06-PINK-9,,,FUR SLIPPER,,,EA,,,,,,,,2,0,,2,,16.25,16.25,32.50,32.50,0.00,,32.50,FALSE,TRUE,FALSE,FALSE,,,,,,,,,,,,,,,,,,
SO2026-000078,1,0,2026-03-03,2026-03-07,2026-04-02,2026-03-04,,,,,Veeqo-Amazon,Veeqo Amazon,,30,USD,120.00,120.00,134.01,120.00,0.00,0,0.00,0,0.00,14.01,0.00,,,,,134.01,,0.00,,,,,,,,,,,,,,,,,,,,,,,10016,10579,10016-2026-000078,,,,,,,,,Veeqo Amazon Shipping,Jamie Clark,Owen Pike,Veeqo Amazon Retail,202 Distribution Way,Dock 2,Regional ship location,Irvine,CA,92603,Orange,USA,ship-veeqo-amazon@example.com,(949) 555-1106,,,,,,,,,,,,,,,,,,,1,2026-03-03,ADELINE-03-GOLD-10,,,BUCKLE FRONT FLAT SANDALS,,,EA,,,,,,,,4,0,,4,,18.50,18.50,74.00,74.00,0.00,,74.00,FALSE,TRUE,FALSE,FALSE,,,,,,,,,,,,,,,,,,
SO2026-000078,1,0,2026-03-03,2026-03-07,2026-04-02,2026-03-04,,,,,Veeqo-Amazon,Veeqo Amazon,,30,USD,120.00,120.00,134.01,120.00,0.00,0,0.00,0,0.00,14.01,0.00,,,,,134.01,,0.00,,,,,,,,,,,,,,,,,,,,,,,10016,10579,10016-2026-000078,,,,,,,,,Veeqo Amazon Shipping,Jamie Clark,Owen Pike,Veeqo Amazon Retail,202 Distribution Way,Dock 2,Regional ship location,Irvine,CA,92603,Orange,USA,ship-veeqo-amazon@example.com,(949) 555-1106,,,,,,,,,,,,,,,,,,,2,2026-03-03,ADELINE-02-CAMEL-7.5,,,WOVEN SLIDE SANDAL,,,EA,,,,,,,,4,0,,4,,11.50,11.50,46.00,46.00,0.00,,46.00,FALSE,TRUE,FALSE,FALSE,,,,,,,,,,,,,,,,,,
SO2026-000079,1,0,2026-03-01,2026-03-06,2026-03-31,2026-03-02,,,,,Etsy-VS,Etsy VS,,30,USD,107.50,107.50,116.64,107.50,0.00,0,0.00,0,0.00,9.14,0.00,,,,,116.64,,0.00,,,,,,,,,,,,,,,,,,,,,,,10008,10572,10008-2026-000079,,,,,,,,,Etsy VS Shipping,Jamie Clark,Soren Vale,Etsy VS Marketplace,206 Pacific Hwy,Dock 6,Seasonal ship location,Los Angeles,CA,90004,Los Angeles,USA,ship-etsy-vs@example.com,(213) 555-1506,,,,,,,,,,,,,,,,,,,1,2026-03-01,ADELINE-02-NUDE-10,,,WOVEN SLIDE SANDAL,,,EA,,,,,,,,4,0,,4,,11.50,11.50,46.00,46.00,0.00,,46.00,FALSE,TRUE,FALSE,FALSE,,,,,,,,,,,,,,,,,,
SO2026-000079,1,0,2026-03-01,2026-03-06,2026-03-31,2026-03-02,,,,,Etsy-VS,Etsy VS,,30,USD,107.50,107.50,116.64,107.50,0.00,0,0.00,0,0.00,9.14,0.00,,,,,116.64,,0.00,,,,,,,,,,,,,,,,,,,,,,,10008,10572,10008-2026-000079,,,,,,,,,Etsy VS Shipping,Jamie Clark,Soren Vale,Etsy VS Marketplace,206 Pacific Hwy,Dock 6,Seasonal ship location,Los Angeles,CA,90004,Los Angeles,USA,ship-etsy-vs@example.com,(213) 555-1506,,,,,,,,,,,,,,,,,,,2,2026-03-01,CORA-01-TAUP-5.5,,,CROSS FRONT SANDAL,,,EA,,,,,,,,4,0,,4,,10.75,10.75,43.00,43.00,0.00,,43.00,FALSE,TRUE,FALSE,FALSE,,,,,,,,,,,,,,,,,,
SO2026-000079,1,0,2026-03-01,2026-03-06,2026-03-31,2026-03-02,,,,,Etsy-VS,Etsy VS,,30,USD,107.50,107.50,116.64,107.50,0.00,0,0.00,0,0.00,9.14,0.00,,,,,116.64,,0.00,,,,,,,,,,,,,,,,,,,,,,,10008,10572,10008-2026-000079,,,,,,,,,Etsy VS Shipping,Jamie Clark,Soren Vale,Etsy VS Marketplace,206 Pacific Hwy,Dock 6,Seasonal ship location,Los Angeles,CA,90004,Los Angeles,USA,ship-etsy-vs@example.com,(213) 555-1506,,,,,,,,,,,,,,,,,,,3,2026-03-01,ADELINE-03-BLACK-7.5,,,BUCKLE FRONT FLAT SANDALS,,,EA,,,,,,,,1,0,,1,,18.50,18.50,18.50,18.50,0.00,,18.50,FALSE,TRUE,FALSE,FALSE,,,,,,,,,,,,,,,,,,
SO2026-000080,1,0,2026-03-01,2026-03-03,2026-03-31,2026-03-02,,,,,JCPenney,JCPenney,,30,USD,67.00,67.00,75.31,67.00,0.00,0,0.00,0,0.00,8.31,0.00,,,,,75.31,,0.00,,,,,,,,,,,,,,,,,,,,,,,30007,10575,30007-2026-000080,,,,,,,,,JCPenney Shipping,Alex Reed,Zane Holt,JCPenney Stores,213 Gateway Rd,Dock 13,Retail ship location,San Diego,CA,92106,San Diego,USA,ship-jcpenney@example.com,(619) 555-2206,,,,,,,,,,,,,,,,,,,1,2026-03-01,CAMILA-06-TAUPE-12,,,COSS FRONT SLIP ON SLIDES,,,EA,,,,,,,,3,0,,3,,8.00,8.00,24.00,24.00,0.00,,24.00,FALSE,TRUE,FALSE,FALSE,,,,,,,,,,,,,,,,,,
SO2026-000080,1,0,2026-03-01,2026-03-03,2026-03-31,2026-03-02,,,,,JCPenney,JCPenney,,30,USD,67.00,67.00,75.31,67.00,0.00,0,0.00,0,0.00,8.31,0.00,,,,,75.31,,0.00,,,,,,,,,,,,,,,,,,,,,,,30007,10575,30007-2026-000080,,,,,,,,,JCPenney Shipping,Alex Reed,Zane Holt,JCPenney Stores,213 Gateway Rd,Dock 13,Retail ship location,San Diego,CA,92106,San Diego,USA,ship-jcpenney@example.com,(619) 555-2206,,,,,,,,,,,,,,,,,,,2,2026-03-01,CORA-01-BLK-5.5,,,CROSS FRONT SANDAL,,,EA,,,,,,,,4,0,,4,,10.75,10.75,43.00,43.00,0.00,,43.00,FALSE,TRUE,FALSE,FALSE,,,,,,,,,,,,,,,,,,
SO2026-000081,1,0,2026-03-01,2026-03-01,2026-03-31,2026-03-02,,,,,Shopify,Shopify,,30,USD,78.00,78.00,78.00,78.00,0.00,0,0.00,0,0.00,0.00,0.00,,,,,78.00,,0.00,,,,,,,,,,,,,,,,,,,,,,,20001,10580,20001-2026-000081,,,,,,,,,Shopify Shipping,Alex Reed,Dario Lowe,Shopify Commerce,217 Barranca Pkwy,Dock 17,Commerce ship location,Irvine,CA,92609,Orange,USA,ship-shopify@example.com,(949) 555-2606,,,,,,,,,,,,,,,,,,,1,2026-03-01,FA16023WV-MIDNIGHTCAMO-L-STD,809666795776,,Olivia Woven Chiffon Camo Print Kimono Wrap Maxi Dress,,,EA,,,,,,,,2,0,,2,,39.00,39.00,78.00,78.00,0.00,,78.00,FALSE,TRUE,FALSE,FALSE,,,,,,,,,,,,,,,,,,
SO2026-000082,1,0,2026-03-03,2026-03-07,2026-04-02,2026-03-05,,,,,Veeqo-Amazon,Veeqo Amazon,,30,USD,102.00,102.00,110.59,102.00,0.00,0,0.00,0,0.00,8.59,0.00,,,,,110.59,,0.00,,,,,,,,,,,,,,,,,,,,,,,10016,10579,10016-2026-000082,,,,,,,,,Veeqo Amazon Shipping,Jamie Clark,Owen Pike,Veeqo Amazon Retail,202 Distribution Way,Dock 2,Regional ship location,Irvine,CA,92603,Orange,USA,ship-veeqo-amazon@example.com,(949) 555-1106,,,,,,,,,,,,,,,,,,,1,2026-03-03,F13031C-1742VNTGBJ,,,Five-pocket stretch woven corduroy skinny pants with wine stitching and copper hardware.,,,EA,,,,,,,,3,0,,3,,34.00,34.00,102.00,102.00,0.00,,102.00,FALSE,TRUE,FALSE,FALSE,,,,,,,,,,,,,,,,,,
SO2026-000083,1,0,2026-03-01,2026-03-01,2026-03-31,2026-03-03,,,,,Magento,Magento,,30,USD,222.00,222.00,237.86,222.00,0.00,0,0.00,0,0.00,15.86,0.00,,,,,237.86,,0.00,,,,,,,,,,,,,,,,,,,,,,,20003,10581,20003-2026-000083,,,,,,,,,Magento Shipping,Morgan Lee,Cora Knox,Magento Platform,216 Century Blvd,Dock 16,Platform ship location,Los Angeles,CA,90008,Los Angeles,USA,ship-magento@example.com,(213) 555-2506,,,,,,,,,,,,,,,,,,,1,2026-03-01,ADELINE-03-BROWN-A12,,,BUCKLE FRONT FLAT SANDALS,,,EA,,,,,,,,1,0,,1,,222.00,222.00,222.00,222.00,0.00,,222.00,FALSE,TRUE,FALSE,FALSE,,,,,,,,,,,,,,,,,,
SO2026-000084,1,0,2026-03-02,2026-03-07,2026-04-01,2026-03-03,,,,,Etsy-VS,Etsy VS,,30,USD,91.50,91.50,108.13,91.50,0.00,0,0.00,0,0.00,16.63,0.00,,,,,108.13,,0.00,,,,,,,,,,,,,,,,,,,,,,,10008,10572,10008-2026-000084,,,,,,,,,Etsy VS Shipping,Jamie Clark,Soren Vale,Etsy VS Marketplace,206 Pacific Hwy,Dock 6,Seasonal ship location,Los Angeles,CA,90004,Los Angeles,USA,ship-etsy-vs@example.com,(213) 555-1506,,,,,,,,,,,,,,,,,,,1,2026-03-02,CAMILA-06-LILAC-11,,,COSS FRONT SLIP ON SLIDES,,,EA,,,,,,,,1,0,,1,,8.00,8.00,8.00,8.00,0.00,,8.00,FALSE,TRUE,FALSE,FALSE,,,,,,,,,,,,,,,,,,
SO2026-000084,1,0,2026-03-02,2026-03-07,2026-04-01,2026-03-03,,,,,Etsy-VS,Etsy VS,,30,USD,91.50,91.50,108.13,91.50,0.00,0,0.00,0,0.00,16.63,0.00,,,,,108.13,,0.00,,,,,,,,,,,,,,,,,,,,,,,10008,10572,10008-2026-000084,,,,,,,,,Etsy VS Shipping,Jamie Clark,Soren Vale,Etsy VS Marketplace,206 Pacific Hwy,Dock 6,Seasonal ship location,Los Angeles,CA,90004,Los Angeles,USA,ship-etsy-vs@example.com,(213) 555-1506,,,,,,,,,,,,,,,,,,,2,2026-03-02,ADELINE-03-TAUPE-5.5,,,BUCKLE FRONT FLAT SANDALS,,,EA,,,,,,,,1,0,,1,,18.50,18.50,18.50,18.50,0.00,,18.50,FALSE,TRUE,FALSE,FALSE,,,,,,,,,,,,,,,,,,
SO2026-000084,1,0,2026-03-02,2026-03-07,2026-04-01,2026-03-03,,,,,Etsy-VS,Etsy VS,,30,USD,91.50,91.50,108.13,91.50,0.00,0,0.00,0,0.00,16.63,0.00,,,,,108.13,,0.00,,,,,,,,,,,,,,,,,,,,,,,10008,10572,10008-2026-000084,,,,,,,,,Etsy VS Shipping,Jamie Clark,Soren Vale,Etsy VS Marketplace,206 Pacific Hwy,Dock 6,Seasonal ship location,Los Angeles,CA,90004,Los Angeles,USA,ship-etsy-vs@example.com,(213) 555-1506,,,,,,,,,,,,,,,,,,,3,2026-03-02,AVIANA-06-PINK-11,,,FUR SLIPPER,,,EA,,,,,,,,4,0,,4,,16.25,16.25,65.00,65.00,0.00,,65.00,FALSE,TRUE,FALSE,FALSE,,,,,,,,,,,,,,,,,,
SO2026-000085,1,0,2026-03-04,2026-03-09,2026-04-03,2026-03-05,,,,,Shopify,Shopify,,30,USD,156.75,156.75,158.38,156.75,0.00,0,0.00,0,0.00,1.63,0.00,,,,,158.38,,0.00,,,,,,,,,,,,,,,,,,,,,,,20001,10580,20001-2026-000085,,,,,,,,,Shopify Shipping,Alex Reed,Dario Lowe,Shopify Commerce,217 Barranca Pkwy,Dock 17,Commerce ship location,Irvine,CA,92609,Orange,USA,ship-shopify@example.com,(949) 555-2606,,,,,,,,,,,,,,,,,,,1,2026-03-04,FA13512DM-1847DPOCN-26-30,809666864892,,Angie Stud Bling Pocket Low Rise Skinny Jeans,,,EA,,,,,,,,2,0,,2,,34.00,34.00,68.00,68.00,0.00,,68.00,FALSE,TRUE,FALSE,FALSE,,,,,,,,,,,,,,,,,,
SO2026-000085,1,0,2026-03-04,2026-03-09,2026-04-03,2026-03-05,,,,,Shopify,Shopify,,30,USD,156.75,156.75,158.38,156.75,0.00,0,0.00,0,0.00,1.63,0.00,,,,,158.38,,0.00,,,,,,,,,,,,,,,,,,,,,,,20001,10580,20001-2026-000085,,,,,,,,,Shopify Shipping,Alex Reed,Dario Lowe,Shopify Commerce,217 Barranca Pkwy,Dock 17,Commerce ship location,Irvine,CA,92609,Orange,USA,ship-shopify@example.com,(949) 555-2606,,,,,,,,,,,,,,,,,,,2,2026-03-04,AVIANA-06-PINK-5,,,FUR SLIPPER,,,EA,,,,,,,,3,0,,3,,16.25,16.25,48.75,48.75,0.00,,48.75,FALSE,TRUE,FALSE,FALSE,,,,,,,,,,,,,,,,,,
SO2026-000085,1,0,2026-03-04,2026-03-09,2026-04-03,2026-03-05,,,,,Shopify,Shopify,,30,USD,156.75,156.75,158.38,156.75,0.00,0,0.00,0,0.00,1.63,0.00,,,,,158.38,,0.00,,,,,,,,,,,,,,,,,,,,,,,20001,10580,20001-2026-000085,,,,,,,,,Shopify Shipping,Alex Reed,Dario Lowe,Shopify Commerce,217 Barranca Pkwy,Dock 17,Commerce ship location,Irvine,CA,92609,Orange,USA,ship-shopify@example.com,(949) 555-2606,,,,,,,,,,,,,,,,,,,3,2026-03-04,AUSTIN-06-BLACK-6.5,,,SNEAKER,,,EA,,,,,,,,4,0,,4,,10.00,10.00,40.00,40.00,0.00,,40.00,FALSE,TRUE,FALSE,FALSE,,,,,,,,,,,,,,,,,,
SO2026-000086,1,0,2026-03-03,2026-03-04,2026-04-02,2026-03-05,,,,,Magento,Magento,,30,USD,119.00,119.00,131.66,119.00,0.00,0,0.00,0,0.00,12.66,0.00,,,,,131.66,,0.00,,,,,,,,,,,,,,,,,,,,,,,20003,10581,20003-2026-000086,,,,,,,,,Magento Shipping,Morgan Lee,Cora Knox,Magento Platform,216 Century Blvd,Dock 16,Platform ship location,Los Angeles,CA,90008,Los Angeles,USA,ship-magento@example.com,(213) 555-2506,,,,,,,,,,,,,,,,,,,1,2026-03-03,ADELINE-02-WHITE-6,,,WOVEN SLIDE SANDAL,,,EA,,,,,,,,3,0,,3,,11.50,11.50,34.50,34.50,0.00,,34.50,FALSE,TRUE,FALSE,FALSE,,,,,,,,,,,,,,,,,,
SO2026-000086,1,0,2026-03-03,2026-03-04,2026-04-02,2026-03-05,,,,,Magento,Magento,,30,USD,119.00,119.00,131.66,119.00,0.00,0,0.00,0,0.00,12.66,0.00,,,,,131.66,,0.00,,,,,,,,,,,,,,,,,,,,,,,20003,10581,20003-2026-000086,,,,,,,,,Magento Shipping,Morgan Lee,Cora Knox,Magento Platform,216 Century Blvd,Dock 16,Platform ship location,Los Angeles,CA,90008,Los Angeles,USA,ship-magento@example.com,(213) 555-2506,,,,,,,,,,,,,,,,,,,2,2026-03-03,CORA-01-FUCH-9.5,,,CROSS FRONT SANDAL,,,EA,,,,,,,,4,0,,4,,10.75,10.75,43.00,43.00,0.00,,43.00,FALSE,TRUE,FALSE,FALSE,,,,,,,,,,,,,,,,,,
SO2026-000086,1,0,2026-03-03,2026-03-04,2026-04-02,2026-03-05,,,,,Magento,Magento,,30,USD,119.00,119.00,131.66,119.00,0.00,0,0.00,0,0.00,12.66,0.00,,,,,131.66,,0.00,,,,,,,,,,,,,,,,,,,,,,,20003,10581,20003-2026-000086,,,,,,,,,Magento Shipping,Morgan Lee,Cora Knox,Magento Platform,216 Century Blvd,Dock 16,Platform ship location,Los Angeles,CA,90008,Los Angeles,USA,ship-magento@example.com,(213) 555-2506,,,,,,,,,,,,,,,,,,,3,2026-03-03,ASTRID-01-GREY-8.5,,,SLIP ON SNEAKER,,,EA,,,,,,,,2,0,,2,,20.75,20.75,41.50,41.50,0.00,,41.50,FALSE,TRUE,FALSE,FALSE,,,,,,,,,,,,,,,,,,
SO2026-000087,1,0,2026-03-04,2026-03-04,2026-04-03,2026-03-05,,,,,Mirakl-HudsonsB,Mirakl HudsonsB,,30,USD,200.00,200.00,204.61,200.00,0.00,0,0.00,0,0.00,4.61,0.00,,,,,204.61,,0.00,,,,,,,,,,,,,,,,,,,,,,,10005,10577,10005-2026-000087,,,,,,,,,Mirakl HudsonsB Shipping,Morgan Lee,Yara Glenn,Mirakl HudsonsB Network,212 Quail Hill Pkwy,Dock 12,Network ship location,Irvine,CA,92607,Orange,USA,ship-mirakl-hudsonsb@example.com,(949) 555-2106,,,,,,,,,,,,,,,,,,,1,2026-03-04,AUSTIN-06-BLACK-11,,,SNEAKER,,,EA,,,,,,,,3,0,,3,,10.00,10.00,30.00,30.00,0.00,,30.00,FALSE,TRUE,FALSE,FALSE,,,,,,,,,,,,,,,,,,
SO2026-000087,1,0,2026-03-04,2026-03-04,2026-04-03,2026-03-05,,,,,Mirakl-HudsonsB,Mirakl HudsonsB,,30,USD,200.00,200.00,204.61,200.00,0.00,0,0.00,0,0.00,4.61,0.00,,,,,204.61,,0.00,,,,,,,,,,,,,,,,,,,,,,,10005,10577,10005-2026-000087,,,,,,,,,Mirakl HudsonsB Shipping,Morgan Lee,Yara Glenn,Mirakl HudsonsB Network,212 Quail Hill Pkwy,Dock 12,Network ship location,Irvine,CA,92607,Orange,USA,ship-mirakl-hudsonsb@example.com,(949) 555-2106,,,,,,,,,,,,,,,,,,,2,2026-03-04,F13031C-1742VNTGBJ-27-STD,809666254808,,Cayden Vintage Beujolias Corduroy Skinny Jeans,,,EA,,,,,,,,4,0,,4,,34.00,34.00,136.00,136.00,0.00,,136.00,FALSE,TRUE,FALSE,FALSE,,,,,,,,,,,,,,,,,,
SO2026-000087,1,0,2026-03-04,2026-03-04,2026-04-03,2026-03-05,,,,,Mirakl-HudsonsB,Mirakl HudsonsB,,30,USD,200.00,200.00,204.61,200.00,0.00,0,0.00,0,0.00,4.61,0.00,,,,,204.61,,0.00,,,,,,,,,,,,,,,,,,,,,,,10005,10577,10005-2026-000087,,,,,,,,,Mirakl HudsonsB Shipping,Morgan Lee,Yara Glenn,Mirakl HudsonsB Network,212 Quail Hill Pkwy,Dock 12,Network ship location,Irvine,CA,92607,Orange,USA,ship-mirakl-hudsonsb@example.com,(949) 555-2106,,,,,,,,,,,,,,,,,,,3,2026-03-04,F13031C-1742VNTGDM-27-STD,809666254983,,Cayden Vintage Beujolias Corduroy Skinny Jeans,,,EA,,,,,,,,1,0,,1,,34.00,34.00,34.00,34.00,0.00,,34.00,FALSE,TRUE,FALSE,FALSE,,,,,,,,,,,,,,,,,,
SO2026-000088,1,0,2026-03-04,2026-03-05,2026-04-03,2026-03-04,,,,,Veeqo-Amazon,Veeqo Amazon,,30,USD,76.00,76.00,86.42,76.00,0.00,0,0.00,0,0.00,10.42,0.00,,,,,86.42,,0.00,,,,,,,,,,,,,,,,,,,,,,,10016,10579,10016-2026-000088,,,,,,,,,Veeqo Amazon Shipping,Jamie Clark,Owen Pike,Veeqo Amazon Retail,202 Distribution Way,Dock 2,Regional ship location,Irvine,CA,92603,Orange,USA,ship-veeqo-amazon@example.com,(949) 555-1106,,,,,,,,,,,,,,,,,,,1,2026-03-04,ADELINE-03-BLUE-11,,,BUCKLE FRONT FLAT SANDALS,,,EA,,,,,,,,2,0,,2,,18.50,18.50,37.00,37.00,0.00,,37.00,FALSE,TRUE,FALSE,FALSE,,,,,,,,,,,,,,,,,,
SO2026-000088,1,0,2026-03-04,2026-03-05,2026-04-03,2026-03-04,,,,,Veeqo-Amazon,Veeqo Amazon,,30,USD,76.00,76.00,86.42,76.00,0.00,0,0.00,0,0.00,10.42,0.00,,,,,86.42,,0.00,,,,,,,,,,,,,,,,,,,,,,,10016,10579,10016-2026-000088,,,,,,,,,Veeqo Amazon Shipping,Jamie Clark,Owen Pike,Veeqo Amazon Retail,202 Distribution Way,Dock 2,Regional ship location,Irvine,CA,92603,Orange,USA,ship-veeqo-amazon@example.com,(949) 555-1106,,,,,,,,,,,,,,,,,,,2,2026-03-04,FA16023WV-SLATE-S-STD,809666901092,,Olivia Slate Blue Chiffon Kimono Wrap Dress,,,EA,,,,,,,,1,0,,1,,39.00,39.00,39.00,39.00,0.00,,39.00,FALSE,TRUE,FALSE,FALSE,,,,,,,,,,,,,,,,,,
SO2026-000089,1,0,2026-03-04,2026-03-06,2026-04-03,2026-03-04,,,,,Squarespace,Squarespace,,30,USD,128.00,128.00,137.37,128.00,0.00,0,0.00,0,0.00,9.37,0.00,,,,,137.37,,0.00,,,,,,,,,,,,,,,,,,,,,,,20006,10582,20006-2026-000089,,,,,,,,,Squarespace Shipping,Jamie Clark,Elin Marsh,Squarespace Digital,218 Camino Del Rio,Dock 18,Digital ship location,San Diego,CA,92108,San Diego,USA,ship-squarespace@example.com,(619) 555-2706,,,,,,,,,,,,,,,,,,,1,2026-03-04,ADELINE-02-PINK-5,,,WOVEN SLIDE SANDAL,,,EA,,,,,,,,4,0,,4,,11.50,11.50,46.00,46.00,0.00,,46.00,FALSE,TRUE,FALSE,FALSE,,,,,,,,,,,,,,,,,,
SO2026-000089,1,0,2026-03-04,2026-03-06,2026-04-03,2026-03-04,,,,,Squarespace,Squarespace,,30,USD,128.00,128.00,137.37,128.00,0.00,0,0.00,0,0.00,9.37,0.00,,,,,137.37,,0.00,,,,,,,,,,,,,,,,,,,,,,,20006,10582,20006-2026-000089,,,,,,,,,Squarespace Shipping,Jamie Clark,Elin Marsh,Squarespace Digital,218 Camino Del Rio,Dock 18,Digital ship location,San Diego,CA,92108,San Diego,USA,ship-squarespace@example.com,(619) 555-2706,,,,,,,,,,,,,,,,,,,2,2026-03-04,AUSTIN-06-CAMEL-9,,,SNEAKER,,,EA,,,,,,,,1,0,,1,,10.00,10.00,10.00,10.00,0.00,,10.00,FALSE,TRUE,FALSE,FALSE,,,,,,,,,,,,,,,,,,
SO2026-000089,1,0,2026-03-04,2026-03-06,2026-04-03,2026-03-04,,,,,Squarespace,Squarespace,,30,USD,128.00,128.00,137.37,128.00,0.00,0,0.00,0,0.00,9.37,0.00,,,,,137.37,,0.00,,,,,,,,,,,,,,,,,,,,,,,20006,10582,20006-2026-000089,,,,,,,,,Squarespace Shipping,Jamie Clark,Elin Marsh,Squarespace Digital,218 Camino Del Rio,Dock 18,Digital ship location,San Diego,CA,92108,San Diego,USA,ship-squarespace@example.com,(619) 555-2706,,,,,,,,,,,,,,,,,,,3,2026-03-04,173451-1183CITIZEN-13-STD,809666377927,,Susan Stretch Denim Skinny Jeans Medium Blue 5 Pocket Wash,,,EA,,,,,,,,3,0,,3,,24.00,24.00,72.00,72.00,0.00,,72.00,FALSE,TRUE,FALSE,FALSE,,,,,,,,,,,,,,,,,,
SO2026-000090,1,0,2026-03-03,2026-03-05,2026-04-02,2026-03-03,,,,,AMZ-eCom,AMZ eCom,,30,USD,90.75,90.75,99.46,90.75,0.00,0,0.00,0,0.00,8.71,0.00,,,,,99.46,,0.00,,,,,,,,,,,,,,,,,,,,,,,10001,10565,10001-2026-000090,,,,,,,,,AMZ eCom Shipping,Alex Reed,Nora Lane,AMZ eCom Retail,201 Harbor Ave,Dock 1,Main ship location,Los Angeles,CA,90002,Los Angeles,USA,ship-amz-ecom@example.com,(213) 555-1006,,,,,,,,,,,,,,,,,,,1,2026-03-03,FA16023WV-SMOKELEOPARD-S-STD,809666395884,,Olivia Smoke Leopard Print Kimono Wrap Maxi Dress,,,EA,,,,,,,,2,0,,2,,40.00,40.00,80.00,80.00,0.00,,80.00,FALSE,TRUE,FALSE,FALSE,,,,,,,,,,,,,,,,,,
SO2026-000090,1,0,2026-03-03,2026-03-05,2026-04-02,2026-03-03,,,,,AMZ-eCom,AMZ eCom,,30,USD,90.75,90.75,99.46,90.75,0.00,0,0.00,0,0.00,8.71,0.00,,,,,99.46,,0.00,,,,,,,,,,,,,,,,,,,,,,,10001,10565,10001-2026-000090,,,,,,,,,AMZ eCom Shipping,Alex Reed,Nora Lane,AMZ eCom Retail,201 Harbor Ave,Dock 1,Main ship location,Los Angeles,CA,90002,Los Angeles,USA,ship-amz-ecom@example.com,(213) 555-1006,,,,,,,,,,,,,,,,,,,2,2026-03-03,CORA-01-CAME-5.5,,,CROSS FRONT SANDAL,,,EA,,,,,,,,1,0,,1,,10.75,10.75,10.75,10.75,0.00,,10.75,FALSE,TRUE,FALSE,FALSE,,,,,,,,,,,,,,,,,,
SO2026-000091,1,0,2026-03-03,2026-03-08,2026-04-02,2026-03-04,,,,,Etsy-LS,Etsy LS,,30,USD,395.50,395.50,396.06,395.50,0.00,0,0.00,0,0.00,0.56,0.00,,,,,396.06,,0.00,,,,,,,,,,,,,,,,,,,,,,,10008,10571,10008-2026-000091,,,,,,,,,Etsy LS Shipping,Alex Reed,Rhea Moss,Etsy LS Marketplace,205 Mission St,Dock 5,Marketplace ship location,San Francisco,CA,94103,San Francisco,USA,ship-etsy-ls@example.com,(415) 555-1406,,,,,,,,,,,,,,,,,,,1,2026-03-03,ADELINE-03-BLACK-6,,,BUCKLE FRONT FLAT SANDALS,,,EA,,,,,,,,3,0,,3,,18.50,18.50,55.50,55.50,0.00,,55.50,FALSE,TRUE,FALSE,FALSE,,,,,,,,,,,,,,,,,,
SO2026-000091,1,0,2026-03-03,2026-03-08,2026-04-02,2026-03-04,,,,,Etsy-LS,Etsy LS,,30,USD,395.50,395.50,396.06,395.50,0.00,0,0.00,0,0.00,0.56,0.00,,,,,396.06,,0.00,,,,,,,,,,,,,,,,,,,,,,,10008,10571,10008-2026-000091,,,,,,,,,Etsy LS Shipping,Alex Reed,Rhea Moss,Etsy LS Marketplace,205 Mission St,Dock 5,Marketplace ship location,San Francisco,CA,94103,San Francisco,USA,ship-etsy-ls@example.com,(415) 555-1406,,,,,,,,,,,,,,,,,,,2,2026-03-03,FD3601734-MEDBLEACH-L-STD,809666438444,,Ally Women's Full Sleeve Denim Shirt Dress,,,EA,,,,,,,,3,0,,3,,98.00,98.00,294.00,294.00,0.00,,294.00,FALSE,TRUE,FALSE,FALSE,,,,,,,,,,,,,,,,,,
SO2026-000091,1,0,2026-03-03,2026-03-08,2026-04-02,2026-03-04,,,,,Etsy-LS,Etsy LS,,30,USD,395.50,395.50,396.06,395.50,0.00,0,0.00,0,0.00,0.56,0.00,,,,,396.06,,0.00,,,,,,,,,,,,,,,,,,,,,,,10008,10571,10008-2026-000091,,,,,,,,,Etsy LS Shipping,Alex Reed,Rhea Moss,Etsy LS Marketplace,205 Mission St,Dock 5,Marketplace ship location,San Francisco,CA,94103,San Francisco,USA,ship-etsy-ls@example.com,(415) 555-1406,,,,,,,,,,,,,,,,,,,3,2026-03-03,ADELINE-02-PINK-6,,,WOVEN SLIDE SANDAL,,,EA,,,,,,,,4,0,,4,,11.50,11.50,46.00,46.00,0.00,,46.00,FALSE,TRUE,FALSE,FALSE,,,,,,,,,,,,,,,,,,
SO2026-000092,1,0,2026-03-02,2026-03-04,2026-04-01,2026-03-03,,,,,Magento,Magento,,30,USD,416.50,416.50,432.51,416.50,0.00,0,0.00,0,0.00,16.01,0.00,,,,,432.51,,0.00,,,,,,,,,,,,,,,,,,,,,,,20003,10581,20003-2026-000092,,,,,,,,,Magento Shipping,Morgan Lee,Cora Knox,Magento Platform,216 Century Blvd,Dock 16,Platform ship location,Los Angeles,CA,90008,Los Angeles,USA,ship-magento@example.com,(213) 555-2506,,,,,,,,,,,,,,,,,,,1,2026-03-02,CAMILA-06-BLACK-B12,,,COSS FRONT SLIP ON SLIDES,,,EA,,,,,,,,4,0,,4,,96.00,96.00,384.00,384.00,0.00,,384.00,FALSE,TRUE,FALSE,FALSE,,,,,,,,,,,,,,,,,,
SO2026-000092,1,0,2026-03-02,2026-03-04,2026-04-01,2026-03-03,,,,,Magento,Magento,,30,USD,416.50,416.50,432.51,416.50,0.00,0,0.00,0,0.00,16.01,0.00,,,,,432.51,,0.00,,,,,,,,,,,,,,,,,,,,,,,20003,10581,20003-2026-000092,,,,,,,,,Magento Shipping,Morgan Lee,Cora Knox,Magento Platform,216 Century Blvd,Dock 16,Platform ship location,Los Angeles,CA,90008,Los Angeles,USA,ship-magento@example.com,(213) 555-2506,,,,,,,,,,,,,,,,,,,2,2026-03-02,AVIANA-06-BEIGE-6.5,,,FUR SLIPPER,,,EA,,,,,,,,2,0,,2,,16.25,16.25,32.50,32.50,0.00,,32.50,FALSE,TRUE,FALSE,FALSE,,,,,,,,,,,,,,,,,,
SO2026-000093,1,0,2026-03-02,2026-03-02,2026-04-01,2026-03-02,,,,,Etsy-VS,Etsy VS,,30,USD,48.25,48.25,52.58,48.25,0.00,0,0.00,0,0.00,4.33,0.00,,,,,52.58,,0.00,,,,,,,,,,,,,,,,,,,,,,,10008,10572,10008-2026-000093,,,,,,,,,Etsy VS Shipping,Jamie Clark,Soren Vale,Etsy VS Marketplace,206 Pacific Hwy,Dock 6,Seasonal ship location,Los Angeles,CA,90004,Los Angeles,USA,ship-etsy-vs@example.com,(213) 555-1506,,,,,,,,,,,,,,,,,,,1,2026-03-02,AVIANA-06-WHITE-8.5,,,FUR SLIPPER,,,EA,,,,,,,,1,0,,1,,16.25,16.25,16.25,16.25,0.00,,16.25,FALSE,TRUE,FALSE,FALSE,,,,,,,,,,,,,,,,,,
SO2026-000093,1,0,2026-03-02,2026-03-02,2026-04-01,2026-03-02,,,,,Etsy-VS,Etsy VS,,30,USD,48.25,48.25,52.58,48.25,0.00,0,0.00,0,0.00,4.33,0.00,,,,,52.58,,0.00,,,,,,,,,,,,,,,,,,,,,,,10008,10572,10008-2026-000093,,,,,,,,,Etsy VS Shipping,Jamie Clark,Soren Vale,Etsy VS Marketplace,206 Pacific Hwy,Dock 6,Seasonal ship location,Los Angeles,CA,90004,Los Angeles,USA,ship-etsy-vs@example.com,(213) 555-1506,,,,,,,,,,,,,,,,,,,2,2026-03-02,CAMILA-06-BLACK-6.5,,,COSS FRONT SLIP ON SLIDES,,,EA,,,,,,,,4,0,,4,,8.00,8.00,32.00,32.00,0.00,,32.00,FALSE,TRUE,FALSE,FALSE,,,,,,,,,,,,,,,,,,
SO2026-000094,1,0,2026-03-04,2026-03-05,2026-04-03,2026-03-05,,,,,Veeqo-Amazon,Veeqo Amazon,,30,USD,40.00,40.00,49.19,40.00,0.00,0,0.00,0,0.00,9.19,0.00,,,,,49.19,,0.00,,,,,,,,,,,,,,,,,,,,,,,10016,10579,10016-2026-000094,,,,,,,,,Veeqo Amazon Shipping,Jamie Clark,Owen Pike,Veeqo Amazon Retail,202 Distribution Way,Dock 2,Regional ship location,Irvine,CA,92603,Orange,USA,ship-veeqo-amazon@example.com,(949) 555-1106,,,,,,,,,,,,,,,,,,,1,2026-03-04,AUSTIN-06-BLUSH-8.5,,,SNEAKER,,,EA,,,,,,,,4,0,,4,,10.00,10.00,40.00,40.00,0.00,,40.00,FALSE,TRUE,FALSE,FALSE,,,,,,,,,,,,,,,,,,
SO2026-000095,1,0,2026-03-02,2026-03-06,2026-04-01,2026-03-04,,,,,AMZ-eCom,AMZ eCom,,30,USD,418.00,418.00,432.31,418.00,0.00,0,0.00,0,0.00,14.31,0.00,,,,,432.31,,0.00,,,,,,,,,,,,,,,,,,,,,,,10001,10565,10001-2026-000095,,,,,,,,,AMZ eCom Shipping,Alex Reed,Nora Lane,AMZ eCom Retail,201 Harbor Ave,Dock 1,Main ship location,Los Angeles,CA,90002,Los Angeles,USA,ship-amz-ecom@example.com,(213) 555-1006,,,,,,,,,,,,,,,,,,,1,2026-03-02,AUSTIN-06-NUDE-A12,,,SNEAKER,,,EA,,,,,,,,1,0,,1,,120.00,120.00,120.00,120.00,0.00,,120.00,FALSE,TRUE,FALSE,FALSE,,,,,,,,,,,,,,,,,,
SO2026-000095,1,0,2026-03-02,2026-03-06,2026-04-01,2026-03-04,,,,,AMZ-eCom,AMZ eCom,,30,USD,418.00,418.00,432.31,418.00,0.00,0,0.00,0,0.00,14.31,0.00,,,,,432.31,,0.00,,,,,,,,,,,,,,,,,,,,,,,10001,10565,10001-2026-000095,,,,,,,,,AMZ eCom Shipping,Alex Reed,Nora Lane,AMZ eCom Retail,201 Harbor Ave,Dock 1,Main ship location,Los Angeles,CA,90002,Los Angeles,USA,ship-amz-ecom@example.com,(213) 555-1006,,,,,,,,,,,,,,,,,,,2,2026-03-02,FA13512DM-1847DPOCN-28-32,809666865066,,Angie Stud Bling Pocket Low Rise Skinny Jeans,,,EA,,,,,,,,3,0,,3,,34.00,34.00,102.00,102.00,0.00,,102.00,FALSE,TRUE,FALSE,FALSE,,,,,,,,,,,,,,,,,,
SO2026-000095,1,0,2026-03-02,2026-03-06,2026-04-01,2026-03-04,,,,,AMZ-eCom,AMZ eCom,,30,USD,418.00,418.00,432.31,418.00,0.00,0,0.00,0,0.00,14.31,0.00,,,,,432.31,,0.00,,,,,,,,,,,,,,,,,,,,,,,10001,10565,10001-2026-000095,,,,,,,,,AMZ eCom Shipping,Alex Reed,Nora Lane,AMZ eCom Retail,201 Harbor Ave,Dock 1,Main ship location,Los Angeles,CA,90002,Los Angeles,USA,ship-amz-ecom@example.com,(213) 555-1006,,,,,,,,,,,,,,,,,,,3,2026-03-02,FD3601033,,,Jay-Low Tencel Denim Shirtdress - Chiffon Collar and Tie Sleeve,,,EA,,,,,,,,4,0,,4,,49.00,49.00,196.00,196.00,0.00,,196.00,FALSE,TRUE,FALSE,FALSE,,,,,,,,,,,,,,,,,,
SO2026-000096,1,0,2026-03-04,2026-03-08,2026-04-03,2026-03-04,,,,,Mirakl-HudsonsB,Mirakl HudsonsB,,30,USD,387.00,387.00,395.35,387.00,0.00,0,0.00,0,0.00,8.35,0.00,,,,,395.35,,0.00,,,,,,,,,,,,,,,,,,,,,,,10005,10577,10005-2026-000096,,,,,,,,,Mirakl HudsonsB Shipping,Morgan Lee,Yara Glenn,Mirakl HudsonsB Network,212 Quail Hill Pkwy,Dock 12,Network ship location,Irvine,CA,92607,Orange,USA,ship-mirakl-hudsonsb@example.com,(949) 555-2106,,,,,,,,,,,,,,,,,,,1,2026-03-04,CORA-01-CAME-S,,,CROSS FRONT SANDAL,,,EA,,,,,,,,3,0,,3,,129.00,129.00,387.00,387.00,0.00,,387.00,FALSE,TRUE,FALSE,FALSE,,,,,,,,,,,,,,,,,,
SO2026-000097,1,0,2026-03-01,2026-03-05,2026-03-31,2026-03-01,,,,,eBay,eBay,,30,USD,160.00,160.00,166.44,160.00,0.00,0,0.00,0,0.00,6.44,0.00,,,,,166.44,,0.00,,,,,,,,,,,,,,,,,,,,,,,10004,10570,10004-2026-000097,,,,,,,,,eBay Shipping,Morgan Lee,Quentin Hale,eBay Commerce,204 Fulfillment Ave,Dock 4,Standard ship location,San Jose,CA,95111,Santa Clara,USA,ship-ebay@example.com,(408) 555-1306,,,,,,,,,,,,,,,,,,,1,2026-03-01,FA16023WV-SMOKELEOPARD-L-STD,809666395907,,Olivia Smoke Leopard Print Kimono Wrap Maxi Dress,,,EA,,,,,,,,4,0,,4,,40.00,40.00,160.00,160.00,0.00,,160.00,FALSE,TRUE,FALSE,FALSE,,,,,,,,,,,,,,,,,,
SO2026-000098,1,0,2026-03-03,2026-03-03,2026-04-02,2026-03-05,,,,,Squarespace,Squarespace,,30,USD,76.00,76.00,76.00,76.00,0.00,0,0.00,0,0.00,0.00,0.00,,,,,76.00,,0.00,,,,,,,,,,,,,,,,,,,,,,,20006,10582,20006-2026-000098,,,,,,,,,Squarespace Shipping,Jamie Clark,Elin Marsh,Squarespace Digital,218 Camino Del Rio,Dock 18,Digital ship location,San Diego,CA,92108,San Diego,USA,ship-squarespace@example.com,(619) 555-2706,,,,,,,,,,,,,,,,,,,1,2026-03-03,ASTRID-01-BLUSH-8.5,,,SLIP ON SNEAKER,,,EA,,,,,,,,2,0,,2,,20.75,20.75,41.50,41.50,0.00,,41.50,FALSE,TRUE,FALSE,FALSE,,,,,,,,,,,,,,,,,,
SO2026-000098,1,0,2026-03-03,2026-03-03,2026-04-02,2026-03-05,,,,,Squarespace,Squarespace,,30,USD,76.00,76.00,76.00,76.00,0.00,0,0.00,0,0.00,0.00,0.00,,,,,76.00,,0.00,,,,,,,,,,,,,,,,,,,,,,,20006,10582,20006-2026-000098,,,,,,,,,Squarespace Shipping,Jamie Clark,Elin Marsh,Squarespace Digital,218 Camino Del Rio,Dock 18,Digital ship location,San Diego,CA,92108,San Diego,USA,ship-squarespace@example.com,(619) 555-2706,,,,,,,,,,,,,,,,,,,2,2026-03-03,ADELINE-02-CAMEL-8.5,,,WOVEN SLIDE SANDAL,,,EA,,,,,,,,3,0,,3,,11.50,11.50,34.50,34.50,0.00,,34.50,FALSE,TRUE,FALSE,FALSE,,,,,,,,,,,,,,,,,,
SO2026-000099,1,0,2026-03-01,2026-03-06,2026-03-31,2026-03-02,,,,,AMZ-eCom,AMZ eCom,,30,USD,43.00,43.00,56.24,43.00,0.00,0,0.00,0,0.00,13.24,0.00,,,,,56.24,,0.00,,,,,,,,,,,,,,,,,,,,,,,10001,10565,10001-2026-000099,,,,,,,,,AMZ eCom Shipping,Alex Reed,Nora Lane,AMZ eCom Retail,201 Harbor Ave,Dock 1,Main ship location,Los Angeles,CA,90002,Los Angeles,USA,ship-amz-ecom@example.com,(213) 555-1006,,,,,,,,,,,,,,,,,,,1,2026-03-01,CORA-01-LEOP-5.5,,,CROSS FRONT SANDAL,,,EA,,,,,,,,4,0,,4,,10.75,10.75,43.00,43.00,0.00,,43.00,FALSE,TRUE,FALSE,FALSE,,,,,,,,,,,,,,,,,,
SO2026-000100,1,0,2026-03-02,2026-03-06,2026-04-01,2026-03-04,,,,,Etsy-VS,Etsy VS,,30,USD,123.50,123.50,139.97,123.50,0.00,0,0.00,0,0.00,16.47,0.00,,,,,139.97,,0.00,,,,,,,,,,,,,,,,,,,,,,,10008,10572,10008-2026-000100,,,,,,,,,Etsy VS Shipping,Jamie Clark,Soren Vale,Etsy VS Marketplace,206 Pacific Hwy,Dock 6,Seasonal ship location,Los Angeles,CA,90004,Los Angeles,USA,ship-etsy-vs@example.com,(213) 555-1506,,,,,,,,,,,,,,,,,,,1,2026-03-02,CORA-01-LEOP-11,,,CROSS FRONT SANDAL,,,EA,,,,,,,,2,0,,2,,10.75,10.75,21.50,21.50,0.00,,21.50,FALSE,TRUE,FALSE,FALSE,,,,,,,,,,,,,,,,,,
SO2026-000100,1,0,2026-03-02,2026-03-06,2026-04-01,2026-03-04,,,,,Etsy-VS,Etsy VS,,30,USD,123.50,123.50,139.97,123.50,0.00,0,0.00,0,0.00,16.47,0.00,,,,,139.97,,0.00,,,,,,,,,,,,,,,,,,,,,,,10008,10572,10008-2026-000100,,,,,,,,,Etsy VS Shipping,Jamie Clark,Soren Vale,Etsy VS Marketplace,206 Pacific Hwy,Dock 6,Seasonal ship location,Los Angeles,CA,90004,Los Angeles,USA,ship-etsy-vs@example.com,(213) 555-1506,,,,,,,,,,,,,,,,,,,2,2026-03-02,F13031C-1742VNTGST-27-STD,809666255072,,Cayden Vintage Beujolias Corduroy Skinny Jeans,,,EA,,,,,,,,3,0,,3,,34.00,34.00,102.00,102.00,0.00,,102.00,FALSE,TRUE,FALSE,FALSE,,,,,,,,,,,,,,,,,,
SO2026-000101,1,0,2026-03-04,2026-03-07,2026-04-03,2026-03-04,,,,,Mirakl-HudsonsB,Mirakl HudsonsB,,30,USD,384.00,384.00,384.00,384.00,0.00,0,0.00,0,0.00,0.00,0.00,,,,,384.00,,0.00,,,,,,,,,,,,,,,,,,,,,,,10005,10577,10005-2026-000101,,,,,,,,,Mirakl HudsonsB Shipping,Morgan Lee,Yara Glenn,Mirakl HudsonsB Network,212 Quail Hill Pkwy,Dock 12,Network ship location,Irvine,CA,92607,Orange,USA,ship-mirakl-hudsonsb@example.com,(949) 555-2106,,,,,,,,,,,,,,,,,,,1,2026-03-04,CAMILA-06-GREEN-B12,,,COSS FRONT SLIP ON SLIDES,,,EA,,,,,,,,4,0,,4,,96.00,96.00,384.00,384.00,0.00,,384.00,FALSE,TRUE,FALSE,FALSE,,,,,,,,,,,,,,,,,,
SO2026-000102,1,0,2026-03-02,2026-03-06,2026-04-01,2026-03-03,,,,,JCPenney,JCPenney,,30,USD,48.75,48.75,64.99,48.75,0.00,0,0.00,0,0.00,16.24,0.00,,,,,64.99,,0.00,,,,,,,,,,,,,,,,,,,,,,,30007,10575,30007-2026-000102,,,,,,,,,JCPenney Shipping,Alex Reed,Zane Holt,JCPenney Stores,213 Gateway Rd,Dock 13,Retail ship location,San Diego,CA,92106,San Diego,USA,ship-jcpenney@example.com,(619) 555-2206,,,,,,,,,,,,,,,,,,,1,2026-03-02,AVIANA-06-BLACK-5,,,FUR SLIPPER,,,EA,,,,,,,,3,0,,3,,16.25,16.25,48.75,48.75,0.00,,48.75,FALSE,TRUE,FALSE,FALSE,,,,,,,,,,,,,,,,,,
SO2026-000103,1,0,2026-03-02,2026-03-03,2026-04-01,2026-03-02,,,,,Shopify,Shopify,,30,USD,199.00,199.00,207.59,199.00,0.00,0,0.00,0,0.00,8.59,0.00,,,,,207.59,,0.00,,,,,,,,,,,,,,,,,,,,,,,20001,10580,20001-2026-000103,,,,,,,,,Shopify Shipping,Alex Reed,Dario Lowe,Shopify Commerce,217 Barranca Pkwy,Dock 17,Commerce ship location,Irvine,CA,92609,Orange,USA,ship-shopify@example.com,(949) 555-2606,,,,,,,,,,,,,,,,,,,1,2026-03-02,CAMILA-06-GREEN-5.5,,,COSS FRONT SLIP ON SLIDES,,,EA,,,,,,,,3,0,,3,,8.00,8.00,24.00,24.00,0.00,,24.00,FALSE,TRUE,FALSE,FALSE,,,,,,,,,,,,,,,,,,
SO2026-000103,1,0,2026-03-02,2026-03-03,2026-04-01,2026-03-02,,,,,Shopify,Shopify,,30,USD,199.00,199.00,207.59,199.00,0.00,0,0.00,0,0.00,8.59,0.00,,,,,207.59,,0.00,,,,,,,,,,,,,,,,,,,,,,,20001,10580,20001-2026-000103,,,,,,,,,Shopify Shipping,Alex Reed,Dario Lowe,Shopify Commerce,217 Barranca Pkwy,Dock 17,Commerce ship location,Irvine,CA,92609,Orange,USA,ship-shopify@example.com,(949) 555-2606,,,,,,,,,,,,,,,,,,,2,2026-03-02,FA16105WV-MIDNIGHTBLUE-XL-STD,809666795561,,Patricia Woven Chiffon Midnight Blue Palazzo Pant W Elastic Waist,,,EA,,,,,,,,3,0,,3,,39.00,39.00,117.00,117.00,0.00,,117.00,FALSE,TRUE,FALSE,FALSE,,,,,,,,,,,,,,,,,,
SO2026-000103,1,0,2026-03-02,2026-03-03,2026-04-01,2026-03-02,,,,,Shopify,Shopify,,30,USD,199.00,199.00,207.59,199.00,0.00,0,0.00,0,0.00,8.59,0.00,,,,,207.59,,0.00,,,,,,,,,,,,,,,,,,,,,,,20001,10580,20001-2026-000103,,,,,,,,,Shopify Shipping,Alex Reed,Dario Lowe,Shopify Commerce,217 Barranca Pkwy,Dock 17,Commerce ship location,Irvine,CA,92609,Orange,USA,ship-shopify@example.com,(949) 555-2606,,,,,,,,,,,,,,,,,,,3,2026-03-02,F13T007SS-CABERNET-S-STD,809666393118,,S&P V-neck Sleeveless Peplum Blouse Front Hook-and-eye Closu,,,EA,,,,,,,,2,0,,2,,29.00,29.00,58.00,58.00,0.00,,58.00,FALSE,TRUE,FALSE,FALSE,,,,,,,,,,,,,,,,,,
SO2026-000104,1,0,2026-03-03,2026-03-07,2026-04-02,2026-03-05,,,,,Mirakl-Kohls,Mirakl Kohls,,30,USD,65.50,65.50,82.14,65.50,0.00,0,0.00,0,0.00,16.64,0.00,,,,,82.14,,0.00,,,,,,,,,,,,,,,,,,,,,,,10013,10576,10013-2026-000104,,,,,,,,,Mirakl Kohls Shipping,Jamie Clark,Asha Ives,Mirakl Kohls Network,214 Silver Creek Rd,Dock 14,Partner ship location,San Jose,CA,95115,Santa Clara,USA,ship-mirakl-kohls@example.com,(408) 555-2306,,,,,,,,,,,,,,,,,,,1,2026-03-03,F13031C-1742VNTGDM-30-STD,809666255010,,Cayden Vintage Beujolias Corduroy Skinny Jeans,,,EA,,,,,,,,1,0,,1,,34.00,34.00,34.00,34.00,0.00,,34.00,FALSE,TRUE,FALSE,FALSE,,,,,,,,,,,,,,,,,,
SO2026-000104,1,0,2026-03-03,2026-03-07,2026-04-02,2026-03-05,,,,,Mirakl-Kohls,Mirakl Kohls,,30,USD,65.50,65.50,82.14,65.50,0.00,0,0.00,0,0.00,16.64,0.00,,,,,82.14,,0.00,,,,,,,,,,,,,,,,,,,,,,,10013,10576,10013-2026-000104,,,,,,,,,Mirakl Kohls Shipping,Jamie Clark,Asha Ives,Mirakl Kohls Network,214 Silver Creek Rd,Dock 14,Partner ship location,San Jose,CA,95115,Santa Clara,USA,ship-mirakl-kohls@example.com,(408) 555-2306,,,,,,,,,,,,,,,,,,,2,2026-03-03,AUSTIN-06-BLACK-5.5,,,SNEAKER,,,EA,,,,,,,,2,0,,2,,10.00,10.00,20.00,20.00,0.00,,20.00,FALSE,TRUE,FALSE,FALSE,,,,,,,,,,,,,,,,,,
SO2026-000104,1,0,2026-03-03,2026-03-07,2026-04-02,2026-03-05,,,,,Mirakl-Kohls,Mirakl Kohls,,30,USD,65.50,65.50,82.14,65.50,0.00,0,0.00,0,0.00,16.64,0.00,,,,,82.14,,0.00,,,,,,,,,,,,,,,,,,,,,,,10013,10576,10013-2026-000104,,,,,,,,,Mirakl Kohls Shipping,Jamie Clark,Asha Ives,Mirakl Kohls Network,214 Silver Creek Rd,Dock 14,Partner ship location,San Jose,CA,95115,Santa Clara,USA,ship-mirakl-kohls@example.com,(408) 555-2306,,,,,,,,,,,,,,,,,,,3,2026-03-03,ADELINE-02-BLACK-6,,,WOVEN SLIDE SANDAL,,,EA,,,,,,,,1,0,,1,,11.50,11.50,11.50,11.50,0.00,,11.50,FALSE,TRUE,FALSE,FALSE,,,,,,,,,,,,,,,,,,
SO2026-000105,1,0,2026-03-01,2026-03-04,2026-03-31,2026-03-03,,,,,Magento,Magento,,30,USD,182.50,182.50,194.46,182.50,0.00,0,0.00,0,0.00,11.96,0.00,,,,,194.46,,0.00,,,,,,,,,,,,,,,,,,,,,,,20003,10581,20003-2026-000105,,,,,,,,,Magento Shipping,Morgan Lee,Cora Knox,Magento Platform,216 Century Blvd,Dock 16,Platform ship location,Los Angeles,CA,90008,Los Angeles,USA,ship-magento@example.com,(213) 555-2506,,,,,,,,,,,,,,,,,,,1,2026-03-01,ASTRID-01-BLACK-9,,,SLIP ON SNEAKER,,,EA,,,,,,,,2,0,,2,,20.75,20.75,41.50,41.50,0.00,,41.50,FALSE,TRUE,FALSE,FALSE,,,,,,,,,,,,,,,,,,
SO2026-000105,1,0,2026-03-01,2026-03-04,2026-03-31,2026-03-03,,,,,Magento,Magento,,30,USD,182.50,182.50,194.46,182.50,0.00,0,0.00,0,0.00,11.96,0.00,,,,,194.46,,0.00,,,,,,,,,,,,,,,,,,,,,,,20003,10581,20003-2026-000105,,,,,,,,,Magento Shipping,Morgan Lee,Cora Knox,Magento Platform,216 Century Blvd,Dock 16,Platform ship location,Los Angeles,CA,90008,Los Angeles,USA,ship-magento@example.com,(213) 555-2506,,,,,,,,,,,,,,,,,,,2,2026-03-01,CORA-01-YLW-5,,,CROSS FRONT SANDAL,,,EA,,,,,,,,4,0,,4,,10.75,10.75,43.00,43.00,0.00,,43.00,FALSE,TRUE,FALSE,FALSE,,,,,,,,,,,,,,,,,,
SO2026-000105,1,0,2026-03-01,2026-03-04,2026-03-31,2026-03-03,,,,,Magento,Magento,,30,USD,182.50,182.50,194.46,182.50,0.00,0,0.00,0,0.00,11.96,0.00,,,,,194.46,,0.00,,,,,,,,,,,,,,,,,,,,,,,20003,10581,20003-2026-000105,,,,,,,,,Magento Shipping,Morgan Lee,Cora Knox,Magento Platform,216 Century Blvd,Dock 16,Platform ship location,Los Angeles,CA,90008,Los Angeles,USA,ship-magento@example.com,(213) 555-2506,,,,,,,,,,,,,,,,,,,3,2026-03-01,FD9801506P-BLACK-2X-STD,809666395297,,Natalia Solid Button-Up Wrap Lantern Sleeve Dress,,,EA,,,,,,,,2,0,,2,,49.00,49.00,98.00,98.00,0.00,,98.00,FALSE,TRUE,FALSE,FALSE,,,,,,,,,,,,,,,,,,
SO2026-000106,1,0,2026-03-02,2026-03-03,2026-04-01,2026-03-04,,,,,AMZ-eCom,AMZ eCom,,30,USD,133.50,133.50,147.97,133.50,0.00,0,0.00,0,0.00,14.47,0.00,,,,,147.97,,0.00,,,,,,,,,,,,,,,,,,,,,,,10001,10565,10001-2026-000106,,,,,,,,,AMZ eCom Shipping,Alex Reed,Nora Lane,AMZ eCom Retail,201 Harbor Ave,Dock 1,Main ship location,Los Angeles,CA,90002,Los Angeles,USA,ship-amz-ecom@example.com,(213) 555-1006,,,,,,,,,,,,,,,,,,,1,2026-03-02,CAMILA-06-GREEN-5,,,COSS FRONT SLIP ON SLIDES,,,EA,,,,,,,,3,0,,3,,8.00,8.00,24.00,24.00,0.00,,24.00,FALSE,TRUE,FALSE,FALSE,,,,,,,,,,,,,,,,,,
SO2026-000106,1,0,2026-03-02,2026-03-03,2026-04-01,2026-03-04,,,,,AMZ-eCom,AMZ eCom,,30,USD,133.50,133.50,147.97,133.50,0.00,0,0.00,0,0.00,14.47,0.00,,,,,147.97,,0.00,,,,,,,,,,,,,,,,,,,,,,,10001,10565,10001-2026-000106,,,,,,,,,AMZ eCom Shipping,Alex Reed,Nora Lane,AMZ eCom Retail,201 Harbor Ave,Dock 1,Main ship location,Los Angeles,CA,90002,Los Angeles,USA,ship-amz-ecom@example.com,(213) 555-1006,,,,,,,,,,,,,,,,,,,2,2026-03-02,FA13501DM-RINSEWSFT-31-30,809666858341,,Maya Basic Dark Handsand Wash Midrise Skinny Jeans,,,EA,,,,,,,,2,0,,2,,34.00,34.00,68.00,68.00,0.00,,68.00,FALSE,TRUE,FALSE,FALSE,,,,,,,,,,,,,,,,,,
SO2026-000106,1,0,2026-03-02,2026-03-03,2026-04-01,2026-03-04,,,,,AMZ-eCom,AMZ eCom,,30,USD,133.50,133.50,147.97,133.50,0.00,0,0.00,0,0.00,14.47,0.00,,,,,147.97,,0.00,,,,,,,,,,,,,,,,,,,,,,,10001,10565,10001-2026-000106,,,,,,,,,AMZ eCom Shipping,Alex Reed,Nora Lane,AMZ eCom Retail,201 Harbor Ave,Dock 1,Main ship location,Los Angeles,CA,90002,Los Angeles,USA,ship-amz-ecom@example.com,(213) 555-1006,,,,,,,,,,,,,,,,,,,3,2026-03-02,ASTRID-01-GREY-11,,,SLIP ON SNEAKER,,,EA,,,,,,,,2,0,,2,,20.75,20.75,41.50,41.50,0.00,,41.50,FALSE,TRUE,FALSE,FALSE,,,,,,,,,,,,,,,,,,
SO2026-000107,1,0,2026-03-02,2026-03-02,2026-04-01,2026-03-03,,,,,Veeqo-Amazon,Veeqo Amazon,,30,USD,362.00,362.00,374.19,362.00,0.00,0,0.00,0,0.00,12.19,0.00,,,,,374.19,,0.00,,,,,,,,,,,,,,,,,,,,,,,10016,10579,10016-2026-000107,,,,,,,,,Veeqo Amazon Shipping,Jamie Clark,Owen Pike,Veeqo Amazon Retail,202 Distribution Way,Dock 2,Regional ship location,Irvine,CA,92603,Orange,USA,ship-veeqo-amazon@example.com,(949) 555-1106,,,,,,,,,,,,,,,,,,,1,2026-03-02,FA16023WV-SMOKEYROSE-M-STD,809666901146,,Olivia Gray Floral Print Kimono Chiffon Wrap Maxi Dress,,,EA,,,,,,,,4,0,,4,,39.00,39.00,156.00,156.00,0.00,,156.00,FALSE,TRUE,FALSE,FALSE,,,,,,,,,,,,,,,,,,
SO2026-000107,1,0,2026-03-02,2026-03-02,2026-04-01,2026-03-03,,,,,Veeqo-Amazon,Veeqo Amazon,,30,USD,362.00,362.00,374.19,362.00,0.00,0,0.00,0,0.00,12.19,0.00,,,,,374.19,,0.00,,,,,,,,,,,,,,,,,,,,,,,10016,10579,10016-2026-000107,,,,,,,,,Veeqo Amazon Shipping,Jamie Clark,Owen Pike,Veeqo Amazon Retail,202 Distribution Way,Dock 2,Regional ship location,Irvine,CA,92603,Orange,USA,ship-veeqo-amazon@example.com,(949) 555-1106,,,,,,,,,,,,,,,,,,,2,2026-03-02,FD9801506P-GINGER-2X-STD,809666395358,,Natalia Solid Button-Up Wrap Lantern Sleeve Dress,,,EA,,,,,,,,4,0,,4,,49.00,49.00,196.00,196.00,0.00,,196.00,FALSE,TRUE,FALSE,FALSE,,,,,,,,,,,,,,,,,,
SO2026-000107,1,0,2026-03-02,2026-03-02,2026-04-01,2026-03-03,,,,,Veeqo-Amazon,Veeqo Amazon,,30,USD,362.00,362.00,374.19,362.00,0.00,0,0.00,0,0.00,12.19,0.00,,,,,374.19,,0.00,,,,,,,,,,,,,,,,,,,,,,,10016,10579,10016-2026-000107,,,,,,,,,Veeqo Amazon Shipping,Jamie Clark,Owen Pike,Veeqo Amazon Retail,202 Distribution Way,Dock 2,Regional ship location,Irvine,CA,92603,Orange,USA,ship-veeqo-amazon@example.com,(949) 555-1106,,,,,,,,,,,,,,,,,,,3,2026-03-02,AUSTIN-06-CAMEL-9.5,,,SNEAKER,,,EA,,,,,,,,1,0,,1,,10.00,10.00,10.00,10.00,0.00,,10.00,FALSE,TRUE,FALSE,FALSE,,,,,,,,,,,,,,,,,,
SO2026-000108,1,0,2026-03-01,2026-03-05,2026-03-31,2026-03-02,,,,,Mirakl-Kohls,Mirakl Kohls,,30,USD,68.00,68.00,77.58,68.00,0.00,0,0.00,0,0.00,9.58,0.00,,,,,77.58,,0.00,,,,,,,,,,,,,,,,,,,,,,,10013,10576,10013-2026-000108,,,,,,,,,Mirakl Kohls Shipping,Jamie Clark,Asha Ives,Mirakl Kohls Network,214 Silver Creek Rd,Dock 14,Partner ship location,San Jose,CA,95115,Santa Clara,USA,ship-mirakl-kohls@example.com,(408) 555-2306,,,,,,,,,,,,,,,,,,,1,2026-03-01,F13031C-1742VNTGBJ-24-STD,809666254778,,Cayden Vintage Beujolias Corduroy Skinny Jeans,,,EA,,,,,,,,2,0,,2,,34.00,34.00,68.00,68.00,0.00,,68.00,FALSE,TRUE,FALSE,FALSE,,,,,,,,,,,,,,,,,,
SO2026-000109,1,0,2026-03-03,2026-03-07,2026-04-02,2026-03-05,,,,,JCPenney,JCPenney,,30,USD,102.00,102.00,107.36,102.00,0.00,0,0.00,0,0.00,5.36,0.00,,,,,107.36,,0.00,,,,,,,,,,,,,,,,,,,,,,,30007,10575,30007-2026-000109,,,,,,,,,JCPenney Shipping,Alex Reed,Zane Holt,JCPenney Stores,213 Gateway Rd,Dock 13,Retail ship location,San Diego,CA,92106,San Diego,USA,ship-jcpenney@example.com,(619) 555-2206,,,,,,,,,,,,,,,,,,,1,2026-03-03,F13031C-1742VNTGDM,,,Five-pocket stretch woven corduroy skinny pants with wine stitching and copper hardware.,,,EA,,,,,,,,3,0,,3,,34.00,34.00,102.00,102.00,0.00,,102.00,FALSE,TRUE,FALSE,FALSE,,,,,,,,,,,,,,,,,,
SO2026-000110,1,0,2026-03-04,2026-03-06,2026-04-03,2026-03-06,,,,,Walmart-eComm,Walmart eComm,,30,USD,68.00,68.00,81.79,68.00,0.00,0,0.00,0,0.00,13.79,0.00,,,,,81.79,,0.00,,,,,,,,,,,,,,,,,,,,,,,10002,10566,10002-2026-000110,,,,,,,,,Walmart eComm Shipping,Morgan Lee,Gavin Orr,Walmart eComm Retail,220 Townsend St,Dock 20,National ship location,San Francisco,CA,94109,San Francisco,USA,ship-walmart-ecomm@example.com,(415) 555-2906,,,,,,,,,,,,,,,,,,,1,2026-03-04,FA13512DM-1847DPOCN-32-30,809666864953,,Angie Stud Bling Pocket Low Rise Skinny Jeans,,,EA,,,,,,,,2,0,,2,,34.00,34.00,68.00,68.00,0.00,,68.00,FALSE,TRUE,FALSE,FALSE,,,,,,,,,,,,,,,,,,
SO2026-000111,1,0,2026-03-01,2026-03-05,2026-03-31,2026-03-01,,,,,Veeqo-Amazon,Veeqo Amazon,,30,USD,106.50,106.50,121.07,106.50,0.00,0,0.00,0,0.00,14.57,0.00,,,,,121.07,,0.00,,,,,,,,,,,,,,,,,,,,,,,10016,10579,10016-2026-000111,,,,,,,,,Veeqo Amazon Shipping,Jamie Clark,Owen Pike,Veeqo Amazon Retail,202 Distribution Way,Dock 2,Regional ship location,Irvine,CA,92603,Orange,USA,ship-veeqo-amazon@example.com,(949) 555-1106,,,,,,,,,,,,,,,,,,,1,2026-03-01,ADELINE-03-BLACK-12,,,BUCKLE FRONT FLAT SANDALS,,,EA,,,,,,,,4,0,,4,,18.50,18.50,74.00,74.00,0.00,,74.00,FALSE,TRUE,FALSE,FALSE,,,,,,,,,,,,,,,,,,
SO2026-000111,1,0,2026-03-01,2026-03-05,2026-03-31,2026-03-01,,,,,Veeqo-Amazon,Veeqo Amazon,,30,USD,106.50,106.50,121.07,106.50,0.00,0,0.00,0,0.00,14.57,0.00,,,,,121.07,,0.00,,,,,,,,,,,,,,,,,,,,,,,10016,10579,10016-2026-000111,,,,,,,,,Veeqo Amazon Shipping,Jamie Clark,Owen Pike,Veeqo Amazon Retail,202 Distribution Way,Dock 2,Regional ship location,Irvine,CA,92603,Orange,USA,ship-veeqo-amazon@example.com,(949) 555-1106,,,,,,,,,,,,,,,,,,,2,2026-03-01,AVIANA-06-BEIGE-9.5,,,FUR SLIPPER,,,EA,,,,,,,,2,0,,2,,16.25,16.25,32.50,32.50,0.00,,32.50,FALSE,TRUE,FALSE,FALSE,,,,,,,,,,,,,,,,,,
SO2026-000112,1,0,2026-03-01,2026-03-02,2026-03-31,2026-03-02,,,,,JCPenney,JCPenney,,30,USD,288.00,288.00,303.92,288.00,0.00,0,0.00,0,0.00,15.92,0.00,,,,,303.92,,0.00,,,,,,,,,,,,,,,,,,,,,,,30007,10575,30007-2026-000112,,,,,,,,,JCPenney Shipping,Alex Reed,Zane Holt,JCPenney Stores,213 Gateway Rd,Dock 13,Retail ship location,San Diego,CA,92106,San Diego,USA,ship-jcpenney@example.com,(619) 555-2206,,,,,,,,,,,,,,,,,,,1,2026-03-01,CAMILA-06-BLACK-S,,,COSS FRONT SLIP ON SLIDES,,,EA,,,,,,,,3,0,,3,,96.00,96.00,288.00,288.00,0.00,,288.00,FALSE,TRUE,FALSE,FALSE,,,,,,,,,,,,,,,,,,
SO2026-000113,1,0,2026-03-02,2026-03-05,2026-04-01,2026-03-02,,,,,Mirakl-HudsonsB,Mirakl HudsonsB,,30,USD,92.00,92.00,94.91,92.00,0.00,0,0.00,0,0.00,2.91,0.00,,,,,94.91,,0.00,,,,,,,,,,,,,,,,,,,,,,,10005,10577,10005-2026-000113,,,,,,,,,Mirakl HudsonsB Shipping,Morgan Lee,Yara Glenn,Mirakl HudsonsB Network,212 Quail Hill Pkwy,Dock 12,Network ship location,Irvine,CA,92607,Orange,USA,ship-mirakl-hudsonsb@example.com,(949) 555-2106,,,,,,,,,,,,,,,,,,,1,2026-03-02,AUSTIN-06-BLUSH-9.5,,,SNEAKER,,,EA,,,,,,,,2,0,,2,,10.00,10.00,20.00,20.00,0.00,,20.00,FALSE,TRUE,FALSE,FALSE,,,,,,,,,,,,,,,,,,
SO2026-000113,1,0,2026-03-02,2026-03-05,2026-04-01,2026-03-02,,,,,Mirakl-HudsonsB,Mirakl HudsonsB,,30,USD,92.00,92.00,94.91,92.00,0.00,0,0.00,0,0.00,2.91,0.00,,,,,94.91,,0.00,,,,,,,,,,,,,,,,,,,,,,,10005,10577,10005-2026-000113,,,,,,,,,Mirakl HudsonsB Shipping,Morgan Lee,Yara Glenn,Mirakl HudsonsB Network,212 Quail Hill Pkwy,Dock 12,Network ship location,Irvine,CA,92607,Orange,USA,ship-mirakl-hudsonsb@example.com,(949) 555-2106,,,,,,,,,,,,,,,,,,,2,2026-03-02,173451-1183CITIZEN-5-34,809666377750,,Susan Stretch Denim Skinny Jeans Medium Blue 5 Pocket Wash,,,EA,,,,,,,,3,0,,3,,24.00,24.00,72.00,72.00,0.00,,72.00,FALSE,TRUE,FALSE,FALSE,,,,,,,,,,,,,,,,,,
SO2026-000114,1,0,2026-03-03,2026-03-08,2026-04-02,2026-03-05,,,,,eBay,eBay,,30,USD,60.50,60.50,76.93,60.50,0.00,0,0.00,0,0.00,16.43,0.00,,,,,76.93,,0.00,,,,,,,,,,,,,,,,,,,,,,,10004,10570,10004-2026-000114,,,,,,,,,eBay Shipping,Morgan Lee,Quentin Hale,eBay Commerce,204 Fulfillment Ave,Dock 4,Standard ship location,San Jose,CA,95111,Santa Clara,USA,ship-ebay@example.com,(408) 555-1306,,,,,,,,,,,,,,,,,,,1,2026-03-03,FD9801506P-BLACK-3X-STD,809666395303,,Natalia Solid Button-Up Wrap Lantern Sleeve Dress,,,EA,,,,,,,,1,0,,1,,49.00,49.00,49.00,49.00,0.00,,49.00,FALSE,TRUE,FALSE,FALSE,,,,,,,,,,,,,,,,,,
SO2026-000114,1,0,2026-03-03,2026-03-08,2026-04-02,2026-03-05,,,,,eBay,eBay,,30,USD,60.50,60.50,76.93,60.50,0.00,0,0.00,0,0.00,16.43,0.00,,,,,76.93,,0.00,,,,,,,,,,,,,,,,,,,,,,,10004,10570,10004-2026-000114,,,,,,,,,eBay Shipping,Morgan Lee,Quentin Hale,eBay Commerce,204 Fulfillment Ave,Dock 4,Standard ship location,San Jose,CA,95111,Santa Clara,USA,ship-ebay@example.com,(408) 555-1306,,,,,,,,,,,,,,,,,,,2,2026-03-03,ADELINE-02-CAMEL-11,,,WOVEN SLIDE SANDAL,,,EA,,,,,,,,1,0,,1,,11.50,11.50,11.50,11.50,0.00,,11.50,FALSE,TRUE,FALSE,FALSE,,,,,,,,,,,,,,,,,,
SO2026-000115,1,0,2026-03-03,2026-03-07,2026-04-02,2026-03-03,,,,,Macys,Macys,,30,USD,238.00,238.00,246.48,238.00,0.00,0,0.00,0,0.00,8.48,0.00,,,,,246.48,,0.00,,,,,,,,,,,,,,,,,,,,,,,30005,10574,30005-2026-000115,,,,,,,,,Macys Shipping,Taylor Kim,Blake Jett,Macys Stores,215 King St,Dock 15,Department ship location,San Francisco,CA,94107,San Francisco,USA,ship-macys@example.com,(415) 555-2406,,,,,,,,,,,,,,,,,,,1,2026-03-03,FA13501DM,,,Maya Basic Dark Handsand Wash Midrise Skinny Jeans,,,EA,,,,,,,,3,0,,3,,34.00,34.00,102.00,102.00,0.00,,102.00,FALSE,TRUE,FALSE,FALSE,,,,,,,,,,,,,,,,,,
SO2026-000115,1,0,2026-03-03,2026-03-07,2026-04-02,2026-03-03,,,,,Macys,Macys,,30,USD,238.00,238.00,246.48,238.00,0.00,0,0.00,0,0.00,8.48,0.00,,,,,246.48,,0.00,,,,,,,,,,,,,,,,,,,,,,,30005,10574,30005-2026-000115,,,,,,,,,Macys Shipping,Taylor Kim,Blake Jett,Macys Stores,215 King St,Dock 15,Department ship location,San Francisco,CA,94107,San Francisco,USA,ship-macys@example.com,(415) 555-2406,,,,,,,,,,,,,,,,,,,2,2026-03-03,FA13512DM-1847DPOCN-31-32,809666865097,,Angie Stud Bling Pocket Low Rise Skinny Jeans,,,EA,,,,,,,,4,0,,4,,34.00,34.00,136.00,136.00,0.00,,136.00,FALSE,TRUE,FALSE,FALSE,,,,,,,,,,,,,,,,,,
SO2026-000116,1,0,2026-03-04,2026-03-07,2026-04-03,2026-03-04,,,,,eBay,eBay,,30,USD,105.00,105.00,110.79,105.00,0.00,0,0.00,0,0.00,5.79,0.00,,,,,110.79,,0.00,,,,,,,,,,,,,,,,,,,,,,,10004,10570,10004-2026-000116,,,,,,,,,eBay Shipping,Morgan Lee,Quentin Hale,eBay Commerce,204 Fulfillment Ave,Dock 4,Standard ship location,San Jose,CA,95111,Santa Clara,USA,ship-ebay@example.com,(408) 555-1306,,,,,,,,,,,,,,,,,,,1,2026-03-04,CORA-01-LEOP-9.5,,,CROSS FRONT SANDAL,,,EA,,,,,,,,4,0,,4,,10.75,10.75,43.00,43.00,0.00,,43.00,FALSE,TRUE,FALSE,FALSE,,,,,,,,,,,,,,,,,,
SO2026-000116,1,0,2026-03-04,2026-03-07,2026-04-03,2026-03-04,,,,,eBay,eBay,,30,USD,105.00,105.00,110.79,105.00,0.00,0,0.00,0,0.00,5.79,0.00,,,,,110.79,,0.00,,,,,,,,,,,,,,,,,,,,,,,10004,10570,10004-2026-000116,,,,,,,,,eBay Shipping,Morgan Lee,Quentin Hale,eBay Commerce,204 Fulfillment Ave,Dock 4,Standard ship location,San Jose,CA,95111,Santa Clara,USA,ship-ebay@example.com,(408) 555-1306,,,,,,,,,,,,,,,,,,,2,2026-03-04,CAMILA-06-NUDE-6,,,COSS FRONT SLIP ON SLIDES,,,EA,,,,,,,,2,0,,2,,8.00,8.00,16.00,16.00,0.00,,16.00,FALSE,TRUE,FALSE,FALSE,,,,,,,,,,,,,,,,,,
SO2026-000116,1,0,2026-03-04,2026-03-07,2026-04-03,2026-03-04,,,,,eBay,eBay,,30,USD,105.00,105.00,110.79,105.00,0.00,0,0.00,0,0.00,5.79,0.00,,,,,110.79,,0.00,,,,,,,,,,,,,,,,,,,,,,,10004,10570,10004-2026-000116,,,,,,,,,eBay Shipping,Morgan Lee,Quentin Hale,eBay Commerce,204 Fulfillment Ave,Dock 4,Standard ship location,San Jose,CA,95111,Santa Clara,USA,ship-ebay@example.com,(408) 555-1306,,,,,,,,,,,,,,,,,,,3,2026-03-04,ADELINE-02-WHITE-9,,,WOVEN SLIDE SANDAL,,,EA,,,,,,,,4,0,,4,,11.50,11.50,46.00,46.00,0.00,,46.00,FALSE,TRUE,FALSE,FALSE,,,,,,,,,,,,,,,,,,
SO2026-000117,1,0,2026-03-02,2026-03-06,2026-04-01,2026-03-02,,,,,eBay,eBay,,30,USD,396.00,396.00,410.62,396.00,0.00,0,0.00,0,0.00,14.62,0.00,,,,,410.62,,0.00,,,,,,,,,,,,,,,,,,,,,,,10004,10570,10004-2026-000117,,,,,,,,,eBay Shipping,Morgan Lee,Quentin Hale,eBay Commerce,204 Fulfillment Ave,Dock 4,Standard ship location,San Jose,CA,95111,Santa Clara,USA,ship-ebay@example.com,(408) 555-1306,,,,,,,,,,,,,,,,,,,1,2026-03-02,ADELINE-03-BROWN-B12,,,BUCKLE FRONT FLAT SANDALS,,,EA,,,,,,,,1,0,,1,,222.00,222.00,222.00,222.00,0.00,,222.00,FALSE,TRUE,FALSE,FALSE,,,,,,,,,,,,,,,,,,
SO2026-000117,1,0,2026-03-02,2026-03-06,2026-04-01,2026-03-02,,,,,eBay,eBay,,30,USD,396.00,396.00,410.62,396.00,0.00,0,0.00,0,0.00,14.62,0.00,,,,,410.62,,0.00,,,,,,,,,,,,,,,,,,,,,,,10004,10570,10004-2026-000117,,,,,,,,,eBay Shipping,Morgan Lee,Quentin Hale,eBay Commerce,204 Fulfillment Ave,Dock 4,Standard ship location,San Jose,CA,95111,Santa Clara,USA,ship-ebay@example.com,(408) 555-1306,,,,,,,,,,,,,,,,,,,2,2026-03-02,FA13501DM-1608BLAU2-26-30,809666857696,,Maya Basic Dark Handsand Wash Midrise Skinny Jeans,,,EA,,,,,,,,3,0,,3,,34.00,34.00,102.00,102.00,0.00,,102.00,FALSE,TRUE,FALSE,FALSE,,,,,,,,,,,,,,,,,,
SO2026-000117,1,0,2026-03-02,2026-03-06,2026-04-01,2026-03-02,,,,,eBay,eBay,,30,USD,396.00,396.00,410.62,396.00,0.00,0,0.00,0,0.00,14.62,0.00,,,,,410.62,,0.00,,,,,,,,,,,,,,,,,,,,,,,10004,10570,10004-2026-000117,,,,,,,,,eBay Shipping,Morgan Lee,Quentin Hale,eBay Commerce,204 Fulfillment Ave,Dock 4,Standard ship location,San Jose,CA,95111,Santa Clara,USA,ship-ebay@example.com,(408) 555-1306,,,,,,,,,,,,,,,,,,,3,2026-03-02,173451-1183CITIZEN-17-34,809666377811,,Susan Stretch Denim Skinny Jeans Medium Blue 5 Pocket Wash,,,EA,,,,,,,,3,0,,3,,24.00,24.00,72.00,72.00,0.00,,72.00,FALSE,TRUE,FALSE,FALSE,,,,,,,,,,,,,,,,,,
SO2026-000118,1,0,2026-03-01,2026-03-04,2026-03-31,2026-03-02,,,,,Mirakl-HudsonsB,Mirakl HudsonsB,,30,USD,136.00,136.00,152.46,136.00,0.00,0,0.00,0,0.00,16.46,0.00,,,,,152.46,,0.00,,,,,,,,,,,,,,,,,,,,,,,10005,10577,10005-2026-000118,,,,,,,,,Mirakl HudsonsB Shipping,Morgan Lee,Yara Glenn,Mirakl HudsonsB Network,212 Quail Hill Pkwy,Dock 12,Network ship location,Irvine,CA,92607,Orange,USA,ship-mirakl-hudsonsb@example.com,(949) 555-2106,,,,,,,,,,,,,,,,,,,1,2026-03-01,FA13501DM-1464KINGSC,,,Maya Basic Dark Handsand Wash Midrise Skinny Jeans,,,EA,,,,,,,,4,0,,4,,34.00,34.00,136.00,136.00,0.00,,136.00,FALSE,TRUE,FALSE,FALSE,,,,,,,,,,,,,,,,,,
SO2026-000119,1,0,2026-03-03,2026-03-08,2026-04-02,2026-03-05,,,,,Magento,Magento,,30,USD,34.00,34.00,47.39,34.00,0.00,0,0.00,0,0.00,13.39,0.00,,,,,47.39,,0.00,,,,,,,,,,,,,,,,,,,,,,,20003,10581,20003-2026-000119,,,,,,,,,Magento Shipping,Morgan Lee,Cora Knox,Magento Platform,216 Century Blvd,Dock 16,Platform ship location,Los Angeles,CA,90008,Los Angeles,USA,ship-magento@example.com,(213) 555-2506,,,,,,,,,,,,,,,,,,,1,2026-03-03,AUSTIN-06-BLACK-7.5,,,SNEAKER,,,EA,,,,,,,,1,0,,1,,10.00,10.00,10.00,10.00,0.00,,10.00,FALSE,TRUE,FALSE,FALSE,,,,,,,,,,,,,,,,,,
SO2026-000119,1,0,2026-03-03,2026-03-08,2026-04-02,2026-03-05,,,,,Magento,Magento,,30,USD,34.00,34.00,47.39,34.00,0.00,0,0.00,0,0.00,13.39,0.00,,,,,47.39,,0.00,,,,,,,,,,,,,,,,,,,,,,,20003,10581,20003-2026-000119,,,,,,,,,Magento Shipping,Morgan Lee,Cora Knox,Magento Platform,216 Century Blvd,Dock 16,Platform ship location,Los Angeles,CA,90008,Los Angeles,USA,ship-magento@example.com,(213) 555-2506,,,,,,,,,,,,,,,,,,,2,2026-03-03,CAMILA-06-GREEN-6.5,,,COSS FRONT SLIP ON SLIDES,,,EA,,,,,,,,3,0,,3,,8.00,8.00,24.00,24.00,0.00,,24.00,FALSE,TRUE,FALSE,FALSE,,,,,,,,,,,,,,,,,,
SO2026-000120,1,0,2026-03-03,2026-03-03,2026-04-02,2026-03-04,,,,,Squarespace,Squarespace,,30,USD,222.00,222.00,222.00,222.00,0.00,0,0.00,0,0.00,0.00,0.00,,,,,222.00,,0.00,,,,,,,,,,,,,,,,,,,,,,,20006,10582,20006-2026-000120,,,,,,,,,Squarespace Shipping,Jamie Clark,Elin Marsh,Squarespace Digital,218 Camino Del Rio,Dock 18,Digital ship location,San Diego,CA,92108,San Diego,USA,ship-squarespace@example.com,(619) 555-2706,,,,,,,,,,,,,,,,,,,1,2026-03-03,ADELINE-03-BROWN-S,,,BUCKLE FRONT FLAT SANDALS,,,EA,,,,,,,,1,0,,1,,222.00,222.00,222.00,222.00,0.00,,222.00,FALSE,TRUE,FALSE,FALSE,,,,,,,,,,,,,,,,,,
SO2026-000121,1,0,2026-03-02,2026-03-03,2026-04-01,2026-03-02,,,,,Mirakl-HudsonsB,Mirakl HudsonsB,,30,USD,340.25,340.25,346.16,340.25,0.00,0,0.00,0,0.00,5.91,0.00,,,,,346.16,,0.00,,,,,,,,,,,,,,,,,,,,,,,10005,10577,10005-2026-000121,,,,,,,,,Mirakl HudsonsB Shipping,Morgan Lee,Yara Glenn,Mirakl HudsonsB Network,212 Quail Hill Pkwy,Dock 12,Network ship location,Irvine,CA,92607,Orange,USA,ship-mirakl-hudsonsb@example.com,(949) 555-2106,,,,,,,,,,,,,,,,,,,1,2026-03-02,FA13501DM-RINSEWSFT,,,Maya Basic Dark Handsand Wash Midrise Skinny Jeans,,,EA,,,,,,,,2,0,,2,,34.00,34.00,68.00,68.00,0.00,,68.00,FALSE,TRUE,FALSE,FALSE,,,,,,,,,,,,,,,,,,
SO2026-000121,1,0,2026-03-02,2026-03-03,2026-04-01,2026-03-02,,,,,Mirakl-HudsonsB,Mirakl HudsonsB,,30,USD,340.25,340.25,346.16,340.25,0.00,0,0.00,0,0.00,5.91,0.00,,,,,346.16,,0.00,,,,,,,,,,,,,,,,,,,,,,,10005,10577,10005-2026-000121,,,,,,,,,Mirakl HudsonsB Shipping,Morgan Lee,Yara Glenn,Mirakl HudsonsB Network,212 Quail Hill Pkwy,Dock 12,Network ship location,Irvine,CA,92607,Orange,USA,ship-mirakl-hudsonsb@example.com,(949) 555-2106,,,,,,,,,,,,,,,,,,,2,2026-03-02,AUSTIN-06-WHITE-A12,,,SNEAKER,,,EA,,,,,,,,2,0,,2,,120.00,120.00,240.00,240.00,0.00,,240.00,FALSE,TRUE,FALSE,FALSE,,,,,,,,,,,,,,,,,,
SO2026-000121,1,0,2026-03-02,2026-03-03,2026-04-01,2026-03-02,,,,,Mirakl-HudsonsB,Mirakl HudsonsB,,30,USD,340.25,340.25,346.16,340.25,0.00,0,0.00,0,0.00,5.91,0.00,,,,,346.16,,0.00,,,,,,,,,,,,,,,,,,,,,,,10005,10577,10005-2026-000121,,,,,,,,,Mirakl HudsonsB Shipping,Morgan Lee,Yara Glenn,Mirakl HudsonsB Network,212 Quail Hill Pkwy,Dock 12,Network ship location,Irvine,CA,92607,Orange,USA,ship-mirakl-hudsonsb@example.com,(949) 555-2106,,,,,,,,,,,,,,,,,,,3,2026-03-02,CORA-01-FUCH-12,,,CROSS FRONT SANDAL,,,EA,,,,,,,,3,0,,3,,10.75,10.75,32.25,32.25,0.00,,32.25,FALSE,TRUE,FALSE,FALSE,,,,,,,,,,,,,,,,,,
SO2026-000122,1,0,2026-03-01,2026-03-04,2026-03-31,2026-03-03,,,,,Macys,Macys,,30,USD,64.75,64.75,72.81,64.75,0.00,0,0.00,0,0.00,8.06,0.00,,,,,72.81,,0.00,,,,,,,,,,,,,,,,,,,,,,,30005,10574,30005-2026-000122,,,,,,,,,Macys Shipping,Taylor Kim,Blake Jett,Macys Stores,215 King St,Dock 15,Department ship location,San Francisco,CA,94107,San Francisco,USA,ship-macys@example.com,(415) 555-2406,,,,,,,,,,,,,,,,,,,1,2026-03-01,AVIANA-06-BEIGE-12,,,FUR SLIPPER,,,EA,,,,,,,,2,0,,2,,16.25,16.25,32.50,32.50,0.00,,32.50,FALSE,TRUE,FALSE,FALSE,,,,,,,,,,,,,,,,,,
SO2026-000122,1,0,2026-03-01,2026-03-04,2026-03-31,2026-03-03,,,,,Macys,Macys,,30,USD,64.75,64.75,72.81,64.75,0.00,0,0.00,0,0.00,8.06,0.00,,,,,72.81,,0.00,,,,,,,,,,,,,,,,,,,,,,,30005,10574,30005-2026-000122,,,,,,,,,Macys Shipping,Taylor Kim,Blake Jett,Macys Stores,215 King St,Dock 15,Department ship location,San Francisco,CA,94107,San Francisco,USA,ship-macys@example.com,(415) 555-2406,,,,,,,,,,,,,,,,,,,2,2026-03-01,CORA-01-TAUP-5,,,CROSS FRONT SANDAL,,,EA,,,,,,,,1,0,,1,,10.75,10.75,10.75,10.75,0.00,,10.75,FALSE,TRUE,FALSE,FALSE,,,,,,,,,,,,,,,,,,
SO2026-000122,1,0,2026-03-01,2026-03-04,2026-03-31,2026-03-03,,,,,Macys,Macys,,30,USD,64.75,64.75,72.81,64.75,0.00,0,0.00,0,0.00,8.06,0.00,,,,,72.81,,0.00,,,,,,,,,,,,,,,,,,,,,,,30005,10574,30005-2026-000122,,,,,,,,,Macys Shipping,Taylor Kim,Blake Jett,Macys Stores,215 King St,Dock 15,Department ship location,San Francisco,CA,94107,San Francisco,USA,ship-macys@example.com,(415) 555-2406,,,,,,,,,,,,,,,,,,,3,2026-03-01,CORA-01-YLW-9.5,,,CROSS FRONT SANDAL,,,EA,,,,,,,,2,0,,2,,10.75,10.75,21.50,21.50,0.00,,21.50,FALSE,TRUE,FALSE,FALSE,,,,,,,,,,,,,,,,,,
SO2026-000123,1,0,2026-03-01,2026-03-06,2026-03-31,2026-03-02,,,,,Mirakl-Kohls,Mirakl Kohls,,30,USD,131.25,131.25,131.25,131.25,0.00,0,0.00,0,0.00,0.00,0.00,,,,,131.25,,0.00,,,,,,,,,,,,,,,,,,,,,,,10013,10576,10013-2026-000123,,,,,,,,,Mirakl Kohls Shipping,Jamie Clark,Asha Ives,Mirakl Kohls Network,214 Silver Creek Rd,Dock 14,Partner ship location,San Jose,CA,95115,Santa Clara,USA,ship-mirakl-kohls@example.com,(408) 555-2306,,,,,,,,,,,,,,,,,,,1,2026-03-01,F13031C-1742VNTGBJ-25-STD,809666254785,,Cayden Vintage Beujolias Corduroy Skinny Jeans,,,EA,,,,,,,,3,0,,3,,34.00,34.00,102.00,102.00,0.00,,102.00,FALSE,TRUE,FALSE,FALSE,,,,,,,,,,,,,,,,,,
SO2026-000123,1,0,2026-03-01,2026-03-06,2026-03-31,2026-03-02,,,,,Mirakl-Kohls,Mirakl Kohls,,30,USD,131.25,131.25,131.25,131.25,0.00,0,0.00,0,0.00,0.00,0.00,,,,,131.25,,0.00,,,,,,,,,,,,,,,,,,,,,,,10013,10576,10013-2026-000123,,,,,,,,,Mirakl Kohls Shipping,Jamie Clark,Asha Ives,Mirakl Kohls Network,214 Silver Creek Rd,Dock 14,Partner ship location,San Jose,CA,95115,Santa Clara,USA,ship-mirakl-kohls@example.com,(408) 555-2306,,,,,,,,,,,,,,,,,,,2,2026-03-01,ADELINE-03-GOLD-6,,,BUCKLE FRONT FLAT SANDALS,,,EA,,,,,,,,1,0,,1,,18.50,18.50,18.50,18.50,0.00,,18.50,FALSE,TRUE,FALSE,FALSE,,,,,,,,,,,,,,,,,,
SO2026-000123,1,0,2026-03-01,2026-03-06,2026-03-31,2026-03-02,,,,,Mirakl-Kohls,Mirakl Kohls,,30,USD,131.25,131.25,131.25,131.25,0.00,0,0.00,0,0.00,0.00,0.00,,,,,131.25,,0.00,,,,,,,,,,,,,,,,,,,,,,,10013,10576,10013-2026-000123,,,,,,,,,Mirakl Kohls Shipping,Jamie Clark,Asha Ives,Mirakl Kohls Network,214 Silver Creek Rd,Dock 14,Partner ship location,San Jose,CA,95115,Santa Clara,USA,ship-mirakl-kohls@example.com,(408) 555-2306,,,,,,,,,,,,,,,,,,,3,2026-03-01,CORA-01-CAME-12,,,CROSS FRONT SANDAL,,,EA,,,,,,,,1,0,,1,,10.75,10.75,10.75,10.75,0.00,,10.75,FALSE,TRUE,FALSE,FALSE,,,,,,,,,,,,,,,,,,
SO2026-000124,1,0,2026-03-03,2026-03-08,2026-04-02,2026-03-03,,,,,Walmart-eComm,Walmart eComm,,30,USD,114.50,114.50,114.50,114.50,0.00,0,0.00,0,0.00,0.00,0.00,,,,,114.50,,0.00,,,,,,,,,,,,,,,,,,,,,,,10002,10566,10002-2026-000124,,,,,,,,,Walmart eComm Shipping,Morgan Lee,Gavin Orr,Walmart eComm Retail,220 Townsend St,Dock 20,National ship location,San Francisco,CA,94109,San Francisco,USA,ship-walmart-ecomm@example.com,(415) 555-2906,,,,,,,,,,,,,,,,,,,1,2026-03-03,ASTRID-01-BLUSH-5,,,SLIP ON SNEAKER,,,EA,,,,,,,,4,0,,4,,20.75,20.75,83.00,83.00,0.00,,83.00,FALSE,TRUE,FALSE,FALSE,,,,,,,,,,,,,,,,,,
SO2026-000124,1,0,2026-03-03,2026-03-08,2026-04-02,2026-03-03,,,,,Walmart-eComm,Walmart eComm,,30,USD,114.50,114.50,114.50,114.50,0.00,0,0.00,0,0.00,0.00,0.00,,,,,114.50,,0.00,,,,,,,,,,,,,,,,,,,,,,,10002,10566,10002-2026-000124,,,,,,,,,Walmart eComm Shipping,Morgan Lee,Gavin Orr,Walmart eComm Retail,220 Townsend St,Dock 20,National ship location,San Francisco,CA,94109,San Francisco,USA,ship-walmart-ecomm@example.com,(415) 555-2906,,,,,,,,,,,,,,,,,,,2,2026-03-03,CORA-01-FUCH-8.5,,,CROSS FRONT SANDAL,,,EA,,,,,,,,2,0,,2,,10.75,10.75,21.50,21.50,0.00,,21.50,FALSE,TRUE,FALSE,FALSE,,,,,,,,,,,,,,,,,,
SO2026-000124,1,0,2026-03-03,2026-03-08,2026-04-02,2026-03-03,,,,,Walmart-eComm,Walmart eComm,,30,USD,114.50,114.50,114.50,114.50,0.00,0,0.00,0,0.00,0.00,0.00,,,,,114.50,,0.00,,,,,,,,,,,,,,,,,,,,,,,10002,10566,10002-2026-000124,,,,,,,,,Walmart eComm Shipping,Morgan Lee,Gavin Orr,Walmart eComm Retail,220 Townsend St,Dock 20,National ship location,San Francisco,CA,94109,San Francisco,USA,ship-walmart-ecomm@example.com,(415) 555-2906,,,,,,,,,,,,,,,,,,,3,2026-03-03,AUSTIN-06-BLACK-10,,,SNEAKER,,,EA,,,,,,,,1,0,,1,,10.00,10.00,10.00,10.00,0.00,,10.00,FALSE,TRUE,FALSE,FALSE,,,,,,,,,,,,,,,,,,
SO2026-000125,1,0,2026-03-04,2026-03-05,2026-04-03,2026-03-06,,,,,Etsy-LS,Etsy LS,,30,USD,102.00,102.00,105.12,102.00,0.00,0,0.00,0,0.00,3.12,0.00,,,,,105.12,,0.00,,,,,,,,,,,,,,,,,,,,,,,10008,10571,10008-2026-000125,,,,,,,,,Etsy LS Shipping,Alex Reed,Rhea Moss,Etsy LS Marketplace,205 Mission St,Dock 5,Marketplace ship location,San Francisco,CA,94103,San Francisco,USA,ship-etsy-ls@example.com,(415) 555-1406,,,,,,,,,,,,,,,,,,,1,2026-03-04,FA13501DM-RINSEWSFT-30-30,809666858334,,Maya Basic Dark Handsand Wash Midrise Skinny Jeans,,,EA,,,,,,,,3,0,,3,,34.00,34.00,102.00,102.00,0.00,,102.00,FALSE,TRUE,FALSE,FALSE,,,,,,,,,,,,,,,,,,
SO2026-000126,1,0,2026-03-04,2026-03-07,2026-04-03,2026-03-06,,,,,AMZ-eCom,AMZ eCom,,30,USD,32.00,32.00,48.48,32.00,0.00,0,0.00,0,0.00,16.48,0.00,,,,,48.48,,0.00,,,,,,,,,,,,,,,,,,,,,,,10001,10565,10001-2026-000126,,,,,,,,,AMZ eCom Shipping,Alex Reed,Nora Lane,AMZ eCom Retail,201 Harbor Ave,Dock 1,Main ship location,Los Angeles,CA,90002,Los Angeles,USA,ship-amz-ecom@example.com,(213) 555-1006,,,,,,,,,,,,,,,,,,,1,2026-03-04,CAMILA-06-TAUPE-7,,,COSS FRONT SLIP ON SLIDES,,,EA,,,,,,,,4,0,,4,,8.00,8.00,32.00,32.00,0.00,,32.00,FALSE,TRUE,FALSE,FALSE,,,,,,,,,,,,,,,,,,
SO2026-000127,1,0,2026-03-04,2026-03-06,2026-04-03,2026-03-04,,,,,JCPenney,JCPenney,,30,USD,217.25,217.25,229.37,217.25,0.00,0,0.00,0,0.00,12.12,0.00,,,,,229.37,,0.00,,,,,,,,,,,,,,,,,,,,,,,30007,10575,30007-2026-000127,,,,,,,,,JCPenney Shipping,Alex Reed,Zane Holt,JCPenney Stores,213 Gateway Rd,Dock 13,Retail ship location,San Diego,CA,92106,San Diego,USA,ship-jcpenney@example.com,(619) 555-2206,,,,,,,,,,,,,,,,,,,1,2026-03-04,AVIANA-06-BEIGE-7.5,,,FUR SLIPPER,,,EA,,,,,,,,3,0,,3,,16.25,16.25,48.75,48.75,0.00,,48.75,FALSE,TRUE,FALSE,FALSE,,,,,,,,,,,,,,,,,,
SO2026-000127,1,0,2026-03-04,2026-03-06,2026-04-03,2026-03-04,,,,,JCPenney,JCPenney,,30,USD,217.25,217.25,229.37,217.25,0.00,0,0.00,0,0.00,12.12,0.00,,,,,229.37,,0.00,,,,,,,,,,,,,,,,,,,,,,,30007,10575,30007-2026-000127,,,,,,,,,JCPenney Shipping,Alex Reed,Zane Holt,JCPenney Stores,213 Gateway Rd,Dock 13,Retail ship location,San Diego,CA,92106,San Diego,USA,ship-jcpenney@example.com,(619) 555-2206,,,,,,,,,,,,,,,,,,,2,2026-03-04,FA13501DM-1464KINGSC-26-30,809666852448,,Maya Basic Dark Handsand Wash Midrise Skinny Jeans,,,EA,,,,,,,,4,0,,4,,34.00,34.00,136.00,136.00,0.00,,136.00,FALSE,TRUE,FALSE,FALSE,,,,,,,,,,,,,,,,,,
SO2026-000127,1,0,2026-03-04,2026-03-06,2026-04-03,2026-03-04,,,,,JCPenney,JCPenney,,30,USD,217.25,217.25,229.37,217.25,0.00,0,0.00,0,0.00,12.12,0.00,,,,,229.37,,0.00,,,,,,,,,,,,,,,,,,,,,,,30007,10575,30007-2026-000127,,,,,,,,,JCPenney Shipping,Alex Reed,Zane Holt,JCPenney Stores,213 Gateway Rd,Dock 13,Retail ship location,San Diego,CA,92106,San Diego,USA,ship-jcpenney@example.com,(619) 555-2206,,,,,,,,,,,,,,,,,,,3,2026-03-04,AVIANA-06-BLACK-8.5,,,FUR SLIPPER,,,EA,,,,,,,,2,0,,2,,16.25,16.25,32.50,32.50,0.00,,32.50,FALSE,TRUE,FALSE,FALSE,,,,,,,,,,,,,,,,,,
SO2026-000128,1,0,2026-03-03,2026-03-08,2026-04-02,2026-03-05,,,,,Squarespace,Squarespace,,30,USD,32.25,32.25,48.60,32.25,0.00,0,0.00,0,0.00,16.35,0.00,,,,,48.60,,0.00,,,,,,,,,,,,,,,,,,,,,,,20006,10582,20006-2026-000128,,,,,,,,,Squarespace Shipping,Jamie Clark,Elin Marsh,Squarespace Digital,218 Camino Del Rio,Dock 18,Digital ship location,San Diego,CA,92108,San Diego,USA,ship-squarespace@example.com,(619) 555-2706,,,,,,,,,,,,,,,,,,,1,2026-03-03,CORA-01-CAME-8,,,CROSS FRONT SANDAL,,,EA,,,,,,,,3,0,,3,,10.75,10.75,32.25,32.25,0.00,,32.25,FALSE,TRUE,FALSE,FALSE,,,,,,,,,,,,,,,,,,
SO2026-000129,1,0,2026-03-04,2026-03-05,2026-04-03,2026-03-04,,,,,Veeqo-Amazon,Veeqo Amazon,,30,USD,102.00,102.00,112.61,102.00,0.00,0,0.00,0,0.00,10.61,0.00,,,,,112.61,,0.00,,,,,,,,,,,,,,,,,,,,,,,10016,10579,10016-2026-000129,,,,,,,,,Veeqo Amazon Shipping,Jamie Clark,Owen Pike,Veeqo Amazon Retail,202 Distribution Way,Dock 2,Regional ship location,Irvine,CA,92603,Orange,USA,ship-veeqo-amazon@example.com,(949) 555-1106,,,,,,,,,,,,,,,,,,,1,2026-03-04,FA13501DM-1464KINGSC-27-30,809666852455,,Maya Basic Dark Handsand Wash Midrise Skinny Jeans,,,EA,,,,,,,,3,0,,3,,34.00,34.00,102.00,102.00,0.00,,102.00,FALSE,TRUE,FALSE,FALSE,,,,,,,,,,,,,,,,,,
SO2026-000130,1,0,2026-03-01,2026-03-06,2026-03-31,2026-03-01,,,,,Squarespace,Squarespace,,30,USD,55.50,55.50,56.12,55.50,0.00,0,0.00,0,0.00,0.62,0.00,,,,,56.12,,0.00,,,,,,,,,,,,,,,,,,,,,,,20006,10582,20006-2026-000130,,,,,,,,,Squarespace Shipping,Jamie Clark,Elin Marsh,Squarespace Digital,218 Camino Del Rio,Dock 18,Digital ship location,San Diego,CA,92108,San Diego,USA,ship-squarespace@example.com,(619) 555-2706,,,,,,,,,,,,,,,,,,,1,2026-03-01,ADELINE-03-BLACK-5.5,,,BUCKLE FRONT FLAT SANDALS,,,EA,,,,,,,,3,0,,3,,18.50,18.50,55.50,55.50,0.00,,55.50,FALSE,TRUE,FALSE,FALSE,,,,,,,,,,,,,,,,,,
SO2026-000131,1,0,2026-03-01,2026-03-06,2026-03-31,2026-03-03,,,,,Macys,Macys,,30,USD,99.00,99.00,110.26,99.00,0.00,0,0.00,0,0.00,11.26,0.00,,,,,110.26,,0.00,,,,,,,,,,,,,,,,,,,,,,,30005,10574,30005-2026-000131,,,,,,,,,Macys Shipping,Taylor Kim,Blake Jett,Macys Stores,215 King St,Dock 15,Department ship location,San Francisco,CA,94107,San Francisco,USA,ship-macys@example.com,(415) 555-2406,,,,,,,,,,,,,,,,,,,1,2026-03-01,AVIANA-06-BLACK-9,,,FUR SLIPPER,,,EA,,,,,,,,4,0,,4,,16.25,16.25,65.00,65.00,0.00,,65.00,FALSE,TRUE,FALSE,FALSE,,,,,,,,,,,,,,,,,,
SO2026-000131,1,0,2026-03-01,2026-03-06,2026-03-31,2026-03-03,,,,,Macys,Macys,,30,USD,99.00,99.00,110.26,99.00,0.00,0,0.00,0,0.00,11.26,0.00,,,,,110.26,,0.00,,,,,,,,,,,,,,,,,,,,,,,30005,10574,30005-2026-000131,,,,,,,,,Macys Shipping,Taylor Kim,Blake Jett,Macys Stores,215 King St,Dock 15,Department ship location,San Francisco,CA,94107,San Francisco,USA,ship-macys@example.com,(415) 555-2406,,,,,,,,,,,,,,,,,,,2,2026-03-01,FA13512DM-1847DPOCN-32-32,809666865103,,Angie Stud Bling Pocket Low Rise Skinny Jeans,,,EA,,,,,,,,1,0,,1,,34.00,34.00,34.00,34.00,0.00,,34.00,FALSE,TRUE,FALSE,FALSE,,,,,,,,,,,,,,,,,,
SO2026-000132,1,0,2026-03-01,2026-03-05,2026-03-31,2026-03-03,,,,,Mirakl-HudsonsB,Mirakl HudsonsB,,30,USD,256.00,256.00,263.90,256.00,0.00,0,0.00,0,0.00,7.90,0.00,,,,,263.90,,0.00,,,,,,,,,,,,,,,,,,,,,,,10005,10577,10005-2026-000132,,,,,,,,,Mirakl HudsonsB Shipping,Morgan Lee,Yara Glenn,Mirakl HudsonsB Network,212 Quail Hill Pkwy,Dock 12,Network ship location,Irvine,CA,92607,Orange,USA,ship-mirakl-hudsonsb@example.com,(949) 555-2106,,,,,,,,,,,,,,,,,,,1,2026-03-01,AUSTIN-06-BLACK-A12,,,SNEAKER,,,EA,,,,,,,,1,0,,1,,120.00,120.00,120.00,120.00,0.00,,120.00,FALSE,TRUE,FALSE,FALSE,,,,,,,,,,,,,,,,,,
SO2026-000132,1,0,2026-03-01,2026-03-05,2026-03-31,2026-03-03,,,,,Mirakl-HudsonsB,Mirakl HudsonsB,,30,USD,256.00,256.00,263.90,256.00,0.00,0,0.00,0,0.00,7.90,0.00,,,,,263.90,,0.00,,,,,,,,,,,,,,,,,,,,,,,10005,10577,10005-2026-000132,,,,,,,,,Mirakl HudsonsB Shipping,Morgan Lee,Yara Glenn,Mirakl HudsonsB Network,212 Quail Hill Pkwy,Dock 12,Network ship location,Irvine,CA,92607,Orange,USA,ship-mirakl-hudsonsb@example.com,(949) 555-2106,,,,,,,,,,,,,,,,,,,2,2026-03-01,F13031C-1742VNTGDM-31-STD,809666255027,,Cayden Vintage Beujolias Corduroy Skinny Jeans,,,EA,,,,,,,,2,0,,2,,34.00,34.00,68.00,68.00,0.00,,68.00,FALSE,TRUE,FALSE,FALSE,,,,,,,,,,,,,,,,,,
SO2026-000132,1,0,2026-03-01,2026-03-05,2026-03-31,2026-03-03,,,,,Mirakl-HudsonsB,Mirakl HudsonsB,,30,USD,256.00,256.00,263.90,256.00,0.00,0,0.00,0,0.00,7.90,0.00,,,,,263.90,,0.00,,,,,,,,,,,,,,,,,,,,,,,10005,10577,10005-2026-000132,,,,,,,,,Mirakl HudsonsB Shipping,Morgan Lee,Yara Glenn,Mirakl HudsonsB Network,212 Quail Hill Pkwy,Dock 12,Network ship location,Irvine,CA,92607,Orange,USA,ship-mirakl-hudsonsb@example.com,(949) 555-2106,,,,,,,,,,,,,,,,,,,3,2026-03-01,F13031C-1742VNTGDM-24-STD,809666254952,,Cayden Vintage Beujolias Corduroy Skinny Jeans,,,EA,,,,,,,,2,0,,2,,34.00,34.00,68.00,68.00,0.00,,68.00,FALSE,TRUE,FALSE,FALSE,,,,,,,,,,,,,,,,,,
SO2026-000133,1,0,2026-03-04,2026-03-04,2026-04-03,2026-03-05,,,,,Macys,Macys,,30,USD,316.75,316.75,328.65,316.75,0.00,0,0.00,0,0.00,11.90,0.00,,,,,328.65,,0.00,,,,,,,,,,,,,,,,,,,,,,,30005,10574,30005-2026-000133,,,,,,,,,Macys Shipping,Taylor Kim,Blake Jett,Macys Stores,215 King St,Dock 15,Department ship location,San Francisco,CA,94107,San Francisco,USA,ship-macys@example.com,(415) 555-2406,,,,,,,,,,,,,,,,,,,1,2026-03-04,ADELINE-03-TAUPE-6,,,BUCKLE FRONT FLAT SANDALS,,,EA,,,,,,,,4,0,,4,,18.50,18.50,74.00,74.00,0.00,,74.00,FALSE,TRUE,FALSE,FALSE,,,,,,,,,,,,,,,,,,
SO2026-000133,1,0,2026-03-04,2026-03-04,2026-04-03,2026-03-05,,,,,Macys,Macys,,30,USD,316.75,316.75,328.65,316.75,0.00,0,0.00,0,0.00,11.90,0.00,,,,,328.65,,0.00,,,,,,,,,,,,,,,,,,,,,,,30005,10574,30005-2026-000133,,,,,,,,,Macys Shipping,Taylor Kim,Blake Jett,Macys Stores,215 King St,Dock 15,Department ship location,San Francisco,CA,94107,San Francisco,USA,ship-macys@example.com,(415) 555-2406,,,,,,,,,,,,,,,,,,,2,2026-03-04,ASTRID-01-GREY-5,,,SLIP ON SNEAKER,,,EA,,,,,,,,1,0,,1,,20.75,20.75,20.75,20.75,0.00,,20.75,FALSE,TRUE,FALSE,FALSE,,,,,,,,,,,,,,,,,,
SO2026-000133,1,0,2026-03-04,2026-03-04,2026-04-03,2026-03-05,,,,,Macys,Macys,,30,USD,316.75,316.75,328.65,316.75,0.00,0,0.00,0,0.00,11.90,0.00,,,,,328.65,,0.00,,,,,,,,,,,,,,,,,,,,,,,30005,10574,30005-2026-000133,,,,,,,,,Macys Shipping,Taylor Kim,Blake Jett,Macys Stores,215 King St,Dock 15,Department ship location,San Francisco,CA,94107,San Francisco,USA,ship-macys@example.com,(415) 555-2406,,,,,,,,,,,,,,,,,,,3,2026-03-04,ADELINE-03-BLACK-S,,,BUCKLE FRONT FLAT SANDALS,,,EA,,,,,,,,1,0,,1,,222.00,222.00,222.00,222.00,0.00,,222.00,FALSE,TRUE,FALSE,FALSE,,,,,,,,,,,,,,,,,,
SO2026-000134,1,0,2026-03-02,2026-03-07,2026-04-01,2026-03-03,,,,,eBay,eBay,,30,USD,237.00,237.00,240.83,237.00,0.00,0,0.00,0,0.00,3.83,0.00,,,,,240.83,,0.00,,,,,,,,,,,,,,,,,,,,,,,10004,10570,10004-2026-000134,,,,,,,,,eBay Shipping,Morgan Lee,Quentin Hale,eBay Commerce,204 Fulfillment Ave,Dock 4,Standard ship location,San Jose,CA,95111,Santa Clara,USA,ship-ebay@example.com,(408) 555-1306,,,,,,,,,,,,,,,,,,,1,2026-03-02,AUSTIN-06-CAMEL-5.5,,,SNEAKER,,,EA,,,,,,,,3,0,,3,,10.00,10.00,30.00,30.00,0.00,,30.00,FALSE,TRUE,FALSE,FALSE,,,,,,,,,,,,,,,,,,
SO2026-000134,1,0,2026-03-02,2026-03-07,2026-04-01,2026-03-03,,,,,eBay,eBay,,30,USD,237.00,237.00,240.83,237.00,0.00,0,0.00,0,0.00,3.83,0.00,,,,,240.83,,0.00,,,,,,,,,,,,,,,,,,,,,,,10004,10570,10004-2026-000134,,,,,,,,,eBay Shipping,Morgan Lee,Quentin Hale,eBay Commerce,204 Fulfillment Ave,Dock 4,Standard ship location,San Jose,CA,95111,Santa Clara,USA,ship-ebay@example.com,(408) 555-1306,,,,,,,,,,,,,,,,,,,2,2026-03-02,AUSTIN-06-BLACK-B12,,,SNEAKER,,,EA,,,,,,,,1,0,,1,,120.00,120.00,120.00,120.00,0.00,,120.00,FALSE,TRUE,FALSE,FALSE,,,,,,,,,,,,,,,,,,
SO2026-000134,1,0,2026-03-02,2026-03-07,2026-04-01,2026-03-03,,,,,eBay,eBay,,30,USD,237.00,237.00,240.83,237.00,0.00,0,0.00,0,0.00,3.83,0.00,,,,,240.83,,0.00,,,,,,,,,,,,,,,,,,,,,,,10004,10570,10004-2026-000134,,,,,,,,,eBay Shipping,Morgan Lee,Quentin Hale,eBay Commerce,204 Fulfillment Ave,Dock 4,Standard ship location,San Jose,CA,95111,Santa Clara,USA,ship-ebay@example.com,(408) 555-1306,,,,,,,,,,,,,,,,,,,3,2026-03-02,F13T007SS-CABERNET,,,F13T007SS-CABERNET,,,EA,,,,,,,,3,0,,3,,29.00,29.00,87.00,87.00,0.00,,87.00,FALSE,TRUE,FALSE,FALSE,,,,,,,,,,,,,,,,,,
SO2026-000135,1,0,2026-03-02,2026-03-02,2026-04-01,2026-03-04,,,,,Veeqo-Amazon,Veeqo Amazon,,30,USD,188.25,188.25,201.81,188.25,0.00,0,0.00,0,0.00,13.56,0.00,,,,,201.81,,0.00,,,,,,,,,,,,,,,,,,,,,,,10016,10579,10016-2026-000135,,,,,,,,,Veeqo Amazon Shipping,Jamie Clark,Owen Pike,Veeqo Amazon Retail,202 Distribution Way,Dock 2,Regional ship location,Irvine,CA,92603,Orange,USA,ship-veeqo-amazon@example.com,(949) 555-1106,,,,,,,,,,,,,,,,,,,1,2026-03-02,FA16023WV-MIDNIGHTBLUE-XS-STD,809666300970,,Olivia Woven GGT Midnight Blue Kimono Wrap Maxi Dress,,,EA,,,,,,,,4,0,,4,,39.00,39.00,156.00,156.00,0.00,,156.00,FALSE,TRUE,FALSE,FALSE,,,,,,,,,,,,,,,,,,
SO2026-000135,1,0,2026-03-02,2026-03-02,2026-04-01,2026-03-04,,,,,Veeqo-Amazon,Veeqo Amazon,,30,USD,188.25,188.25,201.81,188.25,0.00,0,0.00,0,0.00,13.56,0.00,,,,,201.81,,0.00,,,,,,,,,,,,,,,,,,,,,,,10016,10579,10016-2026-000135,,,,,,,,,Veeqo Amazon Shipping,Jamie Clark,Owen Pike,Veeqo Amazon Retail,202 Distribution Way,Dock 2,Regional ship location,Irvine,CA,92603,Orange,USA,ship-veeqo-amazon@example.com,(949) 555-1106,,,,,,,,,,,,,,,,,,,2,2026-03-02,CORA-01-CAME-5,,,CROSS FRONT SANDAL,,,EA,,,,,,,,3,0,,3,,10.75,10.75,32.25,32.25,0.00,,32.25,FALSE,TRUE,FALSE,FALSE,,,,,,,,,,,,,,,,,,
SO2026-000136,1,0,2026-03-04,2026-03-07,2026-04-03,2026-03-04,,,,,Squarespace,Squarespace,,30,USD,197.00,197.00,204.98,197.00,0.00,0,0.00,0,0.00,7.98,0.00,,,,,204.98,,0.00,,,,,,,,,,,,,,,,,,,,,,,20006,10582,20006-2026-000136,,,,,,,,,Squarespace Shipping,Jamie Clark,Elin Marsh,Squarespace Digital,218 Camino Del Rio,Dock 18,Digital ship location,San Diego,CA,92108,San Diego,USA,ship-squarespace@example.com,(619) 555-2706,,,,,,,,,,,,,,,,,,,1,2026-03-04,FA13512DM-1847DPOCN-27-30,809666864908,,Angie Stud Bling Pocket Low Rise Skinny Jeans,,,EA,,,,,,,,2,0,,2,,34.00,34.00,68.00,68.00,0.00,,68.00,FALSE,TRUE,FALSE,FALSE,,,,,,,,,,,,,,,,,,
SO2026-000136,1,0,2026-03-04,2026-03-07,2026-04-03,2026-03-04,,,,,Squarespace,Squarespace,,30,USD,197.00,197.00,204.98,197.00,0.00,0,0.00,0,0.00,7.98,0.00,,,,,204.98,,0.00,,,,,,,,,,,,,,,,,,,,,,,20006,10582,20006-2026-000136,,,,,,,,,Squarespace Shipping,Jamie Clark,Elin Marsh,Squarespace Digital,218 Camino Del Rio,Dock 18,Digital ship location,San Diego,CA,92108,San Diego,USA,ship-squarespace@example.com,(619) 555-2706,,,,,,,,,,,,,,,,,,,2,2026-03-04,CORA-01-TAUP-B12,,,CROSS FRONT SANDAL,,,EA,,,,,,,,1,0,,1,,129.00,129.00,129.00,129.00,0.00,,129.00,FALSE,TRUE,FALSE,FALSE,,,,,,,,,,,,,,,,,,
SO2026-000137,1,0,2026-03-02,2026-03-05,2026-04-01,2026-03-02,,,,,eBay,eBay,,30,USD,117.00,117.00,119.60,117.00,0.00,0,0.00,0,0.00,2.60,0.00,,,,,119.60,,0.00,,,,,,,,,,,,,,,,,,,,,,,10004,10570,10004-2026-000137,,,,,,,,,eBay Shipping,Morgan Lee,Quentin Hale,eBay Commerce,204 Fulfillment Ave,Dock 4,Standard ship location,San Jose,CA,95111,Santa Clara,USA,ship-ebay@example.com,(408) 555-1306,,,,,,,,,,,,,,,,,,,1,2026-03-02,FA16105WV-MIDNIGHTBLUE-L-STD,809666795554,,Patricia Woven Chiffon Midnight Blue Palazzo Pant W Elastic Waist,,,EA,,,,,,,,3,0,,3,,39.00,39.00,117.00,117.00,0.00,,117.00,FALSE,TRUE,FALSE,FALSE,,,,,,,,,,,,,,,,,,
SO2026-000138,1,0,2026-03-02,2026-03-04,2026-04-01,2026-03-03,,,,,Veeqo-Amazon,Veeqo Amazon,,30,USD,133.00,133.00,142.21,133.00,0.00,0,0.00,0,0.00,9.21,0.00,,,,,142.21,,0.00,,,,,,,,,,,,,,,,,,,,,,,10016,10579,10016-2026-000138,,,,,,,,,Veeqo Amazon Shipping,Jamie Clark,Owen Pike,Veeqo Amazon Retail,202 Distribution Way,Dock 2,Regional ship location,Irvine,CA,92603,Orange,USA,ship-veeqo-amazon@example.com,(949) 555-1106,,,,,,,,,,,,,,,,,,,1,2026-03-02,AVIANA-06-PINK-6.5,,,FUR SLIPPER,,,EA,,,,,,,,4,0,,4,,16.25,16.25,65.00,65.00,0.00,,65.00,FALSE,TRUE,FALSE,FALSE,,,,,,,,,,,,,,,,,,
SO2026-000138,1,0,2026-03-02,2026-03-04,2026-04-01,2026-03-03,,,,,Veeqo-Amazon,Veeqo Amazon,,30,USD,133.00,133.00,142.21,133.00,0.00,0,0.00,0,0.00,9.21,0.00,,,,,142.21,,0.00,,,,,,,,,,,,,,,,,,,,,,,10016,10579,10016-2026-000138,,,,,,,,,Veeqo Amazon Shipping,Jamie Clark,Owen Pike,Veeqo Amazon Retail,202 Distribution Way,Dock 2,Regional ship location,Irvine,CA,92603,Orange,USA,ship-veeqo-amazon@example.com,(949) 555-1106,,,,,,,,,,,,,,,,,,,2,2026-03-02,FA13501DM-1464KINGSC-32-30,809666852509,,Maya Basic Dark Handsand Wash Midrise Skinny Jeans,,,EA,,,,,,,,2,0,,2,,34.00,34.00,68.00,68.00,0.00,,68.00,FALSE,TRUE,FALSE,FALSE,,,,,,,,,,,,,,,,,,
SO2026-000139,1,0,2026-03-02,2026-03-06,2026-04-01,2026-03-02,,,,,Etsy-VS,Etsy VS,,30,USD,235.00,235.00,242.20,235.00,0.00,0,0.00,0,0.00,7.20,0.00,,,,,242.20,,0.00,,,,,,,,,,,,,,,,,,,,,,,10008,10572,10008-2026-000139,,,,,,,,,Etsy VS Shipping,Jamie Clark,Soren Vale,Etsy VS Marketplace,206 Pacific Hwy,Dock 6,Seasonal ship location,Los Angeles,CA,90004,Los Angeles,USA,ship-etsy-vs@example.com,(213) 555-1506,,,,,,,,,,,,,,,,,,,1,2026-03-02,CAMILA-06-LILAC-5.5,,,COSS FRONT SLIP ON SLIDES,,,EA,,,,,,,,2,0,,2,,8.00,8.00,16.00,16.00,0.00,,16.00,FALSE,TRUE,FALSE,FALSE,,,,,,,,,,,,,,,,,,
SO2026-000139,1,0,2026-03-02,2026-03-06,2026-04-01,2026-03-02,,,,,Etsy-VS,Etsy VS,,30,USD,235.00,235.00,242.20,235.00,0.00,0,0.00,0,0.00,7.20,0.00,,,,,242.20,,0.00,,,,,,,,,,,,,,,,,,,,,,,10008,10572,10008-2026-000139,,,,,,,,,Etsy VS Shipping,Jamie Clark,Soren Vale,Etsy VS Marketplace,206 Pacific Hwy,Dock 6,Seasonal ship location,Los Angeles,CA,90004,Los Angeles,USA,ship-etsy-vs@example.com,(213) 555-1506,,,,,,,,,,,,,,,,,,,2,2026-03-02,FA13501DM-RINSEWSFT-32-32,809666858501,,Maya Basic Dark Handsand Wash Midrise Skinny Jeans,,,EA,,,,,,,,4,0,,4,,34.00,34.00,136.00,136.00,0.00,,136.00,FALSE,TRUE,FALSE,FALSE,,,,,,,,,,,,,,,,,,
SO2026-000139,1,0,2026-03-02,2026-03-06,2026-04-01,2026-03-02,,,,,Etsy-VS,Etsy VS,,30,USD,235.00,235.00,242.20,235.00,0.00,0,0.00,0,0.00,7.20,0.00,,,,,242.20,,0.00,,,,,,,,,,,,,,,,,,,,,,,10008,10572,10008-2026-000139,,,,,,,,,Etsy VS Shipping,Jamie Clark,Soren Vale,Etsy VS Marketplace,206 Pacific Hwy,Dock 6,Seasonal ship location,Los Angeles,CA,90004,Los Angeles,USA,ship-etsy-vs@example.com,(213) 555-1506,,,,,,,,,,,,,,,,,,,3,2026-03-02,ASTRID-01-BLACK-8,,,SLIP ON SNEAKER,,,EA,,,,,,,,4,0,,4,,20.75,20.75,83.00,83.00,0.00,,83.00,FALSE,TRUE,FALSE,FALSE,,,,,,,,,,,,,,,,,,
SO2026-000140,1,0,2026-03-02,2026-03-05,2026-04-01,2026-03-03,,,,,Etsy-VS,Etsy VS,,30,USD,87.75,87.75,88.94,87.75,0.00,0,0.00,0,0.00,1.19,0.00,,,,,88.94,,0.00,,,,,,,,,,,,,,,,,,,,,,,10008,10572,10008-2026-000140,,,,,,,,,Etsy VS Shipping,Jamie Clark,Soren Vale,Etsy VS Marketplace,206 Pacific Hwy,Dock 6,Seasonal ship location,Los Angeles,CA,90004,Los Angeles,USA,ship-etsy-vs@example.com,(213) 555-1506,,,,,,,,,,,,,,,,,,,1,2026-03-02,CAMILA-06-BLACK-12,,,COSS FRONT SLIP ON SLIDES,,,EA,,,,,,,,3,0,,3,,8.00,8.00,24.00,24.00,0.00,,24.00,FALSE,TRUE,FALSE,FALSE,,,,,,,,,,,,,,,,,,
SO2026-000140,1,0,2026-03-02,2026-03-05,2026-04-01,2026-03-03,,,,,Etsy-VS,Etsy VS,,30,USD,87.75,87.75,88.94,87.75,0.00,0,0.00,0,0.00,1.19,0.00,,,,,88.94,,0.00,,,,,,,,,,,,,,,,,,,,,,,10008,10572,10008-2026-000140,,,,,,,,,Etsy VS Shipping,Jamie Clark,Soren Vale,Etsy VS Marketplace,206 Pacific Hwy,Dock 6,Seasonal ship location,Los Angeles,CA,90004,Los Angeles,USA,ship-etsy-vs@example.com,(213) 555-1506,,,,,,,,,,,,,,,,,,,2,2026-03-02,CORA-01-YLW-6.5,,,CROSS FRONT SANDAL,,,EA,,,,,,,,4,0,,4,,10.75,10.75,43.00,43.00,0.00,,43.00,FALSE,TRUE,FALSE,FALSE,,,,,,,,,,,,,,,,,,
SO2026-000140,1,0,2026-03-02,2026-03-05,2026-04-01,2026-03-03,,,,,Etsy-VS,Etsy VS,,30,USD,87.75,87.75,88.94,87.75,0.00,0,0.00,0,0.00,1.19,0.00,,,,,88.94,,0.00,,,,,,,,,,,,,,,,,,,,,,,10008,10572,10008-2026-000140,,,,,,,,,Etsy VS Shipping,Jamie Clark,Soren Vale,Etsy VS Marketplace,206 Pacific Hwy,Dock 6,Seasonal ship location,Los Angeles,CA,90004,Los Angeles,USA,ship-etsy-vs@example.com,(213) 555-1506,,,,,,,,,,,,,,,,,,,3,2026-03-02,ASTRID-01-BLACK-6,,,SLIP ON SNEAKER,,,EA,,,,,,,,1,0,,1,,20.75,20.75,20.75,20.75,0.00,,20.75,FALSE,TRUE,FALSE,FALSE,,,,,,,,,,,,,,,,,,
SO2026-000141,1,0,2026-03-01,2026-03-05,2026-03-31,2026-03-03,,,,,Mirakl-HudsonsB,Mirakl HudsonsB,,30,USD,152.00,152.00,161.15,152.00,0.00,0,0.00,0,0.00,9.15,0.00,,,,,161.15,,0.00,,,,,,,,,,,,,,,,,,,,,,,10005,10577,10005-2026-000141,,,,,,,,,Mirakl HudsonsB Shipping,Morgan Lee,Yara Glenn,Mirakl HudsonsB Network,212 Quail Hill Pkwy,Dock 12,Network ship location,Irvine,CA,92607,Orange,USA,ship-mirakl-hudsonsb@example.com,(949) 555-2106,,,,,,,,,,,,,,,,,,,1,2026-03-01,FA16023WV-MIDNIGHTCAMO-XL-STD,809666795783,,Olivia Woven Chiffon Camo Print Kimono Wrap Maxi Dress,,,EA,,,,,,,,2,0,,2,,39.00,39.00,78.00,78.00,0.00,,78.00,FALSE,TRUE,FALSE,FALSE,,,,,,,,,,,,,,,,,,
SO2026-000141,1,0,2026-03-01,2026-03-05,2026-03-31,2026-03-03,,,,,Mirakl-HudsonsB,Mirakl HudsonsB,,30,USD,152.00,152.00,161.15,152.00,0.00,0,0.00,0,0.00,9.15,0.00,,,,,161.15,,0.00,,,,,,,,,,,,,,,,,,,,,,,10005,10577,10005-2026-000141,,,,,,,,,Mirakl HudsonsB Shipping,Morgan Lee,Yara Glenn,Mirakl HudsonsB Network,212 Quail Hill Pkwy,Dock 12,Network ship location,Irvine,CA,92607,Orange,USA,ship-mirakl-hudsonsb@example.com,(949) 555-2106,,,,,,,,,,,,,,,,,,,2,2026-03-01,ADELINE-03-BROWN-10,,,BUCKLE FRONT FLAT SANDALS,,,EA,,,,,,,,4,0,,4,,18.50,18.50,74.00,74.00,0.00,,74.00,FALSE,TRUE,FALSE,FALSE,,,,,,,,,,,,,,,,,,
SO2026-000142,1,0,2026-03-04,2026-03-04,2026-04-03,2026-03-05,,,,,eBay,eBay,,30,USD,157.50,157.50,163.98,157.50,0.00,0,0.00,0,0.00,6.48,0.00,,,,,163.98,,0.00,,,,,,,,,,,,,,,,,,,,,,,10004,10570,10004-2026-000142,,,,,,,,,eBay Shipping,Morgan Lee,Quentin Hale,eBay Commerce,204 Fulfillment Ave,Dock 4,Standard ship location,San Jose,CA,95111,Santa Clara,USA,ship-ebay@example.com,(408) 555-1306,,,,,,,,,,,,,,,,,,,1,2026-03-04,CORA-01-FUCH-5,,,CROSS FRONT SANDAL,,,EA,,,,,,,,2,0,,2,,10.75,10.75,21.50,21.50,0.00,,21.50,FALSE,TRUE,FALSE,FALSE,,,,,,,,,,,,,,,,,,
SO2026-000142,1,0,2026-03-04,2026-03-04,2026-04-03,2026-03-05,,,,,eBay,eBay,,30,USD,157.50,157.50,163.98,157.50,0.00,0,0.00,0,0.00,6.48,0.00,,,,,163.98,,0.00,,,,,,,,,,,,,,,,,,,,,,,10004,10570,10004-2026-000142,,,,,,,,,eBay Shipping,Morgan Lee,Quentin Hale,eBay Commerce,204 Fulfillment Ave,Dock 4,Standard ship location,San Jose,CA,95111,Santa Clara,USA,ship-ebay@example.com,(408) 555-1306,,,,,,,,,,,,,,,,,,,2,2026-03-04,F13031C-1742VNTGBJ-26-STD,809666254792,,Cayden Vintage Beujolias Corduroy Skinny Jeans,,,EA,,,,,,,,4,0,,4,,34.00,34.00,136.00,136.00,0.00,,136.00,FALSE,TRUE,FALSE,FALSE,,,,,,,,,,,,,,,,,,
SO2026-000143,1,0,2026-03-02,2026-03-03,2026-04-01,2026-03-03,,,,,AMZ-eCom,AMZ eCom,,30,USD,172.00,172.00,175.79,172.00,0.00,0,0.00,0,0.00,3.79,0.00,,,,,175.79,,0.00,,,,,,,,,,,,,,,,,,,,,,,10001,10565,10001-2026-000143,,,,,,,,,AMZ eCom Shipping,Alex Reed,Nora Lane,AMZ eCom Retail,201 Harbor Ave,Dock 1,Main ship location,Los Angeles,CA,90002,Los Angeles,USA,ship-amz-ecom@example.com,(213) 555-1006,,,,,,,,,,,,,,,,,,,1,2026-03-02,CORA-01-YLW-6,,,CROSS FRONT SANDAL,,,EA,,,,,,,,4,0,,4,,10.75,10.75,43.00,43.00,0.00,,43.00,FALSE,TRUE,FALSE,FALSE,,,,,,,,,,,,,,,,,,
SO2026-000143,1,0,2026-03-02,2026-03-03,2026-04-01,2026-03-03,,,,,AMZ-eCom,AMZ eCom,,30,USD,172.00,172.00,175.79,172.00,0.00,0,0.00,0,0.00,3.79,0.00,,,,,175.79,,0.00,,,,,,,,,,,,,,,,,,,,,,,10001,10565,10001-2026-000143,,,,,,,,,AMZ eCom Shipping,Alex Reed,Nora Lane,AMZ eCom Retail,201 Harbor Ave,Dock 1,Main ship location,Los Angeles,CA,90002,Los Angeles,USA,ship-amz-ecom@example.com,(213) 555-1006,,,,,,,,,,,,,,,,,,,2,2026-03-02,ADELINE-02-BLACK-11,,,WOVEN SLIDE SANDAL,,,EA,,,,,,,,4,0,,4,,11.50,11.50,46.00,46.00,0.00,,46.00,FALSE,TRUE,FALSE,FALSE,,,,,,,,,,,,,,,,,,
SO2026-000143,1,0,2026-03-02,2026-03-03,2026-04-01,2026-03-03,,,,,AMZ-eCom,AMZ eCom,,30,USD,172.00,172.00,175.79,172.00,0.00,0,0.00,0,0.00,3.79,0.00,,,,,175.79,,0.00,,,,,,,,,,,,,,,,,,,,,,,10001,10565,10001-2026-000143,,,,,,,,,AMZ eCom Shipping,Alex Reed,Nora Lane,AMZ eCom Retail,201 Harbor Ave,Dock 1,Main ship location,Los Angeles,CA,90002,Los Angeles,USA,ship-amz-ecom@example.com,(213) 555-1006,,,,,,,,,,,,,,,,,,,3,2026-03-02,ASTRID-01-NUDE-8.5,,,SLIP ON SNEAKER,,,EA,,,,,,,,4,0,,4,,20.75,20.75,83.00,83.00,0.00,,83.00,FALSE,TRUE,FALSE,FALSE,,,,,,,,,,,,,,,,,,
SO2026-000144,1,0,2026-03-02,2026-03-06,2026-04-01,2026-03-04,,,,,Mirakl-HudsonsB,Mirakl HudsonsB,,30,USD,89.00,89.00,89.00,89.00,0.00,0,0.00,0,0.00,0.00,0.00,,,,,89.00,,0.00,,,,,,,,,,,,,,,,,,,,,,,10005,10577,10005-2026-000144,,,,,,,,,Mirakl HudsonsB Shipping,Morgan Lee,Yara Glenn,Mirakl HudsonsB Network,212 Quail Hill Pkwy,Dock 12,Network ship location,Irvine,CA,92607,Orange,USA,ship-mirakl-hudsonsb@example.com,(949) 555-2106,,,,,,,,,,,,,,,,,,,1,2026-03-02,AVIANA-06-WHITE-7.5,,,FUR SLIPPER,,,EA,,,,,,,,4,0,,4,,16.25,16.25,65.00,65.00,0.00,,65.00,FALSE,TRUE,FALSE,FALSE,,,,,,,,,,,,,,,,,,
SO2026-000144,1,0,2026-03-02,2026-03-06,2026-04-01,2026-03-04,,,,,Mirakl-HudsonsB,Mirakl HudsonsB,,30,USD,89.00,89.00,89.00,89.00,0.00,0,0.00,0,0.00,0.00,0.00,,,,,89.00,,0.00,,,,,,,,,,,,,,,,,,,,,,,10005,10577,10005-2026-000144,,,,,,,,,Mirakl HudsonsB Shipping,Morgan Lee,Yara Glenn,Mirakl HudsonsB Network,212 Quail Hill Pkwy,Dock 12,Network ship location,Irvine,CA,92607,Orange,USA,ship-mirakl-hudsonsb@example.com,(949) 555-2106,,,,,,,,,,,,,,,,,,,2,2026-03-02,173451-1183CITIZEN-9-STD,809666377903,,Susan Stretch Denim Skinny Jeans Medium Blue 5 Pocket Wash,,,EA,,,,,,,,1,0,,1,,24.00,24.00,24.00,24.00,0.00,,24.00,FALSE,TRUE,FALSE,FALSE,,,,,,,,,,,,,,,,,,
SO2026-000145,1,0,2026-03-04,2026-03-04,2026-04-03,2026-03-05,,,,,Mirakl-Kohls,Mirakl Kohls,,30,USD,149.00,149.00,150.65,149.00,0.00,0,0.00,0,0.00,1.65,0.00,,,,,150.65,,0.00,,,,,,,,,,,,,,,,,,,,,,,10013,10576,10013-2026-000145,,,,,,,,,Mirakl Kohls Shipping,Jamie Clark,Asha Ives,Mirakl Kohls Network,214 Silver Creek Rd,Dock 14,Partner ship location,San Jose,CA,95115,Santa Clara,USA,ship-mirakl-kohls@example.com,(408) 555-2306,,,,,,,,,,,,,,,,,,,1,2026-03-04,CAMILA-06-LILAC-7.5,,,COSS FRONT SLIP ON SLIDES,,,EA,,,,,,,,4,0,,4,,8.00,8.00,32.00,32.00,0.00,,32.00,FALSE,TRUE,FALSE,FALSE,,,,,,,,,,,,,,,,,,
SO2026-000145,1,0,2026-03-04,2026-03-04,2026-04-03,2026-03-05,,,,,Mirakl-Kohls,Mirakl Kohls,,30,USD,149.00,149.00,150.65,149.00,0.00,0,0.00,0,0.00,1.65,0.00,,,,,150.65,,0.00,,,,,,,,,,,,,,,,,,,,,,,10013,10576,10013-2026-000145,,,,,,,,,Mirakl Kohls Shipping,Jamie Clark,Asha Ives,Mirakl Kohls Network,214 Silver Creek Rd,Dock 14,Partner ship location,San Jose,CA,95115,Santa Clara,USA,ship-mirakl-kohls@example.com,(408) 555-2306,,,,,,,,,,,,,,,,,,,2,2026-03-04,FA16105WV-MIDNIGHTCAMO-S-STD,809666795578,,Patricia Woven Chiffon Midnight Blue Palazzo Pant W Elastic Waist,,,EA,,,,,,,,3,0,,3,,39.00,39.00,117.00,117.00,0.00,,117.00,FALSE,TRUE,FALSE,FALSE,,,,,,,,,,,,,,,,,,
SO2026-000146,1,0,2026-03-01,2026-03-03,2026-03-31,2026-03-02,,,,,AMZ-eCom,AMZ eCom,,30,USD,55.50,55.50,63.25,55.50,0.00,0,0.00,0,0.00,7.75,0.00,,,,,63.25,,0.00,,,,,,,,,,,,,,,,,,,,,,,10001,10565,10001-2026-000146,,,,,,,,,AMZ eCom Shipping,Alex Reed,Nora Lane,AMZ eCom Retail,201 Harbor Ave,Dock 1,Main ship location,Los Angeles,CA,90002,Los Angeles,USA,ship-amz-ecom@example.com,(213) 555-1006,,,,,,,,,,,,,,,,,,,1,2026-03-01,ADELINE-03-TAUPE-7.5,,,BUCKLE FRONT FLAT SANDALS,,,EA,,,,,,,,3,0,,3,,18.50,18.50,55.50,55.50,0.00,,55.50,FALSE,TRUE,FALSE,FALSE,,,,,,,,,,,,,,,,,,
SO2026-000147,1,0,2026-03-03,2026-03-08,2026-04-02,2026-03-04,,,,,Macys,Macys,,30,USD,73.75,73.75,81.51,73.75,0.00,0,0.00,0,0.00,7.76,0.00,,,,,81.51,,0.00,,,,,,,,,,,,,,,,,,,,,,,30005,10574,30005-2026-000147,,,,,,,,,Macys Shipping,Taylor Kim,Blake Jett,Macys Stores,215 King St,Dock 15,Department ship location,San Francisco,CA,94107,San Francisco,USA,ship-macys@example.com,(415) 555-2406,,,,,,,,,,,,,,,,,,,1,2026-03-03,CORA-01-FUCH-8,,,CROSS FRONT SANDAL,,,EA,,,,,,,,3,0,,3,,10.75,10.75,32.25,32.25,0.00,,32.25,FALSE,TRUE,FALSE,FALSE,,,,,,,,,,,,,,,,,,
SO2026-000147,1,0,2026-03-03,2026-03-08,2026-04-02,2026-03-04,,,,,Macys,Macys,,30,USD,73.75,73.75,81.51,73.75,0.00,0,0.00,0,0.00,7.76,0.00,,,,,81.51,,0.00,,,,,,,,,,,,,,,,,,,,,,,30005,10574,30005-2026-000147,,,,,,,,,Macys Shipping,Taylor Kim,Blake Jett,Macys Stores,215 King St,Dock 15,Department ship location,San Francisco,CA,94107,San Francisco,USA,ship-macys@example.com,(415) 555-2406,,,,,,,,,,,,,,,,,,,2,2026-03-03,ASTRID-01-BLACK-5,,,SLIP ON SNEAKER,,,EA,,,,,,,,2,0,,2,,20.75,20.75,41.50,41.50,0.00,,41.50,FALSE,TRUE,FALSE,FALSE,,,,,,,,,,,,,,,,,,
SO2026-000148,1,0,2026-03-02,2026-03-03,2026-04-01,2026-03-03,,,,,Macys,Macys,,30,USD,78.00,78.00,93.72,78.00,0.00,0,0.00,0,0.00,15.72,0.00,,,,,93.72,,0.00,,,,,,,,,,,,,,,,,,,,,,,30005,10574,30005-2026-000148,,,,,,,,,Macys Shipping,Taylor Kim,Blake Jett,Macys Stores,215 King St,Dock 15,Department ship location,San Francisco,CA,94107,San Francisco,USA,ship-macys@example.com,(415) 555-2406,,,,,,,,,,,,,,,,,,,1,2026-03-02,FA16023WV-SLATE-XL-STD,809666901122,,Olivia Slate Blue Chiffon Kimono Wrap Dress,,,EA,,,,,,,,2,0,,2,,39.00,39.00,78.00,78.00,0.00,,78.00,FALSE,TRUE,FALSE,FALSE,,,,,,,,,,,,,,,,,,
SO2026-000149,1,0,2026-03-01,2026-03-02,2026-03-31,2026-03-01,,,,,eBay,eBay,,30,USD,411.25,411.25,411.25,411.25,0.00,0,0.00,0,0.00,0.00,0.00,,,,,411.25,,0.00,,,,,,,,,,,,,,,,,,,,,,,10004,10570,10004-2026-000149,,,,,,,,,eBay Shipping,Morgan Lee,Quentin Hale,eBay Commerce,204 Fulfillment Ave,Dock 4,Standard ship location,San Jose,CA,95111,Santa Clara,USA,ship-ebay@example.com,(408) 555-1306,,,,,,,,,,,,,,,,,,,1,2026-03-01,CAMILA-06-TAUPE-8,,,COSS FRONT SLIP ON SLIDES,,,EA,,,,,,,,1,0,,1,,8.00,8.00,8.00,8.00,0.00,,8.00,FALSE,TRUE,FALSE,FALSE,,,,,,,,,,,,,,,,,,
SO2026-000149,1,0,2026-03-01,2026-03-02,2026-03-31,2026-03-01,,,,,eBay,eBay,,30,USD,411.25,411.25,411.25,411.25,0.00,0,0.00,0,0.00,0.00,0.00,,,,,411.25,,0.00,,,,,,,,,,,,,,,,,,,,,,,10004,10570,10004-2026-000149,,,,,,,,,eBay Shipping,Morgan Lee,Quentin Hale,eBay Commerce,204 Fulfillment Ave,Dock 4,Standard ship location,San Jose,CA,95111,Santa Clara,USA,ship-ebay@example.com,(408) 555-1306,,,,,,,,,,,,,,,,,,,2,2026-03-01,CORA-01-FUCH-S,,,CROSS FRONT SANDAL,,,EA,,,,,,,,3,0,,3,,129.00,129.00,387.00,387.00,0.00,,387.00,FALSE,TRUE,FALSE,FALSE,,,,,,,,,,,,,,,,,,
SO2026-000149,1,0,2026-03-01,2026-03-02,2026-03-31,2026-03-01,,,,,eBay,eBay,,30,USD,411.25,411.25,411.25,411.25,0.00,0,0.00,0,0.00,0.00,0.00,,,,,411.25,,0.00,,,,,,,,,,,,,,,,,,,,,,,10004,10570,10004-2026-000149,,,,,,,,,eBay Shipping,Morgan Lee,Quentin Hale,eBay Commerce,204 Fulfillment Ave,Dock 4,Standard ship location,San Jose,CA,95111,Santa Clara,USA,ship-ebay@example.com,(408) 555-1306,,,,,,,,,,,,,,,,,,,3,2026-03-01,AVIANA-06-BEIGE-6,,,FUR SLIPPER,,,EA,,,,,,,,1,0,,1,,16.25,16.25,16.25,16.25,0.00,,16.25,FALSE,TRUE,FALSE,FALSE,,,,,,,,,,,,,,,,,,
SO2026-000150,1,0,2026-03-02,2026-03-07,2026-04-01,2026-03-04,,,,,Walmart-eComm,Walmart eComm,,30,USD,46.00,46.00,53.31,46.00,0.00,0,0.00,0,0.00,7.31,0.00,,,,,53.31,,0.00,,,,,,,,,,,,,,,,,,,,,,,10002,10566,10002-2026-000150,,,,,,,,,Walmart eComm Shipping,Morgan Lee,Gavin Orr,Walmart eComm Retail,220 Townsend St,Dock 20,National ship location,San Francisco,CA,94109,San Francisco,USA,ship-walmart-ecomm@example.com,(415) 555-2906,,,,,,,,,,,,,,,,,,,1,2026-03-02,ADELINE-02-BLACK-7,,,WOVEN SLIDE SANDAL,,,EA,,,,,,,,4,0,,4,,11.50,11.50,46.00,46.00,0.00,,46.00,FALSE,TRUE,FALSE,FALSE,,,,,,,,,,,,,,,,,,
SO2026-000151,1,0,2026-03-01,2026-03-05,2026-03-31,2026-03-01,,,,,Etsy-VS,Etsy VS,,30,USD,338.25,338.25,348.54,338.25,0.00,0,0.00,0,0.00,10.29,0.00,,,,,348.54,,0.00,,,,,,,,,,,,,,,,,,,,,,,10008,10572,10008-2026-000151,,,,,,,,,Etsy VS Shipping,Jamie Clark,Soren Vale,Etsy VS Marketplace,206 Pacific Hwy,Dock 6,Seasonal ship location,Los Angeles,CA,90004,Los Angeles,USA,ship-etsy-vs@example.com,(213) 555-1506,,,,,,,,,,,,,,,,,,,1,2026-03-01,ADELINE-02-PINK-S,,,WOVEN SLIDE SANDAL,,,EA,,,,,,,,2,0,,2,,138.00,138.00,276.00,276.00,0.00,,276.00,FALSE,TRUE,FALSE,FALSE,,,,,,,,,,,,,,,,,,
SO2026-000151,1,0,2026-03-01,2026-03-05,2026-03-31,2026-03-01,,,,,Etsy-VS,Etsy VS,,30,USD,338.25,338.25,348.54,338.25,0.00,0,0.00,0,0.00,10.29,0.00,,,,,348.54,,0.00,,,,,,,,,,,,,,,,,,,,,,,10008,10572,10008-2026-000151,,,,,,,,,Etsy VS Shipping,Jamie Clark,Soren Vale,Etsy VS Marketplace,206 Pacific Hwy,Dock 6,Seasonal ship location,Los Angeles,CA,90004,Los Angeles,USA,ship-etsy-vs@example.com,(213) 555-1506,,,,,,,,,,,,,,,,,,,2,2026-03-01,ASTRID-01-NUDE-9.5,,,SLIP ON SNEAKER,,,EA,,,,,,,,3,0,,3,,20.75,20.75,62.25,62.25,0.00,,62.25,FALSE,TRUE,FALSE,FALSE,,,,,,,,,,,,,,,,,,
SO2026-000152,1,0,2026-03-03,2026-03-08,2026-04-02,2026-03-04,,,,,Squarespace,Squarespace,,30,USD,82.25,82.25,89.36,82.25,0.00,0,0.00,0,0.00,7.11,0.00,,,,,89.36,,0.00,,,,,,,,,,,,,,,,,,,,,,,20006,10582,20006-2026-000152,,,,,,,,,Squarespace Shipping,Jamie Clark,Elin Marsh,Squarespace Digital,218 Camino Del Rio,Dock 18,Digital ship location,San Diego,CA,92108,San Diego,USA,ship-squarespace@example.com,(619) 555-2706,,,,,,,,,,,,,,,,,,,1,2026-03-03,CORA-01-CAME-9,,,CROSS FRONT SANDAL,,,EA,,,,,,,,1,0,,1,,10.75,10.75,10.75,10.75,0.00,,10.75,FALSE,TRUE,FALSE,FALSE,,,,,,,,,,,,,,,,,,
SO2026-000152,1,0,2026-03-03,2026-03-08,2026-04-02,2026-03-04,,,,,Squarespace,Squarespace,,30,USD,82.25,82.25,89.36,82.25,0.00,0,0.00,0,0.00,7.11,0.00,,,,,89.36,,0.00,,,,,,,,,,,,,,,,,,,,,,,20006,10582,20006-2026-000152,,,,,,,,,Squarespace Shipping,Jamie Clark,Elin Marsh,Squarespace Digital,218 Camino Del Rio,Dock 18,Digital ship location,San Diego,CA,92108,San Diego,USA,ship-squarespace@example.com,(619) 555-2706,,,,,,,,,,,,,,,,,,,2,2026-03-03,FB3601737-3219UNFORGV-28-STD,809666434385,,Rainie Light Hand-Sanded Denim Stretch High-Waist Slit Hem Jeans,,,EA,,,,,,,,1,0,,1,,39.00,39.00,39.00,39.00,0.00,,39.00,FALSE,TRUE,FALSE,FALSE,,,,,,,,,,,,,,,,,,
SO2026-000152,1,0,2026-03-03,2026-03-08,2026-04-02,2026-03-04,,,,,Squarespace,Squarespace,,30,USD,82.25,82.25,89.36,82.25,0.00,0,0.00,0,0.00,7.11,0.00,,,,,89.36,,0.00,,,,,,,,,,,,,,,,,,,,,,,20006,10582,20006-2026-000152,,,,,,,,,Squarespace Shipping,Jamie Clark,Elin Marsh,Squarespace Digital,218 Camino Del Rio,Dock 18,Digital ship location,San Diego,CA,92108,San Diego,USA,ship-squarespace@example.com,(619) 555-2706,,,,,,,,,,,,,,,,,,,3,2026-03-03,AVIANA-06-PINK-7.5,,,FUR SLIPPER,,,EA,,,,,,,,2,0,,2,,16.25,16.25,32.50,32.50,0.00,,32.50,FALSE,TRUE,FALSE,FALSE,,,,,,,,,,,,,,,,,,
SO2026-000153,1,0,2026-03-01,2026-03-06,2026-03-31,2026-03-03,,,,,JCPenney,JCPenney,,30,USD,152.00,152.00,166.44,152.00,0.00,0,0.00,0,0.00,14.44,0.00,,,,,166.44,,0.00,,,,,,,,,,,,,,,,,,,,,,,30007,10575,30007-2026-000153,,,,,,,,,JCPenney Shipping,Alex Reed,Zane Holt,JCPenney Stores,213 Gateway Rd,Dock 13,Retail ship location,San Diego,CA,92106,San Diego,USA,ship-jcpenney@example.com,(619) 555-2206,,,,,,,,,,,,,,,,,,,1,2026-03-01,CAMILA-06-GREEN-9,,,COSS FRONT SLIP ON SLIDES,,,EA,,,,,,,,2,0,,2,,8.00,8.00,16.00,16.00,0.00,,16.00,FALSE,TRUE,FALSE,FALSE,,,,,,,,,,,,,,,,,,
SO2026-000153,1,0,2026-03-01,2026-03-06,2026-03-31,2026-03-03,,,,,JCPenney,JCPenney,,30,USD,152.00,152.00,166.44,152.00,0.00,0,0.00,0,0.00,14.44,0.00,,,,,166.44,,0.00,,,,,,,,,,,,,,,,,,,,,,,30007,10575,30007-2026-000153,,,,,,,,,JCPenney Shipping,Alex Reed,Zane Holt,JCPenney Stores,213 Gateway Rd,Dock 13,Retail ship location,San Diego,CA,92106,San Diego,USA,ship-jcpenney@example.com,(619) 555-2206,,,,,,,,,,,,,,,,,,,2,2026-03-01,FA13512DM-1847DPOCN-26-32,809666865042,,Angie Stud Bling Pocket Low Rise Skinny Jeans,,,EA,,,,,,,,4,0,,4,,34.00,34.00,136.00,136.00,0.00,,136.00,FALSE,TRUE,FALSE,FALSE,,,,,,,,,,,,,,,,,,
SO2026-000154,1,0,2026-03-04,2026-03-07,2026-04-03,2026-03-05,,,,,Magento,Magento,,30,USD,55.50,55.50,62.05,55.50,0.00,0,0.00,0,0.00,6.55,0.00,,,,,62.05,,0.00,,,,,,,,,,,,,,,,,,,,,,,20003,10581,20003-2026-000154,,,,,,,,,Magento Shipping,Morgan Lee,Cora Knox,Magento Platform,216 Century Blvd,Dock 16,Platform ship location,Los Angeles,CA,90008,Los Angeles,USA,ship-magento@example.com,(213) 555-2506,,,,,,,,,,,,,,,,,,,1,2026-03-04,ADELINE-03-BLUE-6.5,,,BUCKLE FRONT FLAT SANDALS,,,EA,,,,,,,,3,0,,3,,18.50,18.50,55.50,55.50,0.00,,55.50,FALSE,TRUE,FALSE,FALSE,,,,,,,,,,,,,,,,,,
SO2026-000155,1,0,2026-03-02,2026-03-07,2026-04-01,2026-03-02,,,,,Magento,Magento,,30,USD,32.00,32.00,45.16,32.00,0.00,0,0.00,0,0.00,13.16,0.00,,,,,45.16,,0.00,,,,,,,,,,,,,,,,,,,,,,,20003,10581,20003-2026-000155,,,,,,,,,Magento Shipping,Morgan Lee,Cora Knox,Magento Platform,216 Century Blvd,Dock 16,Platform ship location,Los Angeles,CA,90008,Los Angeles,USA,ship-magento@example.com,(213) 555-2506,,,,,,,,,,,,,,,,,,,1,2026-03-02,CAMILA-06-NUDE-6.5,,,COSS FRONT SLIP ON SLIDES,,,EA,,,,,,,,4,0,,4,,8.00,8.00,32.00,32.00,0.00,,32.00,FALSE,TRUE,FALSE,FALSE,,,,,,,,,,,,,,,,,,
SO2026-000156,1,0,2026-03-02,2026-03-06,2026-04-01,2026-03-04,,,,,Walmart-eComm,Walmart eComm,,30,USD,246.00,246.00,252.95,246.00,0.00,0,0.00,0,0.00,6.95,0.00,,,,,252.95,,0.00,,,,,,,,,,,,,,,,,,,,,,,10002,10566,10002-2026-000156,,,,,,,,,Walmart eComm Shipping,Morgan Lee,Gavin Orr,Walmart eComm Retail,220 Townsend St,Dock 20,National ship location,San Francisco,CA,94109,San Francisco,USA,ship-walmart-ecomm@example.com,(415) 555-2906,,,,,,,,,,,,,,,,,,,1,2026-03-02,CORA-01-FUCH-5.5,,,CROSS FRONT SANDAL,,,EA,,,,,,,,4,0,,4,,10.75,10.75,43.00,43.00,0.00,,43.00,FALSE,TRUE,FALSE,FALSE,,,,,,,,,,,,,,,,,,
SO2026-000156,1,0,2026-03-02,2026-03-06,2026-04-01,2026-03-04,,,,,Walmart-eComm,Walmart eComm,,30,USD,246.00,246.00,252.95,246.00,0.00,0,0.00,0,0.00,6.95,0.00,,,,,252.95,,0.00,,,,,,,,,,,,,,,,,,,,,,,10002,10566,10002-2026-000156,,,,,,,,,Walmart eComm Shipping,Morgan Lee,Gavin Orr,Walmart eComm Retail,220 Townsend St,Dock 20,National ship location,San Francisco,CA,94109,San Francisco,USA,ship-walmart-ecomm@example.com,(415) 555-2906,,,,,,,,,,,,,,,,,,,2,2026-03-02,CORA-01-BLK-11,,,CROSS FRONT SANDAL,,,EA,,,,,,,,4,0,,4,,10.75,10.75,43.00,43.00,0.00,,43.00,FALSE,TRUE,FALSE,FALSE,,,,,,,,,,,,,,,,,,
SO2026-000156,1,0,2026-03-02,2026-03-06,2026-04-01,2026-03-04,,,,,Walmart-eComm,Walmart eComm,,30,USD,246.00,246.00,252.95,246.00,0.00,0,0.00,0,0.00,6.95,0.00,,,,,252.95,,0.00,,,,,,,,,,,,,,,,,,,,,,,10002,10566,10002-2026-000156,,,,,,,,,Walmart eComm Shipping,Morgan Lee,Gavin Orr,Walmart eComm Retail,220 Townsend St,Dock 20,National ship location,San Francisco,CA,94109,San Francisco,USA,ship-walmart-ecomm@example.com,(415) 555-2906,,,,,,,,,,,,,,,,,,,3,2026-03-02,FA16023WV-SMOKELEOPARD,,,GGT wrap kimono maxi dress,,,EA,,,,,,,,4,0,,4,,40.00,40.00,160.00,160.00,0.00,,160.00,FALSE,TRUE,FALSE,FALSE,,,,,,,,,,,,,,,,,,
SO2026-000157,1,0,2026-03-02,2026-03-02,2026-04-01,2026-03-02,,,,,JCPenney,JCPenney,,30,USD,80.50,80.50,80.50,80.50,0.00,0,0.00,0,0.00,0.00,0.00,,,,,80.50,,0.00,,,,,,,,,,,,,,,,,,,,,,,30007,10575,30007-2026-000157,,,,,,,,,JCPenney Shipping,Alex Reed,Zane Holt,JCPenney Stores,213 Gateway Rd,Dock 13,Retail ship location,San Diego,CA,92106,San Diego,USA,ship-jcpenney@example.com,(619) 555-2206,,,,,,,,,,,,,,,,,,,1,2026-03-02,CORA-01-CAME-6.5,,,CROSS FRONT SANDAL,,,EA,,,,,,,,2,0,,2,,10.75,10.75,21.50,21.50,0.00,,21.50,FALSE,TRUE,FALSE,FALSE,,,,,,,,,,,,,,,,,,
SO2026-000157,1,0,2026-03-02,2026-03-02,2026-04-01,2026-03-02,,,,,JCPenney,JCPenney,,30,USD,80.50,80.50,80.50,80.50,0.00,0,0.00,0,0.00,0.00,0.00,,,,,80.50,,0.00,,,,,,,,,,,,,,,,,,,,,,,30007,10575,30007-2026-000157,,,,,,,,,JCPenney Shipping,Alex Reed,Zane Holt,JCPenney Stores,213 Gateway Rd,Dock 13,Retail ship location,San Diego,CA,92106,San Diego,USA,ship-jcpenney@example.com,(619) 555-2206,,,,,,,,,,,,,,,,,,,2,2026-03-02,CORA-01-TAUP-7.5,,,CROSS FRONT SANDAL,,,EA,,,,,,,,4,0,,4,,10.75,10.75,43.00,43.00,0.00,,43.00,FALSE,TRUE,FALSE,FALSE,,,,,,,,,,,,,,,,,,
SO2026-000157,1,0,2026-03-02,2026-03-02,2026-04-01,2026-03-02,,,,,JCPenney,JCPenney,,30,USD,80.50,80.50,80.50,80.50,0.00,0,0.00,0,0.00,0.00,0.00,,,,,80.50,,0.00,,,,,,,,,,,,,,,,,,,,,,,30007,10575,30007-2026-000157,,,,,,,,,JCPenney Shipping,Alex Reed,Zane Holt,JCPenney Stores,213 Gateway Rd,Dock 13,Retail ship location,San Diego,CA,92106,San Diego,USA,ship-jcpenney@example.com,(619) 555-2206,,,,,,,,,,,,,,,,,,,3,2026-03-02,CAMILA-06-GREEN-7,,,COSS FRONT SLIP ON SLIDES,,,EA,,,,,,,,2,0,,2,,8.00,8.00,16.00,16.00,0.00,,16.00,FALSE,TRUE,FALSE,FALSE,,,,,,,,,,,,,,,,,,
SO2026-000158,1,0,2026-03-01,2026-03-04,2026-03-31,2026-03-02,,,,,Veeqo-Amazon,Veeqo Amazon,,30,USD,258.00,258.00,274.83,258.00,0.00,0,0.00,0,0.00,16.83,0.00,,,,,274.83,,0.00,,,,,,,,,,,,,,,,,,,,,,,10016,10579,10016-2026-000158,,,,,,,,,Veeqo Amazon Shipping,Jamie Clark,Owen Pike,Veeqo Amazon Retail,202 Distribution Way,Dock 2,Regional ship location,Irvine,CA,92603,Orange,USA,ship-veeqo-amazon@example.com,(949) 555-1106,,,,,,,,,,,,,,,,,,,1,2026-03-01,CORA-01-FUCH-B12,,,CROSS FRONT SANDAL,,,EA,,,,,,,,2,0,,2,,129.00,129.00,258.00,258.00,0.00,,258.00,FALSE,TRUE,FALSE,FALSE,,,,,,,,,,,,,,,,,,
SO2026-000159,1,0,2026-03-04,2026-03-08,2026-04-03,2026-03-04,,,,,Etsy-LS,Etsy LS,,30,USD,290.00,290.00,305.21,290.00,0.00,0,0.00,0,0.00,15.21,0.00,,,,,305.21,,0.00,,,,,,,,,,,,,,,,,,,,,,,10008,10571,10008-2026-000159,,,,,,,,,Etsy LS Shipping,Alex Reed,Rhea Moss,Etsy LS Marketplace,205 Mission St,Dock 5,Marketplace ship location,San Francisco,CA,94103,San Francisco,USA,ship-etsy-ls@example.com,(415) 555-1406,,,,,,,,,,,,,,,,,,,1,2026-03-04,CORA-01-BLK-B12,,,CROSS FRONT SANDAL,,,EA,,,,,,,,2,0,,2,,129.00,129.00,258.00,258.00,0.00,,258.00,FALSE,TRUE,FALSE,FALSE,,,,,,,,,,,,,,,,,,
SO2026-000159,1,0,2026-03-04,2026-03-08,2026-04-03,2026-03-04,,,,,Etsy-LS,Etsy LS,,30,USD,290.00,290.00,305.21,290.00,0.00,0,0.00,0,0.00,15.21,0.00,,,,,305.21,,0.00,,,,,,,,,,,,,,,,,,,,,,,10008,10571,10008-2026-000159,,,,,,,,,Etsy LS Shipping,Alex Reed,Rhea Moss,Etsy LS Marketplace,205 Mission St,Dock 5,Marketplace ship location,San Francisco,CA,94103,San Francisco,USA,ship-etsy-ls@example.com,(415) 555-1406,,,,,,,,,,,,,,,,,,,2,2026-03-04,CAMILA-06-BLACK-11,,,COSS FRONT SLIP ON SLIDES,,,EA,,,,,,,,4,0,,4,,8.00,8.00,32.00,32.00,0.00,,32.00,FALSE,TRUE,FALSE,FALSE,,,,,,,,,,,,,,,,,,
SO2026-000160,1,0,2026-03-01,2026-03-03,2026-03-31,2026-03-01,,,,,Etsy-LS,Etsy LS,,30,USD,342.00,342.00,357.44,342.00,0.00,0,0.00,0,0.00,15.44,0.00,,,,,357.44,,0.00,,,,,,,,,,,,,,,,,,,,,,,10008,10571,10008-2026-000160,,,,,,,,,Etsy LS Shipping,Alex Reed,Rhea Moss,Etsy LS Marketplace,205 Mission St,Dock 5,Marketplace ship location,San Francisco,CA,94103,San Francisco,USA,ship-etsy-ls@example.com,(415) 555-1406,,,,,,,,,,,,,,,,,,,1,2026-03-01,ADELINE-02,,,WOVEN SLIDE SANDAL,,,EA,,,,,,,,2,0,,2,,171.00,171.00,342.00,342.00,0.00,,342.00,FALSE,TRUE,FALSE,FALSE,,,,,,,,,,,,,,,,,,
SO2026-000161,1,0,2026-03-04,2026-03-08,2026-04-03,2026-03-04,,,,,AMZ-eCom,AMZ eCom,,30,USD,102.00,102.00,116.45,102.00,0.00,0,0.00,0,0.00,14.45,0.00,,,,,116.45,,0.00,,,,,,,,,,,,,,,,,,,,,,,10001,10565,10001-2026-000161,,,,,,,,,AMZ eCom Shipping,Alex Reed,Nora Lane,AMZ eCom Retail,201 Harbor Ave,Dock 1,Main ship location,Los Angeles,CA,90002,Los Angeles,USA,ship-amz-ecom@example.com,(213) 555-1006,,,,,,,,,,,,,,,,,,,1,2026-03-04,F13031C-1742VNTGST-26-STD,809666255065,,Cayden Vintage Beujolias Corduroy Skinny Jeans,,,EA,,,,,,,,3,0,,3,,34.00,34.00,102.00,102.00,0.00,,102.00,FALSE,TRUE,FALSE,FALSE,,,,,,,,,,,,,,,,,,
SO2026-000162,1,0,2026-03-02,2026-03-03,2026-04-01,2026-03-04,,,,,Etsy-VS,Etsy VS,,30,USD,47.00,47.00,47.00,47.00,0.00,0,0.00,0,0.00,0.00,0.00,,,,,47.00,,0.00,,,,,,,,,,,,,,,,,,,,,,,10008,10572,10008-2026-000162,,,,,,,,,Etsy VS Shipping,Jamie Clark,Soren Vale,Etsy VS Marketplace,206 Pacific Hwy,Dock 6,Seasonal ship location,Los Angeles,CA,90004,Los Angeles,USA,ship-etsy-vs@example.com,(213) 555-1506,,,,,,,,,,,,,,,,,,,1,2026-03-02,ADELINE-02-BLACK-9.5,,,WOVEN SLIDE SANDAL,,,EA,,,,,,,,2,0,,2,,11.50,11.50,23.00,23.00,0.00,,23.00,FALSE,TRUE,FALSE,FALSE,,,,,,,,,,,,,,,,,,
SO2026-000162,1,0,2026-03-02,2026-03-03,2026-04-01,2026-03-04,,,,,Etsy-VS,Etsy VS,,30,USD,47.00,47.00,47.00,47.00,0.00,0,0.00,0,0.00,0.00,0.00,,,,,47.00,,0.00,,,,,,,,,,,,,,,,,,,,,,,10008,10572,10008-2026-000162,,,,,,,,,Etsy VS Shipping,Jamie Clark,Soren Vale,Etsy VS Marketplace,206 Pacific Hwy,Dock 6,Seasonal ship location,Los Angeles,CA,90004,Los Angeles,USA,ship-etsy-vs@example.com,(213) 555-1506,,,,,,,,,,,,,,,,,,,2,2026-03-02,CAMILA-06-NUDE-11,,,COSS FRONT SLIP ON SLIDES,,,EA,,,,,,,,3,0,,3,,8.00,8.00,24.00,24.00,0.00,,24.00,FALSE,TRUE,FALSE,FALSE,,,,,,,,,,,,,,,,,,
SO2026-000163,1,0,2026-03-01,2026-03-01,2026-03-31,2026-03-01,,,,,Macys,Macys,,30,USD,166.00,166.00,168.16,166.00,0.00,0,0.00,0,0.00,2.16,0.00,,,,,168.16,,0.00,,,,,,,,,,,,,,,,,,,,,,,30005,10574,30005-2026-000163,,,,,,,,,Macys Shipping,Taylor Kim,Blake Jett,Macys Stores,215 King St,Dock 15,Department ship location,San Francisco,CA,94107,San Francisco,USA,ship-macys@example.com,(415) 555-2406,,,,,,,,,,,,,,,,,,,1,2026-03-01,AUSTIN-06-CAMEL-8.5,,,SNEAKER,,,EA,,,,,,,,1,0,,1,,10.00,10.00,10.00,10.00,0.00,,10.00,FALSE,TRUE,FALSE,FALSE,,,,,,,,,,,,,,,,,,
SO2026-000163,1,0,2026-03-01,2026-03-01,2026-03-31,2026-03-01,,,,,Macys,Macys,,30,USD,166.00,166.00,168.16,166.00,0.00,0,0.00,0,0.00,2.16,0.00,,,,,168.16,,0.00,,,,,,,,,,,,,,,,,,,,,,,30005,10574,30005-2026-000163,,,,,,,,,Macys Shipping,Taylor Kim,Blake Jett,Macys Stores,215 King St,Dock 15,Department ship location,San Francisco,CA,94107,San Francisco,USA,ship-macys@example.com,(415) 555-2406,,,,,,,,,,,,,,,,,,,2,2026-03-01,FA16023WV-SLATE-L-STD,809666901115,,Olivia Slate Blue Chiffon Kimono Wrap Dress,,,EA,,,,,,,,4,0,,4,,39.00,39.00,156.00,156.00,0.00,,156.00,FALSE,TRUE,FALSE,FALSE,,,,,,,,,,,,,,,,,,
SO2026-000164,1,0,2026-03-02,2026-03-07,2026-04-01,2026-03-03,,,,,AMZ-eCom,AMZ eCom,,30,USD,89.50,89.50,93.65,89.50,0.00,0,0.00,0,0.00,4.15,0.00,,,,,93.65,,0.00,,,,,,,,,,,,,,,,,,,,,,,10001,10565,10001-2026-000164,,,,,,,,,AMZ eCom Shipping,Alex Reed,Nora Lane,AMZ eCom Retail,201 Harbor Ave,Dock 1,Main ship location,Los Angeles,CA,90002,Los Angeles,USA,ship-amz-ecom@example.com,(213) 555-1006,,,,,,,,,,,,,,,,,,,1,2026-03-02,ADELINE-03-BROWN-7,,,BUCKLE FRONT FLAT SANDALS,,,EA,,,,,,,,3,0,,3,,18.50,18.50,55.50,55.50,0.00,,55.50,FALSE,TRUE,FALSE,FALSE,,,,,,,,,,,,,,,,,,
SO2026-000164,1,0,2026-03-02,2026-03-07,2026-04-01,2026-03-03,,,,,AMZ-eCom,AMZ eCom,,30,USD,89.50,89.50,93.65,89.50,0.00,0,0.00,0,0.00,4.15,0.00,,,,,93.65,,0.00,,,,,,,,,,,,,,,,,,,,,,,10001,10565,10001-2026-000164,,,,,,,,,AMZ eCom Shipping,Alex Reed,Nora Lane,AMZ eCom Retail,201 Harbor Ave,Dock 1,Main ship location,Los Angeles,CA,90002,Los Angeles,USA,ship-amz-ecom@example.com,(213) 555-1006,,,,,,,,,,,,,,,,,,,2,2026-03-02,F13031C-1742VNTGBJ-29-STD,809666254822,,Cayden Vintage Beujolias Corduroy Skinny Jeans,,,EA,,,,,,,,1,0,,1,,34.00,34.00,34.00,34.00,0.00,,34.00,FALSE,TRUE,FALSE,FALSE,,,,,,,,,,,,,,,,,,
SO2026-000165,1,0,2026-03-01,2026-03-05,2026-03-31,2026-03-01,,,,,Magento,Magento,,30,USD,46.00,46.00,59.19,46.00,0.00,0,0.00,0,0.00,13.19,0.00,,,,,59.19,,0.00,,,,,,,,,,,,,,,,,,,,,,,20003,10581,20003-2026-000165,,,,,,,,,Magento Shipping,Morgan Lee,Cora Knox,Magento Platform,216 Century Blvd,Dock 16,Platform ship location,Los Angeles,CA,90008,Los Angeles,USA,ship-magento@example.com,(213) 555-2506,,,,,,,,,,,,,,,,,,,1,2026-03-01,ADELINE-02-NUDE-5.5,,,WOVEN SLIDE SANDAL,,,EA,,,,,,,,4,0,,4,,11.50,11.50,46.00,46.00,0.00,,46.00,FALSE,TRUE,FALSE,FALSE,,,,,,,,,,,,,,,,,,
SO2026-000166,1,0,2026-03-02,2026-03-02,2026-04-01,2026-03-03,,,,,Magento,Magento,,30,USD,102.00,102.00,107.85,102.00,0.00,0,0.00,0,0.00,5.85,0.00,,,,,107.85,,0.00,,,,,,,,,,,,,,,,,,,,,,,20003,10581,20003-2026-000166,,,,,,,,,Magento Shipping,Morgan Lee,Cora Knox,Magento Platform,216 Century Blvd,Dock 16,Platform ship location,Los Angeles,CA,90008,Los Angeles,USA,ship-magento@example.com,(213) 555-2506,,,,,,,,,,,,,,,,,,,1,2026-03-02,FA13512DM-1847DPOCN-29-30,809666864922,,Angie Stud Bling Pocket Low Rise Skinny Jeans,,,EA,,,,,,,,3,0,,3,,34.00,34.00,102.00,102.00,0.00,,102.00,FALSE,TRUE,FALSE,FALSE,,,,,,,,,,,,,,,,,,
SO2026-000167,1,0,2026-03-01,2026-03-01,2026-03-31,2026-03-01,,,,,Etsy-VS,Etsy VS,,30,USD,113.00,113.00,113.96,113.00,0.00,0,0.00,0,0.00,0.96,0.00,,,,,113.96,,0.00,,,,,,,,,,,,,,,,,,,,,,,10008,10572,10008-2026-000167,,,,,,,,,Etsy VS Shipping,Jamie Clark,Soren Vale,Etsy VS Marketplace,206 Pacific Hwy,Dock 6,Seasonal ship location,Los Angeles,CA,90004,Los Angeles,USA,ship-etsy-vs@example.com,(213) 555-1506,,,,,,,,,,,,,,,,,,,1,2026-03-01,AUSTIN-06-WHITE-9,,,SNEAKER,,,EA,,,,,,,,4,0,,4,,10.00,10.00,40.00,40.00,0.00,,40.00,FALSE,TRUE,FALSE,FALSE,,,,,,,,,,,,,,,,,,
SO2026-000167,1,0,2026-03-01,2026-03-01,2026-03-31,2026-03-01,,,,,Etsy-VS,Etsy VS,,30,USD,113.00,113.00,113.96,113.00,0.00,0,0.00,0,0.00,0.96,0.00,,,,,113.96,,0.00,,,,,,,,,,,,,,,,,,,,,,,10008,10572,10008-2026-000167,,,,,,,,,Etsy VS Shipping,Jamie Clark,Soren Vale,Etsy VS Marketplace,206 Pacific Hwy,Dock 6,Seasonal ship location,Los Angeles,CA,90004,Los Angeles,USA,ship-etsy-vs@example.com,(213) 555-1506,,,,,,,,,,,,,,,,,,,2,2026-03-01,ASTRID-01-GREY-12,,,SLIP ON SNEAKER,,,EA,,,,,,,,3,0,,3,,20.75,20.75,62.25,62.25,0.00,,62.25,FALSE,TRUE,FALSE,FALSE,,,,,,,,,,,,,,,,,,
SO2026-000167,1,0,2026-03-01,2026-03-01,2026-03-31,2026-03-01,,,,,Etsy-VS,Etsy VS,,30,USD,113.00,113.00,113.96,113.00,0.00,0,0.00,0,0.00,0.96,0.00,,,,,113.96,,0.00,,,,,,,,,,,,,,,,,,,,,,,10008,10572,10008-2026-000167,,,,,,,,,Etsy VS Shipping,Jamie Clark,Soren Vale,Etsy VS Marketplace,206 Pacific Hwy,Dock 6,Seasonal ship location,Los Angeles,CA,90004,Los Angeles,USA,ship-etsy-vs@example.com,(213) 555-1506,,,,,,,,,,,,,,,,,,,3,2026-03-01,CORA-01-BLK-12,,,CROSS FRONT SANDAL,,,EA,,,,,,,,1,0,,1,,10.75,10.75,10.75,10.75,0.00,,10.75,FALSE,TRUE,FALSE,FALSE,,,,,,,,,,,,,,,,,,
SO2026-000168,1,0,2026-03-04,2026-03-04,2026-04-03,2026-03-04,,,,,Macys,Macys,,30,USD,387.00,387.00,398.88,387.00,0.00,0,0.00,0,0.00,11.88,0.00,,,,,398.88,,0.00,,,,,,,,,,,,,,,,,,,,,,,30005,10574,30005-2026-000168,,,,,,,,,Macys Shipping,Taylor Kim,Blake Jett,Macys Stores,215 King St,Dock 15,Department ship location,San Francisco,CA,94107,San Francisco,USA,ship-macys@example.com,(415) 555-2406,,,,,,,,,,,,,,,,,,,1,2026-03-04,CORA-01-LEOP-B12,,,CROSS FRONT SANDAL,,,EA,,,,,,,,3,0,,3,,129.00,129.00,387.00,387.00,0.00,,387.00,FALSE,TRUE,FALSE,FALSE,,,,,,,,,,,,,,,,,,
SO2026-000169,1,0,2026-03-04,2026-03-08,2026-04-03,2026-03-04,,,,,Walmart-eComm,Walmart eComm,,30,USD,142.00,142.00,158.82,142.00,0.00,0,0.00,0,0.00,16.82,0.00,,,,,158.82,,0.00,,,,,,,,,,,,,,,,,,,,,,,10002,10566,10002-2026-000169,,,,,,,,,Walmart eComm Shipping,Morgan Lee,Gavin Orr,Walmart eComm Retail,220 Townsend St,Dock 20,National ship location,San Francisco,CA,94109,San Francisco,USA,ship-walmart-ecomm@example.com,(415) 555-2906,,,,,,,,,,,,,,,,,,,1,2026-03-04,FA13512DM-1847DPOCN,,,"Five-pocket twill woven lowrise skinny jeans with gold stitching and hardware. Light hand sanding, w",,,EA,,,,,,,,3,0,,3,,34.00,34.00,102.00,102.00,0.00,,102.00,FALSE,TRUE,FALSE,FALSE,,,,,,,,,,,,,,,,,,
SO2026-000169,1,0,2026-03-04,2026-03-08,2026-04-03,2026-03-04,,,,,Walmart-eComm,Walmart eComm,,30,USD,142.00,142.00,158.82,142.00,0.00,0,0.00,0,0.00,16.82,0.00,,,,,158.82,,0.00,,,,,,,,,,,,,,,,,,,,,,,10002,10566,10002-2026-000169,,,,,,,,,Walmart eComm Shipping,Morgan Lee,Gavin Orr,Walmart eComm Retail,220 Townsend St,Dock 20,National ship location,San Francisco,CA,94109,San Francisco,USA,ship-walmart-ecomm@example.com,(415) 555-2906,,,,,,,,,,,,,,,,,,,2,2026-03-04,AUSTIN-06-CAMEL-8,,,SNEAKER,,,EA,,,,,,,,4,0,,4,,10.00,10.00,40.00,40.00,0.00,,40.00,FALSE,TRUE,FALSE,FALSE,,,,,,,,,,,,,,,,,,
SO2026-000170,1,0,2026-03-04,2026-03-06,2026-04-03,2026-03-05,,,,,Shopify,Shopify,,30,USD,164.25,164.25,170.58,164.25,0.00,0,0.00,0,0.00,6.33,0.00,,,,,170.58,,0.00,,,,,,,,,,,,,,,,,,,,,,,20001,10580,20001-2026-000170,,,,,,,,,Shopify Shipping,Alex Reed,Dario Lowe,Shopify Commerce,217 Barranca Pkwy,Dock 17,Commerce ship location,Irvine,CA,92609,Orange,USA,ship-shopify@example.com,(949) 555-2606,,,,,,,,,,,,,,,,,,,1,2026-03-04,F13031C-1742VNTGBJ-32-STD,809666254853,,Cayden Vintage Beujolias Corduroy Skinny Jeans,,,EA,,,,,,,,3,0,,3,,34.00,34.00,102.00,102.00,0.00,,102.00,FALSE,TRUE,FALSE,FALSE,,,,,,,,,,,,,,,,,,
SO2026-000170,1,0,2026-03-04,2026-03-06,2026-04-03,2026-03-05,,,,,Shopify,Shopify,,30,USD,164.25,164.25,170.58,164.25,0.00,0,0.00,0,0.00,6.33,0.00,,,,,170.58,,0.00,,,,,,,,,,,,,,,,,,,,,,,20001,10580,20001-2026-000170,,,,,,,,,Shopify Shipping,Alex Reed,Dario Lowe,Shopify Commerce,217 Barranca Pkwy,Dock 17,Commerce ship location,Irvine,CA,92609,Orange,USA,ship-shopify@example.com,(949) 555-2606,,,,,,,,,,,,,,,,,,,2,2026-03-04,ASTRID-01-BLUSH-7,,,SLIP ON SNEAKER,,,EA,,,,,,,,3,0,,3,,20.75,20.75,62.25,62.25,0.00,,62.25,FALSE,TRUE,FALSE,FALSE,,,,,,,,,,,,,,,,,,
SO2026-000171,1,0,2026-03-04,2026-03-08,2026-04-03,2026-03-06,,,,,Squarespace,Squarespace,,30,USD,179.00,179.00,188.27,179.00,0.00,0,0.00,0,0.00,9.27,0.00,,,,,188.27,,0.00,,,,,,,,,,,,,,,,,,,,,,,20006,10582,20006-2026-000171,,,,,,,,,Squarespace Shipping,Jamie Clark,Elin Marsh,Squarespace Digital,218 Camino Del Rio,Dock 18,Digital ship location,San Diego,CA,92108,San Diego,USA,ship-squarespace@example.com,(619) 555-2706,,,,,,,,,,,,,,,,,,,1,2026-03-04,CORA-01-LEOP-6,,,CROSS FRONT SANDAL,,,EA,,,,,,,,4,0,,4,,10.75,10.75,43.00,43.00,0.00,,43.00,FALSE,TRUE,FALSE,FALSE,,,,,,,,,,,,,,,,,,
SO2026-000171,1,0,2026-03-04,2026-03-08,2026-04-03,2026-03-06,,,,,Squarespace,Squarespace,,30,USD,179.00,179.00,188.27,179.00,0.00,0,0.00,0,0.00,9.27,0.00,,,,,188.27,,0.00,,,,,,,,,,,,,,,,,,,,,,,20006,10582,20006-2026-000171,,,,,,,,,Squarespace Shipping,Jamie Clark,Elin Marsh,Squarespace Digital,218 Camino Del Rio,Dock 18,Digital ship location,San Diego,CA,92108,San Diego,USA,ship-squarespace@example.com,(619) 555-2706,,,,,,,,,,,,,,,,,,,2,2026-03-04,F13031C-1742VNTGCO-27-STD,809666254891,,Cayden Vintage Beujolias Corduroy Skinny Jeans,,,EA,,,,,,,,4,0,,4,,34.00,34.00,136.00,136.00,0.00,,136.00,FALSE,TRUE,FALSE,FALSE,,,,,,,,,,,,,,,,,,
SO2026-000172,1,0,2026-03-01,2026-03-01,2026-03-31,2026-03-03,,,,,Etsy-LS,Etsy LS,,30,USD,129.00,129.00,145.63,129.00,0.00,0,0.00,0,0.00,16.63,0.00,,,,,145.63,,0.00,,,,,,,,,,,,,,,,,,,,,,,10008,10571,10008-2026-000172,,,,,,,,,Etsy LS Shipping,Alex Reed,Rhea Moss,Etsy LS Marketplace,205 Mission St,Dock 5,Marketplace ship location,San Francisco,CA,94103,San Francisco,USA,ship-etsy-ls@example.com,(415) 555-1406,,,,,,,,,,,,,,,,,,,1,2026-03-01,CORA-01-CAME-A12,,,CROSS FRONT SANDAL,,,EA,,,,,,,,1,0,,1,,129.00,129.00,129.00,129.00,0.00,,129.00,FALSE,TRUE,FALSE,FALSE,,,,,,,,,,,,,,,,,,
SO2026-000173,1,0,2026-03-01,2026-03-02,2026-03-31,2026-03-02,,,,,Macys,Macys,,30,USD,142.00,142.00,152.13,142.00,0.00,0,0.00,0,0.00,10.13,0.00,,,,,152.13,,0.00,,,,,,,,,,,,,,,,,,,,,,,30005,10574,30005-2026-000173,,,,,,,,,Macys Shipping,Taylor Kim,Blake Jett,Macys Stores,215 King St,Dock 15,Department ship location,San Francisco,CA,94107,San Francisco,USA,ship-macys@example.com,(415) 555-2406,,,,,,,,,,,,,,,,,,,1,2026-03-01,AUSTIN-06-WHITE-11,,,SNEAKER,,,EA,,,,,,,,4,0,,4,,10.00,10.00,40.00,40.00,0.00,,40.00,FALSE,TRUE,FALSE,FALSE,,,,,,,,,,,,,,,,,,
SO2026-000173,1,0,2026-03-01,2026-03-02,2026-03-31,2026-03-02,,,,,Macys,Macys,,30,USD,142.00,142.00,152.13,142.00,0.00,0,0.00,0,0.00,10.13,0.00,,,,,152.13,,0.00,,,,,,,,,,,,,,,,,,,,,,,30005,10574,30005-2026-000173,,,,,,,,,Macys Shipping,Taylor Kim,Blake Jett,Macys Stores,215 King St,Dock 15,Department ship location,San Francisco,CA,94107,San Francisco,USA,ship-macys@example.com,(415) 555-2406,,,,,,,,,,,,,,,,,,,2,2026-03-01,FA13512DM,,,"Five-pocket twill woven lowrise skinny jeans with gold stitching and hardware. Light hand sanding, w",,,EA,,,,,,,,3,0,,3,,34.00,34.00,102.00,102.00,0.00,,102.00,FALSE,TRUE,FALSE,FALSE,,,,,,,,,,,,,,,,,,
SO2026-000174,1,0,2026-03-04,2026-03-09,2026-04-03,2026-03-04,,,,,Mirakl-Kohls,Mirakl Kohls,,30,USD,175.00,175.00,189.95,175.00,0.00,0,0.00,0,0.00,14.95,0.00,,,,,189.95,,0.00,,,,,,,,,,,,,,,,,,,,,,,10013,10576,10013-2026-000174,,,,,,,,,Mirakl Kohls Shipping,Jamie Clark,Asha Ives,Mirakl Kohls Network,214 Silver Creek Rd,Dock 14,Partner ship location,San Jose,CA,95115,Santa Clara,USA,ship-mirakl-kohls@example.com,(408) 555-2306,,,,,,,,,,,,,,,,,,,1,2026-03-04,FD9801506P-GINGER-3X-STD,809666395365,,Natalia Solid Button-Up Wrap Lantern Sleeve Dress,,,EA,,,,,,,,2,0,,2,,49.00,49.00,98.00,98.00,0.00,,98.00,FALSE,TRUE,FALSE,FALSE,,,,,,,,,,,,,,,,,,
SO2026-000174,1,0,2026-03-04,2026-03-09,2026-04-03,2026-03-04,,,,,Mirakl-Kohls,Mirakl Kohls,,30,USD,175.00,175.00,189.95,175.00,0.00,0,0.00,0,0.00,14.95,0.00,,,,,189.95,,0.00,,,,,,,,,,,,,,,,,,,,,,,10013,10576,10013-2026-000174,,,,,,,,,Mirakl Kohls Shipping,Jamie Clark,Asha Ives,Mirakl Kohls Network,214 Silver Creek Rd,Dock 14,Partner ship location,San Jose,CA,95115,Santa Clara,USA,ship-mirakl-kohls@example.com,(408) 555-2306,,,,,,,,,,,,,,,,,,,2,2026-03-04,ADELINE-03-BLUE-5,,,BUCKLE FRONT FLAT SANDALS,,,EA,,,,,,,,3,0,,3,,18.50,18.50,55.50,55.50,0.00,,55.50,FALSE,TRUE,FALSE,FALSE,,,,,,,,,,,,,,,,,,
SO2026-000174,1,0,2026-03-04,2026-03-09,2026-04-03,2026-03-04,,,,,Mirakl-Kohls,Mirakl Kohls,,30,USD,175.00,175.00,189.95,175.00,0.00,0,0.00,0,0.00,14.95,0.00,,,,,189.95,,0.00,,,,,,,,,,,,,,,,,,,,,,,10013,10576,10013-2026-000174,,,,,,,,,Mirakl Kohls Shipping,Jamie Clark,Asha Ives,Mirakl Kohls Network,214 Silver Creek Rd,Dock 14,Partner ship location,San Jose,CA,95115,Santa Clara,USA,ship-mirakl-kohls@example.com,(408) 555-2306,,,,,,,,,,,,,,,,,,,3,2026-03-04,CORA-01-YLW-5.5,,,CROSS FRONT SANDAL,,,EA,,,,,,,,2,0,,2,,10.75,10.75,21.50,21.50,0.00,,21.50,FALSE,TRUE,FALSE,FALSE,,,,,,,,,,,,,,,,,,
SO2026-000175,1,0,2026-03-02,2026-03-04,2026-04-01,2026-03-04,,,,,Veeqo-Amazon,Veeqo Amazon,,30,USD,102.00,102.00,107.60,102.00,0.00,0,0.00,0,0.00,5.60,0.00,,,,,107.60,,0.00,,,,,,,,,,,,,,,,,,,,,,,10016,10579,10016-2026-000175,,,,,,,,,Veeqo Amazon Shipping,Jamie Clark,Owen Pike,Veeqo Amazon Retail,202 Distribution Way,Dock 2,Regional ship location,Irvine,CA,92603,Orange,USA,ship-veeqo-amazon@example.com,(949) 555-1106,,,,,,,,,,,,,,,,,,,1,2026-03-02,FA13512DM-1847DPOCN-31-30,809666864946,,Angie Stud Bling Pocket Low Rise Skinny Jeans,,,EA,,,,,,,,3,0,,3,,34.00,34.00,102.00,102.00,0.00,,102.00,FALSE,TRUE,FALSE,FALSE,,,,,,,,,,,,,,,,,,
SO2026-000176,1,0,2026-03-02,2026-03-02,2026-04-01,2026-03-04,,,,,JCPenney,JCPenney,,30,USD,39.00,39.00,56.26,39.00,0.00,0,0.00,0,0.00,17.26,0.00,,,,,56.26,,0.00,,,,,,,,,,,,,,,,,,,,,,,30007,10575,30007-2026-000176,,,,,,,,,JCPenney Shipping,Alex Reed,Zane Holt,JCPenney Stores,213 Gateway Rd,Dock 13,Retail ship location,San Diego,CA,92106,San Diego,USA,ship-jcpenney@example.com,(619) 555-2206,,,,,,,,,,,,,,,,,,,1,2026-03-02,FA16023WV-MIDNIGHTBLUE-S-STD,809666795714,,Olivia Woven GGT Midnight Blue Kimono Wrap Maxi Dress,,,EA,,,,,,,,1,0,,1,,39.00,39.00,39.00,39.00,0.00,,39.00,FALSE,TRUE,FALSE,FALSE,,,,,,,,,,,,,,,,,,
SO2026-000177,1,0,2026-03-03,2026-03-04,2026-04-02,2026-03-04,,,,,AMZ-eCom,AMZ eCom,,30,USD,95.00,95.00,99.08,95.00,0.00,0,0.00,0,0.00,4.08,0.00,,,,,99.08,,0.00,,,,,,,,,,,,,,,,,,,,,,,10001,10565,10001-2026-000177,,,,,,,,,AMZ eCom Shipping,Alex Reed,Nora Lane,AMZ eCom Retail,201 Harbor Ave,Dock 1,Main ship location,Los Angeles,CA,90002,Los Angeles,USA,ship-amz-ecom@example.com,(213) 555-1006,,,,,,,,,,,,,,,,,,,1,2026-03-03,AUSTIN-06-BLUSH-6,,,SNEAKER,,,EA,,,,,,,,3,0,,3,,10.00,10.00,30.00,30.00,0.00,,30.00,FALSE,TRUE,FALSE,FALSE,,,,,,,,,,,,,,,,,,
SO2026-000177,1,0,2026-03-03,2026-03-04,2026-04-02,2026-03-04,,,,,AMZ-eCom,AMZ eCom,,30,USD,95.00,95.00,99.08,95.00,0.00,0,0.00,0,0.00,4.08,0.00,,,,,99.08,,0.00,,,,,,,,,,,,,,,,,,,,,,,10001,10565,10001-2026-000177,,,,,,,,,AMZ eCom Shipping,Alex Reed,Nora Lane,AMZ eCom Retail,201 Harbor Ave,Dock 1,Main ship location,Los Angeles,CA,90002,Los Angeles,USA,ship-amz-ecom@example.com,(213) 555-1006,,,,,,,,,,,,,,,,,,,2,2026-03-03,AVIANA-06-BLACK-5.5,,,FUR SLIPPER,,,EA,,,,,,,,4,0,,4,,16.25,16.25,65.00,65.00,0.00,,65.00,FALSE,TRUE,FALSE,FALSE,,,,,,,,,,,,,,,,,,
SO2026-000178,1,0,2026-03-04,2026-03-06,2026-04-03,2026-03-05,,,,,Squarespace,Squarespace,,30,USD,56.00,56.00,56.00,56.00,0.00,0,0.00,0,0.00,0.00,0.00,,,,,56.00,,0.00,,,,,,,,,,,,,,,,,,,,,,,20006,10582,20006-2026-000178,,,,,,,,,Squarespace Shipping,Jamie Clark,Elin Marsh,Squarespace Digital,218 Camino Del Rio,Dock 18,Digital ship location,San Diego,CA,92108,San Diego,USA,ship-squarespace@example.com,(619) 555-2706,,,,,,,,,,,,,,,,,,,1,2026-03-04,CAMILA-06-NUDE-8.5,,,COSS FRONT SLIP ON SLIDES,,,EA,,,,,,,,2,0,,2,,8.00,8.00,16.00,16.00,0.00,,16.00,FALSE,TRUE,FALSE,FALSE,,,,,,,,,,,,,,,,,,
SO2026-000178,1,0,2026-03-04,2026-03-06,2026-04-03,2026-03-05,,,,,Squarespace,Squarespace,,30,USD,56.00,56.00,56.00,56.00,0.00,0,0.00,0,0.00,0.00,0.00,,,,,56.00,,0.00,,,,,,,,,,,,,,,,,,,,,,,20006,10582,20006-2026-000178,,,,,,,,,Squarespace Shipping,Jamie Clark,Elin Marsh,Squarespace Digital,218 Camino Del Rio,Dock 18,Digital ship location,San Diego,CA,92108,San Diego,USA,ship-squarespace@example.com,(619) 555-2706,,,,,,,,,,,,,,,,,,,2,2026-03-04,AUSTIN-06-CAMEL-12,,,SNEAKER,,,EA,,,,,,,,1,0,,1,,10.00,10.00,10.00,10.00,0.00,,10.00,FALSE,TRUE,FALSE,FALSE,,,,,,,,,,,,,,,,,,
SO2026-000178,1,0,2026-03-04,2026-03-06,2026-04-03,2026-03-05,,,,,Squarespace,Squarespace,,30,USD,56.00,56.00,56.00,56.00,0.00,0,0.00,0,0.00,0.00,0.00,,,,,56.00,,0.00,,,,,,,,,,,,,,,,,,,,,,,20006,10582,20006-2026-000178,,,,,,,,,Squarespace Shipping,Jamie Clark,Elin Marsh,Squarespace Digital,218 Camino Del Rio,Dock 18,Digital ship location,San Diego,CA,92108,San Diego,USA,ship-squarespace@example.com,(619) 555-2706,,,,,,,,,,,,,,,,,,,3,2026-03-04,AUSTIN-06-WHITE-9.5,,,SNEAKER,,,EA,,,,,,,,3,0,,3,,10.00,10.00,30.00,30.00,0.00,,30.00,FALSE,TRUE,FALSE,FALSE,,,,,,,,,,,,,,,,,,
SO2026-000179,1,0,2026-03-04,2026-03-04,2026-04-03,2026-03-04,,,,,Mirakl-Kohls,Mirakl Kohls,,30,USD,408.00,408.00,411.61,408.00,0.00,0,0.00,0,0.00,3.61,0.00,,,,,411.61,,0.00,,,,,,,,,,,,,,,,,,,,,,,10013,10576,10013-2026-000179,,,,,,,,,Mirakl Kohls Shipping,Jamie Clark,Asha Ives,Mirakl Kohls Network,214 Silver Creek Rd,Dock 14,Partner ship location,San Jose,CA,95115,Santa Clara,USA,ship-mirakl-kohls@example.com,(408) 555-2306,,,,,,,,,,,,,,,,,,,1,2026-03-04,173451-1183CITIZEN-5-STD,809666377880,,Susan Stretch Denim Skinny Jeans Medium Blue 5 Pocket Wash,,,EA,,,,,,,,1,0,,1,,24.00,24.00,24.00,24.00,0.00,,24.00,FALSE,TRUE,FALSE,FALSE,,,,,,,,,,,,,,,,,,
SO2026-000179,1,0,2026-03-04,2026-03-04,2026-04-03,2026-03-04,,,,,Mirakl-Kohls,Mirakl Kohls,,30,USD,408.00,408.00,411.61,408.00,0.00,0,0.00,0,0.00,3.61,0.00,,,,,411.61,,0.00,,,,,,,,,,,,,,,,,,,,,,,10013,10576,10013-2026-000179,,,,,,,,,Mirakl Kohls Shipping,Jamie Clark,Asha Ives,Mirakl Kohls Network,214 Silver Creek Rd,Dock 14,Partner ship location,San Jose,CA,95115,Santa Clara,USA,ship-mirakl-kohls@example.com,(408) 555-2306,,,,,,,,,,,,,,,,,,,2,2026-03-04,CAMILA-06-NUDE-7.5,,,COSS FRONT SLIP ON SLIDES,,,EA,,,,,,,,3,0,,3,,8.00,8.00,24.00,24.00,0.00,,24.00,FALSE,TRUE,FALSE,FALSE,,,,,,,,,,,,,,,,,,
SO2026-000179,1,0,2026-03-04,2026-03-04,2026-04-03,2026-03-04,,,,,Mirakl-Kohls,Mirakl Kohls,,30,USD,408.00,408.00,411.61,408.00,0.00,0,0.00,0,0.00,3.61,0.00,,,,,411.61,,0.00,,,,,,,,,,,,,,,,,,,,,,,10013,10576,10013-2026-000179,,,,,,,,,Mirakl Kohls Shipping,Jamie Clark,Asha Ives,Mirakl Kohls Network,214 Silver Creek Rd,Dock 14,Partner ship location,San Jose,CA,95115,Santa Clara,USA,ship-mirakl-kohls@example.com,(408) 555-2306,,,,,,,,,,,,,,,,,,,3,2026-03-04,AUSTIN-06-BLUSH-S,,,SNEAKER,,,EA,,,,,,,,3,0,,3,,120.00,120.00,360.00,360.00,0.00,,360.00,FALSE,TRUE,FALSE,FALSE,,,,,,,,,,,,,,,,,,
SO2026-000180,1,0,2026-03-04,2026-03-05,2026-04-03,2026-03-06,,,,,Walmart-eComm,Walmart eComm,,30,USD,197.25,197.25,209.27,197.25,0.00,0,0.00,0,0.00,12.02,0.00,,,,,209.27,,0.00,,,,,,,,,,,,,,,,,,,,,,,10002,10566,10002-2026-000180,,,,,,,,,Walmart eComm Shipping,Morgan Lee,Gavin Orr,Walmart eComm Retail,220 Townsend St,Dock 20,National ship location,San Francisco,CA,94109,San Francisco,USA,ship-walmart-ecomm@example.com,(415) 555-2906,,,,,,,,,,,,,,,,,,,1,2026-03-04,FD3601033-3022FROZENPD-L-STD,809666343823,,Jay-Low Tencel Denim Shirtdress - Chiffon Collar and Tie Sleeve,,,EA,,,,,,,,2,0,,2,,49.00,49.00,98.00,98.00,0.00,,98.00,FALSE,TRUE,FALSE,FALSE,,,,,,,,,,,,,,,,,,
SO2026-000180,1,0,2026-03-04,2026-03-05,2026-04-03,2026-03-06,,,,,Walmart-eComm,Walmart eComm,,30,USD,197.25,197.25,209.27,197.25,0.00,0,0.00,0,0.00,12.02,0.00,,,,,209.27,,0.00,,,,,,,,,,,,,,,,,,,,,,,10002,10566,10002-2026-000180,,,,,,,,,Walmart eComm Shipping,Morgan Lee,Gavin Orr,Walmart eComm Retail,220 Townsend St,Dock 20,National ship location,San Francisco,CA,94109,San Francisco,USA,ship-walmart-ecomm@example.com,(415) 555-2906,,,,,,,,,,,,,,,,,,,2,2026-03-04,ASTRID-01-NUDE-10,,,SLIP ON SNEAKER,,,EA,,,,,,,,3,0,,3,,20.75,20.75,62.25,62.25,0.00,,62.25,FALSE,TRUE,FALSE,FALSE,,,,,,,,,,,,,,,,,,
SO2026-000180,1,0,2026-03-04,2026-03-05,2026-04-03,2026-03-06,,,,,Walmart-eComm,Walmart eComm,,30,USD,197.25,197.25,209.27,197.25,0.00,0,0.00,0,0.00,12.02,0.00,,,,,209.27,,0.00,,,,,,,,,,,,,,,,,,,,,,,10002,10566,10002-2026-000180,,,,,,,,,Walmart eComm Shipping,Morgan Lee,Gavin Orr,Walmart eComm Retail,220 Townsend St,Dock 20,National ship location,San Francisco,CA,94109,San Francisco,USA,ship-walmart-ecomm@example.com,(415) 555-2906,,,,,,,,,,,,,,,,,,,3,2026-03-04,ADELINE-03-BROWN-5.5,,,BUCKLE FRONT FLAT SANDALS,,,EA,,,,,,,,2,0,,2,,18.50,18.50,37.00,37.00,0.00,,37.00,FALSE,TRUE,FALSE,FALSE,,,,,,,,,,,,,,,,,,
SO2026-000181,1,0,2026-03-02,2026-03-03,2026-04-01,2026-03-03,,,,,Mirakl-Kohls,Mirakl Kohls,,30,USD,49.00,49.00,50.33,49.00,0.00,0,0.00,0,0.00,1.33,0.00,,,,,50.33,,0.00,,,,,,,,,,,,,,,,,,,,,,,10013,10576,10013-2026-000181,,,,,,,,,Mirakl Kohls Shipping,Jamie Clark,Asha Ives,Mirakl Kohls Network,214 Silver Creek Rd,Dock 14,Partner ship location,San Jose,CA,95115,Santa Clara,USA,ship-mirakl-kohls@example.com,(408) 555-2306,,,,,,,,,,,,,,,,,,,1,2026-03-02,FD9801506P-BLACKBROWN-2X-STD,809666394979,,Natalia Leopard Print Button-up Wrap Dress,,,EA,,,,,,,,1,0,,1,,49.00,49.00,49.00,49.00,0.00,,49.00,FALSE,TRUE,FALSE,FALSE,,,,,,,,,,,,,,,,,,
SO2026-000182,1,0,2026-03-04,2026-03-04,2026-04-03,2026-03-06,,,,,Mirakl-Kohls,Mirakl Kohls,,30,USD,113.00,113.00,120.39,113.00,0.00,0,0.00,0,0.00,7.39,0.00,,,,,120.39,,0.00,,,,,,,,,,,,,,,,,,,,,,,10013,10576,10013-2026-000182,,,,,,,,,Mirakl Kohls Shipping,Jamie Clark,Asha Ives,Mirakl Kohls Network,214 Silver Creek Rd,Dock 14,Partner ship location,San Jose,CA,95115,Santa Clara,USA,ship-mirakl-kohls@example.com,(408) 555-2306,,,,,,,,,,,,,,,,,,,1,2026-03-04,AVIANA-06-WHITE-7,,,FUR SLIPPER,,,EA,,,,,,,,4,0,,4,,16.25,16.25,65.00,65.00,0.00,,65.00,FALSE,TRUE,FALSE,FALSE,,,,,,,,,,,,,,,,,,
SO2026-000182,1,0,2026-03-04,2026-03-04,2026-04-03,2026-03-06,,,,,Mirakl-Kohls,Mirakl Kohls,,30,USD,113.00,113.00,120.39,113.00,0.00,0,0.00,0,0.00,7.39,0.00,,,,,120.39,,0.00,,,,,,,,,,,,,,,,,,,,,,,10013,10576,10013-2026-000182,,,,,,,,,Mirakl Kohls Shipping,Jamie Clark,Asha Ives,Mirakl Kohls Network,214 Silver Creek Rd,Dock 14,Partner ship location,San Jose,CA,95115,Santa Clara,USA,ship-mirakl-kohls@example.com,(408) 555-2306,,,,,,,,,,,,,,,,,,,2,2026-03-04,173451-1183CITIZEN-21-34,809666377835,,Susan Stretch Denim Skinny Jeans Medium Blue 5 Pocket Wash,,,EA,,,,,,,,2,0,,2,,24.00,24.00,48.00,48.00,0.00,,48.00,FALSE,TRUE,FALSE,FALSE,,,,,,,,,,,,,,,,,,
SO2026-000183,1,0,2026-03-03,2026-03-08,2026-04-02,2026-03-05,,,,,Shopify,Shopify,,30,USD,120.00,120.00,133.88,120.00,0.00,0,0.00,0,0.00,13.88,0.00,,,,,133.88,,0.00,,,,,,,,,,,,,,,,,,,,,,,20001,10580,20001-2026-000183,,,,,,,,,Shopify Shipping,Alex Reed,Dario Lowe,Shopify Commerce,217 Barranca Pkwy,Dock 17,Commerce ship location,Irvine,CA,92609,Orange,USA,ship-shopify@example.com,(949) 555-2606,,,,,,,,,,,,,,,,,,,1,2026-03-03,ADELINE-02-WHITE-7.5,,,WOVEN SLIDE SANDAL,,,EA,,,,,,,,4,0,,4,,11.50,11.50,46.00,46.00,0.00,,46.00,FALSE,TRUE,FALSE,FALSE,,,,,,,,,,,,,,,,,,
SO2026-000183,1,0,2026-03-03,2026-03-08,2026-04-02,2026-03-05,,,,,Shopify,Shopify,,30,USD,120.00,120.00,133.88,120.00,0.00,0,0.00,0,0.00,13.88,0.00,,,,,133.88,,0.00,,,,,,,,,,,,,,,,,,,,,,,20001,10580,20001-2026-000183,,,,,,,,,Shopify Shipping,Alex Reed,Dario Lowe,Shopify Commerce,217 Barranca Pkwy,Dock 17,Commerce ship location,Irvine,CA,92609,Orange,USA,ship-shopify@example.com,(949) 555-2606,,,,,,,,,,,,,,,,,,,2,2026-03-03,ADELINE-03-BROWN-9,,,BUCKLE FRONT FLAT SANDALS,,,EA,,,,,,,,4,0,,4,,18.50,18.50,74.00,74.00,0.00,,74.00,FALSE,TRUE,FALSE,FALSE,,,,,,,,,,,,,,,,,,
SO2026-000184,1,0,2026-03-01,2026-03-03,2026-03-31,2026-03-02,,,,,Mirakl-HudsonsB,Mirakl HudsonsB,,30,USD,189.50,189.50,193.88,189.50,0.00,0,0.00,0,0.00,4.38,0.00,,,,,193.88,,0.00,,,,,,,,,,,,,,,,,,,,,,,10005,10577,10005-2026-000184,,,,,,,,,Mirakl HudsonsB Shipping,Morgan Lee,Yara Glenn,Mirakl HudsonsB Network,212 Quail Hill Pkwy,Dock 12,Network ship location,Irvine,CA,92607,Orange,USA,ship-mirakl-hudsonsb@example.com,(949) 555-2106,,,,,,,,,,,,,,,,,,,1,2026-03-01,ADELINE-03-GOLD-8,,,BUCKLE FRONT FLAT SANDALS,,,EA,,,,,,,,1,0,,1,,18.50,18.50,18.50,18.50,0.00,,18.50,FALSE,TRUE,FALSE,FALSE,,,,,,,,,,,,,,,,,,
SO2026-000184,1,0,2026-03-01,2026-03-03,2026-03-31,2026-03-02,,,,,Mirakl-HudsonsB,Mirakl HudsonsB,,30,USD,189.50,189.50,193.88,189.50,0.00,0,0.00,0,0.00,4.38,0.00,,,,,193.88,,0.00,,,,,,,,,,,,,,,,,,,,,,,10005,10577,10005-2026-000184,,,,,,,,,Mirakl HudsonsB Shipping,Morgan Lee,Yara Glenn,Mirakl HudsonsB Network,212 Quail Hill Pkwy,Dock 12,Network ship location,Irvine,CA,92607,Orange,USA,ship-mirakl-hudsonsb@example.com,(949) 555-2106,,,,,,,,,,,,,,,,,,,2,2026-03-01,ADELINE-02-CAMEL,,,WOVEN SLIDE SANDAL,,,EA,,,,,,,,1,0,,1,,171.00,171.00,171.00,171.00,0.00,,171.00,FALSE,TRUE,FALSE,FALSE,,,,,,,,,,,,,,,,,,
SO2026-000185,1,0,2026-03-04,2026-03-08,2026-04-03,2026-03-05,,,,,Magento,Magento,,30,USD,50.00,50.00,65.25,50.00,0.00,0,0.00,0,0.00,15.25,0.00,,,,,65.25,,0.00,,,,,,,,,,,,,,,,,,,,,,,20003,10581,20003-2026-000185,,,,,,,,,Magento Shipping,Morgan Lee,Cora Knox,Magento Platform,216 Century Blvd,Dock 16,Platform ship location,Los Angeles,CA,90008,Los Angeles,USA,ship-magento@example.com,(213) 555-2506,,,,,,,,,,,,,,,,,,,1,2026-03-04,AUSTIN-06-BLUSH-6.5,,,SNEAKER,,,EA,,,,,,,,4,0,,4,,10.00,10.00,40.00,40.00,0.00,,40.00,FALSE,TRUE,FALSE,FALSE,,,,,,,,,,,,,,,,,,
SO2026-000185,1,0,2026-03-04,2026-03-08,2026-04-03,2026-03-05,,,,,Magento,Magento,,30,USD,50.00,50.00,65.25,50.00,0.00,0,0.00,0,0.00,15.25,0.00,,,,,65.25,,0.00,,,,,,,,,,,,,,,,,,,,,,,20003,10581,20003-2026-000185,,,,,,,,,Magento Shipping,Morgan Lee,Cora Knox,Magento Platform,216 Century Blvd,Dock 16,Platform ship location,Los Angeles,CA,90008,Los Angeles,USA,ship-magento@example.com,(213) 555-2506,,,,,,,,,,,,,,,,,,,2,2026-03-04,AUSTIN-06-CAMEL-6.5,,,SNEAKER,,,EA,,,,,,,,1,0,,1,,10.00,10.00,10.00,10.00,0.00,,10.00,FALSE,TRUE,FALSE,FALSE,,,,,,,,,,,,,,,,,,
SO2026-000186,1,0,2026-03-01,2026-03-03,2026-03-31,2026-03-02,,,,,AMZ-eCom,AMZ eCom,,30,USD,355.00,355.00,372.17,355.00,0.00,0,0.00,0,0.00,17.17,0.00,,,,,372.17,,0.00,,,,,,,,,,,,,,,,,,,,,,,10001,10565,10001-2026-000186,,,,,,,,,AMZ eCom Shipping,Alex Reed,Nora Lane,AMZ eCom Retail,201 Harbor Ave,Dock 1,Main ship location,Los Angeles,CA,90002,Los Angeles,USA,ship-amz-ecom@example.com,(213) 555-1006,,,,,,,,,,,,,,,,,,,1,2026-03-01,FA13501DM-1464KINGSC-27-32,809666852752,,Maya Basic Dark Handsand Wash Midrise Skinny Jeans,,,EA,,,,,,,,2,0,,2,,34.00,34.00,68.00,68.00,0.00,,68.00,FALSE,TRUE,FALSE,FALSE,,,,,,,,,,,,,,,,,,
SO2026-000186,1,0,2026-03-01,2026-03-03,2026-03-31,2026-03-02,,,,,AMZ-eCom,AMZ eCom,,30,USD,355.00,355.00,372.17,355.00,0.00,0,0.00,0,0.00,17.17,0.00,,,,,372.17,,0.00,,,,,,,,,,,,,,,,,,,,,,,10001,10565,10001-2026-000186,,,,,,,,,AMZ eCom Shipping,Alex Reed,Nora Lane,AMZ eCom Retail,201 Harbor Ave,Dock 1,Main ship location,Los Angeles,CA,90002,Los Angeles,USA,ship-amz-ecom@example.com,(213) 555-1006,,,,,,,,,,,,,,,,,,,2,2026-03-01,ADELINE-03-GOLD-A12,,,BUCKLE FRONT FLAT SANDALS,,,EA,,,,,,,,1,0,,1,,222.00,222.00,222.00,222.00,0.00,,222.00,FALSE,TRUE,FALSE,FALSE,,,,,,,,,,,,,,,,,,
SO2026-000186,1,0,2026-03-01,2026-03-03,2026-03-31,2026-03-02,,,,,AMZ-eCom,AMZ eCom,,30,USD,355.00,355.00,372.17,355.00,0.00,0,0.00,0,0.00,17.17,0.00,,,,,372.17,,0.00,,,,,,,,,,,,,,,,,,,,,,,10001,10565,10001-2026-000186,,,,,,,,,AMZ eCom Shipping,Alex Reed,Nora Lane,AMZ eCom Retail,201 Harbor Ave,Dock 1,Main ship location,Los Angeles,CA,90002,Los Angeles,USA,ship-amz-ecom@example.com,(213) 555-1006,,,,,,,,,,,,,,,,,,,3,2026-03-01,AVIANA-06-BEIGE-5,,,FUR SLIPPER,,,EA,,,,,,,,4,0,,4,,16.25,16.25,65.00,65.00,0.00,,65.00,FALSE,TRUE,FALSE,FALSE,,,,,,,,,,,,,,,,,,
SO2026-000187,1,0,2026-03-02,2026-03-03,2026-04-01,2026-03-04,,,,,Etsy-VS,Etsy VS,,30,USD,219.00,219.00,234.25,219.00,0.00,0,0.00,0,0.00,15.25,0.00,,,,,234.25,,0.00,,,,,,,,,,,,,,,,,,,,,,,10008,10572,10008-2026-000187,,,,,,,,,Etsy VS Shipping,Jamie Clark,Soren Vale,Etsy VS Marketplace,206 Pacific Hwy,Dock 6,Seasonal ship location,Los Angeles,CA,90004,Los Angeles,USA,ship-etsy-vs@example.com,(213) 555-1506,,,,,,,,,,,,,,,,,,,1,2026-03-02,F13031C-1742VNTGCO-31-STD,809666254938,,Cayden Vintage Beujolias Corduroy Skinny Jeans,,,EA,,,,,,,,3,0,,3,,34.00,34.00,102.00,102.00,0.00,,102.00,FALSE,TRUE,FALSE,FALSE,,,,,,,,,,,,,,,,,,
SO2026-000187,1,0,2026-03-02,2026-03-03,2026-04-01,2026-03-04,,,,,Etsy-VS,Etsy VS,,30,USD,219.00,219.00,234.25,219.00,0.00,0,0.00,0,0.00,15.25,0.00,,,,,234.25,,0.00,,,,,,,,,,,,,,,,,,,,,,,10008,10572,10008-2026-000187,,,,,,,,,Etsy VS Shipping,Jamie Clark,Soren Vale,Etsy VS Marketplace,206 Pacific Hwy,Dock 6,Seasonal ship location,Los Angeles,CA,90004,Los Angeles,USA,ship-etsy-vs@example.com,(213) 555-1506,,,,,,,,,,,,,,,,,,,2,2026-03-02,FA16023WV-SLATE,,,GGT wrap kimono maxi dress,,,EA,,,,,,,,3,0,,3,,39.00,39.00,117.00,117.00,0.00,,117.00,FALSE,TRUE,FALSE,FALSE,,,,,,,,,,,,,,,,,,
SO2026-000188,1,0,2026-03-04,2026-03-07,2026-04-03,2026-03-06,,,,,Mirakl-Kohls,Mirakl Kohls,,30,USD,64.50,64.50,78.46,64.50,0.00,0,0.00,0,0.00,13.96,0.00,,,,,78.46,,0.00,,,,,,,,,,,,,,,,,,,,,,,10013,10576,10013-2026-000188,,,,,,,,,Mirakl Kohls Shipping,Jamie Clark,Asha Ives,Mirakl Kohls Network,214 Silver Creek Rd,Dock 14,Partner ship location,San Jose,CA,95115,Santa Clara,USA,ship-mirakl-kohls@example.com,(408) 555-2306,,,,,,,,,,,,,,,,,,,1,2026-03-04,ADELINE-03-TAUPE-5,,,BUCKLE FRONT FLAT SANDALS,,,EA,,,,,,,,1,0,,1,,18.50,18.50,18.50,18.50,0.00,,18.50,FALSE,TRUE,FALSE,FALSE,,,,,,,,,,,,,,,,,,
SO2026-000188,1,0,2026-03-04,2026-03-07,2026-04-03,2026-03-06,,,,,Mirakl-Kohls,Mirakl Kohls,,30,USD,64.50,64.50,78.46,64.50,0.00,0,0.00,0,0.00,13.96,0.00,,,,,78.46,,0.00,,,,,,,,,,,,,,,,,,,,,,,10013,10576,10013-2026-000188,,,,,,,,,Mirakl Kohls Shipping,Jamie Clark,Asha Ives,Mirakl Kohls Network,214 Silver Creek Rd,Dock 14,Partner ship location,San Jose,CA,95115,Santa Clara,USA,ship-mirakl-kohls@example.com,(408) 555-2306,,,,,,,,,,,,,,,,,,,2,2026-03-04,ADELINE-02-CAMEL-6,,,WOVEN SLIDE SANDAL,,,EA,,,,,,,,4,0,,4,,11.50,11.50,46.00,46.00,0.00,,46.00,FALSE,TRUE,FALSE,FALSE,,,,,,,,,,,,,,,,,,
SO2026-000189,1,0,2026-03-01,2026-03-05,2026-03-31,2026-03-02,,,,,Mirakl-Kohls,Mirakl Kohls,,30,USD,36.00,36.00,50.23,36.00,0.00,0,0.00,0,0.00,14.23,0.00,,,,,50.23,,0.00,,,,,,,,,,,,,,,,,,,,,,,10013,10576,10013-2026-000189,,,,,,,,,Mirakl Kohls Shipping,Jamie Clark,Asha Ives,Mirakl Kohls Network,214 Silver Creek Rd,Dock 14,Partner ship location,San Jose,CA,95115,Santa Clara,USA,ship-mirakl-kohls@example.com,(408) 555-2306,,,,,,,,,,,,,,,,,,,1,2026-03-01,AUSTIN-06-WHITE-7.5,,,SNEAKER,,,EA,,,,,,,,2,0,,2,,10.00,10.00,20.00,20.00,0.00,,20.00,FALSE,TRUE,FALSE,FALSE,,,,,,,,,,,,,,,,,,
SO2026-000189,1,0,2026-03-01,2026-03-05,2026-03-31,2026-03-02,,,,,Mirakl-Kohls,Mirakl Kohls,,30,USD,36.00,36.00,50.23,36.00,0.00,0,0.00,0,0.00,14.23,0.00,,,,,50.23,,0.00,,,,,,,,,,,,,,,,,,,,,,,10013,10576,10013-2026-000189,,,,,,,,,Mirakl Kohls Shipping,Jamie Clark,Asha Ives,Mirakl Kohls Network,214 Silver Creek Rd,Dock 14,Partner ship location,San Jose,CA,95115,Santa Clara,USA,ship-mirakl-kohls@example.com,(408) 555-2306,,,,,,,,,,,,,,,,,,,2,2026-03-01,CAMILA-06-TAUPE-6,,,COSS FRONT SLIP ON SLIDES,,,EA,,,,,,,,2,0,,2,,8.00,8.00,16.00,16.00,0.00,,16.00,FALSE,TRUE,FALSE,FALSE,,,,,,,,,,,,,,,,,,
SO2026-000190,1,0,2026-03-04,2026-03-08,2026-04-03,2026-03-04,,,,,Mirakl-Kohls,Mirakl Kohls,,30,USD,127.25,127.25,136.77,127.25,0.00,0,0.00,0,0.00,9.52,0.00,,,,,136.77,,0.00,,,,,,,,,,,,,,,,,,,,,,,10013,10576,10013-2026-000190,,,,,,,,,Mirakl Kohls Shipping,Jamie Clark,Asha Ives,Mirakl Kohls Network,214 Silver Creek Rd,Dock 14,Partner ship location,San Jose,CA,95115,Santa Clara,USA,ship-mirakl-kohls@example.com,(408) 555-2306,,,,,,,,,,,,,,,,,,,1,2026-03-04,ASTRID-01-NUDE-5,,,SLIP ON SNEAKER,,,EA,,,,,,,,3,0,,3,,20.75,20.75,62.25,62.25,0.00,,62.25,FALSE,TRUE,FALSE,FALSE,,,,,,,,,,,,,,,,,,
SO2026-000190,1,0,2026-03-04,2026-03-08,2026-04-03,2026-03-04,,,,,Mirakl-Kohls,Mirakl Kohls,,30,USD,127.25,127.25,136.77,127.25,0.00,0,0.00,0,0.00,9.52,0.00,,,,,136.77,,0.00,,,,,,,,,,,,,,,,,,,,,,,10013,10576,10013-2026-000190,,,,,,,,,Mirakl Kohls Shipping,Jamie Clark,Asha Ives,Mirakl Kohls Network,214 Silver Creek Rd,Dock 14,Partner ship location,San Jose,CA,95115,Santa Clara,USA,ship-mirakl-kohls@example.com,(408) 555-2306,,,,,,,,,,,,,,,,,,,2,2026-03-04,AVIANA-06-BEIGE-10,,,FUR SLIPPER,,,EA,,,,,,,,4,0,,4,,16.25,16.25,65.00,65.00,0.00,,65.00,FALSE,TRUE,FALSE,FALSE,,,,,,,,,,,,,,,,,,
SO2026-000191,1,0,2026-03-03,2026-03-07,2026-04-02,2026-03-04,,,,,Walmart-eComm,Walmart eComm,,30,USD,269.50,269.50,281.52,269.50,0.00,0,0.00,0,0.00,12.02,0.00,,,,,281.52,,0.00,,,,,,,,,,,,,,,,,,,,,,,10002,10566,10002-2026-000191,,,,,,,,,Walmart eComm Shipping,Morgan Lee,Gavin Orr,Walmart eComm Retail,220 Townsend St,Dock 20,National ship location,San Francisco,CA,94109,San Francisco,USA,ship-walmart-ecomm@example.com,(415) 555-2906,,,,,,,,,,,,,,,,,,,1,2026-03-03,ADELINE-02-NUDE-12,,,WOVEN SLIDE SANDAL,,,EA,,,,,,,,1,0,,1,,11.50,11.50,11.50,11.50,0.00,,11.50,FALSE,TRUE,FALSE,FALSE,,,,,,,,,,,,,,,,,,
SO2026-000191,1,0,2026-03-03,2026-03-07,2026-04-02,2026-03-04,,,,,Walmart-eComm,Walmart eComm,,30,USD,269.50,269.50,281.52,269.50,0.00,0,0.00,0,0.00,12.02,0.00,,,,,281.52,,0.00,,,,,,,,,,,,,,,,,,,,,,,10002,10566,10002-2026-000191,,,,,,,,,Walmart eComm Shipping,Morgan Lee,Gavin Orr,Walmart eComm Retail,220 Townsend St,Dock 20,National ship location,San Francisco,CA,94109,San Francisco,USA,ship-walmart-ecomm@example.com,(415) 555-2906,,,,,,,,,,,,,,,,,,,2,2026-03-03,CORA-01-TAUP-S,,,CROSS FRONT SANDAL,,,EA,,,,,,,,2,0,,2,,129.00,129.00,258.00,258.00,0.00,,258.00,FALSE,TRUE,FALSE,FALSE,,,,,,,,,,,,,,,,,,
SO2026-000192,1,0,2026-03-04,2026-03-06,2026-04-03,2026-03-05,,,,,Magento,Magento,,30,USD,55.50,55.50,70.82,55.50,0.00,0,0.00,0,0.00,15.32,0.00,,,,,70.82,,0.00,,,,,,,,,,,,,,,,,,,,,,,20003,10581,20003-2026-000192,,,,,,,,,Magento Shipping,Morgan Lee,Cora Knox,Magento Platform,216 Century Blvd,Dock 16,Platform ship location,Los Angeles,CA,90008,Los Angeles,USA,ship-magento@example.com,(213) 555-2506,,,,,,,,,,,,,,,,,,,1,2026-03-04,ADELINE-03-TAUPE-11,,,BUCKLE FRONT FLAT SANDALS,,,EA,,,,,,,,3,0,,3,,18.50,18.50,55.50,55.50,0.00,,55.50,FALSE,TRUE,FALSE,FALSE,,,,,,,,,,,,,,,,,,
SO2026-000193,1,0,2026-03-03,2026-03-04,2026-04-02,2026-03-04,,,,,AMZ-eCom,AMZ eCom,,30,USD,53.50,53.50,53.50,53.50,0.00,0,0.00,0,0.00,0.00,0.00,,,,,53.50,,0.00,,,,,,,,,,,,,,,,,,,,,,,10001,10565,10001-2026-000193,,,,,,,,,AMZ eCom Shipping,Alex Reed,Nora Lane,AMZ eCom Retail,201 Harbor Ave,Dock 1,Main ship location,Los Angeles,CA,90002,Los Angeles,USA,ship-amz-ecom@example.com,(213) 555-1006,,,,,,,,,,,,,,,,,,,1,2026-03-03,CORA-01-LEOP-10,,,CROSS FRONT SANDAL,,,EA,,,,,,,,2,0,,2,,10.75,10.75,21.50,21.50,0.00,,21.50,FALSE,TRUE,FALSE,FALSE,,,,,,,,,,,,,,,,,,
SO2026-000193,1,0,2026-03-03,2026-03-04,2026-04-02,2026-03-04,,,,,AMZ-eCom,AMZ eCom,,30,USD,53.50,53.50,53.50,53.50,0.00,0,0.00,0,0.00,0.00,0.00,,,,,53.50,,0.00,,,,,,,,,,,,,,,,,,,,,,,10001,10565,10001-2026-000193,,,,,,,,,AMZ eCom Shipping,Alex Reed,Nora Lane,AMZ eCom Retail,201 Harbor Ave,Dock 1,Main ship location,Los Angeles,CA,90002,Los Angeles,USA,ship-amz-ecom@example.com,(213) 555-1006,,,,,,,,,,,,,,,,,,,2,2026-03-03,CAMILA-06-LILAC-6.5,,,COSS FRONT SLIP ON SLIDES,,,EA,,,,,,,,4,0,,4,,8.00,8.00,32.00,32.00,0.00,,32.00,FALSE,TRUE,FALSE,FALSE,,,,,,,,,,,,,,,,,,
SO2026-000194,1,0,2026-03-01,2026-03-05,2026-03-31,2026-03-03,,,,,Veeqo-Amazon,Veeqo Amazon,,30,USD,211.50,211.50,229.10,211.50,0.00,0,0.00,0,0.00,17.60,0.00,,,,,229.10,,0.00,,,,,,,,,,,,,,,,,,,,,,,10016,10579,10016-2026-000194,,,,,,,,,Veeqo Amazon Shipping,Jamie Clark,Owen Pike,Veeqo Amazon Retail,202 Distribution Way,Dock 2,Regional ship location,Irvine,CA,92603,Orange,USA,ship-veeqo-amazon@example.com,(949) 555-1106,,,,,,,,,,,,,,,,,,,1,2026-03-01,FD3601033-3022FROZENPD-XL-STD,809666343830,,Jay-Low Tencel Denim Shirtdress - Chiffon Collar and Tie Sleeve,,,EA,,,,,,,,2,0,,2,,49.00,49.00,98.00,98.00,0.00,,98.00,FALSE,TRUE,FALSE,FALSE,,,,,,,,,,,,,,,,,,
SO2026-000194,1,0,2026-03-01,2026-03-05,2026-03-31,2026-03-03,,,,,Veeqo-Amazon,Veeqo Amazon,,30,USD,211.50,211.50,229.10,211.50,0.00,0,0.00,0,0.00,17.60,0.00,,,,,229.10,,0.00,,,,,,,,,,,,,,,,,,,,,,,10016,10579,10016-2026-000194,,,,,,,,,Veeqo Amazon Shipping,Jamie Clark,Owen Pike,Veeqo Amazon Retail,202 Distribution Way,Dock 2,Regional ship location,Irvine,CA,92603,Orange,USA,ship-veeqo-amazon@example.com,(949) 555-1106,,,,,,,,,,,,,,,,,,,2,2026-03-01,FA13501DM-1608BLAU2-29-32,809666857870,,Maya Basic Dark Handsand Wash Midrise Skinny Jeans,,,EA,,,,,,,,3,0,,3,,34.00,34.00,102.00,102.00,0.00,,102.00,FALSE,TRUE,FALSE,FALSE,,,,,,,,,,,,,,,,,,
SO2026-000194,1,0,2026-03-01,2026-03-05,2026-03-31,2026-03-03,,,,,Veeqo-Amazon,Veeqo Amazon,,30,USD,211.50,211.50,229.10,211.50,0.00,0,0.00,0,0.00,17.60,0.00,,,,,229.10,,0.00,,,,,,,,,,,,,,,,,,,,,,,10016,10579,10016-2026-000194,,,,,,,,,Veeqo Amazon Shipping,Jamie Clark,Owen Pike,Veeqo Amazon Retail,202 Distribution Way,Dock 2,Regional ship location,Irvine,CA,92603,Orange,USA,ship-veeqo-amazon@example.com,(949) 555-1106,,,,,,,,,,,,,,,,,,,3,2026-03-01,ADELINE-02-WHITE-8.5,,,WOVEN SLIDE SANDAL,,,EA,,,,,,,,1,0,,1,,11.50,11.50,11.50,11.50,0.00,,11.50,FALSE,TRUE,FALSE,FALSE,,,,,,,,,,,,,,,,,,
SO2026-000195,1,0,2026-03-02,2026-03-03,2026-04-01,2026-03-03,,,,,Mirakl-Kohls,Mirakl Kohls,,30,USD,108.75,108.75,117.06,108.75,0.00,0,0.00,0,0.00,8.31,0.00,,,,,117.06,,0.00,,,,,,,,,,,,,,,,,,,,,,,10013,10576,10013-2026-000195,,,,,,,,,Mirakl Kohls Shipping,Jamie Clark,Asha Ives,Mirakl Kohls Network,214 Silver Creek Rd,Dock 14,Partner ship location,San Jose,CA,95115,Santa Clara,USA,ship-mirakl-kohls@example.com,(408) 555-2306,,,,,,,,,,,,,,,,,,,1,2026-03-02,FD9801506P,,,FD9801506P,,,EA,,,,,,,,2,0,,2,,49.00,49.00,98.00,98.00,0.00,,98.00,FALSE,TRUE,FALSE,FALSE,,,,,,,,,,,,,,,,,,
SO2026-000195,1,0,2026-03-02,2026-03-03,2026-04-01,2026-03-03,,,,,Mirakl-Kohls,Mirakl Kohls,,30,USD,108.75,108.75,117.06,108.75,0.00,0,0.00,0,0.00,8.31,0.00,,,,,117.06,,0.00,,,,,,,,,,,,,,,,,,,,,,,10013,10576,10013-2026-000195,,,,,,,,,Mirakl Kohls Shipping,Jamie Clark,Asha Ives,Mirakl Kohls Network,214 Silver Creek Rd,Dock 14,Partner ship location,San Jose,CA,95115,Santa Clara,USA,ship-mirakl-kohls@example.com,(408) 555-2306,,,,,,,,,,,,,,,,,,,2,2026-03-02,CORA-01-BLK-7,,,CROSS FRONT SANDAL,,,EA,,,,,,,,1,0,,1,,10.75,10.75,10.75,10.75,0.00,,10.75,FALSE,TRUE,FALSE,FALSE,,,,,,,,,,,,,,,,,,
SO2026-000196,1,0,2026-03-04,2026-03-05,2026-04-03,2026-03-06,,,,,eBay,eBay,,30,USD,138.00,138.00,142.34,138.00,0.00,0,0.00,0,0.00,4.34,0.00,,,,,142.34,,0.00,,,,,,,,,,,,,,,,,,,,,,,10004,10570,10004-2026-000196,,,,,,,,,eBay Shipping,Morgan Lee,Quentin Hale,eBay Commerce,204 Fulfillment Ave,Dock 4,Standard ship location,San Jose,CA,95111,Santa Clara,USA,ship-ebay@example.com,(408) 555-1306,,,,,,,,,,,,,,,,,,,1,2026-03-04,ADELINE-02-CAMEL-B12,,,WOVEN SLIDE SANDAL,,,EA,,,,,,,,1,0,,1,,138.00,138.00,138.00,138.00,0.00,,138.00,FALSE,TRUE,FALSE,FALSE,,,,,,,,,,,,,,,,,,
SO2026-000197,1,0,2026-03-01,2026-03-03,2026-03-31,2026-03-02,,,,,Macys,Macys,,30,USD,219.00,219.00,234.91,219.00,0.00,0,0.00,0,0.00,15.91,0.00,,,,,234.91,,0.00,,,,,,,,,,,,,,,,,,,,,,,30005,10574,30005-2026-000197,,,,,,,,,Macys Shipping,Taylor Kim,Blake Jett,Macys Stores,215 King St,Dock 15,Department ship location,San Francisco,CA,94107,San Francisco,USA,ship-macys@example.com,(415) 555-2406,,,,,,,,,,,,,,,,,,,1,2026-03-01,ASTRID-01-GREY-6.5,,,SLIP ON SNEAKER,,,EA,,,,,,,,4,0,,4,,20.75,20.75,83.00,83.00,0.00,,83.00,FALSE,TRUE,FALSE,FALSE,,,,,,,,,,,,,,,,,,
SO2026-000197,1,0,2026-03-01,2026-03-03,2026-03-31,2026-03-02,,,,,Macys,Macys,,30,USD,219.00,219.00,234.91,219.00,0.00,0,0.00,0,0.00,15.91,0.00,,,,,234.91,,0.00,,,,,,,,,,,,,,,,,,,,,,,30005,10574,30005-2026-000197,,,,,,,,,Macys Shipping,Taylor Kim,Blake Jett,Macys Stores,215 King St,Dock 15,Department ship location,San Francisco,CA,94107,San Francisco,USA,ship-macys@example.com,(415) 555-2406,,,,,,,,,,,,,,,,,,,2,2026-03-01,FA13501DM-1464KINGSC-32-32,809666852806,,Maya Basic Dark Handsand Wash Midrise Skinny Jeans,,,EA,,,,,,,,4,0,,4,,34.00,34.00,136.00,136.00,0.00,,136.00,FALSE,TRUE,FALSE,FALSE,,,,,,,,,,,,,,,,,,
SO2026-000198,1,0,2026-03-02,2026-03-06,2026-04-01,2026-03-03,,,,,Mirakl-Kohls,Mirakl Kohls,,30,USD,344.00,344.00,354.84,344.00,0.00,0,0.00,0,0.00,10.84,0.00,,,,,354.84,,0.00,,,,,,,,,,,,,,,,,,,,,,,10013,10576,10013-2026-000198,,,,,,,,,Mirakl Kohls Shipping,Jamie Clark,Asha Ives,Mirakl Kohls Network,214 Silver Creek Rd,Dock 14,Partner ship location,San Jose,CA,95115,Santa Clara,USA,ship-mirakl-kohls@example.com,(408) 555-2306,,,,,,,,,,,,,,,,,,,1,2026-03-02,AUSTIN-06-WHITE-B12,,,SNEAKER,,,EA,,,,,,,,2,0,,2,,120.00,120.00,240.00,240.00,0.00,,240.00,FALSE,TRUE,FALSE,FALSE,,,,,,,,,,,,,,,,,,
SO2026-000198,1,0,2026-03-02,2026-03-06,2026-04-01,2026-03-03,,,,,Mirakl-Kohls,Mirakl Kohls,,30,USD,344.00,344.00,354.84,344.00,0.00,0,0.00,0,0.00,10.84,0.00,,,,,354.84,,0.00,,,,,,,,,,,,,,,,,,,,,,,10013,10576,10013-2026-000198,,,,,,,,,Mirakl Kohls Shipping,Jamie Clark,Asha Ives,Mirakl Kohls Network,214 Silver Creek Rd,Dock 14,Partner ship location,San Jose,CA,95115,Santa Clara,USA,ship-mirakl-kohls@example.com,(408) 555-2306,,,,,,,,,,,,,,,,,,,2,2026-03-02,AUSTIN-06-CAMEL-11,,,SNEAKER,,,EA,,,,,,,,3,0,,3,,10.00,10.00,30.00,30.00,0.00,,30.00,FALSE,TRUE,FALSE,FALSE,,,,,,,,,,,,,,,,,,
SO2026-000198,1,0,2026-03-02,2026-03-06,2026-04-01,2026-03-03,,,,,Mirakl-Kohls,Mirakl Kohls,,30,USD,344.00,344.00,354.84,344.00,0.00,0,0.00,0,0.00,10.84,0.00,,,,,354.84,,0.00,,,,,,,,,,,,,,,,,,,,,,,10013,10576,10013-2026-000198,,,,,,,,,Mirakl Kohls Shipping,Jamie Clark,Asha Ives,Mirakl Kohls Network,214 Silver Creek Rd,Dock 14,Partner ship location,San Jose,CA,95115,Santa Clara,USA,ship-mirakl-kohls@example.com,(408) 555-2306,,,,,,,,,,,,,,,,,,,3,2026-03-02,ADELINE-03-TAUPE-12,,,BUCKLE FRONT FLAT SANDALS,,,EA,,,,,,,,4,0,,4,,18.50,18.50,74.00,74.00,0.00,,74.00,FALSE,TRUE,FALSE,FALSE,,,,,,,,,,,,,,,,,,
SO2026-000199,1,0,2026-03-04,2026-03-07,2026-04-03,2026-03-04,,,,,Etsy-LS,Etsy LS,,30,USD,49.50,49.50,52.99,49.50,0.00,0,0.00,0,0.00,3.49,0.00,,,,,52.99,,0.00,,,,,,,,,,,,,,,,,,,,,,,10008,10571,10008-2026-000199,,,,,,,,,Etsy LS Shipping,Alex Reed,Rhea Moss,Etsy LS Marketplace,205 Mission St,Dock 5,Marketplace ship location,San Francisco,CA,94103,San Francisco,USA,ship-etsy-ls@example.com,(415) 555-1406,,,,,,,,,,,,,,,,,,,1,2026-03-04,ASTRID-01-BLUSH-6.5,,,SLIP ON SNEAKER,,,EA,,,,,,,,2,0,,2,,20.75,20.75,41.50,41.50,0.00,,41.50,FALSE,TRUE,FALSE,FALSE,,,,,,,,,,,,,,,,,,
SO2026-000199,1,0,2026-03-04,2026-03-07,2026-04-03,2026-03-04,,,,,Etsy-LS,Etsy LS,,30,USD,49.50,49.50,52.99,49.50,0.00,0,0.00,0,0.00,3.49,0.00,,,,,52.99,,0.00,,,,,,,,,,,,,,,,,,,,,,,10008,10571,10008-2026-000199,,,,,,,,,Etsy LS Shipping,Alex Reed,Rhea Moss,Etsy LS Marketplace,205 Mission St,Dock 5,Marketplace ship location,San Francisco,CA,94103,San Francisco,USA,ship-etsy-ls@example.com,(415) 555-1406,,,,,,,,,,,,,,,,,,,2,2026-03-04,CAMILA-06-BLACK-10,,,COSS FRONT SLIP ON SLIDES,,,EA,,,,,,,,1,0,,1,,8.00,8.00,8.00,8.00,0.00,,8.00,FALSE,TRUE,FALSE,FALSE,,,,,,,,,,,,,,,,,,
SO2026-000200,1,0,2026-03-04,2026-03-04,2026-04-03,2026-03-04,,,,,Magento,Magento,,30,USD,166.00,166.00,170.44,166.00,0.00,0,0.00,0,0.00,4.44,0.00,,,,,170.44,,0.00,,,,,,,,,,,,,,,,,,,,,,,20003,10581,20003-2026-000200,,,,,,,,,Magento Shipping,Morgan Lee,Cora Knox,Magento Platform,216 Century Blvd,Dock 16,Platform ship location,Los Angeles,CA,90008,Los Angeles,USA,ship-magento@example.com,(213) 555-2506,,,,,,,,,,,,,,,,,,,1,2026-03-04,CORA-01-CAME-9.5,,,CROSS FRONT SANDAL,,,EA,,,,,,,,4,0,,4,,10.75,10.75,43.00,43.00,0.00,,43.00,FALSE,TRUE,FALSE,FALSE,,,,,,,,,,,,,,,,,,
SO2026-000200,1,0,2026-03-04,2026-03-04,2026-04-03,2026-03-04,,,,,Magento,Magento,,30,USD,166.00,166.00,170.44,166.00,0.00,0,0.00,0,0.00,4.44,0.00,,,,,170.44,,0.00,,,,,,,,,,,,,,,,,,,,,,,20003,10581,20003-2026-000200,,,,,,,,,Magento Shipping,Morgan Lee,Cora Knox,Magento Platform,216 Century Blvd,Dock 16,Platform ship location,Los Angeles,CA,90008,Los Angeles,USA,ship-magento@example.com,(213) 555-2506,,,,,,,,,,,,,,,,,,,2,2026-03-04,AVIANA-06-BLACK-6.5,,,FUR SLIPPER,,,EA,,,,,,,,4,0,,4,,16.25,16.25,65.00,65.00,0.00,,65.00,FALSE,TRUE,FALSE,FALSE,,,,,,,,,,,,,,,,,,
SO2026-000200,1,0,2026-03-04,2026-03-04,2026-04-03,2026-03-04,,,,,Magento,Magento,,30,USD,166.00,166.00,170.44,166.00,0.00,0,0.00,0,0.00,4.44,0.00,,,,,170.44,,0.00,,,,,,,,,,,,,,,,,,,,,,,20003,10581,20003-2026-000200,,,,,,,,,Magento Shipping,Morgan Lee,Cora Knox,Magento Platform,216 Century Blvd,Dock 16,Platform ship location,Los Angeles,CA,90008,Los Angeles,USA,ship-magento@example.com,(213) 555-2506,,,,,,,,,,,,,,,,,,,3,2026-03-04,F13T007SS-CABERNET-M-STD,809666393125,,S&P V-neck Sleeveless Peplum Blouse Front Hook-and-eye Closu,,,EA,,,,,,,,2,0,,2,,29.00,29.00,58.00,58.00,0.00,,58.00,FALSE,TRUE,FALSE,FALSE,,,,,,,,,,,,,,,,,,
SO2026-000201,1,0,2026-03-04,2026-03-07,2026-04-03,2026-03-06,,,,,eBay,eBay,,30,USD,153.00,153.00,164.18,153.00,0.00,0,0.00,0,0.00,11.18,0.00,,,,,164.18,,0.00,,,,,,,,,,,,,,,,,,,,,,,10004,10570,10004-2026-000201,,,,,,,,,eBay Shipping,Morgan Lee,Quentin Hale,eBay Commerce,204 Fulfillment Ave,Dock 4,Standard ship location,San Jose,CA,95111,Santa Clara,USA,ship-ebay@example.com,(408) 555-1306,,,,,,,,,,,,,,,,,,,1,2026-03-04,FA16105WV-MIDNIGHTBLUE-M-STD,809666795547,,Patricia Woven Chiffon Midnight Blue Palazzo Pant W Elastic Waist,,,EA,,,,,,,,1,0,,1,,39.00,39.00,39.00,39.00,0.00,,39.00,FALSE,TRUE,FALSE,FALSE,,,,,,,,,,,,,,,,,,
SO2026-000201,1,0,2026-03-04,2026-03-07,2026-04-03,2026-03-06,,,,,eBay,eBay,,30,USD,153.00,153.00,164.18,153.00,0.00,0,0.00,0,0.00,11.18,0.00,,,,,164.18,,0.00,,,,,,,,,,,,,,,,,,,,,,,10004,10570,10004-2026-000201,,,,,,,,,eBay Shipping,Morgan Lee,Quentin Hale,eBay Commerce,204 Fulfillment Ave,Dock 4,Standard ship location,San Jose,CA,95111,Santa Clara,USA,ship-ebay@example.com,(408) 555-1306,,,,,,,,,,,,,,,,,,,2,2026-03-04,F13031C-1742VNTGDM-28-STD,809666254990,,Cayden Vintage Beujolias Corduroy Skinny Jeans,,,EA,,,,,,,,2,0,,2,,34.00,34.00,68.00,68.00,0.00,,68.00,FALSE,TRUE,FALSE,FALSE,,,,,,,,,,,,,,,,,,
SO2026-000201,1,0,2026-03-04,2026-03-07,2026-04-03,2026-03-06,,,,,eBay,eBay,,30,USD,153.00,153.00,164.18,153.00,0.00,0,0.00,0,0.00,11.18,0.00,,,,,164.18,,0.00,,,,,,,,,,,,,,,,,,,,,,,10004,10570,10004-2026-000201,,,,,,,,,eBay Shipping,Morgan Lee,Quentin Hale,eBay Commerce,204 Fulfillment Ave,Dock 4,Standard ship location,San Jose,CA,95111,Santa Clara,USA,ship-ebay@example.com,(408) 555-1306,,,,,,,,,,,,,,,,,,,3,2026-03-04,ADELINE-02-CAMEL-8,,,WOVEN SLIDE SANDAL,,,EA,,,,,,,,4,0,,4,,11.50,11.50,46.00,46.00,0.00,,46.00,FALSE,TRUE,FALSE,FALSE,,,,,,,,,,,,,,,,,,
SO2026-000202,1,0,2026-03-02,2026-03-02,2026-04-01,2026-03-03,,,,,Macys,Macys,,30,USD,98.00,98.00,106.64,98.00,0.00,0,0.00,0,0.00,8.64,0.00,,,,,106.64,,0.00,,,,,,,,,,,,,,,,,,,,,,,30005,10574,30005-2026-000202,,,,,,,,,Macys Shipping,Taylor Kim,Blake Jett,Macys Stores,215 King St,Dock 15,Department ship location,San Francisco,CA,94107,San Francisco,USA,ship-macys@example.com,(415) 555-2406,,,,,,,,,,,,,,,,,,,1,2026-03-02,FD9801506P-BLACKBROWN,,,This asymmetrical hem wrap dress features an on-trend button front and elegant billow sleeves. The k,,,EA,,,,,,,,2,0,,2,,49.00,49.00,98.00,98.00,0.00,,98.00,FALSE,TRUE,FALSE,FALSE,,,,,,,,,,,,,,,,,,
SO2026-000203,1,0,2026-03-01,2026-03-06,2026-03-31,2026-03-02,,,,,Veeqo-Amazon,Veeqo Amazon,,30,USD,79.00,79.00,92.61,79.00,0.00,0,0.00,0,0.00,13.61,0.00,,,,,92.61,,0.00,,,,,,,,,,,,,,,,,,,,,,,10016,10579,10016-2026-000203,,,,,,,,,Veeqo Amazon Shipping,Jamie Clark,Owen Pike,Veeqo Amazon Retail,202 Distribution Way,Dock 2,Regional ship location,Irvine,CA,92603,Orange,USA,ship-veeqo-amazon@example.com,(949) 555-1106,,,,,,,,,,,,,,,,,,,1,2026-03-01,FB3601737-3219UNFORGV,,,Light Hand-Sanded Denim Stretch High-Waist Slit Hem Jeans,,,EA,,,,,,,,1,0,,1,,39.00,39.00,39.00,39.00,0.00,,39.00,FALSE,TRUE,FALSE,FALSE,,,,,,,,,,,,,,,,,,
SO2026-000203,1,0,2026-03-01,2026-03-06,2026-03-31,2026-03-02,,,,,Veeqo-Amazon,Veeqo Amazon,,30,USD,79.00,79.00,92.61,79.00,0.00,0,0.00,0,0.00,13.61,0.00,,,,,92.61,,0.00,,,,,,,,,,,,,,,,,,,,,,,10016,10579,10016-2026-000203,,,,,,,,,Veeqo Amazon Shipping,Jamie Clark,Owen Pike,Veeqo Amazon Retail,202 Distribution Way,Dock 2,Regional ship location,Irvine,CA,92603,Orange,USA,ship-veeqo-amazon@example.com,(949) 555-1106,,,,,,,,,,,,,,,,,,,2,2026-03-01,AUSTIN-06-BLACK-6,,,SNEAKER,,,EA,,,,,,,,4,0,,4,,10.00,10.00,40.00,40.00,0.00,,40.00,FALSE,TRUE,FALSE,FALSE,,,,,,,,,,,,,,,,,,
SO2026-000204,1,0,2026-03-02,2026-03-03,2026-04-01,2026-03-02,,,,,Veeqo-Amazon,Veeqo Amazon,,30,USD,64.00,64.00,74.11,64.00,0.00,0,0.00,0,0.00,10.11,0.00,,,,,74.11,,0.00,,,,,,,,,,,,,,,,,,,,,,,10016,10579,10016-2026-000204,,,,,,,,,Veeqo Amazon Shipping,Jamie Clark,Owen Pike,Veeqo Amazon Retail,202 Distribution Way,Dock 2,Regional ship location,Irvine,CA,92603,Orange,USA,ship-veeqo-amazon@example.com,(949) 555-1106,,,,,,,,,,,,,,,,,,,1,2026-03-02,AUSTIN-06-CAMEL-10,,,SNEAKER,,,EA,,,,,,,,3,0,,3,,10.00,10.00,30.00,30.00,0.00,,30.00,FALSE,TRUE,FALSE,FALSE,,,,,,,,,,,,,,,,,,
SO2026-000204,1,0,2026-03-02,2026-03-03,2026-04-01,2026-03-02,,,,,Veeqo-Amazon,Veeqo Amazon,,30,USD,64.00,64.00,74.11,64.00,0.00,0,0.00,0,0.00,10.11,0.00,,,,,74.11,,0.00,,,,,,,,,,,,,,,,,,,,,,,10016,10579,10016-2026-000204,,,,,,,,,Veeqo Amazon Shipping,Jamie Clark,Owen Pike,Veeqo Amazon Retail,202 Distribution Way,Dock 2,Regional ship location,Irvine,CA,92603,Orange,USA,ship-veeqo-amazon@example.com,(949) 555-1106,,,,,,,,,,,,,,,,,,,2,2026-03-02,F13031C-1742VNTGDM-29-STD,809666255003,,Cayden Vintage Beujolias Corduroy Skinny Jeans,,,EA,,,,,,,,1,0,,1,,34.00,34.00,34.00,34.00,0.00,,34.00,FALSE,TRUE,FALSE,FALSE,,,,,,,,,,,,,,,,,,
SO2026-000205,1,0,2026-03-04,2026-03-07,2026-04-03,2026-03-06,,,,,Macys,Macys,,30,USD,49.00,49.00,49.00,49.00,0.00,0,0.00,0,0.00,0.00,0.00,,,,,49.00,,0.00,,,,,,,,,,,,,,,,,,,,,,,30005,10574,30005-2026-000205,,,,,,,,,Macys Shipping,Taylor Kim,Blake Jett,Macys Stores,215 King St,Dock 15,Department ship location,San Francisco,CA,94107,San Francisco,USA,ship-macys@example.com,(415) 555-2406,,,,,,,,,,,,,,,,,,,1,2026-03-04,AUSTIN-06-NUDE-9.5,,,SNEAKER,,,EA,,,,,,,,1,0,,1,,10.00,10.00,10.00,10.00,0.00,,10.00,FALSE,TRUE,FALSE,FALSE,,,,,,,,,,,,,,,,,,
SO2026-000205,1,0,2026-03-04,2026-03-07,2026-04-03,2026-03-06,,,,,Macys,Macys,,30,USD,49.00,49.00,49.00,49.00,0.00,0,0.00,0,0.00,0.00,0.00,,,,,49.00,,0.00,,,,,,,,,,,,,,,,,,,,,,,30005,10574,30005-2026-000205,,,,,,,,,Macys Shipping,Taylor Kim,Blake Jett,Macys Stores,215 King St,Dock 15,Department ship location,San Francisco,CA,94107,San Francisco,USA,ship-macys@example.com,(415) 555-2406,,,,,,,,,,,,,,,,,,,2,2026-03-04,FB3601737-3219UNFORGV-27-STD,809666434378,,Rainie Light Hand-Sanded Denim Stretch High-Waist Slit Hem Jeans,,,EA,,,,,,,,1,0,,1,,39.00,39.00,39.00,39.00,0.00,,39.00,FALSE,TRUE,FALSE,FALSE,,,,,,,,,,,,,,,,,,
SO2026-000206,1,0,2026-03-02,2026-03-06,2026-04-01,2026-03-04,,,,,Etsy-VS,Etsy VS,,30,USD,272.00,272.00,287.50,272.00,0.00,0,0.00,0,0.00,15.50,0.00,,,,,287.50,,0.00,,,,,,,,,,,,,,,,,,,,,,,10008,10572,10008-2026-000206,,,,,,,,,Etsy VS Shipping,Jamie Clark,Soren Vale,Etsy VS Marketplace,206 Pacific Hwy,Dock 6,Seasonal ship location,Los Angeles,CA,90004,Los Angeles,USA,ship-etsy-vs@example.com,(213) 555-1506,,,,,,,,,,,,,,,,,,,1,2026-03-02,F13031C-1742VNTGBJ-30-STD,809666254839,,Cayden Vintage Beujolias Corduroy Skinny Jeans,,,EA,,,,,,,,4,0,,4,,34.00,34.00,136.00,136.00,0.00,,136.00,FALSE,TRUE,FALSE,FALSE,,,,,,,,,,,,,,,,,,
SO2026-000206,1,0,2026-03-02,2026-03-06,2026-04-01,2026-03-04,,,,,Etsy-VS,Etsy VS,,30,USD,272.00,272.00,287.50,272.00,0.00,0,0.00,0,0.00,15.50,0.00,,,,,287.50,,0.00,,,,,,,,,,,,,,,,,,,,,,,10008,10572,10008-2026-000206,,,,,,,,,Etsy VS Shipping,Jamie Clark,Soren Vale,Etsy VS Marketplace,206 Pacific Hwy,Dock 6,Seasonal ship location,Los Angeles,CA,90004,Los Angeles,USA,ship-etsy-vs@example.com,(213) 555-1506,,,,,,,,,,,,,,,,,,,2,2026-03-02,FA13501DM-1608BLAU2-31-30,809666857740,,Maya Basic Dark Handsand Wash Midrise Skinny Jeans,,,EA,,,,,,,,4,0,,4,,34.00,34.00,136.00,136.00,0.00,,136.00,FALSE,TRUE,FALSE,FALSE,,,,,,,,,,,,,,,,,,
SO2026-000207,1,0,2026-03-03,2026-03-06,2026-04-02,2026-03-05,,,,,eBay,eBay,,30,USD,68.00,68.00,71.70,68.00,0.00,0,0.00,0,0.00,3.70,0.00,,,,,71.70,,0.00,,,,,,,,,,,,,,,,,,,,,,,10004,10570,10004-2026-000207,,,,,,,,,eBay Shipping,Morgan Lee,Quentin Hale,eBay Commerce,204 Fulfillment Ave,Dock 4,Standard ship location,San Jose,CA,95111,Santa Clara,USA,ship-ebay@example.com,(408) 555-1306,,,,,,,,,,,,,,,,,,,1,2026-03-03,FA13501DM-1608BLAU2-27-30,809666857702,,Maya Basic Dark Handsand Wash Midrise Skinny Jeans,,,EA,,,,,,,,2,0,,2,,34.00,34.00,68.00,68.00,0.00,,68.00,FALSE,TRUE,FALSE,FALSE,,,,,,,,,,,,,,,,,,
SO2026-000208,1,0,2026-03-02,2026-03-03,2026-04-01,2026-03-04,,,,,Shopify,Shopify,,30,USD,180.00,180.00,184.34,180.00,0.00,0,0.00,0,0.00,4.34,0.00,,,,,184.34,,0.00,,,,,,,,,,,,,,,,,,,,,,,20001,10580,20001-2026-000208,,,,,,,,,Shopify Shipping,Alex Reed,Dario Lowe,Shopify Commerce,217 Barranca Pkwy,Dock 17,Commerce ship location,Irvine,CA,92609,Orange,USA,ship-shopify@example.com,(949) 555-2606,,,,,,,,,,,,,,,,,,,1,2026-03-02,F13031C-1742VNTGCO,,,Five-pocket stretch woven corduroy skinny pants with wine stitching and copper hardware.,,,EA,,,,,,,,3,0,,3,,34.00,34.00,102.00,102.00,0.00,,102.00,FALSE,TRUE,FALSE,FALSE,,,,,,,,,,,,,,,,,,
SO2026-000208,1,0,2026-03-02,2026-03-03,2026-04-01,2026-03-04,,,,,Shopify,Shopify,,30,USD,180.00,180.00,184.34,180.00,0.00,0,0.00,0,0.00,4.34,0.00,,,,,184.34,,0.00,,,,,,,,,,,,,,,,,,,,,,,20001,10580,20001-2026-000208,,,,,,,,,Shopify Shipping,Alex Reed,Dario Lowe,Shopify Commerce,217 Barranca Pkwy,Dock 17,Commerce ship location,Irvine,CA,92609,Orange,USA,ship-shopify@example.com,(949) 555-2606,,,,,,,,,,,,,,,,,,,2,2026-03-02,FA16023WV-MIDNIGHTCAMO-M-STD,809666795769,,Olivia Woven Chiffon Camo Print Kimono Wrap Maxi Dress,,,EA,,,,,,,,2,0,,2,,39.00,39.00,78.00,78.00,0.00,,78.00,FALSE,TRUE,FALSE,FALSE,,,,,,,,,,,,,,,,,,
SO2026-000209,1,0,2026-03-02,2026-03-07,2026-04-01,2026-03-02,,,,,Veeqo-Amazon,Veeqo Amazon,,30,USD,414.00,414.00,418.59,414.00,0.00,0,0.00,0,0.00,4.59,0.00,,,,,418.59,,0.00,,,,,,,,,,,,,,,,,,,,,,,10016,10579,10016-2026-000209,,,,,,,,,Veeqo Amazon Shipping,Jamie Clark,Owen Pike,Veeqo Amazon Retail,202 Distribution Way,Dock 2,Regional ship location,Irvine,CA,92603,Orange,USA,ship-veeqo-amazon@example.com,(949) 555-1106,,,,,,,,,,,,,,,,,,,1,2026-03-02,ADELINE-02-PINK-B12,,,WOVEN SLIDE SANDAL,,,EA,,,,,,,,3,0,,3,,138.00,138.00,414.00,414.00,0.00,,414.00,FALSE,TRUE,FALSE,FALSE,,,,,,,,,,,,,,,,,,
SO2026-000210,1,0,2026-03-04,2026-03-06,2026-04-03,2026-03-04,,,,,Mirakl-HudsonsB,Mirakl HudsonsB,,30,USD,117.00,117.00,130.44,117.00,0.00,0,0.00,0,0.00,13.44,0.00,,,,,130.44,,0.00,,,,,,,,,,,,,,,,,,,,,,,10005,10577,10005-2026-000210,,,,,,,,,Mirakl HudsonsB Shipping,Morgan Lee,Yara Glenn,Mirakl HudsonsB Network,212 Quail Hill Pkwy,Dock 12,Network ship location,Irvine,CA,92607,Orange,USA,ship-mirakl-hudsonsb@example.com,(949) 555-2106,,,,,,,,,,,,,,,,,,,1,2026-03-04,FA16105WV-MIDNIGHTBLUE,,,Woven chiffon palazzo pant with elastic waist. Side entry pockets. Lined with a jersey short.,,,EA,,,,,,,,3,0,,3,,39.00,39.00,117.00,117.00,0.00,,117.00,FALSE,TRUE,FALSE,FALSE,,,,,,,,,,,,,,,,,,
SO2026-000211,1,0,2026-03-03,2026-03-07,2026-04-02,2026-03-03,,,,,Squarespace,Squarespace,,30,USD,199.25,199.25,214.71,199.25,0.00,0,0.00,0,0.00,15.46,0.00,,,,,214.71,,0.00,,,,,,,,,,,,,,,,,,,,,,,20006,10582,20006-2026-000211,,,,,,,,,Squarespace Shipping,Jamie Clark,Elin Marsh,Squarespace Digital,218 Camino Del Rio,Dock 18,Digital ship location,San Diego,CA,92108,San Diego,USA,ship-squarespace@example.com,(619) 555-2706,,,,,,,,,,,,,,,,,,,1,2026-03-03,AVIANA-06-PINK-5.5,,,FUR SLIPPER,,,EA,,,,,,,,4,0,,4,,16.25,16.25,65.00,65.00,0.00,,65.00,FALSE,TRUE,FALSE,FALSE,,,,,,,,,,,,,,,,,,
SO2026-000211,1,0,2026-03-03,2026-03-07,2026-04-02,2026-03-03,,,,,Squarespace,Squarespace,,30,USD,199.25,199.25,214.71,199.25,0.00,0,0.00,0,0.00,15.46,0.00,,,,,214.71,,0.00,,,,,,,,,,,,,,,,,,,,,,,20006,10582,20006-2026-000211,,,,,,,,,Squarespace Shipping,Jamie Clark,Elin Marsh,Squarespace Digital,218 Camino Del Rio,Dock 18,Digital ship location,San Diego,CA,92108,San Diego,USA,ship-squarespace@example.com,(619) 555-2706,,,,,,,,,,,,,,,,,,,2,2026-03-03,CORA-01-BLK-6,,,CROSS FRONT SANDAL,,,EA,,,,,,,,3,0,,3,,10.75,10.75,32.25,32.25,0.00,,32.25,FALSE,TRUE,FALSE,FALSE,,,,,,,,,,,,,,,,,,
SO2026-000211,1,0,2026-03-03,2026-03-07,2026-04-02,2026-03-03,,,,,Squarespace,Squarespace,,30,USD,199.25,199.25,214.71,199.25,0.00,0,0.00,0,0.00,15.46,0.00,,,,,214.71,,0.00,,,,,,,,,,,,,,,,,,,,,,,20006,10582,20006-2026-000211,,,,,,,,,Squarespace Shipping,Jamie Clark,Elin Marsh,Squarespace Digital,218 Camino Del Rio,Dock 18,Digital ship location,San Diego,CA,92108,San Diego,USA,ship-squarespace@example.com,(619) 555-2706,,,,,,,,,,,,,,,,,,,3,2026-03-03,FA13501DM-1608BLAU2-30-32,809666857887,,Maya Basic Dark Handsand Wash Midrise Skinny Jeans,,,EA,,,,,,,,3,0,,3,,34.00,34.00,102.00,102.00,0.00,,102.00,FALSE,TRUE,FALSE,FALSE,,,,,,,,,,,,,,,,,,
SO2026-000212,1,0,2026-03-03,2026-03-08,2026-04-02,2026-03-03,,,,,Mirakl-HudsonsB,Mirakl HudsonsB,,30,USD,90.50,90.50,96.85,90.50,0.00,0,0.00,0,0.00,6.35,0.00,,,,,96.85,,0.00,,,,,,,,,,,,,,,,,,,,,,,10005,10577,10005-2026-000212,,,,,,,,,Mirakl HudsonsB Shipping,Morgan Lee,Yara Glenn,Mirakl HudsonsB Network,212 Quail Hill Pkwy,Dock 12,Network ship location,Irvine,CA,92607,Orange,USA,ship-mirakl-hudsonsb@example.com,(949) 555-2106,,,,,,,,,,,,,,,,,,,1,2026-03-03,F13T007SS-CABERNET-XS-STD,809666393101,,S&P V-neck Sleeveless Peplum Blouse Front Hook-and-eye Closu,,,EA,,,,,,,,2,0,,2,,29.00,29.00,58.00,58.00,0.00,,58.00,FALSE,TRUE,FALSE,FALSE,,,,,,,,,,,,,,,,,,
SO2026-000212,1,0,2026-03-03,2026-03-08,2026-04-02,2026-03-03,,,,,Mirakl-HudsonsB,Mirakl HudsonsB,,30,USD,90.50,90.50,96.85,90.50,0.00,0,0.00,0,0.00,6.35,0.00,,,,,96.85,,0.00,,,,,,,,,,,,,,,,,,,,,,,10005,10577,10005-2026-000212,,,,,,,,,Mirakl HudsonsB Shipping,Morgan Lee,Yara Glenn,Mirakl HudsonsB Network,212 Quail Hill Pkwy,Dock 12,Network ship location,Irvine,CA,92607,Orange,USA,ship-mirakl-hudsonsb@example.com,(949) 555-2106,,,,,,,,,,,,,,,,,,,2,2026-03-03,AVIANA-06-BEIGE-7,,,FUR SLIPPER,,,EA,,,,,,,,2,0,,2,,16.25,16.25,32.50,32.50,0.00,,32.50,FALSE,TRUE,FALSE,FALSE,,,,,,,,,,,,,,,,,,
SO2026-000213,1,0,2026-03-02,2026-03-07,2026-04-01,2026-03-03,,,,,eBay,eBay,,30,USD,133.00,133.00,137.97,133.00,0.00,0,0.00,0,0.00,4.97,0.00,,,,,137.97,,0.00,,,,,,,,,,,,,,,,,,,,,,,10004,10570,10004-2026-000213,,,,,,,,,eBay Shipping,Morgan Lee,Quentin Hale,eBay Commerce,204 Fulfillment Ave,Dock 4,Standard ship location,San Jose,CA,95111,Santa Clara,USA,ship-ebay@example.com,(408) 555-1306,,,,,,,,,,,,,,,,,,,1,2026-03-02,CAMILA-06-LILAC-12,,,COSS FRONT SLIP ON SLIDES,,,EA,,,,,,,,2,0,,2,,8.00,8.00,16.00,16.00,0.00,,16.00,FALSE,TRUE,FALSE,FALSE,,,,,,,,,,,,,,,,,,
SO2026-000213,1,0,2026-03-02,2026-03-07,2026-04-01,2026-03-03,,,,,eBay,eBay,,30,USD,133.00,133.00,137.97,133.00,0.00,0,0.00,0,0.00,4.97,0.00,,,,,137.97,,0.00,,,,,,,,,,,,,,,,,,,,,,,10004,10570,10004-2026-000213,,,,,,,,,eBay Shipping,Morgan Lee,Quentin Hale,eBay Commerce,204 Fulfillment Ave,Dock 4,Standard ship location,San Jose,CA,95111,Santa Clara,USA,ship-ebay@example.com,(408) 555-1306,,,,,,,,,,,,,,,,,,,2,2026-03-02,CORA-01-CAME-10,,,CROSS FRONT SANDAL,,,EA,,,,,,,,4,0,,4,,10.75,10.75,43.00,43.00,0.00,,43.00,FALSE,TRUE,FALSE,FALSE,,,,,,,,,,,,,,,,,,
SO2026-000213,1,0,2026-03-02,2026-03-07,2026-04-01,2026-03-03,,,,,eBay,eBay,,30,USD,133.00,133.00,137.97,133.00,0.00,0,0.00,0,0.00,4.97,0.00,,,,,137.97,,0.00,,,,,,,,,,,,,,,,,,,,,,,10004,10570,10004-2026-000213,,,,,,,,,eBay Shipping,Morgan Lee,Quentin Hale,eBay Commerce,204 Fulfillment Ave,Dock 4,Standard ship location,San Jose,CA,95111,Santa Clara,USA,ship-ebay@example.com,(408) 555-1306,,,,,,,,,,,,,,,,,,,3,2026-03-02,ADELINE-03-TAUPE-7,,,BUCKLE FRONT FLAT SANDALS,,,EA,,,,,,,,4,0,,4,,18.50,18.50,74.00,74.00,0.00,,74.00,FALSE,TRUE,FALSE,FALSE,,,,,,,,,,,,,,,,,,
SO2026-000214,1,0,2026-03-02,2026-03-05,2026-04-01,2026-03-03,,,,,Etsy-LS,Etsy LS,,30,USD,220.00,220.00,236.07,220.00,0.00,0,0.00,0,0.00,16.07,0.00,,,,,236.07,,0.00,,,,,,,,,,,,,,,,,,,,,,,10008,10571,10008-2026-000214,,,,,,,,,Etsy LS Shipping,Alex Reed,Rhea Moss,Etsy LS Marketplace,205 Mission St,Dock 5,Marketplace ship location,San Francisco,CA,94103,San Francisco,USA,ship-etsy-ls@example.com,(415) 555-1406,,,,,,,,,,,,,,,,,,,1,2026-03-02,FD9801506P-CHERRY,,,"Wear as a dress or a longline tunic over pants, this sleek asymmetrical dress features trendy statem",,,EA,,,,,,,,4,0,,4,,49.00,49.00,196.00,196.00,0.00,,196.00,FALSE,TRUE,FALSE,FALSE,,,,,,,,,,,,,,,,,,
SO2026-000214,1,0,2026-03-02,2026-03-05,2026-04-01,2026-03-03,,,,,Etsy-LS,Etsy LS,,30,USD,220.00,220.00,236.07,220.00,0.00,0,0.00,0,0.00,16.07,0.00,,,,,236.07,,0.00,,,,,,,,,,,,,,,,,,,,,,,10008,10571,10008-2026-000214,,,,,,,,,Etsy LS Shipping,Alex Reed,Rhea Moss,Etsy LS Marketplace,205 Mission St,Dock 5,Marketplace ship location,San Francisco,CA,94103,San Francisco,USA,ship-etsy-ls@example.com,(415) 555-1406,,,,,,,,,,,,,,,,,,,2,2026-03-02,CAMILA-06-TAUPE-7.5,,,COSS FRONT SLIP ON SLIDES,,,EA,,,,,,,,3,0,,3,,8.00,8.00,24.00,24.00,0.00,,24.00,FALSE,TRUE,FALSE,FALSE,,,,,,,,,,,,,,,,,,
SO2026-000215,1,0,2026-03-01,2026-03-02,2026-03-31,2026-03-02,,,,,Etsy-LS,Etsy LS,,30,USD,74.00,74.00,74.00,74.00,0.00,0,0.00,0,0.00,0.00,0.00,,,,,74.00,,0.00,,,,,,,,,,,,,,,,,,,,,,,10008,10571,10008-2026-000215,,,,,,,,,Etsy LS Shipping,Alex Reed,Rhea Moss,Etsy LS Marketplace,205 Mission St,Dock 5,Marketplace ship location,San Francisco,CA,94103,San Francisco,USA,ship-etsy-ls@example.com,(415) 555-1406,,,,,,,,,,,,,,,,,,,1,2026-03-01,ADELINE-03-BROWN-6.5,,,BUCKLE FRONT FLAT SANDALS,,,EA,,,,,,,,4,0,,4,,18.50,18.50,74.00,74.00,0.00,,74.00,FALSE,TRUE,FALSE,FALSE,,,,,,,,,,,,,,,,,,
SO2026-000216,1,0,2026-03-03,2026-03-03,2026-04-02,2026-03-05,,,,,Mirakl-HudsonsB,Mirakl HudsonsB,,30,USD,113.00,113.00,127.91,113.00,0.00,0,0.00,0,0.00,14.91,0.00,,,,,127.91,,0.00,,,,,,,,,,,,,,,,,,,,,,,10005,10577,10005-2026-000216,,,,,,,,,Mirakl HudsonsB Shipping,Morgan Lee,Yara Glenn,Mirakl HudsonsB Network,212 Quail Hill Pkwy,Dock 12,Network ship location,Irvine,CA,92607,Orange,USA,ship-mirakl-hudsonsb@example.com,(949) 555-2106,,,,,,,,,,,,,,,,,,,1,2026-03-03,ADELINE-03-GOLD-7,,,BUCKLE FRONT FLAT SANDALS,,,EA,,,,,,,,4,0,,4,,18.50,18.50,74.00,74.00,0.00,,74.00,FALSE,TRUE,FALSE,FALSE,,,,,,,,,,,,,,,,,,
SO2026-000216,1,0,2026-03-03,2026-03-03,2026-04-02,2026-03-05,,,,,Mirakl-HudsonsB,Mirakl HudsonsB,,30,USD,113.00,113.00,127.91,113.00,0.00,0,0.00,0,0.00,14.91,0.00,,,,,127.91,,0.00,,,,,,,,,,,,,,,,,,,,,,,10005,10577,10005-2026-000216,,,,,,,,,Mirakl HudsonsB Shipping,Morgan Lee,Yara Glenn,Mirakl HudsonsB Network,212 Quail Hill Pkwy,Dock 12,Network ship location,Irvine,CA,92607,Orange,USA,ship-mirakl-hudsonsb@example.com,(949) 555-2106,,,,,,,,,,,,,,,,,,,2,2026-03-03,FA16105WV-MIDNIGHTBLUE-S-STD,809666795530,,Patricia Woven Chiffon Midnight Blue Palazzo Pant W Elastic Waist,,,EA,,,,,,,,1,0,,1,,39.00,39.00,39.00,39.00,0.00,,39.00,FALSE,TRUE,FALSE,FALSE,,,,,,,,,,,,,,,,,,
SO2026-000217,1,0,2026-03-01,2026-03-06,2026-03-31,2026-03-02,,,,,Etsy-LS,Etsy LS,,30,USD,40.00,40.00,51.03,40.00,0.00,0,0.00,0,0.00,11.03,0.00,,,,,51.03,,0.00,,,,,,,,,,,,,,,,,,,,,,,10008,10571,10008-2026-000217,,,,,,,,,Etsy LS Shipping,Alex Reed,Rhea Moss,Etsy LS Marketplace,205 Mission St,Dock 5,Marketplace ship location,San Francisco,CA,94103,San Francisco,USA,ship-etsy-ls@example.com,(415) 555-1406,,,,,,,,,,,,,,,,,,,1,2026-03-01,CAMILA-06-NUDE-8,,,COSS FRONT SLIP ON SLIDES,,,EA,,,,,,,,1,0,,1,,8.00,8.00,8.00,8.00,0.00,,8.00,FALSE,TRUE,FALSE,FALSE,,,,,,,,,,,,,,,,,,
SO2026-000217,1,0,2026-03-01,2026-03-06,2026-03-31,2026-03-02,,,,,Etsy-LS,Etsy LS,,30,USD,40.00,40.00,51.03,40.00,0.00,0,0.00,0,0.00,11.03,0.00,,,,,51.03,,0.00,,,,,,,,,,,,,,,,,,,,,,,10008,10571,10008-2026-000217,,,,,,,,,Etsy LS Shipping,Alex Reed,Rhea Moss,Etsy LS Marketplace,205 Mission St,Dock 5,Marketplace ship location,San Francisco,CA,94103,San Francisco,USA,ship-etsy-ls@example.com,(415) 555-1406,,,,,,,,,,,,,,,,,,,2,2026-03-01,CAMILA-06-BLACK-8.5,,,COSS FRONT SLIP ON SLIDES,,,EA,,,,,,,,4,0,,4,,8.00,8.00,32.00,32.00,0.00,,32.00,FALSE,TRUE,FALSE,FALSE,,,,,,,,,,,,,,,,,,
SO2026-000218,1,0,2026-03-04,2026-03-09,2026-04-03,2026-03-04,,,,,Shopify,Shopify,,30,USD,432.00,432.00,432.91,432.00,0.00,0,0.00,0,0.00,0.91,0.00,,,,,432.91,,0.00,,,,,,,,,,,,,,,,,,,,,,,20001,10580,20001-2026-000218,,,,,,,,,Shopify Shipping,Alex Reed,Dario Lowe,Shopify Commerce,217 Barranca Pkwy,Dock 17,Commerce ship location,Irvine,CA,92609,Orange,USA,ship-shopify@example.com,(949) 555-2606,,,,,,,,,,,,,,,,,,,1,2026-03-04,173451-1183CITIZEN-1-STD,809666377866,,Susan Stretch Denim Skinny Jeans Medium Blue 5 Pocket Wash,,,EA,,,,,,,,2,0,,2,,24.00,24.00,48.00,48.00,0.00,,48.00,FALSE,TRUE,FALSE,FALSE,,,,,,,,,,,,,,,,,,
SO2026-000218,1,0,2026-03-04,2026-03-09,2026-04-03,2026-03-04,,,,,Shopify,Shopify,,30,USD,432.00,432.00,432.91,432.00,0.00,0,0.00,0,0.00,0.91,0.00,,,,,432.91,,0.00,,,,,,,,,,,,,,,,,,,,,,,20001,10580,20001-2026-000218,,,,,,,,,Shopify Shipping,Alex Reed,Dario Lowe,Shopify Commerce,217 Barranca Pkwy,Dock 17,Commerce ship location,Irvine,CA,92609,Orange,USA,ship-shopify@example.com,(949) 555-2606,,,,,,,,,,,,,,,,,,,2,2026-03-04,CAMILA-06-TAUPE-A12,,,COSS FRONT SLIP ON SLIDES,,,EA,,,,,,,,4,0,,4,,96.00,96.00,384.00,384.00,0.00,,384.00,FALSE,TRUE,FALSE,FALSE,,,,,,,,,,,,,,,,,,
SO2026-000219,1,0,2026-03-02,2026-03-07,2026-04-01,2026-03-04,,,,,Etsy-LS,Etsy LS,,30,USD,64.00,64.00,68.07,64.00,0.00,0,0.00,0,0.00,4.07,0.00,,,,,68.07,,0.00,,,,,,,,,,,,,,,,,,,,,,,10008,10571,10008-2026-000219,,,,,,,,,Etsy LS Shipping,Alex Reed,Rhea Moss,Etsy LS Marketplace,205 Mission St,Dock 5,Marketplace ship location,San Francisco,CA,94103,San Francisco,USA,ship-etsy-ls@example.com,(415) 555-1406,,,,,,,,,,,,,,,,,,,1,2026-03-02,CAMILA-06-NUDE-9.5,,,COSS FRONT SLIP ON SLIDES,,,EA,,,,,,,,4,0,,4,,8.00,8.00,32.00,32.00,0.00,,32.00,FALSE,TRUE,FALSE,FALSE,,,,,,,,,,,,,,,,,,
SO2026-000219,1,0,2026-03-02,2026-03-07,2026-04-01,2026-03-04,,,,,Etsy-LS,Etsy LS,,30,USD,64.00,64.00,68.07,64.00,0.00,0,0.00,0,0.00,4.07,0.00,,,,,68.07,,0.00,,,,,,,,,,,,,,,,,,,,,,,10008,10571,10008-2026-000219,,,,,,,,,Etsy LS Shipping,Alex Reed,Rhea Moss,Etsy LS Marketplace,205 Mission St,Dock 5,Marketplace ship location,San Francisco,CA,94103,San Francisco,USA,ship-etsy-ls@example.com,(415) 555-1406,,,,,,,,,,,,,,,,,,,2,2026-03-02,CAMILA-06-NUDE-7,,,COSS FRONT SLIP ON SLIDES,,,EA,,,,,,,,4,0,,4,,8.00,8.00,32.00,32.00,0.00,,32.00,FALSE,TRUE,FALSE,FALSE,,,,,,,,,,,,,,,,,,
SO2026-000220,1,0,2026-03-04,2026-03-09,2026-04-03,2026-03-05,,,,,Veeqo-Amazon,Veeqo Amazon,,30,USD,294.00,294.00,305.20,294.00,0.00,0,0.00,0,0.00,11.20,0.00,,,,,305.20,,0.00,,,,,,,,,,,,,,,,,,,,,,,10016,10579,10016-2026-000220,,,,,,,,,Veeqo Amazon Shipping,Jamie Clark,Owen Pike,Veeqo Amazon Retail,202 Distribution Way,Dock 2,Regional ship location,Irvine,CA,92603,Orange,USA,ship-veeqo-amazon@example.com,(949) 555-1106,,,,,,,,,,,,,,,,,,,1,2026-03-04,ADELINE-02-NUDE-B12,,,WOVEN SLIDE SANDAL,,,EA,,,,,,,,1,0,,1,,138.00,138.00,138.00,138.00,0.00,,138.00,FALSE,TRUE,FALSE,FALSE,,,,,,,,,,,,,,,,,,
SO2026-000220,1,0,2026-03-04,2026-03-09,2026-04-03,2026-03-05,,,,,Veeqo-Amazon,Veeqo Amazon,,30,USD,294.00,294.00,305.20,294.00,0.00,0,0.00,0,0.00,11.20,0.00,,,,,305.20,,0.00,,,,,,,,,,,,,,,,,,,,,,,10016,10579,10016-2026-000220,,,,,,,,,Veeqo Amazon Shipping,Jamie Clark,Owen Pike,Veeqo Amazon Retail,202 Distribution Way,Dock 2,Regional ship location,Irvine,CA,92603,Orange,USA,ship-veeqo-amazon@example.com,(949) 555-1106,,,,,,,,,,,,,,,,,,,2,2026-03-04,FA16023WV-MIDNIGHTCAMO,,,GGT wrap kimono maxi dress,,,EA,,,,,,,,4,0,,4,,39.00,39.00,156.00,156.00,0.00,,156.00,FALSE,TRUE,FALSE,FALSE,,,,,,,,,,,,,,,,,,
SO2026-000221,1,0,2026-03-02,2026-03-04,2026-04-01,2026-03-03,,,,,Walmart-eComm,Walmart eComm,,30,USD,138.25,138.25,145.96,138.25,0.00,0,0.00,0,0.00,7.71,0.00,,,,,145.96,,0.00,,,,,,,,,,,,,,,,,,,,,,,10002,10566,10002-2026-000221,,,,,,,,,Walmart eComm Shipping,Morgan Lee,Gavin Orr,Walmart eComm Retail,220 Townsend St,Dock 20,National ship location,San Francisco,CA,94109,San Francisco,USA,ship-walmart-ecomm@example.com,(415) 555-2906,,,,,,,,,,,,,,,,,,,1,2026-03-02,ASTRID-01-NUDE-12,,,SLIP ON SNEAKER,,,EA,,,,,,,,3,0,,3,,20.75,20.75,62.25,62.25,0.00,,62.25,FALSE,TRUE,FALSE,FALSE,,,,,,,,,,,,,,,,,,
SO2026-000221,1,0,2026-03-02,2026-03-04,2026-04-01,2026-03-03,,,,,Walmart-eComm,Walmart eComm,,30,USD,138.25,138.25,145.96,138.25,0.00,0,0.00,0,0.00,7.71,0.00,,,,,145.96,,0.00,,,,,,,,,,,,,,,,,,,,,,,10002,10566,10002-2026-000221,,,,,,,,,Walmart eComm Shipping,Morgan Lee,Gavin Orr,Walmart eComm Retail,220 Townsend St,Dock 20,National ship location,San Francisco,CA,94109,San Francisco,USA,ship-walmart-ecomm@example.com,(415) 555-2906,,,,,,,,,,,,,,,,,,,2,2026-03-02,ADELINE-02-NUDE-6,,,WOVEN SLIDE SANDAL,,,EA,,,,,,,,4,0,,4,,11.50,11.50,46.00,46.00,0.00,,46.00,FALSE,TRUE,FALSE,FALSE,,,,,,,,,,,,,,,,,,
SO2026-000221,1,0,2026-03-02,2026-03-04,2026-04-01,2026-03-03,,,,,Walmart-eComm,Walmart eComm,,30,USD,138.25,138.25,145.96,138.25,0.00,0,0.00,0,0.00,7.71,0.00,,,,,145.96,,0.00,,,,,,,,,,,,,,,,,,,,,,,10002,10566,10002-2026-000221,,,,,,,,,Walmart eComm Shipping,Morgan Lee,Gavin Orr,Walmart eComm Retail,220 Townsend St,Dock 20,National ship location,San Francisco,CA,94109,San Francisco,USA,ship-walmart-ecomm@example.com,(415) 555-2906,,,,,,,,,,,,,,,,,,,3,2026-03-02,AUSTIN-06-BLACK-8.5,,,SNEAKER,,,EA,,,,,,,,3,0,,3,,10.00,10.00,30.00,30.00,0.00,,30.00,FALSE,TRUE,FALSE,FALSE,,,,,,,,,,,,,,,,,,
SO2026-000222,1,0,2026-03-02,2026-03-06,2026-04-01,2026-03-02,,,,,Shopify,Shopify,,30,USD,386.25,386.25,399.33,386.25,0.00,0,0.00,0,0.00,13.08,0.00,,,,,399.33,,0.00,,,,,,,,,,,,,,,,,,,,,,,20001,10580,20001-2026-000222,,,,,,,,,Shopify Shipping,Alex Reed,Dario Lowe,Shopify Commerce,217 Barranca Pkwy,Dock 17,Commerce ship location,Irvine,CA,92609,Orange,USA,ship-shopify@example.com,(949) 555-2606,,,,,,,,,,,,,,,,,,,1,2026-03-02,CORA-01-CAME-8.5,,,CROSS FRONT SANDAL,,,EA,,,,,,,,3,0,,3,,10.75,10.75,32.25,32.25,0.00,,32.25,FALSE,TRUE,FALSE,FALSE,,,,,,,,,,,,,,,,,,
SO2026-000222,1,0,2026-03-02,2026-03-06,2026-04-01,2026-03-02,,,,,Shopify,Shopify,,30,USD,386.25,386.25,399.33,386.25,0.00,0,0.00,0,0.00,13.08,0.00,,,,,399.33,,0.00,,,,,,,,,,,,,,,,,,,,,,,20001,10580,20001-2026-000222,,,,,,,,,Shopify Shipping,Alex Reed,Dario Lowe,Shopify Commerce,217 Barranca Pkwy,Dock 17,Commerce ship location,Irvine,CA,92609,Orange,USA,ship-shopify@example.com,(949) 555-2606,,,,,,,,,,,,,,,,,,,2,2026-03-02,ADELINE-03-BLACK,,,BUCKLE FRONT FLAT SANDALS,,,EA,,,,,,,,2,0,,2,,177.00,177.00,354.00,354.00,0.00,,354.00,FALSE,TRUE,FALSE,FALSE,,,,,,,,,,,,,,,,,,
SO2026-000223,1,0,2026-03-04,2026-03-08,2026-04-03,2026-03-06,,,,,Mirakl-Kohls,Mirakl Kohls,,30,USD,67.50,67.50,70.16,67.50,0.00,0,0.00,0,0.00,2.66,0.00,,,,,70.16,,0.00,,,,,,,,,,,,,,,,,,,,,,,10013,10576,10013-2026-000223,,,,,,,,,Mirakl Kohls Shipping,Jamie Clark,Asha Ives,Mirakl Kohls Network,214 Silver Creek Rd,Dock 14,Partner ship location,San Jose,CA,95115,Santa Clara,USA,ship-mirakl-kohls@example.com,(408) 555-2306,,,,,,,,,,,,,,,,,,,1,2026-03-04,CORA-01-LEOP-8,,,CROSS FRONT SANDAL,,,EA,,,,,,,,2,0,,2,,10.75,10.75,21.50,21.50,0.00,,21.50,FALSE,TRUE,FALSE,FALSE,,,,,,,,,,,,,,,,,,
SO2026-000223,1,0,2026-03-04,2026-03-08,2026-04-03,2026-03-06,,,,,Mirakl-Kohls,Mirakl Kohls,,30,USD,67.50,67.50,70.16,67.50,0.00,0,0.00,0,0.00,2.66,0.00,,,,,70.16,,0.00,,,,,,,,,,,,,,,,,,,,,,,10013,10576,10013-2026-000223,,,,,,,,,Mirakl Kohls Shipping,Jamie Clark,Asha Ives,Mirakl Kohls Network,214 Silver Creek Rd,Dock 14,Partner ship location,San Jose,CA,95115,Santa Clara,USA,ship-mirakl-kohls@example.com,(408) 555-2306,,,,,,,,,,,,,,,,,,,2,2026-03-04,ADELINE-02-CAMEL-5,,,WOVEN SLIDE SANDAL,,,EA,,,,,,,,4,0,,4,,11.50,11.50,46.00,46.00,0.00,,46.00,FALSE,TRUE,FALSE,FALSE,,,,,,,,,,,,,,,,,,
SO2026-000224,1,0,2026-03-02,2026-03-07,2026-04-01,2026-03-02,,,,,Squarespace,Squarespace,,30,USD,427.00,427.00,443.25,427.00,0.00,0,0.00,0,0.00,16.25,0.00,,,,,443.25,,0.00,,,,,,,,,,,,,,,,,,,,,,,20006,10582,20006-2026-000224,,,,,,,,,Squarespace Shipping,Jamie Clark,Elin Marsh,Squarespace Digital,218 Camino Del Rio,Dock 18,Digital ship location,San Diego,CA,92108,San Diego,USA,ship-squarespace@example.com,(619) 555-2706,,,,,,,,,,,,,,,,,,,1,2026-03-02,CAMILA-06-NUDE-5.5,,,COSS FRONT SLIP ON SLIDES,,,EA,,,,,,,,3,0,,3,,8.00,8.00,24.00,24.00,0.00,,24.00,FALSE,TRUE,FALSE,FALSE,,,,,,,,,,,,,,,,,,
SO2026-000224,1,0,2026-03-02,2026-03-07,2026-04-01,2026-03-02,,,,,Squarespace,Squarespace,,30,USD,427.00,427.00,443.25,427.00,0.00,0,0.00,0,0.00,16.25,0.00,,,,,443.25,,0.00,,,,,,,,,,,,,,,,,,,,,,,20006,10582,20006-2026-000224,,,,,,,,,Squarespace Shipping,Jamie Clark,Elin Marsh,Squarespace Digital,218 Camino Del Rio,Dock 18,Digital ship location,San Diego,CA,92108,San Diego,USA,ship-squarespace@example.com,(619) 555-2706,,,,,,,,,,,,,,,,,,,2,2026-03-02,ADELINE-03-TAUPE,,,BUCKLE FRONT FLAT SANDALS,,,EA,,,,,,,,2,0,,2,,177.00,177.00,354.00,354.00,0.00,,354.00,FALSE,TRUE,FALSE,FALSE,,,,,,,,,,,,,,,,,,
SO2026-000224,1,0,2026-03-02,2026-03-07,2026-04-01,2026-03-02,,,,,Squarespace,Squarespace,,30,USD,427.00,427.00,443.25,427.00,0.00,0,0.00,0,0.00,16.25,0.00,,,,,443.25,,0.00,,,,,,,,,,,,,,,,,,,,,,,20006,10582,20006-2026-000224,,,,,,,,,Squarespace Shipping,Jamie Clark,Elin Marsh,Squarespace Digital,218 Camino Del Rio,Dock 18,Digital ship location,San Diego,CA,92108,San Diego,USA,ship-squarespace@example.com,(619) 555-2706,,,,,,,,,,,,,,,,,,,3,2026-03-02,FD3601033-3022FROZENPD,,,Jay-Low Tencel Denim Shirtdress - Chiffon Collar and Tie Sleeve,,,EA,,,,,,,,1,0,,1,,49.00,49.00,49.00,49.00,0.00,,49.00,FALSE,TRUE,FALSE,FALSE,,,,,,,,,,,,,,,,,,
SO2026-000225,1,0,2026-03-04,2026-03-07,2026-04-03,2026-03-04,,,,,eBay,eBay,,30,USD,61.00,61.00,75.12,61.00,0.00,0,0.00,0,0.00,14.12,0.00,,,,,75.12,,0.00,,,,,,,,,,,,,,,,,,,,,,,10004,10570,10004-2026-000225,,,,,,,,,eBay Shipping,Morgan Lee,Quentin Hale,eBay Commerce,204 Fulfillment Ave,Dock 4,Standard ship location,San Jose,CA,95111,Santa Clara,USA,ship-ebay@example.com,(408) 555-1306,,,,,,,,,,,,,,,,,,,1,2026-03-04,ADELINE-03-BLUE-8,,,BUCKLE FRONT FLAT SANDALS,,,EA,,,,,,,,2,0,,2,,18.50,18.50,37.00,37.00,0.00,,37.00,FALSE,TRUE,FALSE,FALSE,,,,,,,,,,,,,,,,,,
SO2026-000225,1,0,2026-03-04,2026-03-07,2026-04-03,2026-03-04,,,,,eBay,eBay,,30,USD,61.00,61.00,75.12,61.00,0.00,0,0.00,0,0.00,14.12,0.00,,,,,75.12,,0.00,,,,,,,,,,,,,,,,,,,,,,,10004,10570,10004-2026-000225,,,,,,,,,eBay Shipping,Morgan Lee,Quentin Hale,eBay Commerce,204 Fulfillment Ave,Dock 4,Standard ship location,San Jose,CA,95111,Santa Clara,USA,ship-ebay@example.com,(408) 555-1306,,,,,,,,,,,,,,,,,,,2,2026-03-04,173451-1183CITIZEN-21-STD,809666377965,,Susan Stretch Denim Skinny Jeans Medium Blue 5 Pocket Wash,,,EA,,,,,,,,1,0,,1,,24.00,24.00,24.00,24.00,0.00,,24.00,FALSE,TRUE,FALSE,FALSE,,,,,,,,,,,,,,,,,,
SO2026-000226,1,0,2026-03-02,2026-03-05,2026-04-01,2026-03-04,,,,,Magento,Magento,,30,USD,131.00,131.00,131.25,131.00,0.00,0,0.00,0,0.00,0.25,0.00,,,,,131.25,,0.00,,,,,,,,,,,,,,,,,,,,,,,20003,10581,20003-2026-000226,,,,,,,,,Magento Shipping,Morgan Lee,Cora Knox,Magento Platform,216 Century Blvd,Dock 16,Platform ship location,Los Angeles,CA,90008,Los Angeles,USA,ship-magento@example.com,(213) 555-2506,,,,,,,,,,,,,,,,,,,1,2026-03-02,ASTRID-01-BLACK-8.5,,,SLIP ON SNEAKER,,,EA,,,,,,,,2,0,,2,,20.75,20.75,41.50,41.50,0.00,,41.50,FALSE,TRUE,FALSE,FALSE,,,,,,,,,,,,,,,,,,
SO2026-000226,1,0,2026-03-02,2026-03-05,2026-04-01,2026-03-04,,,,,Magento,Magento,,30,USD,131.00,131.00,131.25,131.00,0.00,0,0.00,0,0.00,0.25,0.00,,,,,131.25,,0.00,,,,,,,,,,,,,,,,,,,,,,,20003,10581,20003-2026-000226,,,,,,,,,Magento Shipping,Morgan Lee,Cora Knox,Magento Platform,216 Century Blvd,Dock 16,Platform ship location,Los Angeles,CA,90008,Los Angeles,USA,ship-magento@example.com,(213) 555-2506,,,,,,,,,,,,,,,,,,,2,2026-03-02,F13031C-1742VNTGST,,,Five-pocket stretch woven corduroy skinny pants with wine stitching and copper hardware.,,,EA,,,,,,,,2,0,,2,,34.00,34.00,68.00,68.00,0.00,,68.00,FALSE,TRUE,FALSE,FALSE,,,,,,,,,,,,,,,,,,
SO2026-000226,1,0,2026-03-02,2026-03-05,2026-04-01,2026-03-04,,,,,Magento,Magento,,30,USD,131.00,131.00,131.25,131.00,0.00,0,0.00,0,0.00,0.25,0.00,,,,,131.25,,0.00,,,,,,,,,,,,,,,,,,,,,,,20003,10581,20003-2026-000226,,,,,,,,,Magento Shipping,Morgan Lee,Cora Knox,Magento Platform,216 Century Blvd,Dock 16,Platform ship location,Los Angeles,CA,90008,Los Angeles,USA,ship-magento@example.com,(213) 555-2506,,,,,,,,,,,,,,,,,,,3,2026-03-02,CORA-01-CAME-6,,,CROSS FRONT SANDAL,,,EA,,,,,,,,2,0,,2,,10.75,10.75,21.50,21.50,0.00,,21.50,FALSE,TRUE,FALSE,FALSE,,,,,,,,,,,,,,,,,,
SO2026-000227,1,0,2026-03-01,2026-03-02,2026-03-31,2026-03-02,,,,,JCPenney,JCPenney,,30,USD,68.00,68.00,72.13,68.00,0.00,0,0.00,0,0.00,4.13,0.00,,,,,72.13,,0.00,,,,,,,,,,,,,,,,,,,,,,,30007,10575,30007-2026-000227,,,,,,,,,JCPenney Shipping,Alex Reed,Zane Holt,JCPenney Stores,213 Gateway Rd,Dock 13,Retail ship location,San Diego,CA,92106,San Diego,USA,ship-jcpenney@example.com,(619) 555-2206,,,,,,,,,,,,,,,,,,,1,2026-03-01,F13031C-1742VNTGST-24-STD,809666255041,,Cayden Vintage Beujolias Corduroy Skinny Jeans,,,EA,,,,,,,,2,0,,2,,34.00,34.00,68.00,68.00,0.00,,68.00,FALSE,TRUE,FALSE,FALSE,,,,,,,,,,,,,,,,,,
SO2026-000228,1,0,2026-03-03,2026-03-03,2026-04-02,2026-03-05,,,,,eBay,eBay,,30,USD,94.25,94.25,97.76,94.25,0.00,0,0.00,0,0.00,3.51,0.00,,,,,97.76,,0.00,,,,,,,,,,,,,,,,,,,,,,,10004,10570,10004-2026-000228,,,,,,,,,eBay Shipping,Morgan Lee,Quentin Hale,eBay Commerce,204 Fulfillment Ave,Dock 4,Standard ship location,San Jose,CA,95111,Santa Clara,USA,ship-ebay@example.com,(408) 555-1306,,,,,,,,,,,,,,,,,,,1,2026-03-03,CAMILA-06-BLACK-7.5,,,COSS FRONT SLIP ON SLIDES,,,EA,,,,,,,,4,0,,4,,8.00,8.00,32.00,32.00,0.00,,32.00,FALSE,TRUE,FALSE,FALSE,,,,,,,,,,,,,,,,,,
SO2026-000228,1,0,2026-03-03,2026-03-03,2026-04-02,2026-03-05,,,,,eBay,eBay,,30,USD,94.25,94.25,97.76,94.25,0.00,0,0.00,0,0.00,3.51,0.00,,,,,97.76,,0.00,,,,,,,,,,,,,,,,,,,,,,,10004,10570,10004-2026-000228,,,,,,,,,eBay Shipping,Morgan Lee,Quentin Hale,eBay Commerce,204 Fulfillment Ave,Dock 4,Standard ship location,San Jose,CA,95111,Santa Clara,USA,ship-ebay@example.com,(408) 555-1306,,,,,,,,,,,,,,,,,,,2,2026-03-03,CORA-01-BLK-9.5,,,CROSS FRONT SANDAL,,,EA,,,,,,,,3,0,,3,,10.75,10.75,32.25,32.25,0.00,,32.25,FALSE,TRUE,FALSE,FALSE,,,,,,,,,,,,,,,,,,
SO2026-000228,1,0,2026-03-03,2026-03-03,2026-04-02,2026-03-05,,,,,eBay,eBay,,30,USD,94.25,94.25,97.76,94.25,0.00,0,0.00,0,0.00,3.51,0.00,,,,,97.76,,0.00,,,,,,,,,,,,,,,,,,,,,,,10004,10570,10004-2026-000228,,,,,,,,,eBay Shipping,Morgan Lee,Quentin Hale,eBay Commerce,204 Fulfillment Ave,Dock 4,Standard ship location,San Jose,CA,95111,Santa Clara,USA,ship-ebay@example.com,(408) 555-1306,,,,,,,,,,,,,,,,,,,3,2026-03-03,AUSTIN-06-BLUSH-7.5,,,SNEAKER,,,EA,,,,,,,,3,0,,3,,10.00,10.00,30.00,30.00,0.00,,30.00,FALSE,TRUE,FALSE,FALSE,,,,,,,,,,,,,,,,,,
SO2026-000229,1,0,2026-03-04,2026-03-07,2026-04-03,2026-03-05,,,,,Magento,Magento,,30,USD,49.00,49.00,51.88,49.00,0.00,0,0.00,0,0.00,2.88,0.00,,,,,51.88,,0.00,,,,,,,,,,,,,,,,,,,,,,,20003,10581,20003-2026-000229,,,,,,,,,Magento Shipping,Morgan Lee,Cora Knox,Magento Platform,216 Century Blvd,Dock 16,Platform ship location,Los Angeles,CA,90008,Los Angeles,USA,ship-magento@example.com,(213) 555-2506,,,,,,,,,,,,,,,,,,,1,2026-03-04,FD3601033-3022FROZENPD-M-STD,809666343816,,Jay-Low Tencel Denim Shirtdress - Chiffon Collar and Tie Sleeve,,,EA,,,,,,,,1,0,,1,,49.00,49.00,49.00,49.00,0.00,,49.00,FALSE,TRUE,FALSE,FALSE,,,,,,,,,,,,,,,,,,
SO2026-000230,1,0,2026-03-01,2026-03-03,2026-03-31,2026-03-02,,,,,Shopify,Shopify,,30,USD,222.25,222.25,228.03,222.25,0.00,0,0.00,0,0.00,5.78,0.00,,,,,228.03,,0.00,,,,,,,,,,,,,,,,,,,,,,,20001,10580,20001-2026-000230,,,,,,,,,Shopify Shipping,Alex Reed,Dario Lowe,Shopify Commerce,217 Barranca Pkwy,Dock 17,Commerce ship location,Irvine,CA,92609,Orange,USA,ship-shopify@example.com,(949) 555-2606,,,,,,,,,,,,,,,,,,,1,2026-03-01,FA13501DM-1608BLAU2-31-32,809666857894,,Maya Basic Dark Handsand Wash Midrise Skinny Jeans,,,EA,,,,,,,,4,0,,4,,34.00,34.00,136.00,136.00,0.00,,136.00,FALSE,TRUE,FALSE,FALSE,,,,,,,,,,,,,,,,,,
SO2026-000230,1,0,2026-03-01,2026-03-03,2026-03-31,2026-03-02,,,,,Shopify,Shopify,,30,USD,222.25,222.25,228.03,222.25,0.00,0,0.00,0,0.00,5.78,0.00,,,,,228.03,,0.00,,,,,,,,,,,,,,,,,,,,,,,20001,10580,20001-2026-000230,,,,,,,,,Shopify Shipping,Alex Reed,Dario Lowe,Shopify Commerce,217 Barranca Pkwy,Dock 17,Commerce ship location,Irvine,CA,92609,Orange,USA,ship-shopify@example.com,(949) 555-2606,,,,,,,,,,,,,,,,,,,2,2026-03-01,ASTRID-01-GREY-7.5,,,SLIP ON SNEAKER,,,EA,,,,,,,,3,0,,3,,20.75,20.75,62.25,62.25,0.00,,62.25,FALSE,TRUE,FALSE,FALSE,,,,,,,,,,,,,,,,,,
SO2026-000230,1,0,2026-03-01,2026-03-03,2026-03-31,2026-03-02,,,,,Shopify,Shopify,,30,USD,222.25,222.25,228.03,222.25,0.00,0,0.00,0,0.00,5.78,0.00,,,,,228.03,,0.00,,,,,,,,,,,,,,,,,,,,,,,20001,10580,20001-2026-000230,,,,,,,,,Shopify Shipping,Alex Reed,Dario Lowe,Shopify Commerce,217 Barranca Pkwy,Dock 17,Commerce ship location,Irvine,CA,92609,Orange,USA,ship-shopify@example.com,(949) 555-2606,,,,,,,,,,,,,,,,,,,3,2026-03-01,CAMILA-06-TAUPE-9,,,COSS FRONT SLIP ON SLIDES,,,EA,,,,,,,,3,0,,3,,8.00,8.00,24.00,24.00,0.00,,24.00,FALSE,TRUE,FALSE,FALSE,,,,,,,,,,,,,,,,,,
SO2026-000231,1,0,2026-03-02,2026-03-07,2026-04-01,2026-03-02,,,,,Etsy-LS,Etsy LS,,30,USD,34.75,34.75,46.27,34.75,0.00,0,0.00,0,0.00,11.52,0.00,,,,,46.27,,0.00,,,,,,,,,,,,,,,,,,,,,,,10008,10571,10008-2026-000231,,,,,,,,,Etsy LS Shipping,Alex Reed,Rhea Moss,Etsy LS Marketplace,205 Mission St,Dock 5,Marketplace ship location,San Francisco,CA,94103,San Francisco,USA,ship-etsy-ls@example.com,(415) 555-1406,,,,,,,,,,,,,,,,,,,1,2026-03-02,CAMILA-06-NUDE-9,,,COSS FRONT SLIP ON SLIDES,,,EA,,,,,,,,3,0,,3,,8.00,8.00,24.00,24.00,0.00,,24.00,FALSE,TRUE,FALSE,FALSE,,,,,,,,,,,,,,,,,,
SO2026-000231,1,0,2026-03-02,2026-03-07,2026-04-01,2026-03-02,,,,,Etsy-LS,Etsy LS,,30,USD,34.75,34.75,46.27,34.75,0.00,0,0.00,0,0.00,11.52,0.00,,,,,46.27,,0.00,,,,,,,,,,,,,,,,,,,,,,,10008,10571,10008-2026-000231,,,,,,,,,Etsy LS Shipping,Alex Reed,Rhea Moss,Etsy LS Marketplace,205 Mission St,Dock 5,Marketplace ship location,San Francisco,CA,94103,San Francisco,USA,ship-etsy-ls@example.com,(415) 555-1406,,,,,,,,,,,,,,,,,,,2,2026-03-02,CORA-01-YLW-8.5,,,CROSS FRONT SANDAL,,,EA,,,,,,,,1,0,,1,,10.75,10.75,10.75,10.75,0.00,,10.75,FALSE,TRUE,FALSE,FALSE,,,,,,,,,,,,,,,,,,
SO2026-000232,1,0,2026-03-03,2026-03-03,2026-04-02,2026-03-05,,,,,Mirakl-Kohls,Mirakl Kohls,,30,USD,168.00,168.00,182.79,168.00,0.00,0,0.00,0,0.00,14.79,0.00,,,,,182.79,,0.00,,,,,,,,,,,,,,,,,,,,,,,10013,10576,10013-2026-000232,,,,,,,,,Mirakl Kohls Shipping,Jamie Clark,Asha Ives,Mirakl Kohls Network,214 Silver Creek Rd,Dock 14,Partner ship location,San Jose,CA,95115,Santa Clara,USA,ship-mirakl-kohls@example.com,(408) 555-2306,,,,,,,,,,,,,,,,,,,1,2026-03-03,AUSTIN-06-WHITE-10,,,SNEAKER,,,EA,,,,,,,,3,0,,3,,10.00,10.00,30.00,30.00,0.00,,30.00,FALSE,TRUE,FALSE,FALSE,,,,,,,,,,,,,,,,,,
SO2026-000232,1,0,2026-03-03,2026-03-03,2026-04-02,2026-03-05,,,,,Mirakl-Kohls,Mirakl Kohls,,30,USD,168.00,168.00,182.79,168.00,0.00,0,0.00,0,0.00,14.79,0.00,,,,,182.79,,0.00,,,,,,,,,,,,,,,,,,,,,,,10013,10576,10013-2026-000232,,,,,,,,,Mirakl Kohls Shipping,Jamie Clark,Asha Ives,Mirakl Kohls Network,214 Silver Creek Rd,Dock 14,Partner ship location,San Jose,CA,95115,Santa Clara,USA,ship-mirakl-kohls@example.com,(408) 555-2306,,,,,,,,,,,,,,,,,,,2,2026-03-03,AUSTIN-06-NUDE-12,,,SNEAKER,,,EA,,,,,,,,4,0,,4,,10.00,10.00,40.00,40.00,0.00,,40.00,FALSE,TRUE,FALSE,FALSE,,,,,,,,,,,,,,,,,,
SO2026-000232,1,0,2026-03-03,2026-03-03,2026-04-02,2026-03-05,,,,,Mirakl-Kohls,Mirakl Kohls,,30,USD,168.00,168.00,182.79,168.00,0.00,0,0.00,0,0.00,14.79,0.00,,,,,182.79,,0.00,,,,,,,,,,,,,,,,,,,,,,,10013,10576,10013-2026-000232,,,,,,,,,Mirakl Kohls Shipping,Jamie Clark,Asha Ives,Mirakl Kohls Network,214 Silver Creek Rd,Dock 14,Partner ship location,San Jose,CA,95115,Santa Clara,USA,ship-mirakl-kohls@example.com,(408) 555-2306,,,,,,,,,,,,,,,,,,,3,2026-03-03,FD3601734-MEDBLEACH-S-STD,809666438420,,Ally Women's Full Sleeve Denim Shirt Dress,,,EA,,,,,,,,1,0,,1,,98.00,98.00,98.00,98.00,0.00,,98.00,FALSE,TRUE,FALSE,FALSE,,,,,,,,,,,,,,,,,,
SO2026-000233,1,0,2026-03-01,2026-03-03,2026-03-31,2026-03-03,,,,,Etsy-VS,Etsy VS,,30,USD,125.75,125.75,137.79,125.75,0.00,0,0.00,0,0.00,12.04,0.00,,,,,137.79,,0.00,,,,,,,,,,,,,,,,,,,,,,,10008,10572,10008-2026-000233,,,,,,,,,Etsy VS Shipping,Jamie Clark,Soren Vale,Etsy VS Marketplace,206 Pacific Hwy,Dock 6,Seasonal ship location,Los Angeles,CA,90004,Los Angeles,USA,ship-etsy-vs@example.com,(213) 555-1506,,,,,,,,,,,,,,,,,,,1,2026-03-01,ASTRID-01-BLUSH-5.5,,,SLIP ON SNEAKER,,,EA,,,,,,,,4,0,,4,,20.75,20.75,83.00,83.00,0.00,,83.00,FALSE,TRUE,FALSE,FALSE,,,,,,,,,,,,,,,,,,
SO2026-000233,1,0,2026-03-01,2026-03-03,2026-03-31,2026-03-03,,,,,Etsy-VS,Etsy VS,,30,USD,125.75,125.75,137.79,125.75,0.00,0,0.00,0,0.00,12.04,0.00,,,,,137.79,,0.00,,,,,,,,,,,,,,,,,,,,,,,10008,10572,10008-2026-000233,,,,,,,,,Etsy VS Shipping,Jamie Clark,Soren Vale,Etsy VS Marketplace,206 Pacific Hwy,Dock 6,Seasonal ship location,Los Angeles,CA,90004,Los Angeles,USA,ship-etsy-vs@example.com,(213) 555-1506,,,,,,,,,,,,,,,,,,,2,2026-03-01,CORA-01-TAUP-12,,,CROSS FRONT SANDAL,,,EA,,,,,,,,1,0,,1,,10.75,10.75,10.75,10.75,0.00,,10.75,FALSE,TRUE,FALSE,FALSE,,,,,,,,,,,,,,,,,,
SO2026-000233,1,0,2026-03-01,2026-03-03,2026-03-31,2026-03-03,,,,,Etsy-VS,Etsy VS,,30,USD,125.75,125.75,137.79,125.75,0.00,0,0.00,0,0.00,12.04,0.00,,,,,137.79,,0.00,,,,,,,,,,,,,,,,,,,,,,,10008,10572,10008-2026-000233,,,,,,,,,Etsy VS Shipping,Jamie Clark,Soren Vale,Etsy VS Marketplace,206 Pacific Hwy,Dock 6,Seasonal ship location,Los Angeles,CA,90004,Los Angeles,USA,ship-etsy-vs@example.com,(213) 555-1506,,,,,,,,,,,,,,,,,,,3,2026-03-01,CAMILA-06-GREEN-6,,,COSS FRONT SLIP ON SLIDES,,,EA,,,,,,,,4,0,,4,,8.00,8.00,32.00,32.00,0.00,,32.00,FALSE,TRUE,FALSE,FALSE,,,,,,,,,,,,,,,,,,
SO2026-000234,1,0,2026-03-02,2026-03-05,2026-04-01,2026-03-03,,,,,Shopify,Shopify,,30,USD,134.50,134.50,146.46,134.50,0.00,0,0.00,0,0.00,11.96,0.00,,,,,146.46,,0.00,,,,,,,,,,,,,,,,,,,,,,,20001,10580,20001-2026-000234,,,,,,,,,Shopify Shipping,Alex Reed,Dario Lowe,Shopify Commerce,217 Barranca Pkwy,Dock 17,Commerce ship location,Irvine,CA,92609,Orange,USA,ship-shopify@example.com,(949) 555-2606,,,,,,,,,,,,,,,,,,,1,2026-03-02,F13031C-1742VNTGCO-32-STD,809666254945,,Cayden Vintage Beujolias Corduroy Skinny Jeans,,,EA,,,,,,,,3,0,,3,,34.00,34.00,102.00,102.00,0.00,,102.00,FALSE,TRUE,FALSE,FALSE,,,,,,,,,,,,,,,,,,
SO2026-000234,1,0,2026-03-02,2026-03-05,2026-04-01,2026-03-03,,,,,Shopify,Shopify,,30,USD,134.50,134.50,146.46,134.50,0.00,0,0.00,0,0.00,11.96,0.00,,,,,146.46,,0.00,,,,,,,,,,,,,,,,,,,,,,,20001,10580,20001-2026-000234,,,,,,,,,Shopify Shipping,Alex Reed,Dario Lowe,Shopify Commerce,217 Barranca Pkwy,Dock 17,Commerce ship location,Irvine,CA,92609,Orange,USA,ship-shopify@example.com,(949) 555-2606,,,,,,,,,,,,,,,,,,,2,2026-03-02,AVIANA-06-BEIGE-9,,,FUR SLIPPER,,,EA,,,,,,,,2,0,,2,,16.25,16.25,32.50,32.50,0.00,,32.50,FALSE,TRUE,FALSE,FALSE,,,,,,,,,,,,,,,,,,
SO2026-000235,1,0,2026-03-01,2026-03-02,2026-03-31,2026-03-03,,,,,Etsy-VS,Etsy VS,,30,USD,48.75,48.75,48.75,48.75,0.00,0,0.00,0,0.00,0.00,0.00,,,,,48.75,,0.00,,,,,,,,,,,,,,,,,,,,,,,10008,10572,10008-2026-000235,,,,,,,,,Etsy VS Shipping,Jamie Clark,Soren Vale,Etsy VS Marketplace,206 Pacific Hwy,Dock 6,Seasonal ship location,Los Angeles,CA,90004,Los Angeles,USA,ship-etsy-vs@example.com,(213) 555-1506,,,,,,,,,,,,,,,,,,,1,2026-03-01,AVIANA-06-WHITE-5.5,,,FUR SLIPPER,,,EA,,,,,,,,3,0,,3,,16.25,16.25,48.75,48.75,0.00,,48.75,FALSE,TRUE,FALSE,FALSE,,,,,,,,,,,,,,,,,,
SO2026-000236,1,0,2026-03-01,2026-03-05,2026-03-31,2026-03-01,,,,,Etsy-LS,Etsy LS,,30,USD,152.25,152.25,153.18,152.25,0.00,0,0.00,0,0.00,0.93,0.00,,,,,153.18,,0.00,,,,,,,,,,,,,,,,,,,,,,,10008,10571,10008-2026-000236,,,,,,,,,Etsy LS Shipping,Alex Reed,Rhea Moss,Etsy LS Marketplace,205 Mission St,Dock 5,Marketplace ship location,San Francisco,CA,94103,San Francisco,USA,ship-etsy-ls@example.com,(415) 555-1406,,,,,,,,,,,,,,,,,,,1,2026-03-01,CORA-01-CAME-11,,,CROSS FRONT SANDAL,,,EA,,,,,,,,3,0,,3,,10.75,10.75,32.25,32.25,0.00,,32.25,FALSE,TRUE,FALSE,FALSE,,,,,,,,,,,,,,,,,,
SO2026-000236,1,0,2026-03-01,2026-03-05,2026-03-31,2026-03-01,,,,,Etsy-LS,Etsy LS,,30,USD,152.25,152.25,153.18,152.25,0.00,0,0.00,0,0.00,0.93,0.00,,,,,153.18,,0.00,,,,,,,,,,,,,,,,,,,,,,,10008,10571,10008-2026-000236,,,,,,,,,Etsy LS Shipping,Alex Reed,Rhea Moss,Etsy LS Marketplace,205 Mission St,Dock 5,Marketplace ship location,San Francisco,CA,94103,San Francisco,USA,ship-etsy-ls@example.com,(415) 555-1406,,,,,,,,,,,,,,,,,,,2,2026-03-01,ADELINE-02-NUDE-6.5,,,WOVEN SLIDE SANDAL,,,EA,,,,,,,,4,0,,4,,11.50,11.50,46.00,46.00,0.00,,46.00,FALSE,TRUE,FALSE,FALSE,,,,,,,,,,,,,,,,,,
SO2026-000236,1,0,2026-03-01,2026-03-05,2026-03-31,2026-03-01,,,,,Etsy-LS,Etsy LS,,30,USD,152.25,152.25,153.18,152.25,0.00,0,0.00,0,0.00,0.93,0.00,,,,,153.18,,0.00,,,,,,,,,,,,,,,,,,,,,,,10008,10571,10008-2026-000236,,,,,,,,,Etsy LS Shipping,Alex Reed,Rhea Moss,Etsy LS Marketplace,205 Mission St,Dock 5,Marketplace ship location,San Francisco,CA,94103,San Francisco,USA,ship-etsy-ls@example.com,(415) 555-1406,,,,,,,,,,,,,,,,,,,3,2026-03-01,ADELINE-03-TAUPE-9.5,,,BUCKLE FRONT FLAT SANDALS,,,EA,,,,,,,,4,0,,4,,18.50,18.50,74.00,74.00,0.00,,74.00,FALSE,TRUE,FALSE,FALSE,,,,,,,,,,,,,,,,,,
SO2026-000237,1,0,2026-03-04,2026-03-06,2026-04-03,2026-03-06,,,,,Shopify,Shopify,,30,USD,384.00,384.00,385.28,384.00,0.00,0,0.00,0,0.00,1.28,0.00,,,,,385.28,,0.00,,,,,,,,,,,,,,,,,,,,,,,20001,10580,20001-2026-000237,,,,,,,,,Shopify Shipping,Alex Reed,Dario Lowe,Shopify Commerce,217 Barranca Pkwy,Dock 17,Commerce ship location,Irvine,CA,92609,Orange,USA,ship-shopify@example.com,(949) 555-2606,,,,,,,,,,,,,,,,,,,1,2026-03-04,CAMILA-06-NUDE-A12,,,COSS FRONT SLIP ON SLIDES,,,EA,,,,,,,,4,0,,4,,96.00,96.00,384.00,384.00,0.00,,384.00,FALSE,TRUE,FALSE,FALSE,,,,,,,,,,,,,,,,,,
SO2026-000238,1,0,2026-03-03,2026-03-07,2026-04-02,2026-03-03,,,,,AMZ-eCom,AMZ eCom,,30,USD,134.00,134.00,139.69,134.00,0.00,0,0.00,0,0.00,5.69,0.00,,,,,139.69,,0.00,,,,,,,,,,,,,,,,,,,,,,,10001,10565,10001-2026-000238,,,,,,,,,AMZ eCom Shipping,Alex Reed,Nora Lane,AMZ eCom Retail,201 Harbor Ave,Dock 1,Main ship location,Los Angeles,CA,90002,Los Angeles,USA,ship-amz-ecom@example.com,(213) 555-1006,,,,,,,,,,,,,,,,,,,1,2026-03-03,CAMILA-06-BLACK-5.5,,,COSS FRONT SLIP ON SLIDES,,,EA,,,,,,,,4,0,,4,,8.00,8.00,32.00,32.00,0.00,,32.00,FALSE,TRUE,FALSE,FALSE,,,,,,,,,,,,,,,,,,
SO2026-000238,1,0,2026-03-03,2026-03-07,2026-04-02,2026-03-03,,,,,AMZ-eCom,AMZ eCom,,30,USD,134.00,134.00,139.69,134.00,0.00,0,0.00,0,0.00,5.69,0.00,,,,,139.69,,0.00,,,,,,,,,,,,,,,,,,,,,,,10001,10565,10001-2026-000238,,,,,,,,,AMZ eCom Shipping,Alex Reed,Nora Lane,AMZ eCom Retail,201 Harbor Ave,Dock 1,Main ship location,Los Angeles,CA,90002,Los Angeles,USA,ship-amz-ecom@example.com,(213) 555-1006,,,,,,,,,,,,,,,,,,,2,2026-03-03,FA13512DM-1847DPOCN-30-32,809666865080,,Angie Stud Bling Pocket Low Rise Skinny Jeans,,,EA,,,,,,,,3,0,,3,,34.00,34.00,102.00,102.00,0.00,,102.00,FALSE,TRUE,FALSE,FALSE,,,,,,,,,,,,,,,,,,
SO2026-000239,1,0,2026-03-03,2026-03-06,2026-04-02,2026-03-03,,,,,Etsy-LS,Etsy LS,,30,USD,324.00,324.00,333.19,324.00,0.00,0,0.00,0,0.00,9.19,0.00,,,,,333.19,,0.00,,,,,,,,,,,,,,,,,,,,,,,10008,10571,10008-2026-000239,,,,,,,,,Etsy LS Shipping,Alex Reed,Rhea Moss,Etsy LS Marketplace,205 Mission St,Dock 5,Marketplace ship location,San Francisco,CA,94103,San Francisco,USA,ship-etsy-ls@example.com,(415) 555-1406,,,,,,,,,,,,,,,,,,,1,2026-03-03,ADELINE-03-BLUE-A12,,,BUCKLE FRONT FLAT SANDALS,,,EA,,,,,,,,1,0,,1,,222.00,222.00,222.00,222.00,0.00,,222.00,FALSE,TRUE,FALSE,FALSE,,,,,,,,,,,,,,,,,,
SO2026-000239,1,0,2026-03-03,2026-03-06,2026-04-02,2026-03-03,,,,,Etsy-LS,Etsy LS,,30,USD,324.00,324.00,333.19,324.00,0.00,0,0.00,0,0.00,9.19,0.00,,,,,333.19,,0.00,,,,,,,,,,,,,,,,,,,,,,,10008,10571,10008-2026-000239,,,,,,,,,Etsy LS Shipping,Alex Reed,Rhea Moss,Etsy LS Marketplace,205 Mission St,Dock 5,Marketplace ship location,San Francisco,CA,94103,San Francisco,USA,ship-etsy-ls@example.com,(415) 555-1406,,,,,,,,,,,,,,,,,,,2,2026-03-03,FA13501DM-RINSEWSFT-28-32,809666858464,,Maya Basic Dark Handsand Wash Midrise Skinny Jeans,,,EA,,,,,,,,3,0,,3,,34.00,34.00,102.00,102.00,0.00,,102.00,FALSE,TRUE,FALSE,FALSE,,,,,,,,,,,,,,,,,,
SO2026-000240,1,0,2026-03-04,2026-03-07,2026-04-03,2026-03-04,,,,,Squarespace,Squarespace,,30,USD,92.50,92.50,98.99,92.50,0.00,0,0.00,0,0.00,6.49,0.00,,,,,98.99,,0.00,,,,,,,,,,,,,,,,,,,,,,,20006,10582,20006-2026-000240,,,,,,,,,Squarespace Shipping,Jamie Clark,Elin Marsh,Squarespace Digital,218 Camino Del Rio,Dock 18,Digital ship location,San Diego,CA,92108,San Diego,USA,ship-squarespace@example.com,(619) 555-2706,,,,,,,,,,,,,,,,,,,1,2026-03-04,ADELINE-03-TAUPE-10,,,BUCKLE FRONT FLAT SANDALS,,,EA,,,,,,,,2,0,,2,,18.50,18.50,37.00,37.00,0.00,,37.00,FALSE,TRUE,FALSE,FALSE,,,,,,,,,,,,,,,,,,
SO2026-000240,1,0,2026-03-04,2026-03-07,2026-04-03,2026-03-04,,,,,Squarespace,Squarespace,,30,USD,92.50,92.50,98.99,92.50,0.00,0,0.00,0,0.00,6.49,0.00,,,,,98.99,,0.00,,,,,,,,,,,,,,,,,,,,,,,20006,10582,20006-2026-000240,,,,,,,,,Squarespace Shipping,Jamie Clark,Elin Marsh,Squarespace Digital,218 Camino Del Rio,Dock 18,Digital ship location,San Diego,CA,92108,San Diego,USA,ship-squarespace@example.com,(619) 555-2706,,,,,,,,,,,,,,,,,,,2,2026-03-04,ADELINE-03-GOLD-5,,,BUCKLE FRONT FLAT SANDALS,,,EA,,,,,,,,3,0,,3,,18.50,18.50,55.50,55.50,0.00,,55.50,FALSE,TRUE,FALSE,FALSE,,,,,,,,,,,,,,,,,,
SO2026-000241,1,0,2026-03-01,2026-03-05,2026-03-31,2026-03-01,,,,,Walmart-eComm,Walmart eComm,,30,USD,140.25,140.25,147.01,140.25,0.00,0,0.00,0,0.00,6.76,0.00,,,,,147.01,,0.00,,,,,,,,,,,,,,,,,,,,,,,10002,10566,10002-2026-000241,,,,,,,,,Walmart eComm Shipping,Morgan Lee,Gavin Orr,Walmart eComm Retail,220 Townsend St,Dock 20,National ship location,San Francisco,CA,94109,San Francisco,USA,ship-walmart-ecomm@example.com,(415) 555-2906,,,,,,,,,,,,,,,,,,,1,2026-03-01,ASTRID-01-BLUSH-12,,,SLIP ON SNEAKER,,,EA,,,,,,,,3,0,,3,,20.75,20.75,62.25,62.25,0.00,,62.25,FALSE,TRUE,FALSE,FALSE,,,,,,,,,,,,,,,,,,
SO2026-000241,1,0,2026-03-01,2026-03-05,2026-03-31,2026-03-01,,,,,Walmart-eComm,Walmart eComm,,30,USD,140.25,140.25,147.01,140.25,0.00,0,0.00,0,0.00,6.76,0.00,,,,,147.01,,0.00,,,,,,,,,,,,,,,,,,,,,,,10002,10566,10002-2026-000241,,,,,,,,,Walmart eComm Shipping,Morgan Lee,Gavin Orr,Walmart eComm Retail,220 Townsend St,Dock 20,National ship location,San Francisco,CA,94109,San Francisco,USA,ship-walmart-ecomm@example.com,(415) 555-2906,,,,,,,,,,,,,,,,,,,2,2026-03-01,FA16105WV-MIDNIGHTCAMO,,,Woven chiffon palazzo pant with elastic waist. Side entry pockets. Lined with a jersey short.,,,EA,,,,,,,,2,0,,2,,39.00,39.00,78.00,78.00,0.00,,78.00,FALSE,TRUE,FALSE,FALSE,,,,,,,,,,,,,,,,,,
SO2026-000242,1,0,2026-03-04,2026-03-04,2026-04-03,2026-03-06,,,,,eBay,eBay,,30,USD,37.00,37.00,51.69,37.00,0.00,0,0.00,0,0.00,14.69,0.00,,,,,51.69,,0.00,,,,,,,,,,,,,,,,,,,,,,,10004,10570,10004-2026-000242,,,,,,,,,eBay Shipping,Morgan Lee,Quentin Hale,eBay Commerce,204 Fulfillment Ave,Dock 4,Standard ship location,San Jose,CA,95111,Santa Clara,USA,ship-ebay@example.com,(408) 555-1306,,,,,,,,,,,,,,,,,,,1,2026-03-04,ASTRID-01-BLACK-12,,,SLIP ON SNEAKER,,,EA,,,,,,,,1,0,,1,,20.75,20.75,20.75,20.75,0.00,,20.75,FALSE,TRUE,FALSE,FALSE,,,,,,,,,,,,,,,,,,
SO2026-000242,1,0,2026-03-04,2026-03-04,2026-04-03,2026-03-06,,,,,eBay,eBay,,30,USD,37.00,37.00,51.69,37.00,0.00,0,0.00,0,0.00,14.69,0.00,,,,,51.69,,0.00,,,,,,,,,,,,,,,,,,,,,,,10004,10570,10004-2026-000242,,,,,,,,,eBay Shipping,Morgan Lee,Quentin Hale,eBay Commerce,204 Fulfillment Ave,Dock 4,Standard ship location,San Jose,CA,95111,Santa Clara,USA,ship-ebay@example.com,(408) 555-1306,,,,,,,,,,,,,,,,,,,2,2026-03-04,AVIANA-06-BLACK-9.5,,,FUR SLIPPER,,,EA,,,,,,,,1,0,,1,,16.25,16.25,16.25,16.25,0.00,,16.25,FALSE,TRUE,FALSE,FALSE,,,,,,,,,,,,,,,,,,
SO2026-000243,1,0,2026-03-02,2026-03-06,2026-04-01,2026-03-03,,,,,eBay,eBay,,30,USD,32.00,32.00,49.34,32.00,0.00,0,0.00,0,0.00,17.34,0.00,,,,,49.34,,0.00,,,,,,,,,,,,,,,,,,,,,,,10004,10570,10004-2026-000243,,,,,,,,,eBay Shipping,Morgan Lee,Quentin Hale,eBay Commerce,204 Fulfillment Ave,Dock 4,Standard ship location,San Jose,CA,95111,Santa Clara,USA,ship-ebay@example.com,(408) 555-1306,,,,,,,,,,,,,,,,,,,1,2026-03-02,CAMILA-06-TAUPE-5,,,COSS FRONT SLIP ON SLIDES,,,EA,,,,,,,,4,0,,4,,8.00,8.00,32.00,32.00,0.00,,32.00,FALSE,TRUE,FALSE,FALSE,,,,,,,,,,,,,,,,,,
SO2026-000244,1,0,2026-03-04,2026-03-06,2026-04-03,2026-03-05,,,,,Macys,Macys,,30,USD,117.00,117.00,117.00,117.00,0.00,0,0.00,0,0.00,0.00,0.00,,,,,117.00,,0.00,,,,,,,,,,,,,,,,,,,,,,,30005,10574,30005-2026-000244,,,,,,,,,Macys Shipping,Taylor Kim,Blake Jett,Macys Stores,215 King St,Dock 15,Department ship location,San Francisco,CA,94107,San Francisco,USA,ship-macys@example.com,(415) 555-2406,,,,,,,,,,,,,,,,,,,1,2026-03-04,FA16023WV-SLATE-M-STD,809666901108,,Olivia Slate Blue Chiffon Kimono Wrap Dress,,,EA,,,,,,,,3,0,,3,,39.00,39.00,117.00,117.00,0.00,,117.00,FALSE,TRUE,FALSE,FALSE,,,,,,,,,,,,,,,,,,
SO2026-000245,1,0,2026-03-04,2026-03-05,2026-04-03,2026-03-06,,,,,Macys,Macys,,30,USD,438.75,438.75,442.40,438.75,0.00,0,0.00,0,0.00,3.65,0.00,,,,,442.40,,0.00,,,,,,,,,,,,,,,,,,,,,,,30005,10574,30005-2026-000245,,,,,,,,,Macys Shipping,Taylor Kim,Blake Jett,Macys Stores,215 King St,Dock 15,Department ship location,San Francisco,CA,94107,San Francisco,USA,ship-macys@example.com,(415) 555-2406,,,,,,,,,,,,,,,,,,,1,2026-03-04,CORA-01-YLW-7,,,CROSS FRONT SANDAL,,,EA,,,,,,,,1,0,,1,,10.75,10.75,10.75,10.75,0.00,,10.75,FALSE,TRUE,FALSE,FALSE,,,,,,,,,,,,,,,,,,
SO2026-000245,1,0,2026-03-04,2026-03-05,2026-04-03,2026-03-06,,,,,Macys,Macys,,30,USD,438.75,438.75,442.40,438.75,0.00,0,0.00,0,0.00,3.65,0.00,,,,,442.40,,0.00,,,,,,,,,,,,,,,,,,,,,,,30005,10574,30005-2026-000245,,,,,,,,,Macys Shipping,Taylor Kim,Blake Jett,Macys Stores,215 King St,Dock 15,Department ship location,San Francisco,CA,94107,San Francisco,USA,ship-macys@example.com,(415) 555-2406,,,,,,,,,,,,,,,,,,,2,2026-03-04,ADELINE-03-BROWN-5,,,BUCKLE FRONT FLAT SANDALS,,,EA,,,,,,,,4,0,,4,,18.50,18.50,74.00,74.00,0.00,,74.00,FALSE,TRUE,FALSE,FALSE,,,,,,,,,,,,,,,,,,
SO2026-000245,1,0,2026-03-04,2026-03-05,2026-04-03,2026-03-06,,,,,Macys,Macys,,30,USD,438.75,438.75,442.40,438.75,0.00,0,0.00,0,0.00,3.65,0.00,,,,,442.40,,0.00,,,,,,,,,,,,,,,,,,,,,,,30005,10574,30005-2026-000245,,,,,,,,,Macys Shipping,Taylor Kim,Blake Jett,Macys Stores,215 King St,Dock 15,Department ship location,San Francisco,CA,94107,San Francisco,USA,ship-macys@example.com,(415) 555-2406,,,,,,,,,,,,,,,,,,,3,2026-03-04,ADELINE-03-BROWN,,,BUCKLE FRONT FLAT SANDALS,,,EA,,,,,,,,2,0,,2,,177.00,177.00,354.00,354.00,0.00,,354.00,FALSE,TRUE,FALSE,FALSE,,,,,,,,,,,,,,,,,,
SO2026-000246,1,0,2026-03-04,2026-03-06,2026-04-03,2026-03-04,,,,,Mirakl-HudsonsB,Mirakl HudsonsB,,30,USD,428.00,428.00,428.00,428.00,0.00,0,0.00,0,0.00,0.00,0.00,,,,,428.00,,0.00,,,,,,,,,,,,,,,,,,,,,,,10005,10577,10005-2026-000246,,,,,,,,,Mirakl HudsonsB Shipping,Morgan Lee,Yara Glenn,Mirakl HudsonsB Network,212 Quail Hill Pkwy,Dock 12,Network ship location,Irvine,CA,92607,Orange,USA,ship-mirakl-hudsonsb@example.com,(949) 555-2106,,,,,,,,,,,,,,,,,,,1,2026-03-04,34478006-BLANCMANGE-1X-STD,809666398465,,Standards & Practices Plus Size Women's Knit Tie Open Front Drape Long Maxi Duster Cashmere Cardigan-Blancmange,,,EA,,,,,,,,1,0,,1,,428.00,428.00,428.00,428.00,0.00,,428.00,FALSE,TRUE,FALSE,FALSE,,,,,,,,,,,,,,,,,,
SO2026-000247,1,0,2026-03-04,2026-03-07,2026-04-03,2026-03-06,,,,,Magento,Magento,,30,USD,147.50,147.50,150.07,147.50,0.00,0,0.00,0,0.00,2.57,0.00,,,,,150.07,,0.00,,,,,,,,,,,,,,,,,,,,,,,20003,10581,20003-2026-000247,,,,,,,,,Magento Shipping,Morgan Lee,Cora Knox,Magento Platform,216 Century Blvd,Dock 16,Platform ship location,Los Angeles,CA,90008,Los Angeles,USA,ship-magento@example.com,(213) 555-2506,,,,,,,,,,,,,,,,,,,1,2026-03-04,AUSTIN-06-WHITE-12,,,SNEAKER,,,EA,,,,,,,,4,0,,4,,10.00,10.00,40.00,40.00,0.00,,40.00,FALSE,TRUE,FALSE,FALSE,,,,,,,,,,,,,,,,,,
SO2026-000247,1,0,2026-03-04,2026-03-07,2026-04-03,2026-03-06,,,,,Magento,Magento,,30,USD,147.50,147.50,150.07,147.50,0.00,0,0.00,0,0.00,2.57,0.00,,,,,150.07,,0.00,,,,,,,,,,,,,,,,,,,,,,,20003,10581,20003-2026-000247,,,,,,,,,Magento Shipping,Morgan Lee,Cora Knox,Magento Platform,216 Century Blvd,Dock 16,Platform ship location,Los Angeles,CA,90008,Los Angeles,USA,ship-magento@example.com,(213) 555-2506,,,,,,,,,,,,,,,,,,,2,2026-03-04,173451-1183CITIZEN-11-STD,809666377910,,Susan Stretch Denim Skinny Jeans Medium Blue 5 Pocket Wash,,,EA,,,,,,,,4,0,,4,,24.00,24.00,96.00,96.00,0.00,,96.00,FALSE,TRUE,FALSE,FALSE,,,,,,,,,,,,,,,,,,
SO2026-000247,1,0,2026-03-04,2026-03-07,2026-04-03,2026-03-06,,,,,Magento,Magento,,30,USD,147.50,147.50,150.07,147.50,0.00,0,0.00,0,0.00,2.57,0.00,,,,,150.07,,0.00,,,,,,,,,,,,,,,,,,,,,,,20003,10581,20003-2026-000247,,,,,,,,,Magento Shipping,Morgan Lee,Cora Knox,Magento Platform,216 Century Blvd,Dock 16,Platform ship location,Los Angeles,CA,90008,Los Angeles,USA,ship-magento@example.com,(213) 555-2506,,,,,,,,,,,,,,,,,,,3,2026-03-04,ADELINE-02-WHITE-10,,,WOVEN SLIDE SANDAL,,,EA,,,,,,,,1,0,,1,,11.50,11.50,11.50,11.50,0.00,,11.50,FALSE,TRUE,FALSE,FALSE,,,,,,,,,,,,,,,,,,
SO2026-000248,1,0,2026-03-04,2026-03-04,2026-04-03,2026-03-06,,,,,Etsy-LS,Etsy LS,,30,USD,432.00,432.00,447.49,432.00,0.00,0,0.00,0,0.00,15.49,0.00,,,,,447.49,,0.00,,,,,,,,,,,,,,,,,,,,,,,10008,10571,10008-2026-000248,,,,,,,,,Etsy LS Shipping,Alex Reed,Rhea Moss,Etsy LS Marketplace,205 Mission St,Dock 5,Marketplace ship location,San Francisco,CA,94103,San Francisco,USA,ship-etsy-ls@example.com,(415) 555-1406,,,,,,,,,,,,,,,,,,,1,2026-03-04,173451-1183CITIZEN-25-34,809666377859,,Susan Stretch Denim Skinny Jeans Medium Blue 5 Pocket Wash,,,EA,,,,,,,,2,0,,2,,24.00,24.00,48.00,48.00,0.00,,48.00,FALSE,TRUE,FALSE,FALSE,,,,,,,,,,,,,,,,,,
SO2026-000248,1,0,2026-03-04,2026-03-04,2026-04-03,2026-03-06,,,,,Etsy-LS,Etsy LS,,30,USD,432.00,432.00,447.49,432.00,0.00,0,0.00,0,0.00,15.49,0.00,,,,,447.49,,0.00,,,,,,,,,,,,,,,,,,,,,,,10008,10571,10008-2026-000248,,,,,,,,,Etsy LS Shipping,Alex Reed,Rhea Moss,Etsy LS Marketplace,205 Mission St,Dock 5,Marketplace ship location,San Francisco,CA,94103,San Francisco,USA,ship-etsy-ls@example.com,(415) 555-1406,,,,,,,,,,,,,,,,,,,2,2026-03-04,CAMILA-06-LILAC-S,,,COSS FRONT SLIP ON SLIDES,,,EA,,,,,,,,4,0,,4,,96.00,96.00,384.00,384.00,0.00,,384.00,FALSE,TRUE,FALSE,FALSE,,,,,,,,,,,,,,,,,,
SO2026-000249,1,0,2026-03-01,2026-03-02,2026-03-31,2026-03-01,,,,,eBay,eBay,,30,USD,148.50,148.50,160.74,148.50,0.00,0,0.00,0,0.00,12.24,0.00,,,,,160.74,,0.00,,,,,,,,,,,,,,,,,,,,,,,10004,10570,10004-2026-000249,,,,,,,,,eBay Shipping,Morgan Lee,Quentin Hale,eBay Commerce,204 Fulfillment Ave,Dock 4,Standard ship location,San Jose,CA,95111,Santa Clara,USA,ship-ebay@example.com,(408) 555-1306,,,,,,,,,,,,,,,,,,,1,2026-03-01,AUSTIN-06-CAMEL-5,,,SNEAKER,,,EA,,,,,,,,4,0,,4,,10.00,10.00,40.00,40.00,0.00,,40.00,FALSE,TRUE,FALSE,FALSE,,,,,,,,,,,,,,,,,,
SO2026-000249,1,0,2026-03-01,2026-03-02,2026-03-31,2026-03-01,,,,,eBay,eBay,,30,USD,148.50,148.50,160.74,148.50,0.00,0,0.00,0,0.00,12.24,0.00,,,,,160.74,,0.00,,,,,,,,,,,,,,,,,,,,,,,10004,10570,10004-2026-000249,,,,,,,,,eBay Shipping,Morgan Lee,Quentin Hale,eBay Commerce,204 Fulfillment Ave,Dock 4,Standard ship location,San Jose,CA,95111,Santa Clara,USA,ship-ebay@example.com,(408) 555-1306,,,,,,,,,,,,,,,,,,,2,2026-03-01,ADELINE-02-PINK-6.5,,,WOVEN SLIDE SANDAL,,,EA,,,,,,,,3,0,,3,,11.50,11.50,34.50,34.50,0.00,,34.50,FALSE,TRUE,FALSE,FALSE,,,,,,,,,,,,,,,,,,
SO2026-000249,1,0,2026-03-01,2026-03-02,2026-03-31,2026-03-01,,,,,eBay,eBay,,30,USD,148.50,148.50,160.74,148.50,0.00,0,0.00,0,0.00,12.24,0.00,,,,,160.74,,0.00,,,,,,,,,,,,,,,,,,,,,,,10004,10570,10004-2026-000249,,,,,,,,,eBay Shipping,Morgan Lee,Quentin Hale,eBay Commerce,204 Fulfillment Ave,Dock 4,Standard ship location,San Jose,CA,95111,Santa Clara,USA,ship-ebay@example.com,(408) 555-1306,,,,,,,,,,,,,,,,,,,3,2026-03-01,ADELINE-03-BLACK-5,,,BUCKLE FRONT FLAT SANDALS,,,EA,,,,,,,,4,0,,4,,18.50,18.50,74.00,74.00,0.00,,74.00,FALSE,TRUE,FALSE,FALSE,,,,,,,,,,,,,,,,,,
SO2026-000250,1,0,2026-03-01,2026-03-04,2026-03-31,2026-03-03,,,,,Veeqo-Amazon,Veeqo Amazon,,30,USD,434.75,434.75,438.34,434.75,0.00,0,0.00,0,0.00,3.59,0.00,,,,,438.34,,0.00,,,,,,,,,,,,,,,,,,,,,,,10016,10579,10016-2026-000250,,,,,,,,,Veeqo Amazon Shipping,Jamie Clark,Owen Pike,Veeqo Amazon Retail,202 Distribution Way,Dock 2,Regional ship location,Irvine,CA,92603,Orange,USA,ship-veeqo-amazon@example.com,(949) 555-1106,,,,,,,,,,,,,,,,,,,1,2026-03-01,ADELINE-03-BLUE-9.5,,,BUCKLE FRONT FLAT SANDALS,,,EA,,,,,,,,1,0,,1,,18.50,18.50,18.50,18.50,0.00,,18.50,FALSE,TRUE,FALSE,FALSE,,,,,,,,,,,,,,,,,,
SO2026-000250,1,0,2026-03-01,2026-03-04,2026-03-31,2026-03-03,,,,,Veeqo-Amazon,Veeqo Amazon,,30,USD,434.75,434.75,438.34,434.75,0.00,0,0.00,0,0.00,3.59,0.00,,,,,438.34,,0.00,,,,,,,,,,,,,,,,,,,,,,,10016,10579,10016-2026-000250,,,,,,,,,Veeqo Amazon Shipping,Jamie Clark,Owen Pike,Veeqo Amazon Retail,202 Distribution Way,Dock 2,Regional ship location,Irvine,CA,92603,Orange,USA,ship-veeqo-amazon@example.com,(949) 555-1106,,,,,,,,,,,,,,,,,,,2,2026-03-01,CAMILA-06-LILAC-A12,,,COSS FRONT SLIP ON SLIDES,,,EA,,,,,,,,4,0,,4,,96.00,96.00,384.00,384.00,0.00,,384.00,FALSE,TRUE,FALSE,FALSE,,,,,,,,,,,,,,,,,,
SO2026-000250,1,0,2026-03-01,2026-03-04,2026-03-31,2026-03-03,,,,,Veeqo-Amazon,Veeqo Amazon,,30,USD,434.75,434.75,438.34,434.75,0.00,0,0.00,0,0.00,3.59,0.00,,,,,438.34,,0.00,,,,,,,,,,,,,,,,,,,,,,,10016,10579,10016-2026-000250,,,,,,,,,Veeqo Amazon Shipping,Jamie Clark,Owen Pike,Veeqo Amazon Retail,202 Distribution Way,Dock 2,Regional ship location,Irvine,CA,92603,Orange,USA,ship-veeqo-amazon@example.com,(949) 555-1106,,,,,,,,,,,,,,,,,,,3,2026-03-01,CORA-01-FUCH-10,,,CROSS FRONT SANDAL,,,EA,,,,,,,,3,0,,3,,10.75,10.75,32.25,32.25,0.00,,32.25,FALSE,TRUE,FALSE,FALSE,,,,,,,,,,,,,,,,,,
SO2026-000251,1,0,2026-03-03,2026-03-07,2026-04-02,2026-03-04,,,,,Macys,Macys,,30,USD,428.00,428.00,440.09,428.00,0.00,0,0.00,0,0.00,12.09,0.00,,,,,440.09,,0.00,,,,,,,,,,,,,,,,,,,,,,,30005,10574,30005-2026-000251,,,,,,,,,Macys Shipping,Taylor Kim,Blake Jett,Macys Stores,215 King St,Dock 15,Department ship location,San Francisco,CA,94107,San Francisco,USA,ship-macys@example.com,(415) 555-2406,,,,,,,,,,,,,,,,,,,1,2026-03-03,34478006-BLACK-3X-STD,809666398458,,Standards & Practices Plus Size Women's Knit Tie Open Front Drape Long Maxi Duster Cashmere Cardigan-Black,,,EA,,,,,,,,1,0,,1,,428.00,428.00,428.00,428.00,0.00,,428.00,FALSE,TRUE,FALSE,FALSE,,,,,,,,,,,,,,,,,,
SO2026-000252,1,0,2026-03-04,2026-03-07,2026-04-03,2026-03-04,,,,,Magento,Magento,,30,USD,43.75,43.75,45.41,43.75,0.00,0,0.00,0,0.00,1.66,0.00,,,,,45.41,,0.00,,,,,,,,,,,,,,,,,,,,,,,20003,10581,20003-2026-000252,,,,,,,,,Magento Shipping,Morgan Lee,Cora Knox,Magento Platform,216 Century Blvd,Dock 16,Platform ship location,Los Angeles,CA,90008,Los Angeles,USA,ship-magento@example.com,(213) 555-2506,,,,,,,,,,,,,,,,,,,1,2026-03-04,CORA-01-LEOP-8.5,,,CROSS FRONT SANDAL,,,EA,,,,,,,,3,0,,3,,10.75,10.75,32.25,32.25,0.00,,32.25,FALSE,TRUE,FALSE,FALSE,,,,,,,,,,,,,,,,,,
SO2026-000252,1,0,2026-03-04,2026-03-07,2026-04-03,2026-03-04,,,,,Magento,Magento,,30,USD,43.75,43.75,45.41,43.75,0.00,0,0.00,0,0.00,1.66,0.00,,,,,45.41,,0.00,,,,,,,,,,,,,,,,,,,,,,,20003,10581,20003-2026-000252,,,,,,,,,Magento Shipping,Morgan Lee,Cora Knox,Magento Platform,216 Century Blvd,Dock 16,Platform ship location,Los Angeles,CA,90008,Los Angeles,USA,ship-magento@example.com,(213) 555-2506,,,,,,,,,,,,,,,,,,,2,2026-03-04,ADELINE-02-PINK-7.5,,,WOVEN SLIDE SANDAL,,,EA,,,,,,,,1,0,,1,,11.50,11.50,11.50,11.50,0.00,,11.50,FALSE,TRUE,FALSE,FALSE,,,,,,,,,,,,,,,,,,
SO2026-000253,1,0,2026-03-01,2026-03-06,2026-03-31,2026-03-01,,,,,eBay,eBay,,30,USD,56.25,56.25,56.25,56.25,0.00,0,0.00,0,0.00,0.00,0.00,,,,,56.25,,0.00,,,,,,,,,,,,,,,,,,,,,,,10004,10570,10004-2026-000253,,,,,,,,,eBay Shipping,Morgan Lee,Quentin Hale,eBay Commerce,204 Fulfillment Ave,Dock 4,Standard ship location,San Jose,CA,95111,Santa Clara,USA,ship-ebay@example.com,(408) 555-1306,,,,,,,,,,,,,,,,,,,1,2026-03-01,CORA-01-TAUP-7,,,CROSS FRONT SANDAL,,,EA,,,,,,,,1,0,,1,,10.75,10.75,10.75,10.75,0.00,,10.75,FALSE,TRUE,FALSE,FALSE,,,,,,,,,,,,,,,,,,
SO2026-000253,1,0,2026-03-01,2026-03-06,2026-03-31,2026-03-01,,,,,eBay,eBay,,30,USD,56.25,56.25,56.25,56.25,0.00,0,0.00,0,0.00,0.00,0.00,,,,,56.25,,0.00,,,,,,,,,,,,,,,,,,,,,,,10004,10570,10004-2026-000253,,,,,,,,,eBay Shipping,Morgan Lee,Quentin Hale,eBay Commerce,204 Fulfillment Ave,Dock 4,Standard ship location,San Jose,CA,95111,Santa Clara,USA,ship-ebay@example.com,(408) 555-1306,,,,,,,,,,,,,,,,,,,2,2026-03-01,CORA-01-BLK-9,,,CROSS FRONT SANDAL,,,EA,,,,,,,,2,0,,2,,10.75,10.75,21.50,21.50,0.00,,21.50,FALSE,TRUE,FALSE,FALSE,,,,,,,,,,,,,,,,,,
SO2026-000253,1,0,2026-03-01,2026-03-06,2026-03-31,2026-03-01,,,,,eBay,eBay,,30,USD,56.25,56.25,56.25,56.25,0.00,0,0.00,0,0.00,0.00,0.00,,,,,56.25,,0.00,,,,,,,,,,,,,,,,,,,,,,,10004,10570,10004-2026-000253,,,,,,,,,eBay Shipping,Morgan Lee,Quentin Hale,eBay Commerce,204 Fulfillment Ave,Dock 4,Standard ship location,San Jose,CA,95111,Santa Clara,USA,ship-ebay@example.com,(408) 555-1306,,,,,,,,,,,,,,,,,,,3,2026-03-01,CAMILA-06-BLACK-5,,,COSS FRONT SLIP ON SLIDES,,,EA,,,,,,,,3,0,,3,,8.00,8.00,24.00,24.00,0.00,,24.00,FALSE,TRUE,FALSE,FALSE,,,,,,,,,,,,,,,,,,
SO2026-000254,1,0,2026-03-01,2026-03-05,2026-03-31,2026-03-02,,,,,Etsy-LS,Etsy LS,,30,USD,221.00,221.00,238.97,221.00,0.00,0,0.00,0,0.00,17.97,0.00,,,,,238.97,,0.00,,,,,,,,,,,,,,,,,,,,,,,10008,10571,10008-2026-000254,,,,,,,,,Etsy LS Shipping,Alex Reed,Rhea Moss,Etsy LS Marketplace,205 Mission St,Dock 5,Marketplace ship location,San Francisco,CA,94103,San Francisco,USA,ship-etsy-ls@example.com,(415) 555-1406,,,,,,,,,,,,,,,,,,,1,2026-03-01,FD9801506P-BLACK,,,"Wear as a dress or a longline tunic over pants, this sleek asymmetrical dress features trendy statem",,,EA,,,,,,,,3,0,,3,,49.00,49.00,147.00,147.00,0.00,,147.00,FALSE,TRUE,FALSE,FALSE,,,,,,,,,,,,,,,,,,
SO2026-000254,1,0,2026-03-01,2026-03-05,2026-03-31,2026-03-02,,,,,Etsy-LS,Etsy LS,,30,USD,221.00,221.00,238.97,221.00,0.00,0,0.00,0,0.00,17.97,0.00,,,,,238.97,,0.00,,,,,,,,,,,,,,,,,,,,,,,10008,10571,10008-2026-000254,,,,,,,,,Etsy LS Shipping,Alex Reed,Rhea Moss,Etsy LS Marketplace,205 Mission St,Dock 5,Marketplace ship location,San Francisco,CA,94103,San Francisco,USA,ship-etsy-ls@example.com,(415) 555-1406,,,,,,,,,,,,,,,,,,,2,2026-03-01,ADELINE-03-BROWN-6,,,BUCKLE FRONT FLAT SANDALS,,,EA,,,,,,,,4,0,,4,,18.50,18.50,74.00,74.00,0.00,,74.00,FALSE,TRUE,FALSE,FALSE,,,,,,,,,,,,,,,,,,
SO2026-000255,1,0,2026-03-03,2026-03-08,2026-04-02,2026-03-05,,,,,JCPenney,JCPenney,,30,USD,444.00,444.00,446.14,444.00,0.00,0,0.00,0,0.00,2.14,0.00,,,,,446.14,,0.00,,,,,,,,,,,,,,,,,,,,,,,30007,10575,30007-2026-000255,,,,,,,,,JCPenney Shipping,Alex Reed,Zane Holt,JCPenney Stores,213 Gateway Rd,Dock 13,Retail ship location,San Diego,CA,92106,San Diego,USA,ship-jcpenney@example.com,(619) 555-2206,,,,,,,,,,,,,,,,,,,1,2026-03-03,ADELINE-03-GOLD-S,,,BUCKLE FRONT FLAT SANDALS,,,EA,,,,,,,,2,0,,2,,222.00,222.00,444.00,444.00,0.00,,444.00,FALSE,TRUE,FALSE,FALSE,,,,,,,,,,,,,,,,,,
SO2026-000256,1,0,2026-03-01,2026-03-06,2026-03-31,2026-03-02,,,,,Magento,Magento,,30,USD,313.50,313.50,317.94,313.50,0.00,0,0.00,0,0.00,4.44,0.00,,,,,317.94,,0.00,,,,,,,,,,,,,,,,,,,,,,,20003,10581,20003-2026-000256,,,,,,,,,Magento Shipping,Morgan Lee,Cora Knox,Magento Platform,216 Century Blvd,Dock 16,Platform ship location,Los Angeles,CA,90008,Los Angeles,USA,ship-magento@example.com,(213) 555-2506,,,,,,,,,,,,,,,,,,,1,2026-03-01,ADELINE-02-CAMEL-S,,,WOVEN SLIDE SANDAL,,,EA,,,,,,,,1,0,,1,,138.00,138.00,138.00,138.00,0.00,,138.00,FALSE,TRUE,FALSE,FALSE,,,,,,,,,,,,,,,,,,
SO2026-000256,1,0,2026-03-01,2026-03-06,2026-03-31,2026-03-02,,,,,Magento,Magento,,30,USD,313.50,313.50,317.94,313.50,0.00,0,0.00,0,0.00,4.44,0.00,,,,,317.94,,0.00,,,,,,,,,,,,,,,,,,,,,,,20003,10581,20003-2026-000256,,,,,,,,,Magento Shipping,Morgan Lee,Cora Knox,Magento Platform,216 Century Blvd,Dock 16,Platform ship location,Los Angeles,CA,90008,Los Angeles,USA,ship-magento@example.com,(213) 555-2506,,,,,,,,,,,,,,,,,,,2,2026-03-01,ADELINE-03-BROWN-11,,,BUCKLE FRONT FLAT SANDALS,,,EA,,,,,,,,3,0,,3,,18.50,18.50,55.50,55.50,0.00,,55.50,FALSE,TRUE,FALSE,FALSE,,,,,,,,,,,,,,,,,,
SO2026-000256,1,0,2026-03-01,2026-03-06,2026-03-31,2026-03-02,,,,,Magento,Magento,,30,USD,313.50,313.50,317.94,313.50,0.00,0,0.00,0,0.00,4.44,0.00,,,,,317.94,,0.00,,,,,,,,,,,,,,,,,,,,,,,20003,10581,20003-2026-000256,,,,,,,,,Magento Shipping,Morgan Lee,Cora Knox,Magento Platform,216 Century Blvd,Dock 16,Platform ship location,Los Angeles,CA,90008,Los Angeles,USA,ship-magento@example.com,(213) 555-2506,,,,,,,,,,,,,,,,,,,3,2026-03-01,AUSTIN-06-CAMEL-S,,,SNEAKER,,,EA,,,,,,,,1,0,,1,,120.00,120.00,120.00,120.00,0.00,,120.00,FALSE,TRUE,FALSE,FALSE,,,,,,,,,,,,,,,,,,
SO2026-000257,1,0,2026-03-04,2026-03-09,2026-04-03,2026-03-05,,,,,Walmart-eComm,Walmart eComm,,30,USD,146.00,146.00,156.72,146.00,0.00,0,0.00,0,0.00,10.72,0.00,,,,,156.72,,0.00,,,,,,,,,,,,,,,,,,,,,,,10002,10566,10002-2026-000257,,,,,,,,,Walmart eComm Shipping,Morgan Lee,Gavin Orr,Walmart eComm Retail,220 Townsend St,Dock 20,National ship location,San Francisco,CA,94109,San Francisco,USA,ship-walmart-ecomm@example.com,(415) 555-2906,,,,,,,,,,,,,,,,,,,1,2026-03-04,AUSTIN-06-NUDE-5.5,,,SNEAKER,,,EA,,,,,,,,4,0,,4,,10.00,10.00,40.00,40.00,0.00,,40.00,FALSE,TRUE,FALSE,FALSE,,,,,,,,,,,,,,,,,,
SO2026-000257,1,0,2026-03-04,2026-03-09,2026-04-03,2026-03-05,,,,,Walmart-eComm,Walmart eComm,,30,USD,146.00,146.00,156.72,146.00,0.00,0,0.00,0,0.00,10.72,0.00,,,,,156.72,,0.00,,,,,,,,,,,,,,,,,,,,,,,10002,10566,10002-2026-000257,,,,,,,,,Walmart eComm Shipping,Morgan Lee,Gavin Orr,Walmart eComm Retail,220 Townsend St,Dock 20,National ship location,San Francisco,CA,94109,San Francisco,USA,ship-walmart-ecomm@example.com,(415) 555-2906,,,,,,,,,,,,,,,,,,,2,2026-03-04,FD3601734-MEDBLEACH-M-STD,809666438437,,Ally Women's Full Sleeve Denim Shirt Dress,,,EA,,,,,,,,1,0,,1,,98.00,98.00,98.00,98.00,0.00,,98.00,FALSE,TRUE,FALSE,FALSE,,,,,,,,,,,,,,,,,,
SO2026-000257,1,0,2026-03-04,2026-03-09,2026-04-03,2026-03-05,,,,,Walmart-eComm,Walmart eComm,,30,USD,146.00,146.00,156.72,146.00,0.00,0,0.00,0,0.00,10.72,0.00,,,,,156.72,,0.00,,,,,,,,,,,,,,,,,,,,,,,10002,10566,10002-2026-000257,,,,,,,,,Walmart eComm Shipping,Morgan Lee,Gavin Orr,Walmart eComm Retail,220 Townsend St,Dock 20,National ship location,San Francisco,CA,94109,San Francisco,USA,ship-walmart-ecomm@example.com,(415) 555-2906,,,,,,,,,,,,,,,,,,,3,2026-03-04,CAMILA-06-GREEN-9.5,,,COSS FRONT SLIP ON SLIDES,,,EA,,,,,,,,1,0,,1,,8.00,8.00,8.00,8.00,0.00,,8.00,FALSE,TRUE,FALSE,FALSE,,,,,,,,,,,,,,,,,,
SO2026-000258,1,0,2026-03-01,2026-03-05,2026-03-31,2026-03-02,,,,,Mirakl-Kohls,Mirakl Kohls,,30,USD,239.00,239.00,245.40,239.00,0.00,0,0.00,0,0.00,6.40,0.00,,,,,245.40,,0.00,,,,,,,,,,,,,,,,,,,,,,,10013,10576,10013-2026-000258,,,,,,,,,Mirakl Kohls Shipping,Jamie Clark,Asha Ives,Mirakl Kohls Network,214 Silver Creek Rd,Dock 14,Partner ship location,San Jose,CA,95115,Santa Clara,USA,ship-mirakl-kohls@example.com,(408) 555-2306,,,,,,,,,,,,,,,,,,,1,2026-03-01,FA13501DM-1464KINGSC-26-32,809666852745,,Maya Basic Dark Handsand Wash Midrise Skinny Jeans,,,EA,,,,,,,,2,0,,2,,34.00,34.00,68.00,68.00,0.00,,68.00,FALSE,TRUE,FALSE,FALSE,,,,,,,,,,,,,,,,,,
SO2026-000258,1,0,2026-03-01,2026-03-05,2026-03-31,2026-03-02,,,,,Mirakl-Kohls,Mirakl Kohls,,30,USD,239.00,239.00,245.40,239.00,0.00,0,0.00,0,0.00,6.40,0.00,,,,,245.40,,0.00,,,,,,,,,,,,,,,,,,,,,,,10013,10576,10013-2026-000258,,,,,,,,,Mirakl Kohls Shipping,Jamie Clark,Asha Ives,Mirakl Kohls Network,214 Silver Creek Rd,Dock 14,Partner ship location,San Jose,CA,95115,Santa Clara,USA,ship-mirakl-kohls@example.com,(408) 555-2306,,,,,,,,,,,,,,,,,,,2,2026-03-01,CAMILA-06-TAUPE-6.5,,,COSS FRONT SLIP ON SLIDES,,,EA,,,,,,,,3,0,,3,,8.00,8.00,24.00,24.00,0.00,,24.00,FALSE,TRUE,FALSE,FALSE,,,,,,,,,,,,,,,,,,
SO2026-000258,1,0,2026-03-01,2026-03-05,2026-03-31,2026-03-02,,,,,Mirakl-Kohls,Mirakl Kohls,,30,USD,239.00,239.00,245.40,239.00,0.00,0,0.00,0,0.00,6.40,0.00,,,,,245.40,,0.00,,,,,,,,,,,,,,,,,,,,,,,10013,10576,10013-2026-000258,,,,,,,,,Mirakl Kohls Shipping,Jamie Clark,Asha Ives,Mirakl Kohls Network,214 Silver Creek Rd,Dock 14,Partner ship location,San Jose,CA,95115,Santa Clara,USA,ship-mirakl-kohls@example.com,(408) 555-2306,,,,,,,,,,,,,,,,,,,3,2026-03-01,FD3601033-3022FROZENPD-S-STD,809666343809,,Jay-Low Tencel Denim Shirtdress - Chiffon Collar and Tie Sleeve,,,EA,,,,,,,,3,0,,3,,49.00,49.00,147.00,147.00,0.00,,147.00,FALSE,TRUE,FALSE,FALSE,,,,,,,,,,,,,,,,,,
SO2026-000259,1,0,2026-03-04,2026-03-04,2026-04-03,2026-03-05,,,,,Etsy-LS,Etsy LS,,30,USD,428.00,428.00,445.30,428.00,0.00,0,0.00,0,0.00,17.30,0.00,,,,,445.30,,0.00,,,,,,,,,,,,,,,,,,,,,,,10008,10571,10008-2026-000259,,,,,,,,,Etsy LS Shipping,Alex Reed,Rhea Moss,Etsy LS Marketplace,205 Mission St,Dock 5,Marketplace ship location,San Francisco,CA,94103,San Francisco,USA,ship-etsy-ls@example.com,(415) 555-1406,,,,,,,,,,,,,,,,,,,1,2026-03-04,FA13501DM-1464KINGSC-30-32,809666852783,,Maya Basic Dark Handsand Wash Midrise Skinny Jeans,,,EA,,,,,,,,2,0,,2,,34.00,34.00,68.00,68.00,0.00,,68.00,FALSE,TRUE,FALSE,FALSE,,,,,,,,,,,,,,,,,,
SO2026-000259,1,0,2026-03-04,2026-03-04,2026-04-03,2026-03-05,,,,,Etsy-LS,Etsy LS,,30,USD,428.00,428.00,445.30,428.00,0.00,0,0.00,0,0.00,17.30,0.00,,,,,445.30,,0.00,,,,,,,,,,,,,,,,,,,,,,,10008,10571,10008-2026-000259,,,,,,,,,Etsy LS Shipping,Alex Reed,Rhea Moss,Etsy LS Marketplace,205 Mission St,Dock 5,Marketplace ship location,San Francisco,CA,94103,San Francisco,USA,ship-etsy-ls@example.com,(415) 555-1406,,,,,,,,,,,,,,,,,,,2,2026-03-04,AUSTIN-06-NUDE-S,,,SNEAKER,,,EA,,,,,,,,3,0,,3,,120.00,120.00,360.00,360.00,0.00,,360.00,FALSE,TRUE,FALSE,FALSE,,,,,,,,,,,,,,,,,,
SO2026-000260,1,0,2026-03-04,2026-03-06,2026-04-03,2026-03-06,,,,,Mirakl-Kohls,Mirakl Kohls,,30,USD,171.00,171.00,187.81,171.00,0.00,0,0.00,0,0.00,16.81,0.00,,,,,187.81,,0.00,,,,,,,,,,,,,,,,,,,,,,,10013,10576,10013-2026-000260,,,,,,,,,Mirakl Kohls Shipping,Jamie Clark,Asha Ives,Mirakl Kohls Network,214 Silver Creek Rd,Dock 14,Partner ship location,San Jose,CA,95115,Santa Clara,USA,ship-mirakl-kohls@example.com,(408) 555-2306,,,,,,,,,,,,,,,,,,,1,2026-03-04,ADELINE-02-BLACK-6.5,,,WOVEN SLIDE SANDAL,,,EA,,,,,,,,2,0,,2,,11.50,11.50,23.00,23.00,0.00,,23.00,FALSE,TRUE,FALSE,FALSE,,,,,,,,,,,,,,,,,,
SO2026-000260,1,0,2026-03-04,2026-03-06,2026-04-03,2026-03-06,,,,,Mirakl-Kohls,Mirakl Kohls,,30,USD,171.00,171.00,187.81,171.00,0.00,0,0.00,0,0.00,16.81,0.00,,,,,187.81,,0.00,,,,,,,,,,,,,,,,,,,,,,,10013,10576,10013-2026-000260,,,,,,,,,Mirakl Kohls Shipping,Jamie Clark,Asha Ives,Mirakl Kohls Network,214 Silver Creek Rd,Dock 14,Partner ship location,San Jose,CA,95115,Santa Clara,USA,ship-mirakl-kohls@example.com,(408) 555-2306,,,,,,,,,,,,,,,,,,,2,2026-03-04,ADELINE-03-BLUE-6,,,BUCKLE FRONT FLAT SANDALS,,,EA,,,,,,,,4,0,,4,,18.50,18.50,74.00,74.00,0.00,,74.00,FALSE,TRUE,FALSE,FALSE,,,,,,,,,,,,,,,,,,
SO2026-000260,1,0,2026-03-04,2026-03-06,2026-04-03,2026-03-06,,,,,Mirakl-Kohls,Mirakl Kohls,,30,USD,171.00,171.00,187.81,171.00,0.00,0,0.00,0,0.00,16.81,0.00,,,,,187.81,,0.00,,,,,,,,,,,,,,,,,,,,,,,10013,10576,10013-2026-000260,,,,,,,,,Mirakl Kohls Shipping,Jamie Clark,Asha Ives,Mirakl Kohls Network,214 Silver Creek Rd,Dock 14,Partner ship location,San Jose,CA,95115,Santa Clara,USA,ship-mirakl-kohls@example.com,(408) 555-2306,,,,,,,,,,,,,,,,,,,3,2026-03-04,ADELINE-03-BLUE-8.5,,,BUCKLE FRONT FLAT SANDALS,,,EA,,,,,,,,4,0,,4,,18.50,18.50,74.00,74.00,0.00,,74.00,FALSE,TRUE,FALSE,FALSE,,,,,,,,,,,,,,,,,,
SO2026-000261,1,0,2026-03-02,2026-03-04,2026-04-01,2026-03-04,,,,,AMZ-eCom,AMZ eCom,,30,USD,61.50,61.50,70.66,61.50,0.00,0,0.00,0,0.00,9.16,0.00,,,,,70.66,,0.00,,,,,,,,,,,,,,,,,,,,,,,10001,10565,10001-2026-000261,,,,,,,,,AMZ eCom Shipping,Alex Reed,Nora Lane,AMZ eCom Retail,201 Harbor Ave,Dock 1,Main ship location,Los Angeles,CA,90002,Los Angeles,USA,ship-amz-ecom@example.com,(213) 555-1006,,,,,,,,,,,,,,,,,,,1,2026-03-02,CORA-01-LEOP-7.5,,,CROSS FRONT SANDAL,,,EA,,,,,,,,2,0,,2,,10.75,10.75,21.50,21.50,0.00,,21.50,FALSE,TRUE,FALSE,FALSE,,,,,,,,,,,,,,,,,,
SO2026-000261,1,0,2026-03-02,2026-03-04,2026-04-01,2026-03-04,,,,,AMZ-eCom,AMZ eCom,,30,USD,61.50,61.50,70.66,61.50,0.00,0,0.00,0,0.00,9.16,0.00,,,,,70.66,,0.00,,,,,,,,,,,,,,,,,,,,,,,10001,10565,10001-2026-000261,,,,,,,,,AMZ eCom Shipping,Alex Reed,Nora Lane,AMZ eCom Retail,201 Harbor Ave,Dock 1,Main ship location,Los Angeles,CA,90002,Los Angeles,USA,ship-amz-ecom@example.com,(213) 555-1006,,,,,,,,,,,,,,,,,,,2,2026-03-02,FA16023WV-SMOKELEOPARD-XL-STD,809666395914,,Olivia Smoke Leopard Print Kimono Wrap Maxi Dress,,,EA,,,,,,,,1,0,,1,,40.00,40.00,40.00,40.00,0.00,,40.00,FALSE,TRUE,FALSE,FALSE,,,,,,,,,,,,,,,,,,
SO2026-000262,1,0,2026-03-03,2026-03-08,2026-04-02,2026-03-05,,,,,Squarespace,Squarespace,,30,USD,48.75,48.75,57.96,48.75,0.00,0,0.00,0,0.00,9.21,0.00,,,,,57.96,,0.00,,,,,,,,,,,,,,,,,,,,,,,20006,10582,20006-2026-000262,,,,,,,,,Squarespace Shipping,Jamie Clark,Elin Marsh,Squarespace Digital,218 Camino Del Rio,Dock 18,Digital ship location,San Diego,CA,92108,San Diego,USA,ship-squarespace@example.com,(619) 555-2706,,,,,,,,,,,,,,,,,,,1,2026-03-03,AVIANA-06-WHITE-10,,,FUR SLIPPER,,,EA,,,,,,,,3,0,,3,,16.25,16.25,48.75,48.75,0.00,,48.75,FALSE,TRUE,FALSE,FALSE,,,,,,,,,,,,,,,,,,
SO2026-000263,1,0,2026-03-01,2026-03-02,2026-03-31,2026-03-03,,,,,Mirakl-Kohls,Mirakl Kohls,,30,USD,101.25,101.25,110.54,101.25,0.00,0,0.00,0,0.00,9.29,0.00,,,,,110.54,,0.00,,,,,,,,,,,,,,,,,,,,,,,10013,10576,10013-2026-000263,,,,,,,,,Mirakl Kohls Shipping,Jamie Clark,Asha Ives,Mirakl Kohls Network,214 Silver Creek Rd,Dock 14,Partner ship location,San Jose,CA,95115,Santa Clara,USA,ship-mirakl-kohls@example.com,(408) 555-2306,,,,,,,,,,,,,,,,,,,1,2026-03-01,ASTRID-01-BLACK-10,,,SLIP ON SNEAKER,,,EA,,,,,,,,3,0,,3,,20.75,20.75,62.25,62.25,0.00,,62.25,FALSE,TRUE,FALSE,FALSE,,,,,,,,,,,,,,,,,,
SO2026-000263,1,0,2026-03-01,2026-03-02,2026-03-31,2026-03-03,,,,,Mirakl-Kohls,Mirakl Kohls,,30,USD,101.25,101.25,110.54,101.25,0.00,0,0.00,0,0.00,9.29,0.00,,,,,110.54,,0.00,,,,,,,,,,,,,,,,,,,,,,,10013,10576,10013-2026-000263,,,,,,,,,Mirakl Kohls Shipping,Jamie Clark,Asha Ives,Mirakl Kohls Network,214 Silver Creek Rd,Dock 14,Partner ship location,San Jose,CA,95115,Santa Clara,USA,ship-mirakl-kohls@example.com,(408) 555-2306,,,,,,,,,,,,,,,,,,,2,2026-03-01,FA16023WV-MIDNIGHTBLUE,,,GGT wrap kimono maxi dress,,,EA,,,,,,,,1,0,,1,,39.00,39.00,39.00,39.00,0.00,,39.00,FALSE,TRUE,FALSE,FALSE,,,,,,,,,,,,,,,,,,
SO2026-000264,1,0,2026-03-04,2026-03-05,2026-04-03,2026-03-04,,,,,Squarespace,Squarespace,,30,USD,172.00,172.00,172.00,172.00,0.00,0,0.00,0,0.00,0.00,0.00,,,,,172.00,,0.00,,,,,,,,,,,,,,,,,,,,,,,20006,10582,20006-2026-000264,,,,,,,,,Squarespace Shipping,Jamie Clark,Elin Marsh,Squarespace Digital,218 Camino Del Rio,Dock 18,Digital ship location,San Diego,CA,92108,San Diego,USA,ship-squarespace@example.com,(619) 555-2706,,,,,,,,,,,,,,,,,,,1,2026-03-04,CAMILA-06-BLACK-A12,,,COSS FRONT SLIP ON SLIDES,,,EA,,,,,,,,1,0,,1,,96.00,96.00,96.00,96.00,0.00,,96.00,FALSE,TRUE,FALSE,FALSE,,,,,,,,,,,,,,,,,,
SO2026-000264,1,0,2026-03-04,2026-03-05,2026-04-03,2026-03-04,,,,,Squarespace,Squarespace,,30,USD,172.00,172.00,172.00,172.00,0.00,0,0.00,0,0.00,0.00,0.00,,,,,172.00,,0.00,,,,,,,,,,,,,,,,,,,,,,,20006,10582,20006-2026-000264,,,,,,,,,Squarespace Shipping,Jamie Clark,Elin Marsh,Squarespace Digital,218 Camino Del Rio,Dock 18,Digital ship location,San Diego,CA,92108,San Diego,USA,ship-squarespace@example.com,(619) 555-2706,,,,,,,,,,,,,,,,,,,2,2026-03-04,AUSTIN-06-NUDE-6.5,,,SNEAKER,,,EA,,,,,,,,3,0,,3,,10.00,10.00,30.00,30.00,0.00,,30.00,FALSE,TRUE,FALSE,FALSE,,,,,,,,,,,,,,,,,,
SO2026-000264,1,0,2026-03-04,2026-03-05,2026-04-03,2026-03-04,,,,,Squarespace,Squarespace,,30,USD,172.00,172.00,172.00,172.00,0.00,0,0.00,0,0.00,0.00,0.00,,,,,172.00,,0.00,,,,,,,,,,,,,,,,,,,,,,,20006,10582,20006-2026-000264,,,,,,,,,Squarespace Shipping,Jamie Clark,Elin Marsh,Squarespace Digital,218 Camino Del Rio,Dock 18,Digital ship location,San Diego,CA,92108,San Diego,USA,ship-squarespace@example.com,(619) 555-2706,,,,,,,,,,,,,,,,,,,3,2026-03-04,ADELINE-02-PINK-9.5,,,WOVEN SLIDE SANDAL,,,EA,,,,,,,,4,0,,4,,11.50,11.50,46.00,46.00,0.00,,46.00,FALSE,TRUE,FALSE,FALSE,,,,,,,,,,,,,,,,,,
SO2026-000265,1,0,2026-03-04,2026-03-07,2026-04-03,2026-03-05,,,,,Etsy-VS,Etsy VS,,30,USD,77.00,77.00,77.00,77.00,0.00,0,0.00,0,0.00,0.00,0.00,,,,,77.00,,0.00,,,,,,,,,,,,,,,,,,,,,,,10008,10572,10008-2026-000265,,,,,,,,,Etsy VS Shipping,Jamie Clark,Soren Vale,Etsy VS Marketplace,206 Pacific Hwy,Dock 6,Seasonal ship location,Los Angeles,CA,90004,Los Angeles,USA,ship-etsy-vs@example.com,(213) 555-1506,,,,,,,,,,,,,,,,,,,1,2026-03-04,CORA-01-LEOP-7,,,CROSS FRONT SANDAL,,,EA,,,,,,,,4,0,,4,,10.75,10.75,43.00,43.00,0.00,,43.00,FALSE,TRUE,FALSE,FALSE,,,,,,,,,,,,,,,,,,
SO2026-000265,1,0,2026-03-04,2026-03-07,2026-04-03,2026-03-05,,,,,Etsy-VS,Etsy VS,,30,USD,77.00,77.00,77.00,77.00,0.00,0,0.00,0,0.00,0.00,0.00,,,,,77.00,,0.00,,,,,,,,,,,,,,,,,,,,,,,10008,10572,10008-2026-000265,,,,,,,,,Etsy VS Shipping,Jamie Clark,Soren Vale,Etsy VS Marketplace,206 Pacific Hwy,Dock 6,Seasonal ship location,Los Angeles,CA,90004,Los Angeles,USA,ship-etsy-vs@example.com,(213) 555-1506,,,,,,,,,,,,,,,,,,,2,2026-03-04,FA13501DM-1608BLAU2-29-30,809666857726,,Maya Basic Dark Handsand Wash Midrise Skinny Jeans,,,EA,,,,,,,,1,0,,1,,34.00,34.00,34.00,34.00,0.00,,34.00,FALSE,TRUE,FALSE,FALSE,,,,,,,,,,,,,,,,,,
SO2026-000266,1,0,2026-03-04,2026-03-06,2026-04-03,2026-03-05,,,,,Squarespace,Squarespace,,30,USD,411.50,411.50,412.05,411.50,0.00,0,0.00,0,0.00,0.55,0.00,,,,,412.05,,0.00,,,,,,,,,,,,,,,,,,,,,,,20006,10582,20006-2026-000266,,,,,,,,,Squarespace Shipping,Jamie Clark,Elin Marsh,Squarespace Digital,218 Camino Del Rio,Dock 18,Digital ship location,San Diego,CA,92108,San Diego,USA,ship-squarespace@example.com,(619) 555-2706,,,,,,,,,,,,,,,,,,,1,2026-03-04,CAMILA-06-TAUPE-B12,,,COSS FRONT SLIP ON SLIDES,,,EA,,,,,,,,3,0,,3,,96.00,96.00,288.00,288.00,0.00,,288.00,FALSE,TRUE,FALSE,FALSE,,,,,,,,,,,,,,,,,,
SO2026-000266,1,0,2026-03-04,2026-03-06,2026-04-03,2026-03-05,,,,,Squarespace,Squarespace,,30,USD,411.50,411.50,412.05,411.50,0.00,0,0.00,0,0.00,0.55,0.00,,,,,412.05,,0.00,,,,,,,,,,,,,,,,,,,,,,,20006,10582,20006-2026-000266,,,,,,,,,Squarespace Shipping,Jamie Clark,Elin Marsh,Squarespace Digital,218 Camino Del Rio,Dock 18,Digital ship location,San Diego,CA,92108,San Diego,USA,ship-squarespace@example.com,(619) 555-2706,,,,,,,,,,,,,,,,,,,2,2026-03-04,FA13501DM-1464KINGSC-29-32,809666852776,,Maya Basic Dark Handsand Wash Midrise Skinny Jeans,,,EA,,,,,,,,3,0,,3,,34.00,34.00,102.00,102.00,0.00,,102.00,FALSE,TRUE,FALSE,FALSE,,,,,,,,,,,,,,,,,,
SO2026-000266,1,0,2026-03-04,2026-03-06,2026-04-03,2026-03-05,,,,,Squarespace,Squarespace,,30,USD,411.50,411.50,412.05,411.50,0.00,0,0.00,0,0.00,0.55,0.00,,,,,412.05,,0.00,,,,,,,,,,,,,,,,,,,,,,,20006,10582,20006-2026-000266,,,,,,,,,Squarespace Shipping,Jamie Clark,Elin Marsh,Squarespace Digital,218 Camino Del Rio,Dock 18,Digital ship location,San Diego,CA,92108,San Diego,USA,ship-squarespace@example.com,(619) 555-2706,,,,,,,,,,,,,,,,,,,3,2026-03-04,CORA-01-TAUP-6.5,,,CROSS FRONT SANDAL,,,EA,,,,,,,,2,0,,2,,10.75,10.75,21.50,21.50,0.00,,21.50,FALSE,TRUE,FALSE,FALSE,,,,,,,,,,,,,,,,,,
SO2026-000267,1,0,2026-03-03,2026-03-03,2026-04-02,2026-03-05,,,,,Shopify,Shopify,,30,USD,99.00,99.00,103.17,99.00,0.00,0,0.00,0,0.00,4.17,0.00,,,,,103.17,,0.00,,,,,,,,,,,,,,,,,,,,,,,20001,10580,20001-2026-000267,,,,,,,,,Shopify Shipping,Alex Reed,Dario Lowe,Shopify Commerce,217 Barranca Pkwy,Dock 17,Commerce ship location,Irvine,CA,92609,Orange,USA,ship-shopify@example.com,(949) 555-2606,,,,,,,,,,,,,,,,,,,1,2026-03-03,ADELINE-02-WHITE-7,,,WOVEN SLIDE SANDAL,,,EA,,,,,,,,4,0,,4,,11.50,11.50,46.00,46.00,0.00,,46.00,FALSE,TRUE,FALSE,FALSE,,,,,,,,,,,,,,,,,,
SO2026-000267,1,0,2026-03-03,2026-03-03,2026-04-02,2026-03-05,,,,,Shopify,Shopify,,30,USD,99.00,99.00,103.17,99.00,0.00,0,0.00,0,0.00,4.17,0.00,,,,,103.17,,0.00,,,,,,,,,,,,,,,,,,,,,,,20001,10580,20001-2026-000267,,,,,,,,,Shopify Shipping,Alex Reed,Dario Lowe,Shopify Commerce,217 Barranca Pkwy,Dock 17,Commerce ship location,Irvine,CA,92609,Orange,USA,ship-shopify@example.com,(949) 555-2606,,,,,,,,,,,,,,,,,,,2,2026-03-03,AUSTIN-06-NUDE-5,,,SNEAKER,,,EA,,,,,,,,3,0,,3,,10.00,10.00,30.00,30.00,0.00,,30.00,FALSE,TRUE,FALSE,FALSE,,,,,,,,,,,,,,,,,,
SO2026-000267,1,0,2026-03-03,2026-03-03,2026-04-02,2026-03-05,,,,,Shopify,Shopify,,30,USD,99.00,99.00,103.17,99.00,0.00,0,0.00,0,0.00,4.17,0.00,,,,,103.17,,0.00,,,,,,,,,,,,,,,,,,,,,,,20001,10580,20001-2026-000267,,,,,,,,,Shopify Shipping,Alex Reed,Dario Lowe,Shopify Commerce,217 Barranca Pkwy,Dock 17,Commerce ship location,Irvine,CA,92609,Orange,USA,ship-shopify@example.com,(949) 555-2606,,,,,,,,,,,,,,,,,,,3,2026-03-03,ADELINE-02-PINK-8,,,WOVEN SLIDE SANDAL,,,EA,,,,,,,,2,0,,2,,11.50,11.50,23.00,23.00,0.00,,23.00,FALSE,TRUE,FALSE,FALSE,,,,,,,,,,,,,,,,,,
SO2026-000268,1,0,2026-03-01,2026-03-06,2026-03-31,2026-03-01,,,,,Walmart-eComm,Walmart eComm,,30,USD,270.00,270.00,274.65,270.00,0.00,0,0.00,0,0.00,4.65,0.00,,,,,274.65,,0.00,,,,,,,,,,,,,,,,,,,,,,,10002,10566,10002-2026-000268,,,,,,,,,Walmart eComm Shipping,Morgan Lee,Gavin Orr,Walmart eComm Retail,220 Townsend St,Dock 20,National ship location,San Francisco,CA,94109,San Francisco,USA,ship-walmart-ecomm@example.com,(415) 555-2906,,,,,,,,,,,,,,,,,,,1,2026-03-01,ADELINE-03-BROWN-7.5,,,BUCKLE FRONT FLAT SANDALS,,,EA,,,,,,,,4,0,,4,,18.50,18.50,74.00,74.00,0.00,,74.00,FALSE,TRUE,FALSE,FALSE,,,,,,,,,,,,,,,,,,
SO2026-000268,1,0,2026-03-01,2026-03-06,2026-03-31,2026-03-01,,,,,Walmart-eComm,Walmart eComm,,30,USD,270.00,270.00,274.65,270.00,0.00,0,0.00,0,0.00,4.65,0.00,,,,,274.65,,0.00,,,,,,,,,,,,,,,,,,,,,,,10002,10566,10002-2026-000268,,,,,,,,,Walmart eComm Shipping,Morgan Lee,Gavin Orr,Walmart eComm Retail,220 Townsend St,Dock 20,National ship location,San Francisco,CA,94109,San Francisco,USA,ship-walmart-ecomm@example.com,(415) 555-2906,,,,,,,,,,,,,,,,,,,2,2026-03-01,FD9801506P-CHERRY-2X-STD,809666395327,,Natalia Solid Button-Up Wrap Lantern Sleeve Dress,,,EA,,,,,,,,4,0,,4,,49.00,49.00,196.00,196.00,0.00,,196.00,FALSE,TRUE,FALSE,FALSE,,,,,,,,,,,,,,,,,,
SO2026-000269,1,0,2026-03-04,2026-03-09,2026-04-03,2026-03-05,,,,,Etsy-VS,Etsy VS,,30,USD,126.75,126.75,134.35,126.75,0.00,0,0.00,0,0.00,7.60,0.00,,,,,134.35,,0.00,,,,,,,,,,,,,,,,,,,,,,,10008,10572,10008-2026-000269,,,,,,,,,Etsy VS Shipping,Jamie Clark,Soren Vale,Etsy VS Marketplace,206 Pacific Hwy,Dock 6,Seasonal ship location,Los Angeles,CA,90004,Los Angeles,USA,ship-etsy-vs@example.com,(213) 555-1506,,,,,,,,,,,,,,,,,,,1,2026-03-04,FA16023WV-SMOKEYROSE-L-STD,809666901153,,Olivia Gray Floral Print Kimono Chiffon Wrap Maxi Dress,,,EA,,,,,,,,2,0,,2,,39.00,39.00,78.00,78.00,0.00,,78.00,FALSE,TRUE,FALSE,FALSE,,,,,,,,,,,,,,,,,,
SO2026-000269,1,0,2026-03-04,2026-03-09,2026-04-03,2026-03-05,,,,,Etsy-VS,Etsy VS,,30,USD,126.75,126.75,134.35,126.75,0.00,0,0.00,0,0.00,7.60,0.00,,,,,134.35,,0.00,,,,,,,,,,,,,,,,,,,,,,,10008,10572,10008-2026-000269,,,,,,,,,Etsy VS Shipping,Jamie Clark,Soren Vale,Etsy VS Marketplace,206 Pacific Hwy,Dock 6,Seasonal ship location,Los Angeles,CA,90004,Los Angeles,USA,ship-etsy-vs@example.com,(213) 555-1506,,,,,,,,,,,,,,,,,,,2,2026-03-04,AVIANA-06-WHITE-9.5,,,FUR SLIPPER,,,EA,,,,,,,,1,0,,1,,16.25,16.25,16.25,16.25,0.00,,16.25,FALSE,TRUE,FALSE,FALSE,,,,,,,,,,,,,,,,,,
SO2026-000269,1,0,2026-03-04,2026-03-09,2026-04-03,2026-03-05,,,,,Etsy-VS,Etsy VS,,30,USD,126.75,126.75,134.35,126.75,0.00,0,0.00,0,0.00,7.60,0.00,,,,,134.35,,0.00,,,,,,,,,,,,,,,,,,,,,,,10008,10572,10008-2026-000269,,,,,,,,,Etsy VS Shipping,Jamie Clark,Soren Vale,Etsy VS Marketplace,206 Pacific Hwy,Dock 6,Seasonal ship location,Los Angeles,CA,90004,Los Angeles,USA,ship-etsy-vs@example.com,(213) 555-1506,,,,,,,,,,,,,,,,,,,3,2026-03-04,AVIANA-06-WHITE-12,,,FUR SLIPPER,,,EA,,,,,,,,2,0,,2,,16.25,16.25,32.50,32.50,0.00,,32.50,FALSE,TRUE,FALSE,FALSE,,,,,,,,,,,,,,,,,,
SO2026-000270,1,0,2026-03-03,2026-03-05,2026-04-02,2026-03-05,,,,,Squarespace,Squarespace,,30,USD,106.25,106.25,113.38,106.25,0.00,0,0.00,0,0.00,7.13,0.00,,,,,113.38,,0.00,,,,,,,,,,,,,,,,,,,,,,,20006,10582,20006-2026-000270,,,,,,,,,Squarespace Shipping,Jamie Clark,Elin Marsh,Squarespace Digital,218 Camino Del Rio,Dock 18,Digital ship location,San Diego,CA,92108,San Diego,USA,ship-squarespace@example.com,(619) 555-2706,,,,,,,,,,,,,,,,,,,1,2026-03-03,ADELINE-03-BLUE-7,,,BUCKLE FRONT FLAT SANDALS,,,EA,,,,,,,,4,0,,4,,18.50,18.50,74.00,74.00,0.00,,74.00,FALSE,TRUE,FALSE,FALSE,,,,,,,,,,,,,,,,,,
SO2026-000270,1,0,2026-03-03,2026-03-05,2026-04-02,2026-03-05,,,,,Squarespace,Squarespace,,30,USD,106.25,106.25,113.38,106.25,0.00,0,0.00,0,0.00,7.13,0.00,,,,,113.38,,0.00,,,,,,,,,,,,,,,,,,,,,,,20006,10582,20006-2026-000270,,,,,,,,,Squarespace Shipping,Jamie Clark,Elin Marsh,Squarespace Digital,218 Camino Del Rio,Dock 18,Digital ship location,San Diego,CA,92108,San Diego,USA,ship-squarespace@example.com,(619) 555-2706,,,,,,,,,,,,,,,,,,,2,2026-03-03,CORA-01-TAUP-8.5,,,CROSS FRONT SANDAL,,,EA,,,,,,,,3,0,,3,,10.75,10.75,32.25,32.25,0.00,,32.25,FALSE,TRUE,FALSE,FALSE,,,,,,,,,,,,,,,,,,
SO2026-000271,1,0,2026-03-02,2026-03-05,2026-04-01,2026-03-02,,,,,Walmart-eComm,Walmart eComm,,30,USD,74.00,74.00,80.12,74.00,0.00,0,0.00,0,0.00,6.12,0.00,,,,,80.12,,0.00,,,,,,,,,,,,,,,,,,,,,,,10002,10566,10002-2026-000271,,,,,,,,,Walmart eComm Shipping,Morgan Lee,Gavin Orr,Walmart eComm Retail,220 Townsend St,Dock 20,National ship location,San Francisco,CA,94109,San Francisco,USA,ship-walmart-ecomm@example.com,(415) 555-2906,,,,,,,,,,,,,,,,,,,1,2026-03-02,ADELINE-03-BLACK-7,,,BUCKLE FRONT FLAT SANDALS,,,EA,,,,,,,,4,0,,4,,18.50,18.50,74.00,74.00,0.00,,74.00,FALSE,TRUE,FALSE,FALSE,,,,,,,,,,,,,,,,,,
SO2026-000272,1,0,2026-03-04,2026-03-07,2026-04-03,2026-03-05,,,,,Mirakl-HudsonsB,Mirakl HudsonsB,,30,USD,58.00,58.00,58.64,58.00,0.00,0,0.00,0,0.00,0.64,0.00,,,,,58.64,,0.00,,,,,,,,,,,,,,,,,,,,,,,10005,10577,10005-2026-000272,,,,,,,,,Mirakl HudsonsB Shipping,Morgan Lee,Yara Glenn,Mirakl HudsonsB Network,212 Quail Hill Pkwy,Dock 12,Network ship location,Irvine,CA,92607,Orange,USA,ship-mirakl-hudsonsb@example.com,(949) 555-2106,,,,,,,,,,,,,,,,,,,1,2026-03-04,AUSTIN-06-NUDE-8,,,SNEAKER,,,EA,,,,,,,,1,0,,1,,10.00,10.00,10.00,10.00,0.00,,10.00,FALSE,TRUE,FALSE,FALSE,,,,,,,,,,,,,,,,,,
SO2026-000272,1,0,2026-03-04,2026-03-07,2026-04-03,2026-03-05,,,,,Mirakl-HudsonsB,Mirakl HudsonsB,,30,USD,58.00,58.00,58.64,58.00,0.00,0,0.00,0,0.00,0.64,0.00,,,,,58.64,,0.00,,,,,,,,,,,,,,,,,,,,,,,10005,10577,10005-2026-000272,,,,,,,,,Mirakl HudsonsB Shipping,Morgan Lee,Yara Glenn,Mirakl HudsonsB Network,212 Quail Hill Pkwy,Dock 12,Network ship location,Irvine,CA,92607,Orange,USA,ship-mirakl-hudsonsb@example.com,(949) 555-2106,,,,,,,,,,,,,,,,,,,2,2026-03-04,CAMILA-06-NUDE-12,,,COSS FRONT SLIP ON SLIDES,,,EA,,,,,,,,4,0,,4,,8.00,8.00,32.00,32.00,0.00,,32.00,FALSE,TRUE,FALSE,FALSE,,,,,,,,,,,,,,,,,,
SO2026-000272,1,0,2026-03-04,2026-03-07,2026-04-03,2026-03-05,,,,,Mirakl-HudsonsB,Mirakl HudsonsB,,30,USD,58.00,58.00,58.64,58.00,0.00,0,0.00,0,0.00,0.64,0.00,,,,,58.64,,0.00,,,,,,,,,,,,,,,,,,,,,,,10005,10577,10005-2026-000272,,,,,,,,,Mirakl HudsonsB Shipping,Morgan Lee,Yara Glenn,Mirakl HudsonsB Network,212 Quail Hill Pkwy,Dock 12,Network ship location,Irvine,CA,92607,Orange,USA,ship-mirakl-hudsonsb@example.com,(949) 555-2106,,,,,,,,,,,,,,,,,,,3,2026-03-04,CAMILA-06-TAUPE-5.5,,,COSS FRONT SLIP ON SLIDES,,,EA,,,,,,,,2,0,,2,,8.00,8.00,16.00,16.00,0.00,,16.00,FALSE,TRUE,FALSE,FALSE,,,,,,,,,,,,,,,,,,
SO2026-000273,1,0,2026-03-01,2026-03-06,2026-03-31,2026-03-02,,,,,Squarespace,Squarespace,,30,USD,56.00,56.00,70.56,56.00,0.00,0,0.00,0,0.00,14.56,0.00,,,,,70.56,,0.00,,,,,,,,,,,,,,,,,,,,,,,20006,10582,20006-2026-000273,,,,,,,,,Squarespace Shipping,Jamie Clark,Elin Marsh,Squarespace Digital,218 Camino Del Rio,Dock 18,Digital ship location,San Diego,CA,92108,San Diego,USA,ship-squarespace@example.com,(619) 555-2706,,,,,,,,,,,,,,,,,,,1,2026-03-01,CORA-01-TAUP-9.5,,,CROSS FRONT SANDAL,,,EA,,,,,,,,2,0,,2,,10.75,10.75,21.50,21.50,0.00,,21.50,FALSE,TRUE,FALSE,FALSE,,,,,,,,,,,,,,,,,,
SO2026-000273,1,0,2026-03-01,2026-03-06,2026-03-31,2026-03-02,,,,,Squarespace,Squarespace,,30,USD,56.00,56.00,70.56,56.00,0.00,0,0.00,0,0.00,14.56,0.00,,,,,70.56,,0.00,,,,,,,,,,,,,,,,,,,,,,,20006,10582,20006-2026-000273,,,,,,,,,Squarespace Shipping,Jamie Clark,Elin Marsh,Squarespace Digital,218 Camino Del Rio,Dock 18,Digital ship location,San Diego,CA,92108,San Diego,USA,ship-squarespace@example.com,(619) 555-2706,,,,,,,,,,,,,,,,,,,2,2026-03-01,ADELINE-02-PINK-8.5,,,WOVEN SLIDE SANDAL,,,EA,,,,,,,,3,0,,3,,11.50,11.50,34.50,34.50,0.00,,34.50,FALSE,TRUE,FALSE,FALSE,,,,,,,,,,,,,,,,,,
SO2026-000274,1,0,2026-03-02,2026-03-02,2026-04-01,2026-03-02,,,,,Walmart-eComm,Walmart eComm,,30,USD,204.00,204.00,213.15,204.00,0.00,0,0.00,0,0.00,9.15,0.00,,,,,213.15,,0.00,,,,,,,,,,,,,,,,,,,,,,,10002,10566,10002-2026-000274,,,,,,,,,Walmart eComm Shipping,Morgan Lee,Gavin Orr,Walmart eComm Retail,220 Townsend St,Dock 20,National ship location,San Francisco,CA,94109,San Francisco,USA,ship-walmart-ecomm@example.com,(415) 555-2906,,,,,,,,,,,,,,,,,,,1,2026-03-02,CORA-01-LEOP-6.5,,,CROSS FRONT SANDAL,,,EA,,,,,,,,2,0,,2,,10.75,10.75,21.50,21.50,0.00,,21.50,FALSE,TRUE,FALSE,FALSE,,,,,,,,,,,,,,,,,,
SO2026-000274,1,0,2026-03-02,2026-03-02,2026-04-01,2026-03-02,,,,,Walmart-eComm,Walmart eComm,,30,USD,204.00,204.00,213.15,204.00,0.00,0,0.00,0,0.00,9.15,0.00,,,,,213.15,,0.00,,,,,,,,,,,,,,,,,,,,,,,10002,10566,10002-2026-000274,,,,,,,,,Walmart eComm Shipping,Morgan Lee,Gavin Orr,Walmart eComm Retail,220 Townsend St,Dock 20,National ship location,San Francisco,CA,94109,San Francisco,USA,ship-walmart-ecomm@example.com,(415) 555-2906,,,,,,,,,,,,,,,,,,,2,2026-03-02,ADELINE-02-CAMEL-9,,,WOVEN SLIDE SANDAL,,,EA,,,,,,,,1,0,,1,,11.50,11.50,11.50,11.50,0.00,,11.50,FALSE,TRUE,FALSE,FALSE,,,,,,,,,,,,,,,,,,
SO2026-000274,1,0,2026-03-02,2026-03-02,2026-04-01,2026-03-02,,,,,Walmart-eComm,Walmart eComm,,30,USD,204.00,204.00,213.15,204.00,0.00,0,0.00,0,0.00,9.15,0.00,,,,,213.15,,0.00,,,,,,,,,,,,,,,,,,,,,,,10002,10566,10002-2026-000274,,,,,,,,,Walmart eComm Shipping,Morgan Lee,Gavin Orr,Walmart eComm Retail,220 Townsend St,Dock 20,National ship location,San Francisco,CA,94109,San Francisco,USA,ship-walmart-ecomm@example.com,(415) 555-2906,,,,,,,,,,,,,,,,,,,3,2026-03-02,ADELINE-02-PINK,,,WOVEN SLIDE SANDAL,,,EA,,,,,,,,1,0,,1,,171.00,171.00,171.00,171.00,0.00,,171.00,FALSE,TRUE,FALSE,FALSE,,,,,,,,,,,,,,,,,,
SO2026-000275,1,0,2026-03-02,2026-03-05,2026-04-01,2026-03-04,,,,,Squarespace,Squarespace,,30,USD,86.25,86.25,88.31,86.25,0.00,0,0.00,0,0.00,2.06,0.00,,,,,88.31,,0.00,,,,,,,,,,,,,,,,,,,,,,,20006,10582,20006-2026-000275,,,,,,,,,Squarespace Shipping,Jamie Clark,Elin Marsh,Squarespace Digital,218 Camino Del Rio,Dock 18,Digital ship location,San Diego,CA,92108,San Diego,USA,ship-squarespace@example.com,(619) 555-2706,,,,,,,,,,,,,,,,,,,1,2026-03-02,FA13501DM-1464KINGSC-28-30,809666852462,,Maya Basic Dark Handsand Wash Midrise Skinny Jeans,,,EA,,,,,,,,1,0,,1,,34.00,34.00,34.00,34.00,0.00,,34.00,FALSE,TRUE,FALSE,FALSE,,,,,,,,,,,,,,,,,,
SO2026-000275,1,0,2026-03-02,2026-03-05,2026-04-01,2026-03-04,,,,,Squarespace,Squarespace,,30,USD,86.25,86.25,88.31,86.25,0.00,0,0.00,0,0.00,2.06,0.00,,,,,88.31,,0.00,,,,,,,,,,,,,,,,,,,,,,,20006,10582,20006-2026-000275,,,,,,,,,Squarespace Shipping,Jamie Clark,Elin Marsh,Squarespace Digital,218 Camino Del Rio,Dock 18,Digital ship location,San Diego,CA,92108,San Diego,USA,ship-squarespace@example.com,(619) 555-2706,,,,,,,,,,,,,,,,,,,2,2026-03-02,CORA-01-YLW-7.5,,,CROSS FRONT SANDAL,,,EA,,,,,,,,3,0,,3,,10.75,10.75,32.25,32.25,0.00,,32.25,FALSE,TRUE,FALSE,FALSE,,,,,,,,,,,,,,,,,,
SO2026-000275,1,0,2026-03-02,2026-03-05,2026-04-01,2026-03-04,,,,,Squarespace,Squarespace,,30,USD,86.25,86.25,88.31,86.25,0.00,0,0.00,0,0.00,2.06,0.00,,,,,88.31,,0.00,,,,,,,,,,,,,,,,,,,,,,,20006,10582,20006-2026-000275,,,,,,,,,Squarespace Shipping,Jamie Clark,Elin Marsh,Squarespace Digital,218 Camino Del Rio,Dock 18,Digital ship location,San Diego,CA,92108,San Diego,USA,ship-squarespace@example.com,(619) 555-2706,,,,,,,,,,,,,,,,,,,3,2026-03-02,AUSTIN-06-BLUSH-10,,,SNEAKER,,,EA,,,,,,,,2,0,,2,,10.00,10.00,20.00,20.00,0.00,,20.00,FALSE,TRUE,FALSE,FALSE,,,,,,,,,,,,,,,,,,
SO2026-000276,1,0,2026-03-03,2026-03-06,2026-04-02,2026-03-04,,,,,Walmart-eComm,Walmart eComm,,30,USD,120.75,120.75,122.68,120.75,0.00,0,0.00,0,0.00,1.93,0.00,,,,,122.68,,0.00,,,,,,,,,,,,,,,,,,,,,,,10002,10566,10002-2026-000276,,,,,,,,,Walmart eComm Shipping,Morgan Lee,Gavin Orr,Walmart eComm Retail,220 Townsend St,Dock 20,National ship location,San Francisco,CA,94109,San Francisco,USA,ship-walmart-ecomm@example.com,(415) 555-2906,,,,,,,,,,,,,,,,,,,1,2026-03-03,ASTRID-01-BLACK-6.5,,,SLIP ON SNEAKER,,,EA,,,,,,,,1,0,,1,,20.75,20.75,20.75,20.75,0.00,,20.75,FALSE,TRUE,FALSE,FALSE,,,,,,,,,,,,,,,,,,
SO2026-000276,1,0,2026-03-03,2026-03-06,2026-04-02,2026-03-04,,,,,Walmart-eComm,Walmart eComm,,30,USD,120.75,120.75,122.68,120.75,0.00,0,0.00,0,0.00,1.93,0.00,,,,,122.68,,0.00,,,,,,,,,,,,,,,,,,,,,,,10002,10566,10002-2026-000276,,,,,,,,,Walmart eComm Shipping,Morgan Lee,Gavin Orr,Walmart eComm Retail,220 Townsend St,Dock 20,National ship location,San Francisco,CA,94109,San Francisco,USA,ship-walmart-ecomm@example.com,(415) 555-2906,,,,,,,,,,,,,,,,,,,2,2026-03-03,FA13501DM-RINSEWSFT-31-32,809666858495,,Maya Basic Dark Handsand Wash Midrise Skinny Jeans,,,EA,,,,,,,,2,0,,2,,34.00,34.00,68.00,68.00,0.00,,68.00,FALSE,TRUE,FALSE,FALSE,,,,,,,,,,,,,,,,,,
SO2026-000276,1,0,2026-03-03,2026-03-06,2026-04-02,2026-03-04,,,,,Walmart-eComm,Walmart eComm,,30,USD,120.75,120.75,122.68,120.75,0.00,0,0.00,0,0.00,1.93,0.00,,,,,122.68,,0.00,,,,,,,,,,,,,,,,,,,,,,,10002,10566,10002-2026-000276,,,,,,,,,Walmart eComm Shipping,Morgan Lee,Gavin Orr,Walmart eComm Retail,220 Townsend St,Dock 20,National ship location,San Francisco,CA,94109,San Francisco,USA,ship-walmart-ecomm@example.com,(415) 555-2906,,,,,,,,,,,,,,,,,,,3,2026-03-03,CAMILA-06-LILAC-10,,,COSS FRONT SLIP ON SLIDES,,,EA,,,,,,,,4,0,,4,,8.00,8.00,32.00,32.00,0.00,,32.00,FALSE,TRUE,FALSE,FALSE,,,,,,,,,,,,,,,,,,
SO2026-000277,1,0,2026-03-03,2026-03-04,2026-04-02,2026-03-05,,,,,Mirakl-Kohls,Mirakl Kohls,,30,USD,288.00,288.00,298.02,288.00,0.00,0,0.00,0,0.00,10.02,0.00,,,,,298.02,,0.00,,,,,,,,,,,,,,,,,,,,,,,10013,10576,10013-2026-000277,,,,,,,,,Mirakl Kohls Shipping,Jamie Clark,Asha Ives,Mirakl Kohls Network,214 Silver Creek Rd,Dock 14,Partner ship location,San Jose,CA,95115,Santa Clara,USA,ship-mirakl-kohls@example.com,(408) 555-2306,,,,,,,,,,,,,,,,,,,1,2026-03-03,CAMILA-06-GREEN-A12,,,COSS FRONT SLIP ON SLIDES,,,EA,,,,,,,,3,0,,3,,96.00,96.00,288.00,288.00,0.00,,288.00,FALSE,TRUE,FALSE,FALSE,,,,,,,,,,,,,,,,,,
SO2026-000278,1,0,2026-03-02,2026-03-04,2026-04-01,2026-03-04,,,,,JCPenney,JCPenney,,30,USD,34.00,34.00,49.25,34.00,0.00,0,0.00,0,0.00,15.25,0.00,,,,,49.25,,0.00,,,,,,,,,,,,,,,,,,,,,,,30007,10575,30007-2026-000278,,,,,,,,,JCPenney Shipping,Alex Reed,Zane Holt,JCPenney Stores,213 Gateway Rd,Dock 13,Retail ship location,San Diego,CA,92106,San Diego,USA,ship-jcpenney@example.com,(619) 555-2206,,,,,,,,,,,,,,,,,,,1,2026-03-02,AUSTIN-06-NUDE-10,,,SNEAKER,,,EA,,,,,,,,1,0,,1,,10.00,10.00,10.00,10.00,0.00,,10.00,FALSE,TRUE,FALSE,FALSE,,,,,,,,,,,,,,,,,,
SO2026-000278,1,0,2026-03-02,2026-03-04,2026-04-01,2026-03-04,,,,,JCPenney,JCPenney,,30,USD,34.00,34.00,49.25,34.00,0.00,0,0.00,0,0.00,15.25,0.00,,,,,49.25,,0.00,,,,,,,,,,,,,,,,,,,,,,,30007,10575,30007-2026-000278,,,,,,,,,JCPenney Shipping,Alex Reed,Zane Holt,JCPenney Stores,213 Gateway Rd,Dock 13,Retail ship location,San Diego,CA,92106,San Diego,USA,ship-jcpenney@example.com,(619) 555-2206,,,,,,,,,,,,,,,,,,,2,2026-03-02,173451-1183CITIZEN-19-STD,809666377958,,Susan Stretch Denim Skinny Jeans Medium Blue 5 Pocket Wash,,,EA,,,,,,,,1,0,,1,,24.00,24.00,24.00,24.00,0.00,,24.00,FALSE,TRUE,FALSE,FALSE,,,,,,,,,,,,,,,,,,
SO2026-000279,1,0,2026-03-03,2026-03-07,2026-04-02,2026-03-03,,,,,Shopify,Shopify,,30,USD,34.00,34.00,51.27,34.00,0.00,0,0.00,0,0.00,17.27,0.00,,,,,51.27,,0.00,,,,,,,,,,,,,,,,,,,,,,,20001,10580,20001-2026-000279,,,,,,,,,Shopify Shipping,Alex Reed,Dario Lowe,Shopify Commerce,217 Barranca Pkwy,Dock 17,Commerce ship location,Irvine,CA,92609,Orange,USA,ship-shopify@example.com,(949) 555-2606,,,,,,,,,,,,,,,,,,,1,2026-03-03,FA13501DM-RINSEWSFT-26-32,809666858440,,Maya Basic Dark Handsand Wash Midrise Skinny Jeans,,,EA,,,,,,,,1,0,,1,,34.00,34.00,34.00,34.00,0.00,,34.00,FALSE,TRUE,FALSE,FALSE,,,,,,,,,,,,,,,,,,
SO2026-000280,1,0,2026-03-02,2026-03-03,2026-04-01,2026-03-03,,,,,Shopify,Shopify,,30,USD,88.25,88.25,101.97,88.25,0.00,0,0.00,0,0.00,13.72,0.00,,,,,101.97,,0.00,,,,,,,,,,,,,,,,,,,,,,,20001,10580,20001-2026-000280,,,,,,,,,Shopify Shipping,Alex Reed,Dario Lowe,Shopify Commerce,217 Barranca Pkwy,Dock 17,Commerce ship location,Irvine,CA,92609,Orange,USA,ship-shopify@example.com,(949) 555-2606,,,,,,,,,,,,,,,,,,,1,2026-03-02,FD9801506P-CHERRY-1X-STD,809666395310,,Natalia Solid Button-Up Wrap Lantern Sleeve Dress,,,EA,,,,,,,,1,0,,1,,49.00,49.00,49.00,49.00,0.00,,49.00,FALSE,TRUE,FALSE,FALSE,,,,,,,,,,,,,,,,,,
SO2026-000280,1,0,2026-03-02,2026-03-03,2026-04-01,2026-03-03,,,,,Shopify,Shopify,,30,USD,88.25,88.25,101.97,88.25,0.00,0,0.00,0,0.00,13.72,0.00,,,,,101.97,,0.00,,,,,,,,,,,,,,,,,,,,,,,20001,10580,20001-2026-000280,,,,,,,,,Shopify Shipping,Alex Reed,Dario Lowe,Shopify Commerce,217 Barranca Pkwy,Dock 17,Commerce ship location,Irvine,CA,92609,Orange,USA,ship-shopify@example.com,(949) 555-2606,,,,,,,,,,,,,,,,,,,2,2026-03-02,ASTRID-01-GREY-7,,,SLIP ON SNEAKER,,,EA,,,,,,,,1,0,,1,,20.75,20.75,20.75,20.75,0.00,,20.75,FALSE,TRUE,FALSE,FALSE,,,,,,,,,,,,,,,,,,
SO2026-000280,1,0,2026-03-02,2026-03-03,2026-04-01,2026-03-03,,,,,Shopify,Shopify,,30,USD,88.25,88.25,101.97,88.25,0.00,0,0.00,0,0.00,13.72,0.00,,,,,101.97,,0.00,,,,,,,,,,,,,,,,,,,,,,,20001,10580,20001-2026-000280,,,,,,,,,Shopify Shipping,Alex Reed,Dario Lowe,Shopify Commerce,217 Barranca Pkwy,Dock 17,Commerce ship location,Irvine,CA,92609,Orange,USA,ship-shopify@example.com,(949) 555-2606,,,,,,,,,,,,,,,,,,,3,2026-03-02,ADELINE-03-BLUE-10,,,BUCKLE FRONT FLAT SANDALS,,,EA,,,,,,,,1,0,,1,,18.50,18.50,18.50,18.50,0.00,,18.50,FALSE,TRUE,FALSE,FALSE,,,,,,,,,,,,,,,,,,
SO2026-000281,1,0,2026-03-04,2026-03-05,2026-04-03,2026-03-04,,,,,Macys,Macys,,30,USD,80.00,80.00,91.06,80.00,0.00,0,0.00,0,0.00,11.06,0.00,,,,,91.06,,0.00,,,,,,,,,,,,,,,,,,,,,,,30005,10574,30005-2026-000281,,,,,,,,,Macys Shipping,Taylor Kim,Blake Jett,Macys Stores,215 King St,Dock 15,Department ship location,San Francisco,CA,94107,San Francisco,USA,ship-macys@example.com,(415) 555-2406,,,,,,,,,,,,,,,,,,,1,2026-03-04,FA13501DM-RINSEWSFT-32-30,809666858358,,Maya Basic Dark Handsand Wash Midrise Skinny Jeans,,,EA,,,,,,,,1,0,,1,,34.00,34.00,34.00,34.00,0.00,,34.00,FALSE,TRUE,FALSE,FALSE,,,,,,,,,,,,,,,,,,
SO2026-000281,1,0,2026-03-04,2026-03-05,2026-04-03,2026-03-04,,,,,Macys,Macys,,30,USD,80.00,80.00,91.06,80.00,0.00,0,0.00,0,0.00,11.06,0.00,,,,,91.06,,0.00,,,,,,,,,,,,,,,,,,,,,,,30005,10574,30005-2026-000281,,,,,,,,,Macys Shipping,Taylor Kim,Blake Jett,Macys Stores,215 King St,Dock 15,Department ship location,San Francisco,CA,94107,San Francisco,USA,ship-macys@example.com,(415) 555-2406,,,,,,,,,,,,,,,,,,,2,2026-03-04,ADELINE-02-BLACK-9,,,WOVEN SLIDE SANDAL,,,EA,,,,,,,,4,0,,4,,11.50,11.50,46.00,46.00,0.00,,46.00,FALSE,TRUE,FALSE,FALSE,,,,,,,,,,,,,,,,,,
SO2026-000282,1,0,2026-03-02,2026-03-07,2026-04-01,2026-03-03,,,,,Squarespace,Squarespace,,30,USD,136.00,136.00,142.01,136.00,0.00,0,0.00,0,0.00,6.01,0.00,,,,,142.01,,0.00,,,,,,,,,,,,,,,,,,,,,,,20006,10582,20006-2026-000282,,,,,,,,,Squarespace Shipping,Jamie Clark,Elin Marsh,Squarespace Digital,218 Camino Del Rio,Dock 18,Digital ship location,San Diego,CA,92108,San Diego,USA,ship-squarespace@example.com,(619) 555-2706,,,,,,,,,,,,,,,,,,,1,2026-03-02,FA13501DM-RINSEWSFT-26-30,809666858297,,Maya Basic Dark Handsand Wash Midrise Skinny Jeans,,,EA,,,,,,,,4,0,,4,,34.00,34.00,136.00,136.00,0.00,,136.00,FALSE,TRUE,FALSE,FALSE,,,,,,,,,,,,,,,,,,
SO2026-000283,1,0,2026-03-01,2026-03-05,2026-03-31,2026-03-02,,,,,Mirakl-HudsonsB,Mirakl HudsonsB,,30,USD,258.00,258.00,264.61,258.00,0.00,0,0.00,0,0.00,6.61,0.00,,,,,264.61,,0.00,,,,,,,,,,,,,,,,,,,,,,,10005,10577,10005-2026-000283,,,,,,,,,Mirakl HudsonsB Shipping,Morgan Lee,Yara Glenn,Mirakl HudsonsB Network,212 Quail Hill Pkwy,Dock 12,Network ship location,Irvine,CA,92607,Orange,USA,ship-mirakl-hudsonsb@example.com,(949) 555-2106,,,,,,,,,,,,,,,,,,,1,2026-03-01,CORA-01-LEOP-A12,,,CROSS FRONT SANDAL,,,EA,,,,,,,,2,0,,2,,129.00,129.00,258.00,258.00,0.00,,258.00,FALSE,TRUE,FALSE,FALSE,,,,,,,,,,,,,,,,,,
SO2026-000284,1,0,2026-03-02,2026-03-06,2026-04-01,2026-03-02,,,,,Macys,Macys,,30,USD,161.00,161.00,165.16,161.00,0.00,0,0.00,0,0.00,4.16,0.00,,,,,165.16,,0.00,,,,,,,,,,,,,,,,,,,,,,,30005,10574,30005-2026-000284,,,,,,,,,Macys Shipping,Taylor Kim,Blake Jett,Macys Stores,215 King St,Dock 15,Department ship location,San Francisco,CA,94107,San Francisco,USA,ship-macys@example.com,(415) 555-2406,,,,,,,,,,,,,,,,,,,1,2026-03-02,ADELINE-02-CAMEL-12,,,WOVEN SLIDE SANDAL,,,EA,,,,,,,,2,0,,2,,11.50,11.50,23.00,23.00,0.00,,23.00,FALSE,TRUE,FALSE,FALSE,,,,,,,,,,,,,,,,,,
SO2026-000284,1,0,2026-03-02,2026-03-06,2026-04-01,2026-03-02,,,,,Macys,Macys,,30,USD,161.00,161.00,165.16,161.00,0.00,0,0.00,0,0.00,4.16,0.00,,,,,165.16,,0.00,,,,,,,,,,,,,,,,,,,,,,,30005,10574,30005-2026-000284,,,,,,,,,Macys Shipping,Taylor Kim,Blake Jett,Macys Stores,215 King St,Dock 15,Department ship location,San Francisco,CA,94107,San Francisco,USA,ship-macys@example.com,(415) 555-2406,,,,,,,,,,,,,,,,,,,2,2026-03-02,ADELINE-02-NUDE-S,,,WOVEN SLIDE SANDAL,,,EA,,,,,,,,1,0,,1,,138.00,138.00,138.00,138.00,0.00,,138.00,FALSE,TRUE,FALSE,FALSE,,,,,,,,,,,,,,,,,,
SO2026-000285,1,0,2026-03-03,2026-03-04,2026-04-02,2026-03-05,,,,,Walmart-eComm,Walmart eComm,,30,USD,73.00,73.00,87.61,73.00,0.00,0,0.00,0,0.00,14.61,0.00,,,,,87.61,,0.00,,,,,,,,,,,,,,,,,,,,,,,10002,10566,10002-2026-000285,,,,,,,,,Walmart eComm Shipping,Morgan Lee,Gavin Orr,Walmart eComm Retail,220 Townsend St,Dock 20,National ship location,San Francisco,CA,94109,San Francisco,USA,ship-walmart-ecomm@example.com,(415) 555-2906,,,,,,,,,,,,,,,,,,,1,2026-03-03,CORA-01-CAME-7.5,,,CROSS FRONT SANDAL,,,EA,,,,,,,,4,0,,4,,10.75,10.75,43.00,43.00,0.00,,43.00,FALSE,TRUE,FALSE,FALSE,,,,,,,,,,,,,,,,,,
SO2026-000285,1,0,2026-03-03,2026-03-04,2026-04-02,2026-03-05,,,,,Walmart-eComm,Walmart eComm,,30,USD,73.00,73.00,87.61,73.00,0.00,0,0.00,0,0.00,14.61,0.00,,,,,87.61,,0.00,,,,,,,,,,,,,,,,,,,,,,,10002,10566,10002-2026-000285,,,,,,,,,Walmart eComm Shipping,Morgan Lee,Gavin Orr,Walmart eComm Retail,220 Townsend St,Dock 20,National ship location,San Francisco,CA,94109,San Francisco,USA,ship-walmart-ecomm@example.com,(415) 555-2906,,,,,,,,,,,,,,,,,,,2,2026-03-03,AUSTIN-06-NUDE-8.5,,,SNEAKER,,,EA,,,,,,,,3,0,,3,,10.00,10.00,30.00,30.00,0.00,,30.00,FALSE,TRUE,FALSE,FALSE,,,,,,,,,,,,,,,,,,
SO2026-000286,1,0,2026-03-02,2026-03-06,2026-04-01,2026-03-04,,,,,Walmart-eComm,Walmart eComm,,30,USD,48.75,48.75,65.28,48.75,0.00,0,0.00,0,0.00,16.53,0.00,,,,,65.28,,0.00,,,,,,,,,,,,,,,,,,,,,,,10002,10566,10002-2026-000286,,,,,,,,,Walmart eComm Shipping,Morgan Lee,Gavin Orr,Walmart eComm Retail,220 Townsend St,Dock 20,National ship location,San Francisco,CA,94109,San Francisco,USA,ship-walmart-ecomm@example.com,(415) 555-2906,,,,,,,,,,,,,,,,,,,1,2026-03-02,AVIANA-06-PINK-6,,,FUR SLIPPER,,,EA,,,,,,,,3,0,,3,,16.25,16.25,48.75,48.75,0.00,,48.75,FALSE,TRUE,FALSE,FALSE,,,,,,,,,,,,,,,,,,
SO2026-000287,1,0,2026-03-03,2026-03-07,2026-04-02,2026-03-04,,,,,AMZ-eCom,AMZ eCom,,30,USD,37.00,37.00,53.16,37.00,0.00,0,0.00,0,0.00,16.16,0.00,,,,,53.16,,0.00,,,,,,,,,,,,,,,,,,,,,,,10001,10565,10001-2026-000287,,,,,,,,,AMZ eCom Shipping,Alex Reed,Nora Lane,AMZ eCom Retail,201 Harbor Ave,Dock 1,Main ship location,Los Angeles,CA,90002,Los Angeles,USA,ship-amz-ecom@example.com,(213) 555-1006,,,,,,,,,,,,,,,,,,,1,2026-03-03,ADELINE-03-BLACK-9.5,,,BUCKLE FRONT FLAT SANDALS,,,EA,,,,,,,,2,0,,2,,18.50,18.50,37.00,37.00,0.00,,37.00,FALSE,TRUE,FALSE,FALSE,,,,,,,,,,,,,,,,,,
SO2026-000288,1,0,2026-03-04,2026-03-09,2026-04-03,2026-03-04,,,,,JCPenney,JCPenney,,30,USD,98.00,98.00,100.31,98.00,0.00,0,0.00,0,0.00,2.31,0.00,,,,,100.31,,0.00,,,,,,,,,,,,,,,,,,,,,,,30007,10575,30007-2026-000288,,,,,,,,,JCPenney Shipping,Alex Reed,Zane Holt,JCPenney Stores,213 Gateway Rd,Dock 13,Retail ship location,San Diego,CA,92106,San Diego,USA,ship-jcpenney@example.com,(619) 555-2206,,,,,,,,,,,,,,,,,,,1,2026-03-04,ADELINE-03-BLACK-8.5,,,BUCKLE FRONT FLAT SANDALS,,,EA,,,,,,,,4,0,,4,,18.50,18.50,74.00,74.00,0.00,,74.00,FALSE,TRUE,FALSE,FALSE,,,,,,,,,,,,,,,,,,
SO2026-000288,1,0,2026-03-04,2026-03-09,2026-04-03,2026-03-04,,,,,JCPenney,JCPenney,,30,USD,98.00,98.00,100.31,98.00,0.00,0,0.00,0,0.00,2.31,0.00,,,,,100.31,,0.00,,,,,,,,,,,,,,,,,,,,,,,30007,10575,30007-2026-000288,,,,,,,,,JCPenney Shipping,Alex Reed,Zane Holt,JCPenney Stores,213 Gateway Rd,Dock 13,Retail ship location,San Diego,CA,92106,San Diego,USA,ship-jcpenney@example.com,(619) 555-2206,,,,,,,,,,,,,,,,,,,2,2026-03-04,CAMILA-06-GREEN-7.5,,,COSS FRONT SLIP ON SLIDES,,,EA,,,,,,,,3,0,,3,,8.00,8.00,24.00,24.00,0.00,,24.00,FALSE,TRUE,FALSE,FALSE,,,,,,,,,,,,,,,,,,
SO2026-000289,1,0,2026-03-01,2026-03-02,2026-03-31,2026-03-01,,,,,Etsy-LS,Etsy LS,,30,USD,50.75,50.75,58.51,50.75,0.00,0,0.00,0,0.00,7.76,0.00,,,,,58.51,,0.00,,,,,,,,,,,,,,,,,,,,,,,10008,10571,10008-2026-000289,,,,,,,,,Etsy LS Shipping,Alex Reed,Rhea Moss,Etsy LS Marketplace,205 Mission St,Dock 5,Marketplace ship location,San Francisco,CA,94103,San Francisco,USA,ship-etsy-ls@example.com,(415) 555-1406,,,,,,,,,,,,,,,,,,,1,2026-03-01,AVIANA-06-WHITE-6,,,FUR SLIPPER,,,EA,,,,,,,,1,0,,1,,16.25,16.25,16.25,16.25,0.00,,16.25,FALSE,TRUE,FALSE,FALSE,,,,,,,,,,,,,,,,,,
SO2026-000289,1,0,2026-03-01,2026-03-02,2026-03-31,2026-03-01,,,,,Etsy-LS,Etsy LS,,30,USD,50.75,50.75,58.51,50.75,0.00,0,0.00,0,0.00,7.76,0.00,,,,,58.51,,0.00,,,,,,,,,,,,,,,,,,,,,,,10008,10571,10008-2026-000289,,,,,,,,,Etsy LS Shipping,Alex Reed,Rhea Moss,Etsy LS Marketplace,205 Mission St,Dock 5,Marketplace ship location,San Francisco,CA,94103,San Francisco,USA,ship-etsy-ls@example.com,(415) 555-1406,,,,,,,,,,,,,,,,,,,2,2026-03-01,ADELINE-02-BLACK-8.5,,,WOVEN SLIDE SANDAL,,,EA,,,,,,,,3,0,,3,,11.50,11.50,34.50,34.50,0.00,,34.50,FALSE,TRUE,FALSE,FALSE,,,,,,,,,,,,,,,,,,
SO2026-000290,1,0,2026-03-04,2026-03-06,2026-04-03,2026-03-05,,,,,Mirakl-Kohls,Mirakl Kohls,,30,USD,78.50,78.50,96.49,78.50,0.00,0,0.00,0,0.00,17.99,0.00,,,,,96.49,,0.00,,,,,,,,,,,,,,,,,,,,,,,10013,10576,10013-2026-000290,,,,,,,,,Mirakl Kohls Shipping,Jamie Clark,Asha Ives,Mirakl Kohls Network,214 Silver Creek Rd,Dock 14,Partner ship location,San Jose,CA,95115,Santa Clara,USA,ship-mirakl-kohls@example.com,(408) 555-2306,,,,,,,,,,,,,,,,,,,1,2026-03-04,ADELINE-02-WHITE-12,,,WOVEN SLIDE SANDAL,,,EA,,,,,,,,4,0,,4,,11.50,11.50,46.00,46.00,0.00,,46.00,FALSE,TRUE,FALSE,FALSE,,,,,,,,,,,,,,,,,,
SO2026-000290,1,0,2026-03-04,2026-03-06,2026-04-03,2026-03-05,,,,,Mirakl-Kohls,Mirakl Kohls,,30,USD,78.50,78.50,96.49,78.50,0.00,0,0.00,0,0.00,17.99,0.00,,,,,96.49,,0.00,,,,,,,,,,,,,,,,,,,,,,,10013,10576,10013-2026-000290,,,,,,,,,Mirakl Kohls Shipping,Jamie Clark,Asha Ives,Mirakl Kohls Network,214 Silver Creek Rd,Dock 14,Partner ship location,San Jose,CA,95115,Santa Clara,USA,ship-mirakl-kohls@example.com,(408) 555-2306,,,,,,,,,,,,,,,,,,,2,2026-03-04,AVIANA-06-BLACK-12,,,FUR SLIPPER,,,EA,,,,,,,,2,0,,2,,16.25,16.25,32.50,32.50,0.00,,32.50,FALSE,TRUE,FALSE,FALSE,,,,,,,,,,,,,,,,,,
SO2026-000291,1,0,2026-03-01,2026-03-02,2026-03-31,2026-03-03,,,,,Etsy-LS,Etsy LS,,30,USD,67.00,67.00,71.26,67.00,0.00,0,0.00,0,0.00,4.26,0.00,,,,,71.26,,0.00,,,,,,,,,,,,,,,,,,,,,,,10008,10571,10008-2026-000291,,,,,,,,,Etsy LS Shipping,Alex Reed,Rhea Moss,Etsy LS Marketplace,205 Mission St,Dock 5,Marketplace ship location,San Francisco,CA,94103,San Francisco,USA,ship-etsy-ls@example.com,(415) 555-1406,,,,,,,,,,,,,,,,,,,1,2026-03-01,CAMILA-06-BLACK-9.5,,,COSS FRONT SLIP ON SLIDES,,,EA,,,,,,,,3,0,,3,,8.00,8.00,24.00,24.00,0.00,,24.00,FALSE,TRUE,FALSE,FALSE,,,,,,,,,,,,,,,,,,
SO2026-000291,1,0,2026-03-01,2026-03-02,2026-03-31,2026-03-03,,,,,Etsy-LS,Etsy LS,,30,USD,67.00,67.00,71.26,67.00,0.00,0,0.00,0,0.00,4.26,0.00,,,,,71.26,,0.00,,,,,,,,,,,,,,,,,,,,,,,10008,10571,10008-2026-000291,,,,,,,,,Etsy LS Shipping,Alex Reed,Rhea Moss,Etsy LS Marketplace,205 Mission St,Dock 5,Marketplace ship location,San Francisco,CA,94103,San Francisco,USA,ship-etsy-ls@example.com,(415) 555-1406,,,,,,,,,,,,,,,,,,,2,2026-03-01,CORA-01-TAUP-11,,,CROSS FRONT SANDAL,,,EA,,,,,,,,4,0,,4,,10.75,10.75,43.00,43.00,0.00,,43.00,FALSE,TRUE,FALSE,FALSE,,,,,,,,,,,,,,,,,,
SO2026-000292,1,0,2026-03-04,2026-03-05,2026-04-03,2026-03-05,,,,,Mirakl-Kohls,Mirakl Kohls,,30,USD,146.25,146.25,157.54,146.25,0.00,0,0.00,0,0.00,11.29,0.00,,,,,157.54,,0.00,,,,,,,,,,,,,,,,,,,,,,,10013,10576,10013-2026-000292,,,,,,,,,Mirakl Kohls Shipping,Jamie Clark,Asha Ives,Mirakl Kohls Network,214 Silver Creek Rd,Dock 14,Partner ship location,San Jose,CA,95115,Santa Clara,USA,ship-mirakl-kohls@example.com,(408) 555-2306,,,,,,,,,,,,,,,,,,,1,2026-03-04,ADELINE-02-WHITE-5.5,,,WOVEN SLIDE SANDAL,,,EA,,,,,,,,4,0,,4,,11.50,11.50,46.00,46.00,0.00,,46.00,FALSE,TRUE,FALSE,FALSE,,,,,,,,,,,,,,,,,,
SO2026-000292,1,0,2026-03-04,2026-03-05,2026-04-03,2026-03-05,,,,,Mirakl-Kohls,Mirakl Kohls,,30,USD,146.25,146.25,157.54,146.25,0.00,0,0.00,0,0.00,11.29,0.00,,,,,157.54,,0.00,,,,,,,,,,,,,,,,,,,,,,,10013,10576,10013-2026-000292,,,,,,,,,Mirakl Kohls Shipping,Jamie Clark,Asha Ives,Mirakl Kohls Network,214 Silver Creek Rd,Dock 14,Partner ship location,San Jose,CA,95115,Santa Clara,USA,ship-mirakl-kohls@example.com,(408) 555-2306,,,,,,,,,,,,,,,,,,,2,2026-03-04,CORA-01-LEOP-9,,,CROSS FRONT SANDAL,,,EA,,,,,,,,3,0,,3,,10.75,10.75,32.25,32.25,0.00,,32.25,FALSE,TRUE,FALSE,FALSE,,,,,,,,,,,,,,,,,,
SO2026-000292,1,0,2026-03-04,2026-03-05,2026-04-03,2026-03-05,,,,,Mirakl-Kohls,Mirakl Kohls,,30,USD,146.25,146.25,157.54,146.25,0.00,0,0.00,0,0.00,11.29,0.00,,,,,157.54,,0.00,,,,,,,,,,,,,,,,,,,,,,,10013,10576,10013-2026-000292,,,,,,,,,Mirakl Kohls Shipping,Jamie Clark,Asha Ives,Mirakl Kohls Network,214 Silver Creek Rd,Dock 14,Partner ship location,San Jose,CA,95115,Santa Clara,USA,ship-mirakl-kohls@example.com,(408) 555-2306,,,,,,,,,,,,,,,,,,,3,2026-03-04,F13031C-1742VNTGST-25-STD,809666255058,,Cayden Vintage Beujolias Corduroy Skinny Jeans,,,EA,,,,,,,,2,0,,2,,34.00,34.00,68.00,68.00,0.00,,68.00,FALSE,TRUE,FALSE,FALSE,,,,,,,,,,,,,,,,,,
SO2026-000293,1,0,2026-03-02,2026-03-06,2026-04-01,2026-03-03,,,,,Magento,Magento,,30,USD,259.00,259.00,268.37,259.00,0.00,0,0.00,0,0.00,9.37,0.00,,,,,268.37,,0.00,,,,,,,,,,,,,,,,,,,,,,,20003,10581,20003-2026-000293,,,,,,,,,Magento Shipping,Morgan Lee,Cora Knox,Magento Platform,216 Century Blvd,Dock 16,Platform ship location,Los Angeles,CA,90008,Los Angeles,USA,ship-magento@example.com,(213) 555-2506,,,,,,,,,,,,,,,,,,,1,2026-03-02,CAMILA-06-NUDE-B12,,,COSS FRONT SLIP ON SLIDES,,,EA,,,,,,,,2,0,,2,,96.00,96.00,192.00,192.00,0.00,,192.00,FALSE,TRUE,FALSE,FALSE,,,,,,,,,,,,,,,,,,
SO2026-000293,1,0,2026-03-02,2026-03-06,2026-04-01,2026-03-03,,,,,Magento,Magento,,30,USD,259.00,259.00,268.37,259.00,0.00,0,0.00,0,0.00,9.37,0.00,,,,,268.37,,0.00,,,,,,,,,,,,,,,,,,,,,,,20003,10581,20003-2026-000293,,,,,,,,,Magento Shipping,Morgan Lee,Cora Knox,Magento Platform,216 Century Blvd,Dock 16,Platform ship location,Los Angeles,CA,90008,Los Angeles,USA,ship-magento@example.com,(213) 555-2506,,,,,,,,,,,,,,,,,,,2,2026-03-02,ADELINE-02-NUDE-8,,,WOVEN SLIDE SANDAL,,,EA,,,,,,,,3,0,,3,,11.50,11.50,34.50,34.50,0.00,,34.50,FALSE,TRUE,FALSE,FALSE,,,,,,,,,,,,,,,,,,
SO2026-000293,1,0,2026-03-02,2026-03-06,2026-04-01,2026-03-03,,,,,Magento,Magento,,30,USD,259.00,259.00,268.37,259.00,0.00,0,0.00,0,0.00,9.37,0.00,,,,,268.37,,0.00,,,,,,,,,,,,,,,,,,,,,,,20003,10581,20003-2026-000293,,,,,,,,,Magento Shipping,Morgan Lee,Cora Knox,Magento Platform,216 Century Blvd,Dock 16,Platform ship location,Los Angeles,CA,90008,Los Angeles,USA,ship-magento@example.com,(213) 555-2506,,,,,,,,,,,,,,,,,,,3,2026-03-02,AVIANA-06-WHITE-6.5,,,FUR SLIPPER,,,EA,,,,,,,,2,0,,2,,16.25,16.25,32.50,32.50,0.00,,32.50,FALSE,TRUE,FALSE,FALSE,,,,,,,,,,,,,,,,,,
SO2026-000294,1,0,2026-03-01,2026-03-02,2026-03-31,2026-03-03,,,,,Mirakl-HudsonsB,Mirakl HudsonsB,,30,USD,196.00,196.00,198.37,196.00,0.00,0,0.00,0,0.00,2.37,0.00,,,,,198.37,,0.00,,,,,,,,,,,,,,,,,,,,,,,10005,10577,10005-2026-000294,,,,,,,,,Mirakl HudsonsB Shipping,Morgan Lee,Yara Glenn,Mirakl HudsonsB Network,212 Quail Hill Pkwy,Dock 12,Network ship location,Irvine,CA,92607,Orange,USA,ship-mirakl-hudsonsb@example.com,(949) 555-2106,,,,,,,,,,,,,,,,,,,1,2026-03-01,FD3601734-MEDBLEACH-XL-STD,809666438451,,Ally Women's Full Sleeve Denim Shirt Dress,,,EA,,,,,,,,2,0,,2,,98.00,98.00,196.00,196.00,0.00,,196.00,FALSE,TRUE,FALSE,FALSE,,,,,,,,,,,,,,,,,,
SO2026-000295,1,0,2026-03-04,2026-03-05,2026-04-03,2026-03-05,,,,,Macys,Macys,,30,USD,78.00,78.00,78.39,78.00,0.00,0,0.00,0,0.00,0.39,0.00,,,,,78.39,,0.00,,,,,,,,,,,,,,,,,,,,,,,30005,10574,30005-2026-000295,,,,,,,,,Macys Shipping,Taylor Kim,Blake Jett,Macys Stores,215 King St,Dock 15,Department ship location,San Francisco,CA,94107,San Francisco,USA,ship-macys@example.com,(415) 555-2406,,,,,,,,,,,,,,,,,,,1,2026-03-04,FB3601737-3219UNFORGV-30-STD,809666434408,,Rainie Light Hand-Sanded Denim Stretch High-Waist Slit Hem Jeans,,,EA,,,,,,,,2,0,,2,,39.00,39.00,78.00,78.00,0.00,,78.00,FALSE,TRUE,FALSE,FALSE,,,,,,,,,,,,,,,,,,
SO2026-000296,1,0,2026-03-02,2026-03-02,2026-04-01,2026-03-02,,,,,JCPenney,JCPenney,,30,USD,54.00,54.00,69.73,54.00,0.00,0,0.00,0,0.00,15.73,0.00,,,,,69.73,,0.00,,,,,,,,,,,,,,,,,,,,,,,30007,10575,30007-2026-000296,,,,,,,,,JCPenney Shipping,Alex Reed,Zane Holt,JCPenney Stores,213 Gateway Rd,Dock 13,Retail ship location,San Diego,CA,92106,San Diego,USA,ship-jcpenney@example.com,(619) 555-2206,,,,,,,,,,,,,,,,,,,1,2026-03-02,FA13501DM-RINSEWSFT-29-30,809666858327,,Maya Basic Dark Handsand Wash Midrise Skinny Jeans,,,EA,,,,,,,,1,0,,1,,34.00,34.00,34.00,34.00,0.00,,34.00,FALSE,TRUE,FALSE,FALSE,,,,,,,,,,,,,,,,,,
SO2026-000296,1,0,2026-03-02,2026-03-02,2026-04-01,2026-03-02,,,,,JCPenney,JCPenney,,30,USD,54.00,54.00,69.73,54.00,0.00,0,0.00,0,0.00,15.73,0.00,,,,,69.73,,0.00,,,,,,,,,,,,,,,,,,,,,,,30007,10575,30007-2026-000296,,,,,,,,,JCPenney Shipping,Alex Reed,Zane Holt,JCPenney Stores,213 Gateway Rd,Dock 13,Retail ship location,San Diego,CA,92106,San Diego,USA,ship-jcpenney@example.com,(619) 555-2206,,,,,,,,,,,,,,,,,,,2,2026-03-02,AUSTIN-06-BLACK-8,,,SNEAKER,,,EA,,,,,,,,2,0,,2,,10.00,10.00,20.00,20.00,0.00,,20.00,FALSE,TRUE,FALSE,FALSE,,,,,,,,,,,,,,,,,,
SO2026-000297,1,0,2026-03-02,2026-03-04,2026-04-01,2026-03-02,,,,,AMZ-eCom,AMZ eCom,,30,USD,388.75,388.75,388.97,388.75,0.00,0,0.00,0,0.00,0.22,0.00,,,,,388.97,,0.00,,,,,,,,,,,,,,,,,,,,,,,10001,10565,10001-2026-000297,,,,,,,,,AMZ eCom Shipping,Alex Reed,Nora Lane,AMZ eCom Retail,201 Harbor Ave,Dock 1,Main ship location,Los Angeles,CA,90002,Los Angeles,USA,ship-amz-ecom@example.com,(213) 555-1006,,,,,,,,,,,,,,,,,,,1,2026-03-02,CORA-01-FUCH-11,,,CROSS FRONT SANDAL,,,EA,,,,,,,,1,0,,1,,10.75,10.75,10.75,10.75,0.00,,10.75,FALSE,TRUE,FALSE,FALSE,,,,,,,,,,,,,,,,,,
SO2026-000297,1,0,2026-03-02,2026-03-04,2026-04-01,2026-03-02,,,,,AMZ-eCom,AMZ eCom,,30,USD,388.75,388.75,388.97,388.75,0.00,0,0.00,0,0.00,0.22,0.00,,,,,388.97,,0.00,,,,,,,,,,,,,,,,,,,,,,,10001,10565,10001-2026-000297,,,,,,,,,AMZ eCom Shipping,Alex Reed,Nora Lane,AMZ eCom Retail,201 Harbor Ave,Dock 1,Main ship location,Los Angeles,CA,90002,Los Angeles,USA,ship-amz-ecom@example.com,(213) 555-1006,,,,,,,,,,,,,,,,,,,2,2026-03-02,AUSTIN-06-NUDE-B12,,,SNEAKER,,,EA,,,,,,,,2,0,,2,,120.00,120.00,240.00,240.00,0.00,,240.00,FALSE,TRUE,FALSE,FALSE,,,,,,,,,,,,,,,,,,
SO2026-000297,1,0,2026-03-02,2026-03-04,2026-04-01,2026-03-02,,,,,AMZ-eCom,AMZ eCom,,30,USD,388.75,388.75,388.97,388.75,0.00,0,0.00,0,0.00,0.22,0.00,,,,,388.97,,0.00,,,,,,,,,,,,,,,,,,,,,,,10001,10565,10001-2026-000297,,,,,,,,,AMZ eCom Shipping,Alex Reed,Nora Lane,AMZ eCom Retail,201 Harbor Ave,Dock 1,Main ship location,Los Angeles,CA,90002,Los Angeles,USA,ship-amz-ecom@example.com,(213) 555-1006,,,,,,,,,,,,,,,,,,,3,2026-03-02,ADELINE-02-PINK-A12,,,WOVEN SLIDE SANDAL,,,EA,,,,,,,,1,0,,1,,138.00,138.00,138.00,138.00,0.00,,138.00,FALSE,TRUE,FALSE,FALSE,,,,,,,,,,,,,,,,,,
SO2026-000298,1,0,2026-03-04,2026-03-04,2026-04-03,2026-03-04,,,,,Etsy-VS,Etsy VS,,30,USD,98.00,98.00,107.81,98.00,0.00,0,0.00,0,0.00,9.81,0.00,,,,,107.81,,0.00,,,,,,,,,,,,,,,,,,,,,,,10008,10572,10008-2026-000298,,,,,,,,,Etsy VS Shipping,Jamie Clark,Soren Vale,Etsy VS Marketplace,206 Pacific Hwy,Dock 6,Seasonal ship location,Los Angeles,CA,90004,Los Angeles,USA,ship-etsy-vs@example.com,(213) 555-1506,,,,,,,,,,,,,,,,,,,1,2026-03-04,CAMILA-06-NUDE-5,,,COSS FRONT SLIP ON SLIDES,,,EA,,,,,,,,3,0,,3,,8.00,8.00,24.00,24.00,0.00,,24.00,FALSE,TRUE,FALSE,FALSE,,,,,,,,,,,,,,,,,,
SO2026-000298,1,0,2026-03-04,2026-03-04,2026-04-03,2026-03-04,,,,,Etsy-VS,Etsy VS,,30,USD,98.00,98.00,107.81,98.00,0.00,0,0.00,0,0.00,9.81,0.00,,,,,107.81,,0.00,,,,,,,,,,,,,,,,,,,,,,,10008,10572,10008-2026-000298,,,,,,,,,Etsy VS Shipping,Jamie Clark,Soren Vale,Etsy VS Marketplace,206 Pacific Hwy,Dock 6,Seasonal ship location,Los Angeles,CA,90004,Los Angeles,USA,ship-etsy-vs@example.com,(213) 555-1506,,,,,,,,,,,,,,,,,,,2,2026-03-04,ADELINE-03-BLACK-8,,,BUCKLE FRONT FLAT SANDALS,,,EA,,,,,,,,4,0,,4,,18.50,18.50,74.00,74.00,0.00,,74.00,FALSE,TRUE,FALSE,FALSE,,,,,,,,,,,,,,,,,,
SO2026-000299,1,0,2026-03-04,2026-03-06,2026-04-03,2026-03-06,,,,,JCPenney,JCPenney,,30,USD,41.50,41.50,45.91,41.50,0.00,0,0.00,0,0.00,4.41,0.00,,,,,45.91,,0.00,,,,,,,,,,,,,,,,,,,,,,,30007,10575,30007-2026-000299,,,,,,,,,JCPenney Shipping,Alex Reed,Zane Holt,JCPenney Stores,213 Gateway Rd,Dock 13,Retail ship location,San Diego,CA,92106,San Diego,USA,ship-jcpenney@example.com,(619) 555-2206,,,,,,,,,,,,,,,,,,,1,2026-03-04,ASTRID-01-NUDE-5.5,,,SLIP ON SNEAKER,,,EA,,,,,,,,2,0,,2,,20.75,20.75,41.50,41.50,0.00,,41.50,FALSE,TRUE,FALSE,FALSE,,,,,,,,,,,,,,,,,,
SO2026-000300,1,0,2026-03-01,2026-03-05,2026-03-31,2026-03-02,,,,,JCPenney,JCPenney,,30,USD,102.00,102.00,108.13,102.00,0.00,0,0.00,0,0.00,6.13,0.00,,,,,108.13,,0.00,,,,,,,,,,,,,,,,,,,,,,,30007,10575,30007-2026-000300,,,,,,,,,JCPenney Shipping,Alex Reed,Zane Holt,JCPenney Stores,213 Gateway Rd,Dock 13,Retail ship location,San Diego,CA,92106,San Diego,USA,ship-jcpenney@example.com,(619) 555-2206,,,,,,,,,,,,,,,,,,,1,2026-03-01,F13031C-1742VNTGST-29-STD,809666255096,,Cayden Vintage Beujolias Corduroy Skinny Jeans,,,EA,,,,,,,,3,0,,3,,34.00,34.00,102.00,102.00,0.00,,102.00,FALSE,TRUE,FALSE,FALSE,,,,,,,,,,,,,,,,,,
