InvoiceNumber,OrderNumber,InvoiceType,InvoiceStatus,InvoiceDate,DueDate,BillDate,ShipDate,CustomerCode,CustomerName,Terms,TermsDays,Currency,SubTotalAmount,SalesAmount,TotalAmount,TaxableAmount,NonTaxableAmount,TaxRate,TaxAmount,DiscountRate,DiscountAmount,ShippingAmount,ShippingTaxAmount,MiscAmount,MiscTaxAmount,ChargeAndAllowanceAmount,ChannelAmount,PaidAmount,CreditAmount,Balance,SalesRep,SalesRep2,SalesRep3,SalesRep4,CommissionRate,CommissionRate2,CommissionRate3,CommissionRate4,CommissionAmount,CommissionAmount2,CommissionAmount3,CommissionAmount4,TotalWeight,ActualWeight,IsEdi,OrderShipmentNum,ShippingCarrier,ShippingClass,DistributionCenterNum,CentralOrderNum,ChannelNum,ChannelAccountNum,ChannelOrderID,SecondaryChannelOrderID,ShippingAccount,RefNum,CustomerPoNum,EndBuyerUserId,EndBuyerName,EndBuyerEmail,ShipToName,ShipToSuffix,ShipToCompany,ShipToAddressLine1,ShipToAddressLine2,ShipToCity,ShipToState,ShipToPostalCode,ShipToCounty,ShipToCountry,ShipToEmail,ShipToDaytimePhone,BillToName,BillToCompany,BillToAddressLine1,BillToAddressLine2,BillToCity,BillToState,BillToPostalCode,BillToCounty,BillToCountry,BillToEmail,BillToDaytimePhone,Notes,DepartmentCode,DivisionCode,Seq,InvoiceItemType,InvoiceItemStatus,ItemDate,EtaArrivalDate,SKU,WarehouseCode,LotNum,Description,UOM,PackType,PackQty,OrderPack,ShipPack,CancelledPack,OpenPack,OrderQty,ShipQty,CancelledQty,OpenQty,PriceRule,Price,DiscountPrice,ExtAmount,ItemTotalAmount,OrderAmount,CancelledAmount,OpenAmount,Stockable,Taxable,Costable,IsProfit,DBChannelOrderLineRowID,ItemDiscountRate,ItemDiscountAmount,ItemNotes,ChannelItemID,UPC,EAN,MPN,ExternalBarcode,CustomerSKU,PodInfo
INV-SO2026-000001-000001,SO2026-000001,1,4,2026-02-26,2026-02-28,2026-02-27,2026-02-26,JCPenney,JCPenney,,,USD,168.50,173.99,173.99,168.50,0.00,0,0.00,0,0.00,5.49,0.00,,,,,173.99,,0.00,,,,,,,,,,,,,,,,,,,,,30007,10575,30007-2026-000001,,,,,,,,JCPenney Shipping,,JCPenney Stores,213 Gateway Rd,Dock 13,San Diego,CA,92106,San Diego,USA,ship-jcpenney@example.com,(619) 555-2206,,,,,,,,,,,,,,,,,,2026-02-26,,CORA-01-YLW-5,,,,EA,,,,,,,2,2,0,0,,10.75,10.75,21.50,21.50,0,0,0,FALSE,TRUE,FALSE,FALSE,,,,,,,,,,,
INV-SO2026-000001-000001,SO2026-000001,1,4,2026-02-26,2026-02-28,2026-02-27,2026-02-26,JCPenney,JCPenney,,,USD,168.50,173.99,173.99,168.50,0.00,0,0.00,0,0.00,5.49,0.00,,,,,173.99,,0.00,,,,,,,,,,,,,,,,,,,,,30007,10575,30007-2026-000001,,,,,,,,JCPenney Shipping,,JCPenney Stores,213 Gateway Rd,Dock 13,San Diego,CA,92106,San Diego,USA,ship-jcpenney@example.com,(619) 555-2206,,,,,,,,,,,,,,,,,,2026-02-26,,FD3601033-3022FROZENPD-L-STD,,,,EA,,,,,,,3,3,0,0,,49.00,49.00,147.00,147.00,0,0,0,FALSE,TRUE,FALSE,FALSE,,,,,,,,,,,
INV-SO2026-000002-000002,SO2026-000002,1,4,2026-02-24,2026-02-28,2026-02-26,2026-02-24,Etsy-VS,Etsy VS,,,USD,182.00,187.02,187.02,182.00,0.00,0,0.00,0,0.00,5.02,0.00,,,,,187.02,,0.00,,,,,,,,,,,,,,,,,,,,,10008,10572,10008-2026-000002,,,,,,,,Etsy VS Shipping,,Etsy VS Marketplace,206 Pacific Hwy,Dock 6,Los Angeles,CA,90004,Los Angeles,USA,ship-etsy-vs@example.com,(213) 555-1506,,,,,,,,,,,,,,,,,,2026-02-24,,FA13512DM-1847DPOCN-32-32,,,,EA,,,,,,,2,2,0,0,,34.00,34.00,68.00,68.00,0,0,0,FALSE,TRUE,FALSE,FALSE,,,,,,,,,,,
INV-SO2026-000002-000002,SO2026-000002,1,4,2026-02-24,2026-02-28,2026-02-26,2026-02-24,Etsy-VS,Etsy VS,,,USD,182.00,187.02,187.02,182.00,0.00,0,0.00,0,0.00,5.02,0.00,,,,,187.02,,0.00,,,,,,,,,,,,,,,,,,,,,10008,10572,10008-2026-000002,,,,,,,,Etsy VS Shipping,,Etsy VS Marketplace,206 Pacific Hwy,Dock 6,Los Angeles,CA,90004,Los Angeles,USA,ship-etsy-vs@example.com,(213) 555-1506,,,,,,,,,,,,,,,,,,2026-02-24,,AUSTIN-06-CAMEL-7,,,,EA,,,,,,,4,4,0,0,,10.00,10.00,40.00,40.00,0,0,0,FALSE,TRUE,FALSE,FALSE,,,,,,,,,,,
INV-SO2026-000002-000002,SO2026-000002,1,4,2026-02-24,2026-02-28,2026-02-26,2026-02-24,Etsy-VS,Etsy VS,,,USD,182.00,187.02,187.02,182.00,0.00,0,0.00,0,0.00,5.02,0.00,,,,,187.02,,0.00,,,,,,,,,,,,,,,,,,,,,10008,10572,10008-2026-000002,,,,,,,,Etsy VS Shipping,,Etsy VS Marketplace,206 Pacific Hwy,Dock 6,Los Angeles,CA,90004,Los Angeles,USA,ship-etsy-vs@example.com,(213) 555-1506,,,,,,,,,,,,,,,,,,2026-02-24,,ADELINE-03-BROWN-8.5,,,,EA,,,,,,,4,4,0,0,,18.50,18.50,74.00,74.00,0,0,0,FALSE,TRUE,FALSE,FALSE,,,,,,,,,,,
INV-SO2026-000003-000003,SO2026-000003,1,4,2026-01-23,2026-02-22,2026-01-23,2026-01-23,AMZ-eCom,AMZ eCom,,,USD,248.50,257.73,257.73,248.50,0.00,0,0.00,0,0.00,9.23,0.00,,,,,257.73,,0.00,,,,,,,,,,,,,,,,,,,,,10001,10565,10001-2026-000003,,,,,,,,AMZ eCom Shipping,,AMZ eCom Retail,201 Harbor Ave,Dock 1,Los Angeles,CA,90002,Los Angeles,USA,ship-amz-ecom@example.com,(213) 555-1006,,,,,,,,,,,,,,,,,,2026-01-23,,ADELINE-03-GOLD-9,,,,EA,,,,,,,3,3,0,0,,18.50,18.50,55.50,55.50,0,0,0,FALSE,TRUE,FALSE,FALSE,,,,,,,,,,,
INV-SO2026-000003-000003,SO2026-000003,1,4,2026-01-23,2026-02-22,2026-01-23,2026-01-23,AMZ-eCom,AMZ eCom,,,USD,248.50,257.73,257.73,248.50,0.00,0,0.00,0,0.00,9.23,0.00,,,,,257.73,,0.00,,,,,,,,,,,,,,,,,,,,,10001,10565,10001-2026-000003,,,,,,,,AMZ eCom Shipping,,AMZ eCom Retail,201 Harbor Ave,Dock 1,Los Angeles,CA,90002,Los Angeles,USA,ship-amz-ecom@example.com,(213) 555-1006,,,,,,,,,,,,,,,,,,2026-01-23,,ADELINE-03-BLACK-7.5,,,,EA,,,,,,,2,2,0,0,,18.50,18.50,37.00,37.00,0,0,0,FALSE,TRUE,FALSE,FALSE,,,,,,,,,,,
INV-SO2026-000003-000003,SO2026-000003,1,4,2026-01-23,2026-02-22,2026-01-23,2026-01-23,AMZ-eCom,AMZ eCom,,,USD,248.50,257.73,257.73,248.50,0.00,0,0.00,0,0.00,9.23,0.00,,,,,257.73,,0.00,,,,,,,,,,,,,,,,,,,,,10001,10565,10001-2026-000003,,,,,,,,AMZ eCom Shipping,,AMZ eCom Retail,201 Harbor Ave,Dock 1,Los Angeles,CA,90002,Los Angeles,USA,ship-amz-ecom@example.com,(213) 555-1006,,,,,,,,,,,,,,,,,,2026-01-23,,FA16105WV-MIDNIGHTCAMO,,,,EA,,,,,,,4,4,0,0,,39.00,39.00,156.00,156.00,0,0,0,FALSE,TRUE,FALSE,FALSE,,,,,,,,,,,
INV-SO2026-000004-000004,SO2026-000004,1,4,2026-01-06,2026-02-05,2026-01-06,2026-01-10,Magento,Magento,,,USD,129.00,145.93,145.93,129.00,0.00,0,0.00,0,0.00,16.93,0.00,,,,,145.93,,0.00,,,,,,,,,,,,,,,,,,,,,20003,10581,20003-2026-000004,,,,,,,,Magento Shipping,,Magento Platform,216 Century Blvd,Dock 16,Los Angeles,CA,90008,Los Angeles,USA,ship-magento@example.com,(213) 555-2506,,,,,,,,,,,,,,,,,,2026-01-06,,CORA-01-YLW-B12,,,,EA,,,,,,,1,1,0,0,,129.00,129.00,129.00,129.00,0,0,0,FALSE,TRUE,FALSE,FALSE,,,,,,,,,,,
INV-SO2026-000005-000005,SO2026-000005,1,4,2026-02-02,2026-02-28,2026-02-03,2026-02-02,Etsy-LS,Etsy LS,,,USD,196.00,197.42,197.42,196.00,0.00,0,0.00,0,0.00,1.42,0.00,,,,,197.42,,0.00,,,,,,,,,,,,,,,,,,,,,10008,10571,10008-2026-000005,,,,,,,,Etsy LS Shipping,,Etsy LS Marketplace,205 Mission St,Dock 5,San Francisco,CA,94103,San Francisco,USA,ship-etsy-ls@example.com,(415) 555-1406,,,,,,,,,,,,,,,,,,2026-02-02,,FD9801506P-BLACKBROWN-3X-STD,,,,EA,,,,,,,4,4,0,0,,49.00,49.00,196.00,196.00,0,0,0,FALSE,TRUE,FALSE,FALSE,,,,,,,,,,,
INV-SO2026-000006-000006,SO2026-000006,1,4,2026-02-16,2026-02-28,2026-02-17,2026-02-20,Etsy-LS,Etsy LS,,,USD,63.75,63.75,63.75,63.75,0.00,0,0.00,0,0.00,0.00,0.00,,,,,63.75,,0.00,,,,,,,,,,,,,,,,,,,,,10008,10571,10008-2026-000006,,,,,,,,Etsy LS Shipping,,Etsy LS Marketplace,205 Mission St,Dock 5,San Francisco,CA,94103,San Francisco,USA,ship-etsy-ls@example.com,(415) 555-1406,,,,,,,,,,,,,,,,,,2026-02-16,,CORA-01-YLW-8.5,,,,EA,,,,,,,4,4,0,0,,10.75,10.75,43.00,43.00,0,0,0,FALSE,TRUE,FALSE,FALSE,,,,,,,,,,,
INV-SO2026-000006-000006,SO2026-000006,1,4,2026-02-16,2026-02-28,2026-02-17,2026-02-20,Etsy-LS,Etsy LS,,,USD,63.75,63.75,63.75,63.75,0.00,0,0.00,0,0.00,0.00,0.00,,,,,63.75,,0.00,,,,,,,,,,,,,,,,,,,,,10008,10571,10008-2026-000006,,,,,,,,Etsy LS Shipping,,Etsy LS Marketplace,205 Mission St,Dock 5,San Francisco,CA,94103,San Francisco,USA,ship-etsy-ls@example.com,(415) 555-1406,,,,,,,,,,,,,,,,,,2026-02-16,,ASTRID-01-BLUSH-11,,,,EA,,,,,,,1,1,0,0,,20.75,20.75,20.75,20.75,0,0,0,FALSE,TRUE,FALSE,FALSE,,,,,,,,,,,
INV-SO2026-000007-000007,SO2026-000007,1,4,2026-02-16,2026-02-28,2026-02-18,2026-02-18,Mirakl-HudsonsB,Mirakl HudsonsB,,,USD,125.50,125.76,125.76,125.50,0.00,0,0.00,0,0.00,0.26,0.00,,,,,125.76,,0.00,,,,,,,,,,,,,,,,,,,,,10005,10577,10005-2026-000007,,,,,,,,Mirakl HudsonsB Shipping,,Mirakl HudsonsB Network,212 Quail Hill Pkwy,Dock 12,Irvine,CA,92607,Orange,USA,ship-mirakl-hudsonsb@example.com,(949) 555-2106,,,,,,,,,,,,,,,,,,2026-02-16,,FA16023WV-SMOKELEOPARD-M-STD,,,,EA,,,,,,,2,2,0,0,,40.00,40.00,80.00,80.00,0,0,0,FALSE,TRUE,FALSE,FALSE,,,,,,,,,,,
INV-SO2026-000007-000007,SO2026-000007,1,4,2026-02-16,2026-02-28,2026-02-18,2026-02-18,Mirakl-HudsonsB,Mirakl HudsonsB,,,USD,125.50,125.76,125.76,125.50,0.00,0,0.00,0,0.00,0.26,0.00,,,,,125.76,,0.00,,,,,,,,,,,,,,,,,,,,,10005,10577,10005-2026-000007,,,,,,,,Mirakl HudsonsB Shipping,,Mirakl HudsonsB Network,212 Quail Hill Pkwy,Dock 12,Irvine,CA,92607,Orange,USA,ship-mirakl-hudsonsb@example.com,(949) 555-2106,,,,,,,,,,,,,,,,,,2026-02-16,,CORA-01-YLW-11,,,,EA,,,,,,,2,2,0,0,,10.75,10.75,21.50,21.50,0,0,0,FALSE,TRUE,FALSE,FALSE,,,,,,,,,,,
INV-SO2026-000007-000007,SO2026-000007,1,4,2026-02-16,2026-02-28,2026-02-18,2026-02-18,Mirakl-HudsonsB,Mirakl HudsonsB,,,USD,125.50,125.76,125.76,125.50,0.00,0,0.00,0,0.00,0.26,0.00,,,,,125.76,,0.00,,,,,,,,,,,,,,,,,,,,,10005,10577,10005-2026-000007,,,,,,,,Mirakl HudsonsB Shipping,,Mirakl HudsonsB Network,212 Quail Hill Pkwy,Dock 12,Irvine,CA,92607,Orange,USA,ship-mirakl-hudsonsb@example.com,(949) 555-2106,,,,,,,,,,,,,,,,,,2026-02-16,,CAMILA-06-TAUPE-8,,,,EA,,,,,,,3,3,0,0,,8.00,8.00,24.00,24.00,0,0,0,FALSE,TRUE,FALSE,FALSE,,,,,,,,,,,
INV-SO2026-000008-000008,SO2026-000008,1,4,2026-02-05,2026-02-28,2026-02-06,2026-02-09,AMZ-eCom,AMZ eCom,,,USD,191.00,195.66,195.66,191.00,0.00,0,0.00,0,0.00,4.66,0.00,,,,,195.66,,0.00,,,,,,,,,,,,,,,,,,,,,10001,10565,10001-2026-000008,,,,,,,,AMZ eCom Shipping,,AMZ eCom Retail,201 Harbor Ave,Dock 1,Los Angeles,CA,90002,Los Angeles,USA,ship-amz-ecom@example.com,(213) 555-1006,,,,,,,,,,,,,,,,,,2026-02-05,,F13031C-1742VNTGST-30-STD,,,,EA,,,,,,,2,2,0,0,,34.00,34.00,68.00,68.00,0,0,0,FALSE,TRUE,FALSE,FALSE,,,,,,,,,,,
INV-SO2026-000008-000008,SO2026-000008,1,4,2026-02-05,2026-02-28,2026-02-06,2026-02-09,AMZ-eCom,AMZ eCom,,,USD,191.00,195.66,195.66,191.00,0.00,0,0.00,0,0.00,4.66,0.00,,,,,195.66,,0.00,,,,,,,,,,,,,,,,,,,,,10001,10565,10001-2026-000008,,,,,,,,AMZ eCom Shipping,,AMZ eCom Retail,201 Harbor Ave,Dock 1,Los Angeles,CA,90002,Los Angeles,USA,ship-amz-ecom@example.com,(213) 555-1006,,,,,,,,,,,,,,,,,,2026-02-05,,ASTRID-01-NUDE-7,,,,EA,,,,,,,4,4,0,0,,20.75,20.75,83.00,83.00,0,0,0,FALSE,TRUE,FALSE,FALSE,,,,,,,,,,,
INV-SO2026-000008-000008,SO2026-000008,1,4,2026-02-05,2026-02-28,2026-02-06,2026-02-09,AMZ-eCom,AMZ eCom,,,USD,191.00,195.66,195.66,191.00,0.00,0,0.00,0,0.00,4.66,0.00,,,,,195.66,,0.00,,,,,,,,,,,,,,,,,,,,,10001,10565,10001-2026-000008,,,,,,,,AMZ eCom Shipping,,AMZ eCom Retail,201 Harbor Ave,Dock 1,Los Angeles,CA,90002,Los Angeles,USA,ship-amz-ecom@example.com,(213) 555-1006,,,,,,,,,,,,,,,,,,2026-02-05,,AUSTIN-06-WHITE-7.5,,,,EA,,,,,,,4,4,0,0,,10.00,10.00,40.00,40.00,0,0,0,FALSE,TRUE,FALSE,FALSE,,,,,,,,,,,
INV-SO2026-000009-000009,SO2026-000009,1,4,2026-01-19,2026-02-18,2026-01-19,2026-01-20,AMZ-eCom,AMZ eCom,,,USD,173.00,189.75,189.75,173.00,0.00,0,0.00,0,0.00,16.75,0.00,,,,,189.75,,0.00,,,,,,,,,,,,,,,,,,,,,10001,10565,10001-2026-000009,,,,,,,,AMZ eCom Shipping,,AMZ eCom Retail,201 Harbor Ave,Dock 1,Los Angeles,CA,90002,Los Angeles,USA,ship-amz-ecom@example.com,(213) 555-1006,,,,,,,,,,,,,,,,,,2026-01-19,,FA13501DM-RINSEWSFT-28-30,,,,EA,,,,,,,2,2,0,0,,34.00,34.00,68.00,68.00,0,0,0,FALSE,TRUE,FALSE,FALSE,,,,,,,,,,,
INV-SO2026-000009-000009,SO2026-000009,1,4,2026-01-19,2026-02-18,2026-01-19,2026-01-20,AMZ-eCom,AMZ eCom,,,USD,173.00,189.75,189.75,173.00,0.00,0,0.00,0,0.00,16.75,0.00,,,,,189.75,,0.00,,,,,,,,,,,,,,,,,,,,,10001,10565,10001-2026-000009,,,,,,,,AMZ eCom Shipping,,AMZ eCom Retail,201 Harbor Ave,Dock 1,Los Angeles,CA,90002,Los Angeles,USA,ship-amz-ecom@example.com,(213) 555-1006,,,,,,,,,,,,,,,,,,2026-01-19,,F13031C-1742VNTGCO,,,,EA,,,,,,,2,2,0,0,,34.00,34.00,68.00,68.00,0,0,0,FALSE,TRUE,FALSE,FALSE,,,,,,,,,,,
INV-SO2026-000009-000009,SO2026-000009,1,4,2026-01-19,2026-02-18,2026-01-19,2026-01-20,AMZ-eCom,AMZ eCom,,,USD,173.00,189.75,189.75,173.00,0.00,0,0.00,0,0.00,16.75,0.00,,,,,189.75,,0.00,,,,,,,,,,,,,,,,,,,,,10001,10565,10001-2026-000009,,,,,,,,AMZ eCom Shipping,,AMZ eCom Retail,201 Harbor Ave,Dock 1,Los Angeles,CA,90002,Los Angeles,USA,ship-amz-ecom@example.com,(213) 555-1006,,,,,,,,,,,,,,,,,,2026-01-19,,ADELINE-03-BLACK-7,,,,EA,,,,,,,2,2,0,0,,18.50,18.50,37.00,37.00,0,0,0,FALSE,TRUE,FALSE,FALSE,,,,,,,,,,,
INV-SO2026-000010-000010,SO2026-000010,1,4,2026-01-05,2026-02-04,2026-01-07,2026-01-09,eBay,eBay,,,USD,32.00,48.89,48.89,32.00,0.00,0,0.00,0,0.00,16.89,0.00,,,,,48.89,,0.00,,,,,,,,,,,,,,,,,,,,,10004,10570,10004-2026-000010,,,,,,,,eBay Shipping,,eBay Commerce,204 Fulfillment Ave,Dock 4,San Jose,CA,95111,Santa Clara,USA,ship-ebay@example.com,(408) 555-1306,,,,,,,,,,,,,,,,,,2026-01-05,,CAMILA-06-LILAC-9.5,,,,EA,,,,,,,4,4,0,0,,8.00,8.00,32.00,32.00,0,0,0,FALSE,TRUE,FALSE,FALSE,,,,,,,,,,,
INV-SO2026-000011-000011,SO2026-000011,1,4,2026-02-12,2026-02-28,2026-02-14,2026-02-12,eBay,eBay,,,USD,238.00,238.26,238.26,238.00,0.00,0,0.00,0,0.00,0.26,0.00,,,,,238.26,,0.00,,,,,,,,,,,,,,,,,,,,,10004,10570,10004-2026-000011,,,,,,,,eBay Shipping,,eBay Commerce,204 Fulfillment Ave,Dock 4,San Jose,CA,95111,Santa Clara,USA,ship-ebay@example.com,(408) 555-1306,,,,,,,,,,,,,,,,,,2026-02-12,,CAMILA-06-TAUPE-A12,,,,EA,,,,,,,1,1,0,0,,96.00,96.00,96.00,96.00,0,0,0,FALSE,TRUE,FALSE,FALSE,,,,,,,,,,,
INV-SO2026-000011-000011,SO2026-000011,1,4,2026-02-12,2026-02-28,2026-02-14,2026-02-12,eBay,eBay,,,USD,238.00,238.26,238.26,238.00,0.00,0,0.00,0,0.00,0.26,0.00,,,,,238.26,,0.00,,,,,,,,,,,,,,,,,,,,,10004,10570,10004-2026-000011,,,,,,,,eBay Shipping,,eBay Commerce,204 Fulfillment Ave,Dock 4,San Jose,CA,95111,Santa Clara,USA,ship-ebay@example.com,(408) 555-1306,,,,,,,,,,,,,,,,,,2026-02-12,,AUSTIN-06-CAMEL-10,,,,EA,,,,,,,4,4,0,0,,10.00,10.00,40.00,40.00,0,0,0,FALSE,TRUE,FALSE,FALSE,,,,,,,,,,,
INV-SO2026-000011-000011,SO2026-000011,1,4,2026-02-12,2026-02-28,2026-02-14,2026-02-12,eBay,eBay,,,USD,238.00,238.26,238.26,238.00,0.00,0,0.00,0,0.00,0.26,0.00,,,,,238.26,,0.00,,,,,,,,,,,,,,,,,,,,,10004,10570,10004-2026-000011,,,,,,,,eBay Shipping,,eBay Commerce,204 Fulfillment Ave,Dock 4,San Jose,CA,95111,Santa Clara,USA,ship-ebay@example.com,(408) 555-1306,,,,,,,,,,,,,,,,,,2026-02-12,,FA13512DM-1847DPOCN-30-32,,,,EA,,,,,,,3,3,0,0,,34.00,34.00,102.00,102.00,0,0,0,FALSE,TRUE,FALSE,FALSE,,,,,,,,,,,
INV-SO2026-000012-000012,SO2026-000012,1,4,2026-01-04,2026-02-28,2026-01-06,2026-01-04,Squarespace,Squarespace,,,USD,78.50,83.29,83.29,78.50,0.00,0,0.00,0,0.00,4.79,0.00,,,,,83.29,,0.00,,,,,,,,,,,,,,,,,,,,,20006,10582,20006-2026-000012,,,,,,,,Squarespace Shipping,,Squarespace Digital,218 Camino Del Rio,Dock 18,San Diego,CA,92108,San Diego,USA,ship-squarespace@example.com,(619) 555-2706,,,,,,,,,,,,,,,,,,2026-01-04,,ADELINE-03-BLACK-10,,,,EA,,,,,,,3,3,0,0,,18.50,18.50,55.50,55.50,0,0,0,FALSE,TRUE,FALSE,FALSE,,,,,,,,,,,
INV-SO2026-000012-000012,SO2026-000012,1,4,2026-01-04,2026-02-28,2026-01-06,2026-01-04,Squarespace,Squarespace,,,USD,78.50,83.29,83.29,78.50,0.00,0,0.00,0,0.00,4.79,0.00,,,,,83.29,,0.00,,,,,,,,,,,,,,,,,,,,,20006,10582,20006-2026-000012,,,,,,,,Squarespace Shipping,,Squarespace Digital,218 Camino Del Rio,Dock 18,San Diego,CA,92108,San Diego,USA,ship-squarespace@example.com,(619) 555-2706,,,,,,,,,,,,,,,,,,2026-01-04,,ADELINE-02-BLACK-8.5,,,,EA,,,,,,,2,2,0,0,,11.50,11.50,23.00,23.00,0,0,0,FALSE,TRUE,FALSE,FALSE,,,,,,,,,,,
INV-SO2026-000013-000013,SO2026-000013,1,4,2026-01-15,2026-02-28,2026-01-16,2026-01-15,Veeqo-Amazon,Veeqo Amazon,,,USD,64.50,69.57,69.57,64.50,0.00,0,0.00,0,0.00,5.07,0.00,,,,,69.57,,0.00,,,,,,,,,,,,,,,,,,,,,10016,10579,10016-2026-000013,,,,,,,,Veeqo Amazon Shipping,,Veeqo Amazon Retail,202 Distribution Way,Dock 2,Irvine,CA,92603,Orange,USA,ship-veeqo-amazon@example.com,(949) 555-1106,,,,,,,,,,,,,,,,,,2026-01-15,,CORA-01-LEOP-5,,,,EA,,,,,,,3,3,0,0,,10.75,10.75,32.25,32.25,0,0,0,FALSE,TRUE,FALSE,FALSE,,,,,,,,,,,
INV-SO2026-000013-000013,SO2026-000013,1,4,2026-01-15,2026-02-28,2026-01-16,2026-01-15,Veeqo-Amazon,Veeqo Amazon,,,USD,64.50,69.57,69.57,64.50,0.00,0,0.00,0,0.00,5.07,0.00,,,,,69.57,,0.00,,,,,,,,,,,,,,,,,,,,,10016,10579,10016-2026-000013,,,,,,,,Veeqo Amazon Shipping,,Veeqo Amazon Retail,202 Distribution Way,Dock 2,Irvine,CA,92603,Orange,USA,ship-veeqo-amazon@example.com,(949) 555-1106,,,,,,,,,,,,,,,,,,2026-01-15,,CORA-01-BLK-10,,,,EA,,,,,,,3,3,0,0,,10.75,10.75,32.25,32.25,0,0,0,FALSE,TRUE,FALSE,FALSE,,,,,,,,,,,
INV-SO2026-000014-000014,SO2026-000014,1,4,2026-02-22,2026-02-28,2026-02-23,2026-02-25,AMZ-eCom,AMZ eCom,,,USD,34.00,47.81,47.81,34.00,0.00,0,0.00,0,0.00,13.81,0.00,,,,,47.81,,0.00,,,,,,,,,,,,,,,,,,,,,10001,10565,10001-2026-000014,,,,,,,,AMZ eCom Shipping,,AMZ eCom Retail,201 Harbor Ave,Dock 1,Los Angeles,CA,90002,Los Angeles,USA,ship-amz-ecom@example.com,(213) 555-1006,,,,,,,,,,,,,,,,,,2026-02-22,,FA13512DM-1847DPOCN-27-30,,,,EA,,,,,,,1,1,0,0,,34.00,34.00,34.00,34.00,0,0,0,FALSE,TRUE,FALSE,FALSE,,,,,,,,,,,
INV-SO2026-000015-000015,SO2026-000015,1,4,2026-01-17,2026-02-28,2026-01-19,2026-01-21,Shopify,Shopify,,,USD,124.00,127.32,127.32,124.00,0.00,0,0.00,0,0.00,3.32,0.00,,,,,127.32,,0.00,,,,,,,,,,,,,,,,,,,,,20001,10580,20001-2026-000015,,,,,,,,Shopify Shipping,,Shopify Commerce,217 Barranca Pkwy,Dock 17,Irvine,CA,92609,Orange,USA,ship-shopify@example.com,(949) 555-2606,,,,,,,,,,,,,,,,,,2026-01-17,,AUSTIN-06-BLUSH-7.5,,,,EA,,,,,,,2,2,0,0,,10.00,10.00,20.00,20.00,0,0,0,FALSE,TRUE,FALSE,FALSE,,,,,,,,,,,
INV-SO2026-000015-000015,SO2026-000015,1,4,2026-01-17,2026-02-28,2026-01-19,2026-01-21,Shopify,Shopify,,,USD,124.00,127.32,127.32,124.00,0.00,0,0.00,0,0.00,3.32,0.00,,,,,127.32,,0.00,,,,,,,,,,,,,,,,,,,,,20001,10580,20001-2026-000015,,,,,,,,Shopify Shipping,,Shopify Commerce,217 Barranca Pkwy,Dock 17,Irvine,CA,92609,Orange,USA,ship-shopify@example.com,(949) 555-2606,,,,,,,,,,,,,,,,,,2026-01-17,,ADELINE-03-BLUE-6.5,,,,EA,,,,,,,4,4,0,0,,18.50,18.50,74.00,74.00,0,0,0,FALSE,TRUE,FALSE,FALSE,,,,,,,,,,,
INV-SO2026-000015-000015,SO2026-000015,1,4,2026-01-17,2026-02-28,2026-01-19,2026-01-21,Shopify,Shopify,,,USD,124.00,127.32,127.32,124.00,0.00,0,0.00,0,0.00,3.32,0.00,,,,,127.32,,0.00,,,,,,,,,,,,,,,,,,,,,20001,10580,20001-2026-000015,,,,,,,,Shopify Shipping,,Shopify Commerce,217 Barranca Pkwy,Dock 17,Irvine,CA,92609,Orange,USA,ship-shopify@example.com,(949) 555-2606,,,,,,,,,,,,,,,,,,2026-01-17,,AUSTIN-06-BLACK-8,,,,EA,,,,,,,3,3,0,0,,10.00,10.00,30.00,30.00,0,0,0,FALSE,TRUE,FALSE,FALSE,,,,,,,,,,,
INV-SO2026-000016-000016,SO2026-000016,1,4,2026-02-25,2026-02-28,2026-02-26,2026-02-27,JCPenney,JCPenney,,,USD,137.00,142.03,142.03,137.00,0.00,0,0.00,0,0.00,5.03,0.00,,,,,142.03,,0.00,,,,,,,,,,,,,,,,,,,,,30007,10575,30007-2026-000016,,,,,,,,JCPenney Shipping,,JCPenney Stores,213 Gateway Rd,Dock 13,San Diego,CA,92106,San Diego,USA,ship-jcpenney@example.com,(619) 555-2206,,,,,,,,,,,,,,,,,,2026-02-25,,AUSTIN-06-BLUSH-11,,,,EA,,,,,,,4,4,0,0,,10.00,10.00,40.00,40.00,0,0,0,FALSE,TRUE,FALSE,FALSE,,,,,,,,,,,
INV-SO2026-000016-000016,SO2026-000016,1,4,2026-02-25,2026-02-28,2026-02-26,2026-02-27,JCPenney,JCPenney,,,USD,137.00,142.03,142.03,137.00,0.00,0,0.00,0,0.00,5.03,0.00,,,,,142.03,,0.00,,,,,,,,,,,,,,,,,,,,,30007,10575,30007-2026-000016,,,,,,,,JCPenney Shipping,,JCPenney Stores,213 Gateway Rd,Dock 13,San Diego,CA,92106,San Diego,USA,ship-jcpenney@example.com,(619) 555-2206,,,,,,,,,,,,,,,,,,2026-02-25,,AVIANA-06-WHITE-7.5,,,,EA,,,,,,,4,4,0,0,,16.25,16.25,65.00,65.00,0,0,0,FALSE,TRUE,FALSE,FALSE,,,,,,,,,,,
INV-SO2026-000016-000016,SO2026-000016,1,4,2026-02-25,2026-02-28,2026-02-26,2026-02-27,JCPenney,JCPenney,,,USD,137.00,142.03,142.03,137.00,0.00,0,0.00,0,0.00,5.03,0.00,,,,,142.03,,0.00,,,,,,,,,,,,,,,,,,,,,30007,10575,30007-2026-000016,,,,,,,,JCPenney Shipping,,JCPenney Stores,213 Gateway Rd,Dock 13,San Diego,CA,92106,San Diego,USA,ship-jcpenney@example.com,(619) 555-2206,,,,,,,,,,,,,,,,,,2026-02-25,,CAMILA-06-GREEN-5,,,,EA,,,,,,,4,4,0,0,,8.00,8.00,32.00,32.00,0,0,0,FALSE,TRUE,FALSE,FALSE,,,,,,,,,,,
INV-SO2026-000017-000017,SO2026-000017,1,4,2026-02-04,2026-02-28,2026-02-05,2026-02-07,Squarespace,Squarespace,,,USD,32.50,45.30,45.30,32.50,0.00,0,0.00,0,0.00,12.80,0.00,,,,,45.30,,0.00,,,,,,,,,,,,,,,,,,,,,20006,10582,20006-2026-000017,,,,,,,,Squarespace Shipping,,Squarespace Digital,218 Camino Del Rio,Dock 18,San Diego,CA,92108,San Diego,USA,ship-squarespace@example.com,(619) 555-2706,,,,,,,,,,,,,,,,,,2026-02-04,,AVIANA-06-WHITE-9,,,,EA,,,,,,,2,2,0,0,,16.25,16.25,32.50,32.50,0,0,0,FALSE,TRUE,FALSE,FALSE,,,,,,,,,,,
INV-SO2026-000018-000018,SO2026-000018,1,4,2026-01-01,2026-01-31,2026-01-02,2026-01-06,JCPenney,JCPenney,,,USD,48.75,54.49,54.49,48.75,0.00,0,0.00,0,0.00,5.74,0.00,,,,,54.49,,0.00,,,,,,,,,,,,,,,,,,,,,30007,10575,30007-2026-000018,,,,,,,,JCPenney Shipping,,JCPenney Stores,213 Gateway Rd,Dock 13,San Diego,CA,92106,San Diego,USA,ship-jcpenney@example.com,(619) 555-2206,,,,,,,,,,,,,,,,,,2026-01-01,,AVIANA-06-BLACK-5,,,,EA,,,,,,,3,3,0,0,,16.25,16.25,48.75,48.75,0,0,0,FALSE,TRUE,FALSE,FALSE,,,,,,,,,,,
INV-SO2026-000019-000019,SO2026-000019,1,4,2026-02-28,2026-02-28,2026-02-28,2026-02-28,Etsy-VS,Etsy VS,,,USD,83.00,95.20,95.20,83.00,0.00,0,0.00,0,0.00,12.20,0.00,,,,,95.20,,0.00,,,,,,,,,,,,,,,,,,,,,10008,10572,10008-2026-000019,,,,,,,,Etsy VS Shipping,,Etsy VS Marketplace,206 Pacific Hwy,Dock 6,Los Angeles,CA,90004,Los Angeles,USA,ship-etsy-vs@example.com,(213) 555-1506,,,,,,,,,,,,,,,,,,2026-02-28,,FD3601033-3022FROZENPD-M-STD,,,,EA,,,,,,,1,1,0,0,,49.00,49.00,49.00,49.00,0,0,0,FALSE,TRUE,FALSE,FALSE,,,,,,,,,,,
INV-SO2026-000019-000019,SO2026-000019,1,4,2026-02-28,2026-02-28,2026-02-28,2026-02-28,Etsy-VS,Etsy VS,,,USD,83.00,95.20,95.20,83.00,0.00,0,0.00,0,0.00,12.20,0.00,,,,,95.20,,0.00,,,,,,,,,,,,,,,,,,,,,10008,10572,10008-2026-000019,,,,,,,,Etsy VS Shipping,,Etsy VS Marketplace,206 Pacific Hwy,Dock 6,Los Angeles,CA,90004,Los Angeles,USA,ship-etsy-vs@example.com,(213) 555-1506,,,,,,,,,,,,,,,,,,2026-02-28,,FA13501DM-1464KINGSC-26-30,,,,EA,,,,,,,1,1,0,0,,34.00,34.00,34.00,34.00,0,0,0,FALSE,TRUE,FALSE,FALSE,,,,,,,,,,,
INV-SO2026-000020-000020,SO2026-000020,1,4,2026-02-13,2026-02-28,2026-02-14,2026-02-14,Squarespace,Squarespace,,,USD,419.25,436.59,436.59,419.25,0.00,0,0.00,0,0.00,17.34,0.00,,,,,436.59,,0.00,,,,,,,,,,,,,,,,,,,,,20006,10582,20006-2026-000020,,,,,,,,Squarespace Shipping,,Squarespace Digital,218 Camino Del Rio,Dock 18,San Diego,CA,92108,San Diego,USA,ship-squarespace@example.com,(619) 555-2706,,,,,,,,,,,,,,,,,,2026-02-13,,CORA-01-LEOP-A12,,,,EA,,,,,,,3,3,0,0,,129.00,129.00,387.00,387.00,0,0,0,FALSE,TRUE,FALSE,FALSE,,,,,,,,,,,
INV-SO2026-000020-000020,SO2026-000020,1,4,2026-02-13,2026-02-28,2026-02-14,2026-02-14,Squarespace,Squarespace,,,USD,419.25,436.59,436.59,419.25,0.00,0,0.00,0,0.00,17.34,0.00,,,,,436.59,,0.00,,,,,,,,,,,,,,,,,,,,,20006,10582,20006-2026-000020,,,,,,,,Squarespace Shipping,,Squarespace Digital,218 Camino Del Rio,Dock 18,San Diego,CA,92108,San Diego,USA,ship-squarespace@example.com,(619) 555-2706,,,,,,,,,,,,,,,,,,2026-02-13,,CORA-01-FUCH-5,,,,EA,,,,,,,3,3,0,0,,10.75,10.75,32.25,32.25,0,0,0,FALSE,TRUE,FALSE,FALSE,,,,,,,,,,,
INV-SO2026-000021-000021,SO2026-000021,1,4,2026-01-02,2026-02-01,2026-01-03,2026-01-03,Magento,Magento,,,USD,150.00,163.33,163.33,150.00,0.00,0,0.00,0,0.00,13.33,0.00,,,,,163.33,,0.00,,,,,,,,,,,,,,,,,,,,,20003,10581,20003-2026-000021,,,,,,,,Magento Shipping,,Magento Platform,216 Century Blvd,Dock 16,Los Angeles,CA,90008,Los Angeles,USA,ship-magento@example.com,(213) 555-2506,,,,,,,,,,,,,,,,,,2026-01-02,,ADELINE-03-BLUE-9.5,,,,EA,,,,,,,3,3,0,0,,18.50,18.50,55.50,55.50,0,0,0,FALSE,TRUE,FALSE,FALSE,,,,,,,,,,,
INV-SO2026-000021-000021,SO2026-000021,1,4,2026-01-02,2026-02-01,2026-01-03,2026-01-03,Magento,Magento,,,USD,150.00,163.33,163.33,150.00,0.00,0,0.00,0,0.00,13.33,0.00,,,,,163.33,,0.00,,,,,,,,,,,,,,,,,,,,,20003,10581,20003-2026-000021,,,,,,,,Magento Shipping,,Magento Platform,216 Century Blvd,Dock 16,Los Angeles,CA,90008,Los Angeles,USA,ship-magento@example.com,(213) 555-2506,,,,,,,,,,,,,,,,,,2026-01-02,,CORA-01-LEOP-6,,,,EA,,,,,,,3,3,0,0,,10.75,10.75,32.25,32.25,0,0,0,FALSE,TRUE,FALSE,FALSE,,,,,,,,,,,
INV-SO2026-000021-000021,SO2026-000021,1,4,2026-01-02,2026-02-01,2026-01-03,2026-01-03,Magento,Magento,,,USD,150.00,163.33,163.33,150.00,0.00,0,0.00,0,0.00,13.33,0.00,,,,,163.33,,0.00,,,,,,,,,,,,,,,,,,,,,20003,10581,20003-2026-000021,,,,,,,,Magento Shipping,,Magento Platform,216 Century Blvd,Dock 16,Los Angeles,CA,90008,Los Angeles,USA,ship-magento@example.com,(213) 555-2506,,,,,,,,,,,,,,,,,,2026-01-02,,ASTRID-01-GREY-12,,,,EA,,,,,,,3,3,0,0,,20.75,20.75,62.25,62.25,0,0,0,FALSE,TRUE,FALSE,FALSE,,,,,,,,,,,
INV-SO2026-000022-000022,SO2026-000022,1,4,2026-01-25,2026-02-28,2026-01-26,2026-01-26,Walmart-eComm,Walmart eComm,,,USD,305.50,321.71,321.71,305.50,0.00,0,0.00,0,0.00,16.21,0.00,,,,,321.71,,0.00,,,,,,,,,,,,,,,,,,,,,10002,10566,10002-2026-000022,,,,,,,,Walmart eComm Shipping,,Walmart eComm Retail,220 Townsend St,Dock 20,San Francisco,CA,94109,San Francisco,USA,ship-walmart-ecomm@example.com,(415) 555-2906,,,,,,,,,,,,,,,,,,2026-01-25,,ADELINE-02-PINK-6,,,,EA,,,,,,,1,1,0,0,,11.50,11.50,11.50,11.50,0,0,0,FALSE,TRUE,FALSE,FALSE,,,,,,,,,,,
INV-SO2026-000022-000022,SO2026-000022,1,4,2026-01-25,2026-02-28,2026-01-26,2026-01-26,Walmart-eComm,Walmart eComm,,,USD,305.50,321.71,321.71,305.50,0.00,0,0.00,0,0.00,16.21,0.00,,,,,321.71,,0.00,,,,,,,,,,,,,,,,,,,,,10002,10566,10002-2026-000022,,,,,,,,Walmart eComm Shipping,,Walmart eComm Retail,220 Townsend St,Dock 20,San Francisco,CA,94109,San Francisco,USA,ship-walmart-ecomm@example.com,(415) 555-2906,,,,,,,,,,,,,,,,,,2026-01-25,,CAMILA-06-LILAC-S,,,,EA,,,,,,,2,2,0,0,,96.00,96.00,192.00,192.00,0,0,0,FALSE,TRUE,FALSE,FALSE,,,,,,,,,,,
INV-SO2026-000022-000022,SO2026-000022,1,4,2026-01-25,2026-02-28,2026-01-26,2026-01-26,Walmart-eComm,Walmart eComm,,,USD,305.50,321.71,321.71,305.50,0.00,0,0.00,0,0.00,16.21,0.00,,,,,321.71,,0.00,,,,,,,,,,,,,,,,,,,,,10002,10566,10002-2026-000022,,,,,,,,Walmart eComm Shipping,,Walmart eComm Retail,220 Townsend St,Dock 20,San Francisco,CA,94109,San Francisco,USA,ship-walmart-ecomm@example.com,(415) 555-2906,,,,,,,,,,,,,,,,,,2026-01-25,,FA13501DM-1464KINGSC-30-32,,,,EA,,,,,,,3,3,0,0,,34.00,34.00,102.00,102.00,0,0,0,FALSE,TRUE,FALSE,FALSE,,,,,,,,,,,
INV-SO2026-000023-000023,SO2026-000023,1,4,2026-01-23,2026-02-28,2026-01-24,2026-01-23,Mirakl-HudsonsB,Mirakl HudsonsB,,,USD,167.50,167.50,167.50,167.50,0.00,0,0.00,0,0.00,0.00,0.00,,,,,167.50,,0.00,,,,,,,,,,,,,,,,,,,,,10005,10577,10005-2026-000023,,,,,,,,Mirakl HudsonsB Shipping,,Mirakl HudsonsB Network,212 Quail Hill Pkwy,Dock 12,Irvine,CA,92607,Orange,USA,ship-mirakl-hudsonsb@example.com,(949) 555-2106,,,,,,,,,,,,,,,,,,2026-01-23,,ADELINE-02-BLACK-5.5,,,,EA,,,,,,,1,1,0,0,,11.50,11.50,11.50,11.50,0,0,0,FALSE,TRUE,FALSE,FALSE,,,,,,,,,,,
INV-SO2026-000023-000023,SO2026-000023,1,4,2026-01-23,2026-02-28,2026-01-24,2026-01-23,Mirakl-HudsonsB,Mirakl HudsonsB,,,USD,167.50,167.50,167.50,167.50,0.00,0,0.00,0,0.00,0.00,0.00,,,,,167.50,,0.00,,,,,,,,,,,,,,,,,,,,,10005,10577,10005-2026-000023,,,,,,,,Mirakl HudsonsB Shipping,,Mirakl HudsonsB Network,212 Quail Hill Pkwy,Dock 12,Irvine,CA,92607,Orange,USA,ship-mirakl-hudsonsb@example.com,(949) 555-2106,,,,,,,,,,,,,,,,,,2026-01-23,,FA16023WV-SMOKEYROSE-M-STD,,,,EA,,,,,,,4,4,0,0,,39.00,39.00,156.00,156.00,0,0,0,FALSE,TRUE,FALSE,FALSE,,,,,,,,,,,
INV-SO2026-000024-000024,SO2026-000024,1,4,2026-01-02,2026-02-01,2026-01-04,2026-01-03,Magento,Magento,,,USD,231.00,242.93,242.93,231.00,0.00,0,0.00,0,0.00,11.93,0.00,,,,,242.93,,0.00,,,,,,,,,,,,,,,,,,,,,20003,10581,20003-2026-000024,,,,,,,,Magento Shipping,,Magento Platform,216 Century Blvd,Dock 16,Los Angeles,CA,90008,Los Angeles,USA,ship-magento@example.com,(213) 555-2506,,,,,,,,,,,,,,,,,,2026-01-02,,F13031C-1742VNTGBJ-29-STD,,,,EA,,,,,,,4,4,0,0,,34.00,34.00,136.00,136.00,0,0,0,FALSE,TRUE,FALSE,FALSE,,,,,,,,,,,
INV-SO2026-000024-000024,SO2026-000024,1,4,2026-01-02,2026-02-01,2026-01-04,2026-01-03,Magento,Magento,,,USD,231.00,242.93,242.93,231.00,0.00,0,0.00,0,0.00,11.93,0.00,,,,,242.93,,0.00,,,,,,,,,,,,,,,,,,,,,20003,10581,20003-2026-000024,,,,,,,,Magento Shipping,,Magento Platform,216 Century Blvd,Dock 16,Los Angeles,CA,90008,Los Angeles,USA,ship-magento@example.com,(213) 555-2506,,,,,,,,,,,,,,,,,,2026-01-02,,FD9801506P-GINGER-1X-STD,,,,EA,,,,,,,1,1,0,0,,49.00,49.00,49.00,49.00,0,0,0,FALSE,TRUE,FALSE,FALSE,,,,,,,,,,,
INV-SO2026-000024-000024,SO2026-000024,1,4,2026-01-02,2026-02-01,2026-01-04,2026-01-03,Magento,Magento,,,USD,231.00,242.93,242.93,231.00,0.00,0,0.00,0,0.00,11.93,0.00,,,,,242.93,,0.00,,,,,,,,,,,,,,,,,,,,,20003,10581,20003-2026-000024,,,,,,,,Magento Shipping,,Magento Platform,216 Century Blvd,Dock 16,Los Angeles,CA,90008,Los Angeles,USA,ship-magento@example.com,(213) 555-2506,,,,,,,,,,,,,,,,,,2026-01-02,,ADELINE-02-CAMEL-9,,,,EA,,,,,,,4,4,0,0,,11.50,11.50,46.00,46.00,0,0,0,FALSE,TRUE,FALSE,FALSE,,,,,,,,,,,
INV-SO2026-000025-000025,SO2026-000025,1,4,2026-02-12,2026-02-28,2026-02-12,2026-02-12,Squarespace,Squarespace,,,USD,92.00,108.43,108.43,92.00,0.00,0,0.00,0,0.00,16.43,0.00,,,,,108.43,,0.00,,,,,,,,,,,,,,,,,,,,,20006,10582,20006-2026-000025,,,,,,,,Squarespace Shipping,,Squarespace Digital,218 Camino Del Rio,Dock 18,San Diego,CA,92108,San Diego,USA,ship-squarespace@example.com,(619) 555-2706,,,,,,,,,,,,,,,,,,2026-02-12,,FA16023WV-SLATE-S-STD,,,,EA,,,,,,,1,1,0,0,,39.00,39.00,39.00,39.00,0,0,0,FALSE,TRUE,FALSE,FALSE,,,,,,,,,,,
INV-SO2026-000025-000025,SO2026-000025,1,4,2026-02-12,2026-02-28,2026-02-12,2026-02-12,Squarespace,Squarespace,,,USD,92.00,108.43,108.43,92.00,0.00,0,0.00,0,0.00,16.43,0.00,,,,,108.43,,0.00,,,,,,,,,,,,,,,,,,,,,20006,10582,20006-2026-000025,,,,,,,,Squarespace Shipping,,Squarespace Digital,218 Camino Del Rio,Dock 18,San Diego,CA,92108,San Diego,USA,ship-squarespace@example.com,(619) 555-2706,,,,,,,,,,,,,,,,,,2026-02-12,,AUSTIN-06-BLACK-7,,,,EA,,,,,,,1,1,0,0,,10.00,10.00,10.00,10.00,0,0,0,FALSE,TRUE,FALSE,FALSE,,,,,,,,,,,
INV-SO2026-000025-000025,SO2026-000025,1,4,2026-02-12,2026-02-28,2026-02-12,2026-02-12,Squarespace,Squarespace,,,USD,92.00,108.43,108.43,92.00,0.00,0,0.00,0,0.00,16.43,0.00,,,,,108.43,,0.00,,,,,,,,,,,,,,,,,,,,,20006,10582,20006-2026-000025,,,,,,,,Squarespace Shipping,,Squarespace Digital,218 Camino Del Rio,Dock 18,San Diego,CA,92108,San Diego,USA,ship-squarespace@example.com,(619) 555-2706,,,,,,,,,,,,,,,,,,2026-02-12,,CORA-01-LEOP-6.5,,,,EA,,,,,,,4,4,0,0,,10.75,10.75,43.00,43.00,0,0,0,FALSE,TRUE,FALSE,FALSE,,,,,,,,,,,
INV-SO2026-000026-000026,SO2026-000026,1,4,2026-01-30,2026-02-28,2026-01-30,2026-02-03,Macys,Macys,,,USD,96.00,108.00,108.00,96.00,0.00,0,0.00,0,0.00,12.00,0.00,,,,,108.00,,0.00,,,,,,,,,,,,,,,,,,,,,30005,10574,30005-2026-000026,,,,,,,,Macys Shipping,,Macys Stores,215 King St,Dock 15,San Francisco,CA,94107,San Francisco,USA,ship-macys@example.com,(415) 555-2406,,,,,,,,,,,,,,,,,,2026-01-30,,173451-1183CITIZEN-5-34,,,,EA,,,,,,,4,4,0,0,,24.00,24.00,96.00,96.00,0,0,0,FALSE,TRUE,FALSE,FALSE,,,,,,,,,,,
INV-SO2026-000027-000027,SO2026-000027,1,4,2026-01-09,2026-02-28,2026-01-11,2026-01-11,Macys,Macys,,,USD,127.00,132.18,132.18,127.00,0.00,0,0.00,0,0.00,5.18,0.00,,,,,132.18,,0.00,,,,,,,,,,,,,,,,,,,,,30005,10574,30005-2026-000027,,,,,,,,Macys Shipping,,Macys Stores,215 King St,Dock 15,San Francisco,CA,94107,San Francisco,USA,ship-macys@example.com,(415) 555-2406,,,,,,,,,,,,,,,,,,2026-01-09,,ADELINE-03-GOLD-12,,,,EA,,,,,,,3,3,0,0,,18.50,18.50,55.50,55.50,0,0,0,FALSE,TRUE,FALSE,FALSE,,,,,,,,,,,
INV-SO2026-000027-000027,SO2026-000027,1,4,2026-01-09,2026-02-28,2026-01-11,2026-01-11,Macys,Macys,,,USD,127.00,132.18,132.18,127.00,0.00,0,0.00,0,0.00,5.18,0.00,,,,,132.18,,0.00,,,,,,,,,,,,,,,,,,,,,30005,10574,30005-2026-000027,,,,,,,,Macys Shipping,,Macys Stores,215 King St,Dock 15,San Francisco,CA,94107,San Francisco,USA,ship-macys@example.com,(415) 555-2406,,,,,,,,,,,,,,,,,,2026-01-09,,ADELINE-03-BROWN-12,,,,EA,,,,,,,2,2,0,0,,18.50,18.50,37.00,37.00,0,0,0,FALSE,TRUE,FALSE,FALSE,,,,,,,,,,,
INV-SO2026-000027-000027,SO2026-000027,1,4,2026-01-09,2026-02-28,2026-01-11,2026-01-11,Macys,Macys,,,USD,127.00,132.18,132.18,127.00,0.00,0,0.00,0,0.00,5.18,0.00,,,,,132.18,,0.00,,,,,,,,,,,,,,,,,,,,,30005,10574,30005-2026-000027,,,,,,,,Macys Shipping,,Macys Stores,215 King St,Dock 15,San Francisco,CA,94107,San Francisco,USA,ship-macys@example.com,(415) 555-2406,,,,,,,,,,,,,,,,,,2026-01-09,,ADELINE-02-PINK-6.5,,,,EA,,,,,,,3,3,0,0,,11.50,11.50,34.50,34.50,0,0,0,FALSE,TRUE,FALSE,FALSE,,,,,,,,,,,
INV-SO2026-000028-000028,SO2026-000028,1,4,2026-02-02,2026-02-28,2026-02-04,2026-02-07,Veeqo-Amazon,Veeqo Amazon,,,USD,88.00,102.72,102.72,88.00,0.00,0,0.00,0,0.00,14.72,0.00,,,,,102.72,,0.00,,,,,,,,,,,,,,,,,,,,,10016,10579,10016-2026-000028,,,,,,,,Veeqo Amazon Shipping,,Veeqo Amazon Retail,202 Distribution Way,Dock 2,Irvine,CA,92603,Orange,USA,ship-veeqo-amazon@example.com,(949) 555-1106,,,,,,,,,,,,,,,,,,2026-02-02,,AUSTIN-06-CAMEL-8.5,,,,EA,,,,,,,1,1,0,0,,10.00,10.00,10.00,10.00,0,0,0,FALSE,TRUE,FALSE,FALSE,,,,,,,,,,,
INV-SO2026-000028-000028,SO2026-000028,1,4,2026-02-02,2026-02-28,2026-02-04,2026-02-07,Veeqo-Amazon,Veeqo Amazon,,,USD,88.00,102.72,102.72,88.00,0.00,0,0.00,0,0.00,14.72,0.00,,,,,102.72,,0.00,,,,,,,,,,,,,,,,,,,,,10016,10579,10016-2026-000028,,,,,,,,Veeqo Amazon Shipping,,Veeqo Amazon Retail,202 Distribution Way,Dock 2,Irvine,CA,92603,Orange,USA,ship-veeqo-amazon@example.com,(949) 555-1106,,,,,,,,,,,,,,,,,,2026-02-02,,FB3601737,,,,EA,,,,,,,2,2,0,0,,39.00,39.00,78.00,78.00,0,0,0,FALSE,TRUE,FALSE,FALSE,,,,,,,,,,,
INV-SO2026-000029-000029,SO2026-000029,1,4,2026-02-21,2026-02-28,2026-02-22,2026-02-21,Etsy-VS,Etsy VS,,,USD,298.00,314.21,314.21,298.00,0.00,0,0.00,0,0.00,16.21,0.00,,,,,314.21,,0.00,,,,,,,,,,,,,,,,,,,,,10008,10572,10008-2026-000029,,,,,,,,Etsy VS Shipping,,Etsy VS Marketplace,206 Pacific Hwy,Dock 6,Los Angeles,CA,90004,Los Angeles,USA,ship-etsy-vs@example.com,(213) 555-1506,,,,,,,,,,,,,,,,,,2026-02-21,,CORA-01-YLW-S,,,,EA,,,,,,,2,2,0,0,,129.00,129.00,258.00,258.00,0,0,0,FALSE,TRUE,FALSE,FALSE,,,,,,,,,,,
INV-SO2026-000029-000029,SO2026-000029,1,4,2026-02-21,2026-02-28,2026-02-22,2026-02-21,Etsy-VS,Etsy VS,,,USD,298.00,314.21,314.21,298.00,0.00,0,0.00,0,0.00,16.21,0.00,,,,,314.21,,0.00,,,,,,,,,,,,,,,,,,,,,10008,10572,10008-2026-000029,,,,,,,,Etsy VS Shipping,,Etsy VS Marketplace,206 Pacific Hwy,Dock 6,Los Angeles,CA,90004,Los Angeles,USA,ship-etsy-vs@example.com,(213) 555-1506,,,,,,,,,,,,,,,,,,2026-02-21,,FA16023WV-SMOKELEOPARD-S-STD,,,,EA,,,,,,,1,1,0,0,,40.00,40.00,40.00,40.00,0,0,0,FALSE,TRUE,FALSE,FALSE,,,,,,,,,,,
INV-SO2026-000030-000030,SO2026-000030,1,4,2026-02-20,2026-02-28,2026-02-22,2026-02-25,Veeqo-Amazon,Veeqo Amazon,,,USD,258.00,265.64,265.64,258.00,0.00,0,0.00,0,0.00,7.64,0.00,,,,,265.64,,0.00,,,,,,,,,,,,,,,,,,,,,10016,10579,10016-2026-000030,,,,,,,,Veeqo Amazon Shipping,,Veeqo Amazon Retail,202 Distribution Way,Dock 2,Irvine,CA,92603,Orange,USA,ship-veeqo-amazon@example.com,(949) 555-1106,,,,,,,,,,,,,,,,,,2026-02-20,,CORA-01-BLK-B12,,,,EA,,,,,,,2,2,0,0,,129.00,129.00,258.00,258.00,0,0,0,FALSE,TRUE,FALSE,FALSE,,,,,,,,,,,
INV-SO2026-000031-000031,SO2026-000031,1,4,2026-01-31,2026-02-28,2026-01-31,2026-02-05,Walmart-eComm,Walmart eComm,,,USD,52.25,60.18,60.18,52.25,0.00,0,0.00,0,0.00,7.93,0.00,,,,,60.18,,0.00,,,,,,,,,,,,,,,,,,,,,10002,10566,10002-2026-000031,,,,,,,,Walmart eComm Shipping,,Walmart eComm Retail,220 Townsend St,Dock 20,San Francisco,CA,94109,San Francisco,USA,ship-walmart-ecomm@example.com,(415) 555-2906,,,,,,,,,,,,,,,,,,2026-01-31,,ADELINE-02-BLACK-6.5,,,,EA,,,,,,,1,1,0,0,,11.50,11.50,11.50,11.50,0,0,0,FALSE,TRUE,FALSE,FALSE,,,,,,,,,,,
INV-SO2026-000031-000031,SO2026-000031,1,4,2026-01-31,2026-02-28,2026-01-31,2026-02-05,Walmart-eComm,Walmart eComm,,,USD,52.25,60.18,60.18,52.25,0.00,0,0.00,0,0.00,7.93,0.00,,,,,60.18,,0.00,,,,,,,,,,,,,,,,,,,,,10002,10566,10002-2026-000031,,,,,,,,Walmart eComm Shipping,,Walmart eComm Retail,220 Townsend St,Dock 20,San Francisco,CA,94109,San Francisco,USA,ship-walmart-ecomm@example.com,(415) 555-2906,,,,,,,,,,,,,,,,,,2026-01-31,,CORA-01-FUCH-6.5,,,,EA,,,,,,,1,1,0,0,,10.75,10.75,10.75,10.75,0,0,0,FALSE,TRUE,FALSE,FALSE,,,,,,,,,,,
INV-SO2026-000031-000031,SO2026-000031,1,4,2026-01-31,2026-02-28,2026-01-31,2026-02-05,Walmart-eComm,Walmart eComm,,,USD,52.25,60.18,60.18,52.25,0.00,0,0.00,0,0.00,7.93,0.00,,,,,60.18,,0.00,,,,,,,,,,,,,,,,,,,,,10002,10566,10002-2026-000031,,,,,,,,Walmart eComm Shipping,,Walmart eComm Retail,220 Townsend St,Dock 20,San Francisco,CA,94109,San Francisco,USA,ship-walmart-ecomm@example.com,(415) 555-2906,,,,,,,,,,,,,,,,,,2026-01-31,,AUSTIN-06-NUDE-6,,,,EA,,,,,,,3,3,0,0,,10.00,10.00,30.00,30.00,0,0,0,FALSE,TRUE,FALSE,FALSE,,,,,,,,,,,
INV-SO2026-000032-000032,SO2026-000032,1,4,2026-02-02,2026-02-28,2026-02-02,2026-02-03,Etsy-LS,Etsy LS,,,USD,181.00,182.93,182.93,181.00,0.00,0,0.00,0,0.00,1.93,0.00,,,,,182.93,,0.00,,,,,,,,,,,,,,,,,,,,,10008,10571,10008-2026-000032,,,,,,,,Etsy LS Shipping,,Etsy LS Marketplace,205 Mission St,Dock 5,San Francisco,CA,94103,San Francisco,USA,ship-etsy-ls@example.com,(415) 555-1406,,,,,,,,,,,,,,,,,,2026-02-02,,FA16023WV-MIDNIGHTBLUE-XL-STD,,,,EA,,,,,,,3,3,0,0,,39.00,39.00,117.00,117.00,0,0,0,FALSE,TRUE,FALSE,FALSE,,,,,,,,,,,
INV-SO2026-000032-000032,SO2026-000032,1,4,2026-02-02,2026-02-28,2026-02-02,2026-02-03,Etsy-LS,Etsy LS,,,USD,181.00,182.93,182.93,181.00,0.00,0,0.00,0,0.00,1.93,0.00,,,,,182.93,,0.00,,,,,,,,,,,,,,,,,,,,,10008,10571,10008-2026-000032,,,,,,,,Etsy LS Shipping,,Etsy LS Marketplace,205 Mission St,Dock 5,San Francisco,CA,94103,San Francisco,USA,ship-etsy-ls@example.com,(415) 555-1406,,,,,,,,,,,,,,,,,,2026-02-02,,FA16023WV-SMOKELEOPARD-L-STD,,,,EA,,,,,,,1,1,0,0,,40.00,40.00,40.00,40.00,0,0,0,FALSE,TRUE,FALSE,FALSE,,,,,,,,,,,
INV-SO2026-000032-000032,SO2026-000032,1,4,2026-02-02,2026-02-28,2026-02-02,2026-02-03,Etsy-LS,Etsy LS,,,USD,181.00,182.93,182.93,181.00,0.00,0,0.00,0,0.00,1.93,0.00,,,,,182.93,,0.00,,,,,,,,,,,,,,,,,,,,,10008,10571,10008-2026-000032,,,,,,,,Etsy LS Shipping,,Etsy LS Marketplace,205 Mission St,Dock 5,San Francisco,CA,94103,San Francisco,USA,ship-etsy-ls@example.com,(415) 555-1406,,,,,,,,,,,,,,,,,,2026-02-02,,CAMILA-06-LILAC-12,,,,EA,,,,,,,3,3,0,0,,8.00,8.00,24.00,24.00,0,0,0,FALSE,TRUE,FALSE,FALSE,,,,,,,,,,,
INV-SO2026-000033-000033,SO2026-000033,1,4,2026-02-26,2026-02-28,2026-02-28,2026-02-26,Veeqo-Amazon,Veeqo Amazon,,,USD,100.75,105.09,105.09,100.75,0.00,0,0.00,0,0.00,4.34,0.00,,,,,105.09,,0.00,,,,,,,,,,,,,,,,,,,,,10016,10579,10016-2026-000033,,,,,,,,Veeqo Amazon Shipping,,Veeqo Amazon Retail,202 Distribution Way,Dock 2,Irvine,CA,92603,Orange,USA,ship-veeqo-amazon@example.com,(949) 555-1106,,,,,,,,,,,,,,,,,,2026-02-26,,ADELINE-03-GOLD-7.5,,,,EA,,,,,,,4,4,0,0,,18.50,18.50,74.00,74.00,0,0,0,FALSE,TRUE,FALSE,FALSE,,,,,,,,,,,
INV-SO2026-000033-000033,SO2026-000033,1,4,2026-02-26,2026-02-28,2026-02-28,2026-02-26,Veeqo-Amazon,Veeqo Amazon,,,USD,100.75,105.09,105.09,100.75,0.00,0,0.00,0,0.00,4.34,0.00,,,,,105.09,,0.00,,,,,,,,,,,,,,,,,,,,,10016,10579,10016-2026-000033,,,,,,,,Veeqo Amazon Shipping,,Veeqo Amazon Retail,202 Distribution Way,Dock 2,Irvine,CA,92603,Orange,USA,ship-veeqo-amazon@example.com,(949) 555-1106,,,,,,,,,,,,,,,,,,2026-02-26,,CAMILA-06-LILAC-6.5,,,,EA,,,,,,,2,2,0,0,,8.00,8.00,16.00,16.00,0,0,0,FALSE,TRUE,FALSE,FALSE,,,,,,,,,,,
INV-SO2026-000033-000033,SO2026-000033,1,4,2026-02-26,2026-02-28,2026-02-28,2026-02-26,Veeqo-Amazon,Veeqo Amazon,,,USD,100.75,105.09,105.09,100.75,0.00,0,0.00,0,0.00,4.34,0.00,,,,,105.09,,0.00,,,,,,,,,,,,,,,,,,,,,10016,10579,10016-2026-000033,,,,,,,,Veeqo Amazon Shipping,,Veeqo Amazon Retail,202 Distribution Way,Dock 2,Irvine,CA,92603,Orange,USA,ship-veeqo-amazon@example.com,(949) 555-1106,,,,,,,,,,,,,,,,,,2026-02-26,,CORA-01-CAME-7,,,,EA,,,,,,,1,1,0,0,,10.75,10.75,10.75,10.75,0,0,0,FALSE,TRUE,FALSE,FALSE,,,,,,,,,,,
INV-SO2026-000034-000034,SO2026-000034,1,4,2026-01-16,2026-02-28,2026-01-18,2026-01-18,Veeqo-Amazon,Veeqo Amazon,,,USD,205.00,205.00,205.00,205.00,0.00,0,0.00,0,0.00,0.00,0.00,,,,,205.00,,0.00,,,,,,,,,,,,,,,,,,,,,10016,10579,10016-2026-000034,,,,,,,,Veeqo Amazon Shipping,,Veeqo Amazon Retail,202 Distribution Way,Dock 2,Irvine,CA,92603,Orange,USA,ship-veeqo-amazon@example.com,(949) 555-1106,,,,,,,,,,,,,,,,,,2026-01-16,,ASTRID-01-NUDE-7.5,,,,EA,,,,,,,4,4,0,0,,20.75,20.75,83.00,83.00,0,0,0,FALSE,TRUE,FALSE,FALSE,,,,,,,,,,,
INV-SO2026-000034-000034,SO2026-000034,1,4,2026-01-16,2026-02-28,2026-01-18,2026-01-18,Veeqo-Amazon,Veeqo Amazon,,,USD,205.00,205.00,205.00,205.00,0.00,0,0.00,0,0.00,0.00,0.00,,,,,205.00,,0.00,,,,,,,,,,,,,,,,,,,,,10016,10579,10016-2026-000034,,,,,,,,Veeqo Amazon Shipping,,Veeqo Amazon Retail,202 Distribution Way,Dock 2,Irvine,CA,92603,Orange,USA,ship-veeqo-amazon@example.com,(949) 555-1106,,,,,,,,,,,,,,,,,,2026-01-16,,AUSTIN-06-NUDE-10,,,,EA,,,,,,,2,2,0,0,,10.00,10.00,20.00,20.00,0,0,0,FALSE,TRUE,FALSE,FALSE,,,,,,,,,,,
INV-SO2026-000034-000034,SO2026-000034,1,4,2026-01-16,2026-02-28,2026-01-18,2026-01-18,Veeqo-Amazon,Veeqo Amazon,,,USD,205.00,205.00,205.00,205.00,0.00,0,0.00,0,0.00,0.00,0.00,,,,,205.00,,0.00,,,,,,,,,,,,,,,,,,,,,10016,10579,10016-2026-000034,,,,,,,,Veeqo Amazon Shipping,,Veeqo Amazon Retail,202 Distribution Way,Dock 2,Irvine,CA,92603,Orange,USA,ship-veeqo-amazon@example.com,(949) 555-1106,,,,,,,,,,,,,,,,,,2026-01-16,,FA13501DM-1464KINGSC-32-32,,,,EA,,,,,,,3,3,0,0,,34.00,34.00,102.00,102.00,0,0,0,FALSE,TRUE,FALSE,FALSE,,,,,,,,,,,
INV-SO2026-000035-000035,SO2026-000035,1,4,2026-01-05,2026-02-04,2026-01-06,2026-01-08,eBay,eBay,,,USD,254.00,264.36,264.36,254.00,0.00,0,0.00,0,0.00,10.36,0.00,,,,,264.36,,0.00,,,,,,,,,,,,,,,,,,,,,10004,10570,10004-2026-000035,,,,,,,,eBay Shipping,,eBay Commerce,204 Fulfillment Ave,Dock 4,San Jose,CA,95111,Santa Clara,USA,ship-ebay@example.com,(408) 555-1306,,,,,,,,,,,,,,,,,,2026-01-05,,ADELINE-02-CAMEL-7.5,,,,EA,,,,,,,2,2,0,0,,11.50,11.50,23.00,23.00,0,0,0,FALSE,TRUE,FALSE,FALSE,,,,,,,,,,,
INV-SO2026-000035-000035,SO2026-000035,1,4,2026-01-05,2026-02-04,2026-01-06,2026-01-08,eBay,eBay,,,USD,254.00,264.36,264.36,254.00,0.00,0,0.00,0,0.00,10.36,0.00,,,,,264.36,,0.00,,,,,,,,,,,,,,,,,,,,,10004,10570,10004-2026-000035,,,,,,,,eBay Shipping,,eBay Commerce,204 Fulfillment Ave,Dock 4,San Jose,CA,95111,Santa Clara,USA,ship-ebay@example.com,(408) 555-1306,,,,,,,,,,,,,,,,,,2026-01-05,,CAMILA-06-GREEN-A12,,,,EA,,,,,,,2,2,0,0,,96.00,96.00,192.00,192.00,0,0,0,FALSE,TRUE,FALSE,FALSE,,,,,,,,,,,
INV-SO2026-000035-000035,SO2026-000035,1,4,2026-01-05,2026-02-04,2026-01-06,2026-01-08,eBay,eBay,,,USD,254.00,264.36,264.36,254.00,0.00,0,0.00,0,0.00,10.36,0.00,,,,,264.36,,0.00,,,,,,,,,,,,,,,,,,,,,10004,10570,10004-2026-000035,,,,,,,,eBay Shipping,,eBay Commerce,204 Fulfillment Ave,Dock 4,San Jose,CA,95111,Santa Clara,USA,ship-ebay@example.com,(408) 555-1306,,,,,,,,,,,,,,,,,,2026-01-05,,FB3601737-3219UNFORGV,,,,EA,,,,,,,1,1,0,0,,39.00,39.00,39.00,39.00,0,0,0,FALSE,TRUE,FALSE,FALSE,,,,,,,,,,,
INV-SO2026-000036-000036,SO2026-000036,1,4,2026-01-07,2026-02-21,2026-01-09,2026-01-10,Mirakl-Kohls,Mirakl Kohls,,,USD,190.00,206.93,206.93,190.00,0.00,0,0.00,0,0.00,16.93,0.00,,,,,206.93,,0.00,,,,,,,,,,,,,,,,,,,,,10013,10576,10013-2026-000036,,,,,,,,Mirakl Kohls Shipping,,Mirakl Kohls Network,214 Silver Creek Rd,Dock 14,San Jose,CA,95115,Santa Clara,USA,ship-mirakl-kohls@example.com,(408) 555-2306,,,,,,,,,,,,,,,,,,2026-01-07,,AVIANA-06-WHITE-11,,,,EA,,,,,,,2,2,0,0,,16.25,16.25,32.50,32.50,0,0,0,FALSE,TRUE,FALSE,FALSE,,,,,,,,,,,
INV-SO2026-000036-000036,SO2026-000036,1,4,2026-01-07,2026-02-21,2026-01-09,2026-01-10,Mirakl-Kohls,Mirakl Kohls,,,USD,190.00,206.93,206.93,190.00,0.00,0,0.00,0,0.00,16.93,0.00,,,,,206.93,,0.00,,,,,,,,,,,,,,,,,,,,,10013,10576,10013-2026-000036,,,,,,,,Mirakl Kohls Shipping,,Mirakl Kohls Network,214 Silver Creek Rd,Dock 14,San Jose,CA,95115,Santa Clara,USA,ship-mirakl-kohls@example.com,(408) 555-2306,,,,,,,,,,,,,,,,,,2026-01-07,,FA13501DM-1464KINGSC-29-32,,,,EA,,,,,,,4,4,0,0,,34.00,34.00,136.00,136.00,0,0,0,FALSE,TRUE,FALSE,FALSE,,,,,,,,,,,
INV-SO2026-000036-000036,SO2026-000036,1,4,2026-01-07,2026-02-21,2026-01-09,2026-01-10,Mirakl-Kohls,Mirakl Kohls,,,USD,190.00,206.93,206.93,190.00,0.00,0,0.00,0,0.00,16.93,0.00,,,,,206.93,,0.00,,,,,,,,,,,,,,,,,,,,,10013,10576,10013-2026-000036,,,,,,,,Mirakl Kohls Shipping,,Mirakl Kohls Network,214 Silver Creek Rd,Dock 14,San Jose,CA,95115,Santa Clara,USA,ship-mirakl-kohls@example.com,(408) 555-2306,,,,,,,,,,,,,,,,,,2026-01-07,,CORA-01-FUCH-9,,,,EA,,,,,,,2,2,0,0,,10.75,10.75,21.50,21.50,0,0,0,FALSE,TRUE,FALSE,FALSE,,,,,,,,,,,
INV-SO2026-000037-000037,SO2026-000037,1,4,2026-02-04,2026-02-28,2026-02-06,2026-02-09,Veeqo-Amazon,Veeqo Amazon,,,USD,73.75,91.52,91.52,73.75,0.00,0,0.00,0,0.00,17.77,0.00,,,,,91.52,,0.00,,,,,,,,,,,,,,,,,,,,,10016,10579,10016-2026-000037,,,,,,,,Veeqo Amazon Shipping,,Veeqo Amazon Retail,202 Distribution Way,Dock 2,Irvine,CA,92603,Orange,USA,ship-veeqo-amazon@example.com,(949) 555-1106,,,,,,,,,,,,,,,,,,2026-02-04,,ADELINE-03-GOLD-10,,,,EA,,,,,,,1,1,0,0,,18.50,18.50,18.50,18.50,0,0,0,FALSE,TRUE,FALSE,FALSE,,,,,,,,,,,
INV-SO2026-000037-000037,SO2026-000037,1,4,2026-02-04,2026-02-28,2026-02-06,2026-02-09,Veeqo-Amazon,Veeqo Amazon,,,USD,73.75,91.52,91.52,73.75,0.00,0,0.00,0,0.00,17.77,0.00,,,,,91.52,,0.00,,,,,,,,,,,,,,,,,,,,,10016,10579,10016-2026-000037,,,,,,,,Veeqo Amazon Shipping,,Veeqo Amazon Retail,202 Distribution Way,Dock 2,Irvine,CA,92603,Orange,USA,ship-veeqo-amazon@example.com,(949) 555-1106,,,,,,,,,,,,,,,,,,2026-02-04,,CORA-01-CAME-9,,,,EA,,,,,,,3,3,0,0,,10.75,10.75,32.25,32.25,0,0,0,FALSE,TRUE,FALSE,FALSE,,,,,,,,,,,
INV-SO2026-000037-000037,SO2026-000037,1,4,2026-02-04,2026-02-28,2026-02-06,2026-02-09,Veeqo-Amazon,Veeqo Amazon,,,USD,73.75,91.52,91.52,73.75,0.00,0,0.00,0,0.00,17.77,0.00,,,,,91.52,,0.00,,,,,,,,,,,,,,,,,,,,,10016,10579,10016-2026-000037,,,,,,,,Veeqo Amazon Shipping,,Veeqo Amazon Retail,202 Distribution Way,Dock 2,Irvine,CA,92603,Orange,USA,ship-veeqo-amazon@example.com,(949) 555-1106,,,,,,,,,,,,,,,,,,2026-02-04,,ADELINE-02-WHITE-9,,,,EA,,,,,,,2,2,0,0,,11.50,11.50,23.00,23.00,0,0,0,FALSE,TRUE,FALSE,FALSE,,,,,,,,,,,
INV-SO2026-000038-000038,SO2026-000038,1,4,2026-01-01,2026-01-31,2026-01-01,2026-01-03,AMZ-eCom,AMZ eCom,,,USD,271.00,276.80,276.80,271.00,0.00,0,0.00,0,0.00,5.80,0.00,,,,,276.80,,0.00,,,,,,,,,,,,,,,,,,,,,10001,10565,10001-2026-000038,,,,,,,,AMZ eCom Shipping,,AMZ eCom Retail,201 Harbor Ave,Dock 1,Los Angeles,CA,90002,Los Angeles,USA,ship-amz-ecom@example.com,(213) 555-1006,,,,,,,,,,,,,,,,,,2026-01-01,,CAMILA-06-NUDE-A12,,,,EA,,,,,,,1,1,0,0,,96.00,96.00,96.00,96.00,0,0,0,FALSE,TRUE,FALSE,FALSE,,,,,,,,,,,
INV-SO2026-000038-000038,SO2026-000038,1,4,2026-01-01,2026-01-31,2026-01-01,2026-01-03,AMZ-eCom,AMZ eCom,,,USD,271.00,276.80,276.80,271.00,0.00,0,0.00,0,0.00,5.80,0.00,,,,,276.80,,0.00,,,,,,,,,,,,,,,,,,,,,10001,10565,10001-2026-000038,,,,,,,,AMZ eCom Shipping,,AMZ eCom Retail,201 Harbor Ave,Dock 1,Los Angeles,CA,90002,Los Angeles,USA,ship-amz-ecom@example.com,(213) 555-1006,,,,,,,,,,,,,,,,,,2026-01-01,,FA13501DM-RINSEWSFT-32-32,,,,EA,,,,,,,4,4,0,0,,34.00,34.00,136.00,136.00,0,0,0,FALSE,TRUE,FALSE,FALSE,,,,,,,,,,,
INV-SO2026-000038-000038,SO2026-000038,1,4,2026-01-01,2026-01-31,2026-01-01,2026-01-03,AMZ-eCom,AMZ eCom,,,USD,271.00,276.80,276.80,271.00,0.00,0,0.00,0,0.00,5.80,0.00,,,,,276.80,,0.00,,,,,,,,,,,,,,,,,,,,,10001,10565,10001-2026-000038,,,,,,,,AMZ eCom Shipping,,AMZ eCom Retail,201 Harbor Ave,Dock 1,Los Angeles,CA,90002,Los Angeles,USA,ship-amz-ecom@example.com,(213) 555-1006,,,,,,,,,,,,,,,,,,2026-01-01,,FA16023WV-MIDNIGHTBLUE-S-STD,,,,EA,,,,,,,1,1,0,0,,39.00,39.00,39.00,39.00,0,0,0,FALSE,TRUE,FALSE,FALSE,,,,,,,,,,,
INV-SO2026-000039-000039,SO2026-000039,1,4,2026-02-20,2026-02-28,2026-02-22,2026-02-20,Etsy-LS,Etsy LS,,,USD,43.00,59.28,59.28,43.00,0.00,0,0.00,0,0.00,16.28,0.00,,,,,59.28,,0.00,,,,,,,,,,,,,,,,,,,,,10008,10571,10008-2026-000039,,,,,,,,Etsy LS Shipping,,Etsy LS Marketplace,205 Mission St,Dock 5,San Francisco,CA,94103,San Francisco,USA,ship-etsy-ls@example.com,(415) 555-1406,,,,,,,,,,,,,,,,,,2026-02-20,,CORA-01-BLK-5.5,,,,EA,,,,,,,4,4,0,0,,10.75,10.75,43.00,43.00,0,0,0,FALSE,TRUE,FALSE,FALSE,,,,,,,,,,,
INV-SO2026-000040-000040,SO2026-000040,1,4,2026-02-26,2026-02-28,2026-02-27,2026-02-28,Veeqo-Amazon,Veeqo Amazon,,,USD,134.50,139.56,139.56,134.50,0.00,0,0.00,0,0.00,5.06,0.00,,,,,139.56,,0.00,,,,,,,,,,,,,,,,,,,,,10016,10579,10016-2026-000040,,,,,,,,Veeqo Amazon Shipping,,Veeqo Amazon Retail,202 Distribution Way,Dock 2,Irvine,CA,92603,Orange,USA,ship-veeqo-amazon@example.com,(949) 555-1106,,,,,,,,,,,,,,,,,,2026-02-26,,FA13501DM-1608BLAU2-28-30,,,,EA,,,,,,,3,3,0,0,,34.00,34.00,102.00,102.00,0,0,0,FALSE,TRUE,FALSE,FALSE,,,,,,,,,,,
INV-SO2026-000040-000040,SO2026-000040,1,4,2026-02-26,2026-02-28,2026-02-27,2026-02-28,Veeqo-Amazon,Veeqo Amazon,,,USD,134.50,139.56,139.56,134.50,0.00,0,0.00,0,0.00,5.06,0.00,,,,,139.56,,0.00,,,,,,,,,,,,,,,,,,,,,10016,10579,10016-2026-000040,,,,,,,,Veeqo Amazon Shipping,,Veeqo Amazon Retail,202 Distribution Way,Dock 2,Irvine,CA,92603,Orange,USA,ship-veeqo-amazon@example.com,(949) 555-1106,,,,,,,,,,,,,,,,,,2026-02-26,,AVIANA-06-BLACK-8,,,,EA,,,,,,,2,2,0,0,,16.25,16.25,32.50,32.50,0,0,0,FALSE,TRUE,FALSE,FALSE,,,,,,,,,,,
INV-SO2026-000041-000041,SO2026-000041,1,4,2026-02-24,2026-02-28,2026-02-26,2026-02-28,JCPenney,JCPenney,,,USD,276.00,293.59,293.59,276.00,0.00,0,0.00,0,0.00,17.59,0.00,,,,,293.59,,0.00,,,,,,,,,,,,,,,,,,,,,30007,10575,30007-2026-000041,,,,,,,,JCPenney Shipping,,JCPenney Stores,213 Gateway Rd,Dock 13,San Diego,CA,92106,San Diego,USA,ship-jcpenney@example.com,(619) 555-2206,,,,,,,,,,,,,,,,,,2026-02-24,,ADELINE-02-PINK-B12,,,,EA,,,,,,,2,2,0,0,,138.00,138.00,276.00,276.00,0,0,0,FALSE,TRUE,FALSE,FALSE,,,,,,,,,,,
INV-SO2026-000042-000042,SO2026-000042,1,4,2026-02-04,2026-02-28,2026-02-06,2026-02-07,Mirakl-Kohls,Mirakl Kohls,,,USD,170.00,176.56,176.56,170.00,0.00,0,0.00,0,0.00,6.56,0.00,,,,,176.56,,0.00,,,,,,,,,,,,,,,,,,,,,10013,10576,10013-2026-000042,,,,,,,,Mirakl Kohls Shipping,,Mirakl Kohls Network,214 Silver Creek Rd,Dock 14,San Jose,CA,95115,Santa Clara,USA,ship-mirakl-kohls@example.com,(408) 555-2306,,,,,,,,,,,,,,,,,,2026-02-04,,F13031C-1742VNTGDM-24-STD,,,,EA,,,,,,,2,2,0,0,,34.00,34.00,68.00,68.00,0,0,0,FALSE,TRUE,FALSE,FALSE,,,,,,,,,,,
INV-SO2026-000042-000042,SO2026-000042,1,4,2026-02-04,2026-02-28,2026-02-06,2026-02-07,Mirakl-Kohls,Mirakl Kohls,,,USD,170.00,176.56,176.56,170.00,0.00,0,0.00,0,0.00,6.56,0.00,,,,,176.56,,0.00,,,,,,,,,,,,,,,,,,,,,10013,10576,10013-2026-000042,,,,,,,,Mirakl Kohls Shipping,,Mirakl Kohls Network,214 Silver Creek Rd,Dock 14,San Jose,CA,95115,Santa Clara,USA,ship-mirakl-kohls@example.com,(408) 555-2306,,,,,,,,,,,,,,,,,,2026-02-04,,F13031C-1742VNTGST-26-STD,,,,EA,,,,,,,3,3,0,0,,34.00,34.00,102.00,102.00,0,0,0,FALSE,TRUE,FALSE,FALSE,,,,,,,,,,,
INV-SO2026-000043-000043,SO2026-000043,1,4,2026-02-17,2026-02-28,2026-02-17,2026-02-19,Macys,Macys,,,USD,82.00,93.37,93.37,82.00,0.00,0,0.00,0,0.00,11.37,0.00,,,,,93.37,,0.00,,,,,,,,,,,,,,,,,,,,,30005,10574,30005-2026-000043,,,,,,,,Macys Shipping,,Macys Stores,215 King St,Dock 15,San Francisco,CA,94107,San Francisco,USA,ship-macys@example.com,(415) 555-2406,,,,,,,,,,,,,,,,,,2026-02-17,,AUSTIN-06-BLACK-6,,,,EA,,,,,,,1,1,0,0,,10.00,10.00,10.00,10.00,0,0,0,FALSE,TRUE,FALSE,FALSE,,,,,,,,,,,
INV-SO2026-000043-000043,SO2026-000043,1,4,2026-02-17,2026-02-28,2026-02-17,2026-02-19,Macys,Macys,,,USD,82.00,93.37,93.37,82.00,0.00,0,0.00,0,0.00,11.37,0.00,,,,,93.37,,0.00,,,,,,,,,,,,,,,,,,,,,30005,10574,30005-2026-000043,,,,,,,,Macys Shipping,,Macys Stores,215 King St,Dock 15,San Francisco,CA,94107,San Francisco,USA,ship-macys@example.com,(415) 555-2406,,,,,,,,,,,,,,,,,,2026-02-17,,CAMILA-06-TAUPE-8.5,,,,EA,,,,,,,4,4,0,0,,8.00,8.00,32.00,32.00,0,0,0,FALSE,TRUE,FALSE,FALSE,,,,,,,,,,,
INV-SO2026-000043-000043,SO2026-000043,1,4,2026-02-17,2026-02-28,2026-02-17,2026-02-19,Macys,Macys,,,USD,82.00,93.37,93.37,82.00,0.00,0,0.00,0,0.00,11.37,0.00,,,,,93.37,,0.00,,,,,,,,,,,,,,,,,,,,,30005,10574,30005-2026-000043,,,,,,,,Macys Shipping,,Macys Stores,215 King St,Dock 15,San Francisco,CA,94107,San Francisco,USA,ship-macys@example.com,(415) 555-2406,,,,,,,,,,,,,,,,,,2026-02-17,,AUSTIN-06-CAMEL-12,,,,EA,,,,,,,4,4,0,0,,10.00,10.00,40.00,40.00,0,0,0,FALSE,TRUE,FALSE,FALSE,,,,,,,,,,,
INV-SO2026-000044-000044,SO2026-000044,1,4,2026-02-05,2026-02-28,2026-02-06,2026-02-09,AMZ-eCom,AMZ eCom,,,USD,176.00,176.22,176.22,176.00,0.00,0,0.00,0,0.00,0.22,0.00,,,,,176.22,,0.00,,,,,,,,,,,,,,,,,,,,,10001,10565,10001-2026-000044,,,,,,,,AMZ eCom Shipping,,AMZ eCom Retail,201 Harbor Ave,Dock 1,Los Angeles,CA,90002,Los Angeles,USA,ship-amz-ecom@example.com,(213) 555-1006,,,,,,,,,,,,,,,,,,2026-02-05,,ADELINE-03-GOLD-6.5,,,,EA,,,,,,,4,4,0,0,,18.50,18.50,74.00,74.00,0,0,0,FALSE,TRUE,FALSE,FALSE,,,,,,,,,,,
INV-SO2026-000044-000044,SO2026-000044,1,4,2026-02-05,2026-02-28,2026-02-06,2026-02-09,AMZ-eCom,AMZ eCom,,,USD,176.00,176.22,176.22,176.00,0.00,0,0.00,0,0.00,0.22,0.00,,,,,176.22,,0.00,,,,,,,,,,,,,,,,,,,,,10001,10565,10001-2026-000044,,,,,,,,AMZ eCom Shipping,,AMZ eCom Retail,201 Harbor Ave,Dock 1,Los Angeles,CA,90002,Los Angeles,USA,ship-amz-ecom@example.com,(213) 555-1006,,,,,,,,,,,,,,,,,,2026-02-05,,FA13512DM-1847DPOCN-31-30,,,,EA,,,,,,,3,3,0,0,,34.00,34.00,102.00,102.00,0,0,0,FALSE,TRUE,FALSE,FALSE,,,,,,,,,,,
INV-SO2026-000045-000045,SO2026-000045,1,4,2026-01-20,2026-02-28,2026-01-22,2026-01-24,Shopify,Shopify,,,USD,46.00,63.83,63.83,46.00,0.00,0,0.00,0,0.00,17.83,0.00,,,,,63.83,,0.00,,,,,,,,,,,,,,,,,,,,,20001,10580,20001-2026-000045,,,,,,,,Shopify Shipping,,Shopify Commerce,217 Barranca Pkwy,Dock 17,Irvine,CA,92609,Orange,USA,ship-shopify@example.com,(949) 555-2606,,,,,,,,,,,,,,,,,,2026-01-20,,ADELINE-02-NUDE-7,,,,EA,,,,,,,4,4,0,0,,11.50,11.50,46.00,46.00,0,0,0,FALSE,TRUE,FALSE,FALSE,,,,,,,,,,,
INV-SO2026-000046-000046,SO2026-000046,1,4,2026-01-01,2026-02-15,2026-01-01,2026-01-06,Mirakl-Kohls,Mirakl Kohls,,,USD,188.50,195.23,195.23,188.50,0.00,0,0.00,0,0.00,6.73,0.00,,,,,195.23,,0.00,,,,,,,,,,,,,,,,,,,,,10013,10576,10013-2026-000046,,,,,,,,Mirakl Kohls Shipping,,Mirakl Kohls Network,214 Silver Creek Rd,Dock 14,San Jose,CA,95115,Santa Clara,USA,ship-mirakl-kohls@example.com,(408) 555-2306,,,,,,,,,,,,,,,,,,2026-01-01,,AVIANA-06-BEIGE-7.5,,,,EA,,,,,,,2,2,0,0,,16.25,16.25,32.50,32.50,0,0,0,FALSE,TRUE,FALSE,FALSE,,,,,,,,,,,
INV-SO2026-000046-000046,SO2026-000046,1,4,2026-01-01,2026-02-15,2026-01-01,2026-01-06,Mirakl-Kohls,Mirakl Kohls,,,USD,188.50,195.23,195.23,188.50,0.00,0,0.00,0,0.00,6.73,0.00,,,,,195.23,,0.00,,,,,,,,,,,,,,,,,,,,,10013,10576,10013-2026-000046,,,,,,,,Mirakl Kohls Shipping,,Mirakl Kohls Network,214 Silver Creek Rd,Dock 14,San Jose,CA,95115,Santa Clara,USA,ship-mirakl-kohls@example.com,(408) 555-2306,,,,,,,,,,,,,,,,,,2026-01-01,,FA16023WV-MIDNIGHTCAMO-L-STD,,,,EA,,,,,,,4,4,0,0,,39.00,39.00,156.00,156.00,0,0,0,FALSE,TRUE,FALSE,FALSE,,,,,,,,,,,
INV-SO2026-000047-000047,SO2026-000047,1,4,2026-02-11,2026-02-28,2026-02-13,2026-02-15,Shopify,Shopify,,,USD,302.00,319.87,319.87,302.00,0.00,0,0.00,0,0.00,17.87,0.00,,,,,319.87,,0.00,,,,,,,,,,,,,,,,,,,,,20001,10580,20001-2026-000047,,,,,,,,Shopify Shipping,,Shopify Commerce,217 Barranca Pkwy,Dock 17,Irvine,CA,92609,Orange,USA,ship-shopify@example.com,(949) 555-2606,,,,,,,,,,,,,,,,,,2026-02-11,,CAMILA-06-BLACK-9.5,,,,EA,,,,,,,4,4,0,0,,8.00,8.00,32.00,32.00,0,0,0,FALSE,TRUE,FALSE,FALSE,,,,,,,,,,,
INV-SO2026-000047-000047,SO2026-000047,1,4,2026-02-11,2026-02-28,2026-02-13,2026-02-15,Shopify,Shopify,,,USD,302.00,319.87,319.87,302.00,0.00,0,0.00,0,0.00,17.87,0.00,,,,,319.87,,0.00,,,,,,,,,,,,,,,,,,,,,20001,10580,20001-2026-000047,,,,,,,,Shopify Shipping,,Shopify Commerce,217 Barranca Pkwy,Dock 17,Irvine,CA,92609,Orange,USA,ship-shopify@example.com,(949) 555-2606,,,,,,,,,,,,,,,,,,2026-02-11,,CAMILA-06-BLACK-A12,,,,EA,,,,,,,2,2,0,0,,96.00,96.00,192.00,192.00,0,0,0,FALSE,TRUE,FALSE,FALSE,,,,,,,,,,,
INV-SO2026-000047-000047,SO2026-000047,1,4,2026-02-11,2026-02-28,2026-02-13,2026-02-15,Shopify,Shopify,,,USD,302.00,319.87,319.87,302.00,0.00,0,0.00,0,0.00,17.87,0.00,,,,,319.87,,0.00,,,,,,,,,,,,,,,,,,,,,20001,10580,20001-2026-000047,,,,,,,,Shopify Shipping,,Shopify Commerce,217 Barranca Pkwy,Dock 17,Irvine,CA,92609,Orange,USA,ship-shopify@example.com,(949) 555-2606,,,,,,,,,,,,,,,,,,2026-02-11,,FA16023WV-MIDNIGHTBLUE-XS-STD,,,,EA,,,,,,,2,2,0,0,,39.00,39.00,78.00,78.00,0,0,0,FALSE,TRUE,FALSE,FALSE,,,,,,,,,,,
INV-SO2026-000048-000048,SO2026-000048,1,4,2026-02-03,2026-02-28,2026-02-05,2026-02-07,Mirakl-Kohls,Mirakl Kohls,,,USD,60.00,65.34,65.34,60.00,0.00,0,0.00,0,0.00,5.34,0.00,,,,,65.34,,0.00,,,,,,,,,,,,,,,,,,,,,10013,10576,10013-2026-000048,,,,,,,,Mirakl Kohls Shipping,,Mirakl Kohls Network,214 Silver Creek Rd,Dock 14,San Jose,CA,95115,Santa Clara,USA,ship-mirakl-kohls@example.com,(408) 555-2306,,,,,,,,,,,,,,,,,,2026-02-03,,AUSTIN-06-CAMEL-6.5,,,,EA,,,,,,,3,3,0,0,,10.00,10.00,30.00,30.00,0,0,0,FALSE,TRUE,FALSE,FALSE,,,,,,,,,,,
INV-SO2026-000048-000048,SO2026-000048,1,4,2026-02-03,2026-02-28,2026-02-05,2026-02-07,Mirakl-Kohls,Mirakl Kohls,,,USD,60.00,65.34,65.34,60.00,0.00,0,0.00,0,0.00,5.34,0.00,,,,,65.34,,0.00,,,,,,,,,,,,,,,,,,,,,10013,10576,10013-2026-000048,,,,,,,,Mirakl Kohls Shipping,,Mirakl Kohls Network,214 Silver Creek Rd,Dock 14,San Jose,CA,95115,Santa Clara,USA,ship-mirakl-kohls@example.com,(408) 555-2306,,,,,,,,,,,,,,,,,,2026-02-03,,AUSTIN-06-BLUSH-8,,,,EA,,,,,,,3,3,0,0,,10.00,10.00,30.00,30.00,0,0,0,FALSE,TRUE,FALSE,FALSE,,,,,,,,,,,
INV-SO2026-000049-000049,SO2026-000049,1,4,2026-01-30,2026-02-28,2026-02-01,2026-02-03,Etsy-VS,Etsy VS,,,USD,134.25,134.25,134.25,134.25,0.00,0,0.00,0,0.00,0.00,0.00,,,,,134.25,,0.00,,,,,,,,,,,,,,,,,,,,,10008,10572,10008-2026-000049,,,,,,,,Etsy VS Shipping,,Etsy VS Marketplace,206 Pacific Hwy,Dock 6,Los Angeles,CA,90004,Los Angeles,USA,ship-etsy-vs@example.com,(213) 555-1506,,,,,,,,,,,,,,,,,,2026-01-30,,CORA-01-CAME-8.5,,,,EA,,,,,,,3,3,0,0,,10.75,10.75,32.25,32.25,0,0,0,FALSE,TRUE,FALSE,FALSE,,,,,,,,,,,
INV-SO2026-000049-000049,SO2026-000049,1,4,2026-01-30,2026-02-28,2026-02-01,2026-02-03,Etsy-VS,Etsy VS,,,USD,134.25,134.25,134.25,134.25,0.00,0,0.00,0,0.00,0.00,0.00,,,,,134.25,,0.00,,,,,,,,,,,,,,,,,,,,,10008,10572,10008-2026-000049,,,,,,,,Etsy VS Shipping,,Etsy VS Marketplace,206 Pacific Hwy,Dock 6,Los Angeles,CA,90004,Los Angeles,USA,ship-etsy-vs@example.com,(213) 555-1506,,,,,,,,,,,,,,,,,,2026-01-30,,F13031C-1742VNTGDM-26-STD,,,,EA,,,,,,,3,3,0,0,,34.00,34.00,102.00,102.00,0,0,0,FALSE,TRUE,FALSE,FALSE,,,,,,,,,,,
INV-SO2026-000050-000050,SO2026-000050,1,4,2026-02-27,2026-02-28,2026-02-28,2026-02-27,Squarespace,Squarespace,,,USD,136.00,150.12,150.12,136.00,0.00,0,0.00,0,0.00,14.12,0.00,,,,,150.12,,0.00,,,,,,,,,,,,,,,,,,,,,20006,10582,20006-2026-000050,,,,,,,,Squarespace Shipping,,Squarespace Digital,218 Camino Del Rio,Dock 18,San Diego,CA,92108,San Diego,USA,ship-squarespace@example.com,(619) 555-2706,,,,,,,,,,,,,,,,,,2026-02-27,,F13031C-1742VNTGBJ-27-STD,,,,EA,,,,,,,4,4,0,0,,34.00,34.00,136.00,136.00,0,0,0,FALSE,TRUE,FALSE,FALSE,,,,,,,,,,,
INV-SO2026-000051-000051,SO2026-000051,1,4,2026-02-28,2026-02-28,2026-02-28,2026-02-28,Walmart-eComm,Walmart eComm,,,USD,97.00,106.95,106.95,97.00,0.00,0,0.00,0,0.00,9.95,0.00,,,,,106.95,,0.00,,,,,,,,,,,,,,,,,,,,,10002,10566,10002-2026-000051,,,,,,,,Walmart eComm Shipping,,Walmart eComm Retail,220 Townsend St,Dock 20,San Francisco,CA,94109,San Francisco,USA,ship-walmart-ecomm@example.com,(415) 555-2906,,,,,,,,,,,,,,,,,,2026-02-28,,ASTRID-01-NUDE-11,,,,EA,,,,,,,2,2,0,0,,20.75,20.75,41.50,41.50,0,0,0,FALSE,TRUE,FALSE,FALSE,,,,,,,,,,,
INV-SO2026-000051-000051,SO2026-000051,1,4,2026-02-28,2026-02-28,2026-02-28,2026-02-28,Walmart-eComm,Walmart eComm,,,USD,97.00,106.95,106.95,97.00,0.00,0,0.00,0,0.00,9.95,0.00,,,,,106.95,,0.00,,,,,,,,,,,,,,,,,,,,,10002,10566,10002-2026-000051,,,,,,,,Walmart eComm Shipping,,Walmart eComm Retail,220 Townsend St,Dock 20,San Francisco,CA,94109,San Francisco,USA,ship-walmart-ecomm@example.com,(415) 555-2906,,,,,,,,,,,,,,,,,,2026-02-28,,ADELINE-03-TAUPE-5.5,,,,EA,,,,,,,3,3,0,0,,18.50,18.50,55.50,55.50,0,0,0,FALSE,TRUE,FALSE,FALSE,,,,,,,,,,,
INV-SO2026-000052-000052,SO2026-000052,1,4,2026-01-21,2026-02-28,2026-01-23,2026-01-24,Mirakl-HudsonsB,Mirakl HudsonsB,,,USD,31.50,48.19,48.19,31.50,0.00,0,0.00,0,0.00,16.69,0.00,,,,,48.19,,0.00,,,,,,,,,,,,,,,,,,,,,10005,10577,10005-2026-000052,,,,,,,,Mirakl HudsonsB Shipping,,Mirakl HudsonsB Network,212 Quail Hill Pkwy,Dock 12,Irvine,CA,92607,Orange,USA,ship-mirakl-hudsonsb@example.com,(949) 555-2106,,,,,,,,,,,,,,,,,,2026-01-21,,AUSTIN-06-NUDE-9.5,,,,EA,,,,,,,1,1,0,0,,10.00,10.00,10.00,10.00,0,0,0,FALSE,TRUE,FALSE,FALSE,,,,,,,,,,,
INV-SO2026-000052-000052,SO2026-000052,1,4,2026-01-21,2026-02-28,2026-01-23,2026-01-24,Mirakl-HudsonsB,Mirakl HudsonsB,,,USD,31.50,48.19,48.19,31.50,0.00,0,0.00,0,0.00,16.69,0.00,,,,,48.19,,0.00,,,,,,,,,,,,,,,,,,,,,10005,10577,10005-2026-000052,,,,,,,,Mirakl HudsonsB Shipping,,Mirakl HudsonsB Network,212 Quail Hill Pkwy,Dock 12,Irvine,CA,92607,Orange,USA,ship-mirakl-hudsonsb@example.com,(949) 555-2106,,,,,,,,,,,,,,,,,,2026-01-21,,CORA-01-CAME-7.5,,,,EA,,,,,,,2,2,0,0,,10.75,10.75,21.50,21.50,0,0,0,FALSE,TRUE,FALSE,FALSE,,,,,,,,,,,
INV-SO2026-000053-000053,SO2026-000053,1,4,2026-01-09,2026-02-28,2026-01-11,2026-01-12,Squarespace,Squarespace,,,USD,338.50,343.99,343.99,338.50,0.00,0,0.00,0,0.00,5.49,0.00,,,,,343.99,,0.00,,,,,,,,,,,,,,,,,,,,,20006,10582,20006-2026-000053,,,,,,,,Squarespace Shipping,,Squarespace Digital,218 Camino Del Rio,Dock 18,San Diego,CA,92108,San Diego,USA,ship-squarespace@example.com,(619) 555-2706,,,,,,,,,,,,,,,,,,2026-01-09,,ADELINE-03-GOLD-8,,,,EA,,,,,,,3,3,0,0,,18.50,18.50,55.50,55.50,0,0,0,FALSE,TRUE,FALSE,FALSE,,,,,,,,,,,
INV-SO2026-000053-000053,SO2026-000053,1,4,2026-01-09,2026-02-28,2026-01-11,2026-01-12,Squarespace,Squarespace,,,USD,338.50,343.99,343.99,338.50,0.00,0,0.00,0,0.00,5.49,0.00,,,,,343.99,,0.00,,,,,,,,,,,,,,,,,,,,,20006,10582,20006-2026-000053,,,,,,,,Squarespace Shipping,,Squarespace Digital,218 Camino Del Rio,Dock 18,San Diego,CA,92108,San Diego,USA,ship-squarespace@example.com,(619) 555-2706,,,,,,,,,,,,,,,,,,2026-01-09,,FA13512DM-1847DPOCN-26-30,,,,EA,,,,,,,4,4,0,0,,34.00,34.00,136.00,136.00,0,0,0,FALSE,TRUE,FALSE,FALSE,,,,,,,,,,,
INV-SO2026-000053-000053,SO2026-000053,1,4,2026-01-09,2026-02-28,2026-01-11,2026-01-12,Squarespace,Squarespace,,,USD,338.50,343.99,343.99,338.50,0.00,0,0.00,0,0.00,5.49,0.00,,,,,343.99,,0.00,,,,,,,,,,,,,,,,,,,,,20006,10582,20006-2026-000053,,,,,,,,Squarespace Shipping,,Squarespace Digital,218 Camino Del Rio,Dock 18,San Diego,CA,92108,San Diego,USA,ship-squarespace@example.com,(619) 555-2706,,,,,,,,,,,,,,,,,,2026-01-09,,FD9801506P-BLACK-2X-STD,,,,EA,,,,,,,3,3,0,0,,49.00,49.00,147.00,147.00,0,0,0,FALSE,TRUE,FALSE,FALSE,,,,,,,,,,,
INV-SO2026-000054-000054,SO2026-000054,1,4,2026-01-23,2026-02-28,2026-01-25,2026-01-28,Macys,Macys,,,USD,138.00,144.54,144.54,138.00,0.00,0,0.00,0,0.00,6.54,0.00,,,,,144.54,,0.00,,,,,,,,,,,,,,,,,,,,,30005,10574,30005-2026-000054,,,,,,,,Macys Shipping,,Macys Stores,215 King St,Dock 15,San Francisco,CA,94107,San Francisco,USA,ship-macys@example.com,(415) 555-2406,,,,,,,,,,,,,,,,,,2026-01-23,,ADELINE-02-WHITE-A12,,,,EA,,,,,,,1,1,0,0,,138.00,138.00,138.00,138.00,0,0,0,FALSE,TRUE,FALSE,FALSE,,,,,,,,,,,
INV-SO2026-000055-000055,SO2026-000055,1,4,2026-02-22,2026-02-28,2026-02-23,2026-02-27,Mirakl-Kohls,Mirakl Kohls,,,USD,166.75,179.46,179.46,166.75,0.00,0,0.00,0,0.00,12.71,0.00,,,,,179.46,,0.00,,,,,,,,,,,,,,,,,,,,,10013,10576,10013-2026-000055,,,,,,,,Mirakl Kohls Shipping,,Mirakl Kohls Network,214 Silver Creek Rd,Dock 14,San Jose,CA,95115,Santa Clara,USA,ship-mirakl-kohls@example.com,(408) 555-2306,,,,,,,,,,,,,,,,,,2026-02-22,,FA16023WV-SMOKEYROSE-XL-STD,,,,EA,,,,,,,4,4,0,0,,39.00,39.00,156.00,156.00,0,0,0,FALSE,TRUE,FALSE,FALSE,,,,,,,,,,,
INV-SO2026-000055-000055,SO2026-000055,1,4,2026-02-22,2026-02-28,2026-02-23,2026-02-27,Mirakl-Kohls,Mirakl Kohls,,,USD,166.75,179.46,179.46,166.75,0.00,0,0.00,0,0.00,12.71,0.00,,,,,179.46,,0.00,,,,,,,,,,,,,,,,,,,,,10013,10576,10013-2026-000055,,,,,,,,Mirakl Kohls Shipping,,Mirakl Kohls Network,214 Silver Creek Rd,Dock 14,San Jose,CA,95115,Santa Clara,USA,ship-mirakl-kohls@example.com,(408) 555-2306,,,,,,,,,,,,,,,,,,2026-02-22,,CORA-01-LEOP-5.5,,,,EA,,,,,,,1,1,0,0,,10.75,10.75,10.75,10.75,0,0,0,FALSE,TRUE,FALSE,FALSE,,,,,,,,,,,
INV-SO2026-000056-000056,SO2026-000056,1,4,2026-02-03,2026-02-28,2026-02-04,2026-02-04,JCPenney,JCPenney,,,USD,126.50,141.72,141.72,126.50,0.00,0,0.00,0,0.00,15.22,0.00,,,,,141.72,,0.00,,,,,,,,,,,,,,,,,,,,,30007,10575,30007-2026-000056,,,,,,,,JCPenney Shipping,,JCPenney Stores,213 Gateway Rd,Dock 13,San Diego,CA,92106,San Diego,USA,ship-jcpenney@example.com,(619) 555-2206,,,,,,,,,,,,,,,,,,2026-02-03,,ASTRID-01-BLACK-5,,,,EA,,,,,,,2,2,0,0,,20.75,20.75,41.50,41.50,0,0,0,FALSE,TRUE,FALSE,FALSE,,,,,,,,,,,
INV-SO2026-000056-000056,SO2026-000056,1,4,2026-02-03,2026-02-28,2026-02-04,2026-02-04,JCPenney,JCPenney,,,USD,126.50,141.72,141.72,126.50,0.00,0,0.00,0,0.00,15.22,0.00,,,,,141.72,,0.00,,,,,,,,,,,,,,,,,,,,,30007,10575,30007-2026-000056,,,,,,,,JCPenney Shipping,,JCPenney Stores,213 Gateway Rd,Dock 13,San Diego,CA,92106,San Diego,USA,ship-jcpenney@example.com,(619) 555-2206,,,,,,,,,,,,,,,,,,2026-02-03,,ADELINE-02-WHITE-6.5,,,,EA,,,,,,,4,4,0,0,,11.50,11.50,46.00,46.00,0,0,0,FALSE,TRUE,FALSE,FALSE,,,,,,,,,,,
INV-SO2026-000056-000056,SO2026-000056,1,4,2026-02-03,2026-02-28,2026-02-04,2026-02-04,JCPenney,JCPenney,,,USD,126.50,141.72,141.72,126.50,0.00,0,0.00,0,0.00,15.22,0.00,,,,,141.72,,0.00,,,,,,,,,,,,,,,,,,,,,30007,10575,30007-2026-000056,,,,,,,,JCPenney Shipping,,JCPenney Stores,213 Gateway Rd,Dock 13,San Diego,CA,92106,San Diego,USA,ship-jcpenney@example.com,(619) 555-2206,,,,,,,,,,,,,,,,,,2026-02-03,,FA16023WV-SMOKEYROSE-XS-STD,,,,EA,,,,,,,1,1,0,0,,39.00,39.00,39.00,39.00,0,0,0,FALSE,TRUE,FALSE,FALSE,,,,,,,,,,,
INV-SO2026-000057-000057,SO2026-000057,1,4,2026-02-07,2026-02-28,2026-02-07,2026-02-10,Etsy-VS,Etsy VS,,,USD,98.00,99.45,99.45,98.00,0.00,0,0.00,0,0.00,1.45,0.00,,,,,99.45,,0.00,,,,,,,,,,,,,,,,,,,,,10008,10572,10008-2026-000057,,,,,,,,Etsy VS Shipping,,Etsy VS Marketplace,206 Pacific Hwy,Dock 6,Los Angeles,CA,90004,Los Angeles,USA,ship-etsy-vs@example.com,(213) 555-1506,,,,,,,,,,,,,,,,,,2026-02-07,,FD9801506P-GINGER-3X-STD,,,,EA,,,,,,,2,2,0,0,,49.00,49.00,98.00,98.00,0,0,0,FALSE,TRUE,FALSE,FALSE,,,,,,,,,,,
INV-SO2026-000058-000058,SO2026-000058,1,4,2026-02-25,2026-02-28,2026-02-27,2026-02-28,Mirakl-Kohls,Mirakl Kohls,,,USD,326.50,338.22,338.22,326.50,0.00,0,0.00,0,0.00,11.72,0.00,,,,,338.22,,0.00,,,,,,,,,,,,,,,,,,,,,10013,10576,10013-2026-000058,,,,,,,,Mirakl Kohls Shipping,,Mirakl Kohls Network,214 Silver Creek Rd,Dock 14,San Jose,CA,95115,Santa Clara,USA,ship-mirakl-kohls@example.com,(408) 555-2306,,,,,,,,,,,,,,,,,,2026-02-25,,AVIANA-06-BEIGE-8.5,,,,EA,,,,,,,2,2,0,0,,16.25,16.25,32.50,32.50,0,0,0,FALSE,TRUE,FALSE,FALSE,,,,,,,,,,,
INV-SO2026-000058-000058,SO2026-000058,1,4,2026-02-25,2026-02-28,2026-02-27,2026-02-28,Mirakl-Kohls,Mirakl Kohls,,,USD,326.50,338.22,338.22,326.50,0.00,0,0.00,0,0.00,11.72,0.00,,,,,338.22,,0.00,,,,,,,,,,,,,,,,,,,,,10013,10576,10013-2026-000058,,,,,,,,Mirakl Kohls Shipping,,Mirakl Kohls Network,214 Silver Creek Rd,Dock 14,San Jose,CA,95115,Santa Clara,USA,ship-mirakl-kohls@example.com,(408) 555-2306,,,,,,,,,,,,,,,,,,2026-02-25,,FD3601734-MEDBLEACH-XL-STD,,,,EA,,,,,,,3,3,0,0,,98.00,98.00,294.00,294.00,0,0,0,FALSE,TRUE,FALSE,FALSE,,,,,,,,,,,
INV-SO2026-000059-000059,SO2026-000059,1,4,2026-01-01,2026-02-15,2026-01-03,2026-01-03,Mirakl-Kohls,Mirakl Kohls,,,USD,79.25,95.63,95.63,79.25,0.00,0,0.00,0,0.00,16.38,0.00,,,,,95.63,,0.00,,,,,,,,,,,,,,,,,,,,,10013,10576,10013-2026-000059,,,,,,,,Mirakl Kohls Shipping,,Mirakl Kohls Network,214 Silver Creek Rd,Dock 14,San Jose,CA,95115,Santa Clara,USA,ship-mirakl-kohls@example.com,(408) 555-2306,,,,,,,,,,,,,,,,,,2026-01-01,,ADELINE-02-NUDE-6.5,,,,EA,,,,,,,3,3,0,0,,11.50,11.50,34.50,34.50,0,0,0,FALSE,TRUE,FALSE,FALSE,,,,,,,,,,,
INV-SO2026-000059-000059,SO2026-000059,1,4,2026-01-01,2026-02-15,2026-01-03,2026-01-03,Mirakl-Kohls,Mirakl Kohls,,,USD,79.25,95.63,95.63,79.25,0.00,0,0.00,0,0.00,16.38,0.00,,,,,95.63,,0.00,,,,,,,,,,,,,,,,,,,,,10013,10576,10013-2026-000059,,,,,,,,Mirakl Kohls Shipping,,Mirakl Kohls Network,214 Silver Creek Rd,Dock 14,San Jose,CA,95115,Santa Clara,USA,ship-mirakl-kohls@example.com,(408) 555-2306,,,,,,,,,,,,,,,,,,2026-01-01,,ASTRID-01-BLACK-7.5,,,,EA,,,,,,,1,1,0,0,,20.75,20.75,20.75,20.75,0,0,0,FALSE,TRUE,FALSE,FALSE,,,,,,,,,,,
INV-SO2026-000059-000059,SO2026-000059,1,4,2026-01-01,2026-02-15,2026-01-03,2026-01-03,Mirakl-Kohls,Mirakl Kohls,,,USD,79.25,95.63,95.63,79.25,0.00,0,0.00,0,0.00,16.38,0.00,,,,,95.63,,0.00,,,,,,,,,,,,,,,,,,,,,10013,10576,10013-2026-000059,,,,,,,,Mirakl Kohls Shipping,,Mirakl Kohls Network,214 Silver Creek Rd,Dock 14,San Jose,CA,95115,Santa Clara,USA,ship-mirakl-kohls@example.com,(408) 555-2306,,,,,,,,,,,,,,,,,,2026-01-01,,CAMILA-06-GREEN-6.5,,,,EA,,,,,,,3,3,0,0,,8.00,8.00,24.00,24.00,0,0,0,FALSE,TRUE,FALSE,FALSE,,,,,,,,,,,
INV-SO2026-000060-000060,SO2026-000060,1,4,2026-01-24,2026-02-28,2026-01-25,2026-01-26,Veeqo-Amazon,Veeqo Amazon,,,USD,76.00,86.87,86.87,76.00,0.00,0,0.00,0,0.00,10.87,0.00,,,,,86.87,,0.00,,,,,,,,,,,,,,,,,,,,,10016,10579,10016-2026-000060,,,,,,,,Veeqo Amazon Shipping,,Veeqo Amazon Retail,202 Distribution Way,Dock 2,Irvine,CA,92603,Orange,USA,ship-veeqo-amazon@example.com,(949) 555-1106,,,,,,,,,,,,,,,,,,2026-01-24,,ADELINE-02-CAMEL-5,,,,EA,,,,,,,3,3,0,0,,11.50,11.50,34.50,34.50,0,0,0,FALSE,TRUE,FALSE,FALSE,,,,,,,,,,,
INV-SO2026-000060-000060,SO2026-000060,1,4,2026-01-24,2026-02-28,2026-01-25,2026-01-26,Veeqo-Amazon,Veeqo Amazon,,,USD,76.00,86.87,86.87,76.00,0.00,0,0.00,0,0.00,10.87,0.00,,,,,86.87,,0.00,,,,,,,,,,,,,,,,,,,,,10016,10579,10016-2026-000060,,,,,,,,Veeqo Amazon Shipping,,Veeqo Amazon Retail,202 Distribution Way,Dock 2,Irvine,CA,92603,Orange,USA,ship-veeqo-amazon@example.com,(949) 555-1106,,,,,,,,,,,,,,,,,,2026-01-24,,ASTRID-01-BLACK-11,,,,EA,,,,,,,2,2,0,0,,20.75,20.75,41.50,41.50,0,0,0,FALSE,TRUE,FALSE,FALSE,,,,,,,,,,,
INV-SO2026-000061-000061,SO2026-000061,1,4,2026-02-21,2026-02-28,2026-02-21,2026-02-23,Magento,Magento,,,USD,260.00,273.55,273.55,260.00,0.00,0,0.00,0,0.00,13.55,0.00,,,,,273.55,,0.00,,,,,,,,,,,,,,,,,,,,,20003,10581,20003-2026-000061,,,,,,,,Magento Shipping,,Magento Platform,216 Century Blvd,Dock 16,Los Angeles,CA,90008,Los Angeles,USA,ship-magento@example.com,(213) 555-2506,,,,,,,,,,,,,,,,,,2026-02-21,,173451-1183CITIZEN-7-STD,,,,EA,,,,,,,3,3,0,0,,24.00,24.00,72.00,72.00,0,0,0,FALSE,TRUE,FALSE,FALSE,,,,,,,,,,,
INV-SO2026-000061-000061,SO2026-000061,1,4,2026-02-21,2026-02-28,2026-02-21,2026-02-23,Magento,Magento,,,USD,260.00,273.55,273.55,260.00,0.00,0,0.00,0,0.00,13.55,0.00,,,,,273.55,,0.00,,,,,,,,,,,,,,,,,,,,,20003,10581,20003-2026-000061,,,,,,,,Magento Shipping,,Magento Platform,216 Century Blvd,Dock 16,Los Angeles,CA,90008,Los Angeles,USA,ship-magento@example.com,(213) 555-2506,,,,,,,,,,,,,,,,,,2026-02-21,,F13031C,,,,EA,,,,,,,2,2,0,0,,34.00,34.00,68.00,68.00,0,0,0,FALSE,TRUE,FALSE,FALSE,,,,,,,,,,,
INV-SO2026-000061-000061,SO2026-000061,1,4,2026-02-21,2026-02-28,2026-02-21,2026-02-23,Magento,Magento,,,USD,260.00,273.55,273.55,260.00,0.00,0,0.00,0,0.00,13.55,0.00,,,,,273.55,,0.00,,,,,,,,,,,,,,,,,,,,,20003,10581,20003-2026-000061,,,,,,,,Magento Shipping,,Magento Platform,216 Century Blvd,Dock 16,Los Angeles,CA,90008,Los Angeles,USA,ship-magento@example.com,(213) 555-2506,,,,,,,,,,,,,,,,,,2026-02-21,,AUSTIN-06-NUDE-B12,,,,EA,,,,,,,1,1,0,0,,120.00,120.00,120.00,120.00,0,0,0,FALSE,TRUE,FALSE,FALSE,,,,,,,,,,,
INV-SO2026-000062-000062,SO2026-000062,1,4,2026-02-22,2026-02-28,2026-02-23,2026-02-23,Mirakl-Kohls,Mirakl Kohls,,,USD,131.75,143.66,143.66,131.75,0.00,0,0.00,0,0.00,11.91,0.00,,,,,143.66,,0.00,,,,,,,,,,,,,,,,,,,,,10013,10576,10013-2026-000062,,,,,,,,Mirakl Kohls Shipping,,Mirakl Kohls Network,214 Silver Creek Rd,Dock 14,San Jose,CA,95115,Santa Clara,USA,ship-mirakl-kohls@example.com,(408) 555-2306,,,,,,,,,,,,,,,,,,2026-02-22,,AVIANA-06-BEIGE-8,,,,EA,,,,,,,4,4,0,0,,16.25,16.25,65.00,65.00,0,0,0,FALSE,TRUE,FALSE,FALSE,,,,,,,,,,,
INV-SO2026-000062-000062,SO2026-000062,1,4,2026-02-22,2026-02-28,2026-02-23,2026-02-23,Mirakl-Kohls,Mirakl Kohls,,,USD,131.75,143.66,143.66,131.75,0.00,0,0.00,0,0.00,11.91,0.00,,,,,143.66,,0.00,,,,,,,,,,,,,,,,,,,,,10013,10576,10013-2026-000062,,,,,,,,Mirakl Kohls Shipping,,Mirakl Kohls Network,214 Silver Creek Rd,Dock 14,San Jose,CA,95115,Santa Clara,USA,ship-mirakl-kohls@example.com,(408) 555-2306,,,,,,,,,,,,,,,,,,2026-02-22,,ADELINE-02-WHITE-12,,,,EA,,,,,,,3,3,0,0,,11.50,11.50,34.50,34.50,0,0,0,FALSE,TRUE,FALSE,FALSE,,,,,,,,,,,
INV-SO2026-000062-000062,SO2026-000062,1,4,2026-02-22,2026-02-28,2026-02-23,2026-02-23,Mirakl-Kohls,Mirakl Kohls,,,USD,131.75,143.66,143.66,131.75,0.00,0,0.00,0,0.00,11.91,0.00,,,,,143.66,,0.00,,,,,,,,,,,,,,,,,,,,,10013,10576,10013-2026-000062,,,,,,,,Mirakl Kohls Shipping,,Mirakl Kohls Network,214 Silver Creek Rd,Dock 14,San Jose,CA,95115,Santa Clara,USA,ship-mirakl-kohls@example.com,(408) 555-2306,,,,,,,,,,,,,,,,,,2026-02-22,,CORA-01-FUCH-6,,,,EA,,,,,,,3,3,0,0,,10.75,10.75,32.25,32.25,0,0,0,FALSE,TRUE,FALSE,FALSE,,,,,,,,,,,
INV-SO2026-000063-000063,SO2026-000063,1,4,2026-01-07,2026-02-21,2026-01-08,2026-01-07,Walmart-eComm,Walmart eComm,,,USD,444.00,449.20,449.20,444.00,0.00,0,0.00,0,0.00,5.20,0.00,,,,,449.20,,0.00,,,,,,,,,,,,,,,,,,,,,10002,10566,10002-2026-000063,,,,,,,,Walmart eComm Shipping,,Walmart eComm Retail,220 Townsend St,Dock 20,San Francisco,CA,94109,San Francisco,USA,ship-walmart-ecomm@example.com,(415) 555-2906,,,,,,,,,,,,,,,,,,2026-01-07,,ADELINE-03-BLACK-A12,,,,EA,,,,,,,2,2,0,0,,222.00,222.00,444.00,444.00,0,0,0,FALSE,TRUE,FALSE,FALSE,,,,,,,,,,,
INV-SO2026-000064-000064,SO2026-000064,1,4,2026-02-08,2026-02-28,2026-02-09,2026-02-08,Shopify,Shopify,,,USD,67.50,72.50,72.50,67.50,0.00,0,0.00,0,0.00,5.00,0.00,,,,,72.50,,0.00,,,,,,,,,,,,,,,,,,,,,20001,10580,20001-2026-000064,,,,,,,,Shopify Shipping,,Shopify Commerce,217 Barranca Pkwy,Dock 17,Irvine,CA,92609,Orange,USA,ship-shopify@example.com,(949) 555-2606,,,,,,,,,,,,,,,,,,2026-02-08,,ASTRID-01-NUDE-8.5,,,,EA,,,,,,,2,2,0,0,,20.75,20.75,41.50,41.50,0,0,0,FALSE,TRUE,FALSE,FALSE,,,,,,,,,,,
INV-SO2026-000064-000064,SO2026-000064,1,4,2026-02-08,2026-02-28,2026-02-09,2026-02-08,Shopify,Shopify,,,USD,67.50,72.50,72.50,67.50,0.00,0,0.00,0,0.00,5.00,0.00,,,,,72.50,,0.00,,,,,,,,,,,,,,,,,,,,,20001,10580,20001-2026-000064,,,,,,,,Shopify Shipping,,Shopify Commerce,217 Barranca Pkwy,Dock 17,Irvine,CA,92609,Orange,USA,ship-shopify@example.com,(949) 555-2606,,,,,,,,,,,,,,,,,,2026-02-08,,AUSTIN-06-WHITE-9.5,,,,EA,,,,,,,1,1,0,0,,10.00,10.00,10.00,10.00,0,0,0,FALSE,TRUE,FALSE,FALSE,,,,,,,,,,,
INV-SO2026-000064-000064,SO2026-000064,1,4,2026-02-08,2026-02-28,2026-02-09,2026-02-08,Shopify,Shopify,,,USD,67.50,72.50,72.50,67.50,0.00,0,0.00,0,0.00,5.00,0.00,,,,,72.50,,0.00,,,,,,,,,,,,,,,,,,,,,20001,10580,20001-2026-000064,,,,,,,,Shopify Shipping,,Shopify Commerce,217 Barranca Pkwy,Dock 17,Irvine,CA,92609,Orange,USA,ship-shopify@example.com,(949) 555-2606,,,,,,,,,,,,,,,,,,2026-02-08,,CAMILA-06-TAUPE-5.5,,,,EA,,,,,,,2,2,0,0,,8.00,8.00,16.00,16.00,0,0,0,FALSE,TRUE,FALSE,FALSE,,,,,,,,,,,
INV-SO2026-000065-000065,SO2026-000065,1,4,2026-02-08,2026-02-28,2026-02-08,2026-02-08,Veeqo-Amazon,Veeqo Amazon,,,USD,247.00,260.92,260.92,247.00,0.00,0,0.00,0,0.00,13.92,0.00,,,,,260.92,,0.00,,,,,,,,,,,,,,,,,,,,,10016,10579,10016-2026-000065,,,,,,,,Veeqo Amazon Shipping,,Veeqo Amazon Retail,202 Distribution Way,Dock 2,Irvine,CA,92603,Orange,USA,ship-veeqo-amazon@example.com,(949) 555-1106,,,,,,,,,,,,,,,,,,2026-02-08,,CORA-01-FUCH-A12,,,,EA,,,,,,,1,1,0,0,,129.00,129.00,129.00,129.00,0,0,0,FALSE,TRUE,FALSE,FALSE,,,,,,,,,,,
INV-SO2026-000065-000065,SO2026-000065,1,4,2026-02-08,2026-02-28,2026-02-08,2026-02-08,Veeqo-Amazon,Veeqo Amazon,,,USD,247.00,260.92,260.92,247.00,0.00,0,0.00,0,0.00,13.92,0.00,,,,,260.92,,0.00,,,,,,,,,,,,,,,,,,,,,10016,10579,10016-2026-000065,,,,,,,,Veeqo Amazon Shipping,,Veeqo Amazon Retail,202 Distribution Way,Dock 2,Irvine,CA,92603,Orange,USA,ship-veeqo-amazon@example.com,(949) 555-1106,,,,,,,,,,,,,,,,,,2026-02-08,,CAMILA-06-TAUPE-9.5,,,,EA,,,,,,,2,2,0,0,,8.00,8.00,16.00,16.00,0,0,0,FALSE,TRUE,FALSE,FALSE,,,,,,,,,,,
INV-SO2026-000065-000065,SO2026-000065,1,4,2026-02-08,2026-02-28,2026-02-08,2026-02-08,Veeqo-Amazon,Veeqo Amazon,,,USD,247.00,260.92,260.92,247.00,0.00,0,0.00,0,0.00,13.92,0.00,,,,,260.92,,0.00,,,,,,,,,,,,,,,,,,,,,10016,10579,10016-2026-000065,,,,,,,,Veeqo Amazon Shipping,,Veeqo Amazon Retail,202 Distribution Way,Dock 2,Irvine,CA,92603,Orange,USA,ship-veeqo-amazon@example.com,(949) 555-1106,,,,,,,,,,,,,,,,,,2026-02-08,,F13031C-1742VNTGST-27-STD,,,,EA,,,,,,,3,3,0,0,,34.00,34.00,102.00,102.00,0,0,0,FALSE,TRUE,FALSE,FALSE,,,,,,,,,,,
INV-SO2026-000066-000066,SO2026-000066,1,4,2026-01-26,2026-02-25,2026-01-26,2026-01-29,JCPenney,JCPenney,,,USD,32.25,47.65,47.65,32.25,0.00,0,0.00,0,0.00,15.40,0.00,,,,,47.65,,0.00,,,,,,,,,,,,,,,,,,,,,30007,10575,30007-2026-000066,,,,,,,,JCPenney Shipping,,JCPenney Stores,213 Gateway Rd,Dock 13,San Diego,CA,92106,San Diego,USA,ship-jcpenney@example.com,(619) 555-2206,,,,,,,,,,,,,,,,,,2026-01-26,,CORA-01-TAUP-6.5,,,,EA,,,,,,,3,3,0,0,,10.75,10.75,32.25,32.25,0,0,0,FALSE,TRUE,FALSE,FALSE,,,,,,,,,,,
INV-SO2026-000067-000067,SO2026-000067,1,4,2026-01-13,2026-02-27,2026-01-13,2026-01-16,Walmart-eComm,Walmart eComm,,,USD,210.25,210.25,210.25,210.25,0.00,0,0.00,0,0.00,0.00,0.00,,,,,210.25,,0.00,,,,,,,,,,,,,,,,,,,,,10002,10566,10002-2026-000067,,,,,,,,Walmart eComm Shipping,,Walmart eComm Retail,220 Townsend St,Dock 20,San Francisco,CA,94109,San Francisco,USA,ship-walmart-ecomm@example.com,(415) 555-2906,,,,,,,,,,,,,,,,,,2026-01-13,,ASTRID-01-NUDE-9.5,,,,EA,,,,,,,3,3,0,0,,20.75,20.75,62.25,62.25,0,0,0,FALSE,TRUE,FALSE,FALSE,,,,,,,,,,,
INV-SO2026-000067-000067,SO2026-000067,1,4,2026-01-13,2026-02-27,2026-01-13,2026-01-16,Walmart-eComm,Walmart eComm,,,USD,210.25,210.25,210.25,210.25,0.00,0,0.00,0,0.00,0.00,0.00,,,,,210.25,,0.00,,,,,,,,,,,,,,,,,,,,,10002,10566,10002-2026-000067,,,,,,,,Walmart eComm Shipping,,Walmart eComm Retail,220 Townsend St,Dock 20,San Francisco,CA,94109,San Francisco,USA,ship-walmart-ecomm@example.com,(415) 555-2906,,,,,,,,,,,,,,,,,,2026-01-13,,F13T007SS-CABERNET-XS-STD,,,,EA,,,,,,,4,4,0,0,,29.00,29.00,116.00,116.00,0,0,0,FALSE,TRUE,FALSE,FALSE,,,,,,,,,,,
INV-SO2026-000067-000067,SO2026-000067,1,4,2026-01-13,2026-02-27,2026-01-13,2026-01-16,Walmart-eComm,Walmart eComm,,,USD,210.25,210.25,210.25,210.25,0.00,0,0.00,0,0.00,0.00,0.00,,,,,210.25,,0.00,,,,,,,,,,,,,,,,,,,,,10002,10566,10002-2026-000067,,,,,,,,Walmart eComm Shipping,,Walmart eComm Retail,220 Townsend St,Dock 20,San Francisco,CA,94109,San Francisco,USA,ship-walmart-ecomm@example.com,(415) 555-2906,,,,,,,,,,,,,,,,,,2026-01-13,,CAMILA-06-NUDE-9.5,,,,EA,,,,,,,4,4,0,0,,8.00,8.00,32.00,32.00,0,0,0,FALSE,TRUE,FALSE,FALSE,,,,,,,,,,,
INV-SO2026-000068-000068,SO2026-000068,1,4,2026-01-11,2026-02-25,2026-01-11,2026-01-14,Etsy-LS,Etsy LS,,,USD,138.00,138.00,138.00,138.00,0.00,0,0.00,0,0.00,0.00,0.00,,,,,138.00,,0.00,,,,,,,,,,,,,,,,,,,,,10008,10571,10008-2026-000068,,,,,,,,Etsy LS Shipping,,Etsy LS Marketplace,205 Mission St,Dock 5,San Francisco,CA,94103,San Francisco,USA,ship-etsy-ls@example.com,(415) 555-1406,,,,,,,,,,,,,,,,,,2026-01-11,,ADELINE-02-CAMEL-A12,,,,EA,,,,,,,1,1,0,0,,138.00,138.00,138.00,138.00,0,0,0,FALSE,TRUE,FALSE,FALSE,,,,,,,,,,,
INV-SO2026-000069-000069,SO2026-000069,1,4,2026-01-11,2026-02-28,2026-01-13,2026-01-11,Squarespace,Squarespace,,,USD,40.25,47.17,47.17,40.25,0.00,0,0.00,0,0.00,6.92,0.00,,,,,47.17,,0.00,,,,,,,,,,,,,,,,,,,,,20006,10582,20006-2026-000069,,,,,,,,Squarespace Shipping,,Squarespace Digital,218 Camino Del Rio,Dock 18,San Diego,CA,92108,San Diego,USA,ship-squarespace@example.com,(619) 555-2706,,,,,,,,,,,,,,,,,,2026-01-11,,CORA-01-YLW-8,,,,EA,,,,,,,3,3,0,0,,10.75,10.75,32.25,32.25,0,0,0,FALSE,TRUE,FALSE,FALSE,,,,,,,,,,,
INV-SO2026-000069-000069,SO2026-000069,1,4,2026-01-11,2026-02-28,2026-01-13,2026-01-11,Squarespace,Squarespace,,,USD,40.25,47.17,47.17,40.25,0.00,0,0.00,0,0.00,6.92,0.00,,,,,47.17,,0.00,,,,,,,,,,,,,,,,,,,,,20006,10582,20006-2026-000069,,,,,,,,Squarespace Shipping,,Squarespace Digital,218 Camino Del Rio,Dock 18,San Diego,CA,92108,San Diego,USA,ship-squarespace@example.com,(619) 555-2706,,,,,,,,,,,,,,,,,,2026-01-11,,CAMILA-06-BLACK-8,,,,EA,,,,,,,1,1,0,0,,8.00,8.00,8.00,8.00,0,0,0,FALSE,TRUE,FALSE,FALSE,,,,,,,,,,,
INV-SO2026-000070-000070,SO2026-000070,1,4,2026-01-18,2026-02-28,2026-01-18,2026-01-18,Walmart-eComm,Walmart eComm,,,USD,73.00,77.20,77.20,73.00,0.00,0,0.00,0,0.00,4.20,0.00,,,,,77.20,,0.00,,,,,,,,,,,,,,,,,,,,,10002,10566,10002-2026-000070,,,,,,,,Walmart eComm Shipping,,Walmart eComm Retail,220 Townsend St,Dock 20,San Francisco,CA,94109,San Francisco,USA,ship-walmart-ecomm@example.com,(415) 555-2906,,,,,,,,,,,,,,,,,,2026-01-18,,CORA-01-FUCH-12,,,,EA,,,,,,,4,4,0,0,,10.75,10.75,43.00,43.00,0,0,0,FALSE,TRUE,FALSE,FALSE,,,,,,,,,,,
INV-SO2026-000070-000070,SO2026-000070,1,4,2026-01-18,2026-02-28,2026-01-18,2026-01-18,Walmart-eComm,Walmart eComm,,,USD,73.00,77.20,77.20,73.00,0.00,0,0.00,0,0.00,4.20,0.00,,,,,77.20,,0.00,,,,,,,,,,,,,,,,,,,,,10002,10566,10002-2026-000070,,,,,,,,Walmart eComm Shipping,,Walmart eComm Retail,220 Townsend St,Dock 20,San Francisco,CA,94109,San Francisco,USA,ship-walmart-ecomm@example.com,(415) 555-2906,,,,,,,,,,,,,,,,,,2026-01-18,,ADELINE-03-BLACK-5.5,,,,EA,,,,,,,1,1,0,0,,18.50,18.50,18.50,18.50,0,0,0,FALSE,TRUE,FALSE,FALSE,,,,,,,,,,,
INV-SO2026-000070-000070,SO2026-000070,1,4,2026-01-18,2026-02-28,2026-01-18,2026-01-18,Walmart-eComm,Walmart eComm,,,USD,73.00,77.20,77.20,73.00,0.00,0,0.00,0,0.00,4.20,0.00,,,,,77.20,,0.00,,,,,,,,,,,,,,,,,,,,,10002,10566,10002-2026-000070,,,,,,,,Walmart eComm Shipping,,Walmart eComm Retail,220 Townsend St,Dock 20,San Francisco,CA,94109,San Francisco,USA,ship-walmart-ecomm@example.com,(415) 555-2906,,,,,,,,,,,,,,,,,,2026-01-18,,ADELINE-02-PINK-5,,,,EA,,,,,,,1,1,0,0,,11.50,11.50,11.50,11.50,0,0,0,FALSE,TRUE,FALSE,FALSE,,,,,,,,,,,
INV-SO2026-000071-000071,SO2026-000071,1,4,2026-02-19,2026-02-28,2026-02-20,2026-02-21,Magento,Magento,,,USD,110.25,113.93,113.93,110.25,0.00,0,0.00,0,0.00,3.68,0.00,,,,,113.93,,0.00,,,,,,,,,,,,,,,,,,,,,20003,10581,20003-2026-000071,,,,,,,,Magento Shipping,,Magento Platform,216 Century Blvd,Dock 16,Los Angeles,CA,90008,Los Angeles,USA,ship-magento@example.com,(213) 555-2506,,,,,,,,,,,,,,,,,,2026-02-19,,173451-1183CITIZEN-21-34,,,,EA,,,,,,,1,1,0,0,,24.00,24.00,24.00,24.00,0,0,0,FALSE,TRUE,FALSE,FALSE,,,,,,,,,,,
INV-SO2026-000071-000071,SO2026-000071,1,4,2026-02-19,2026-02-28,2026-02-20,2026-02-21,Magento,Magento,,,USD,110.25,113.93,113.93,110.25,0.00,0,0.00,0,0.00,3.68,0.00,,,,,113.93,,0.00,,,,,,,,,,,,,,,,,,,,,20003,10581,20003-2026-000071,,,,,,,,Magento Shipping,,Magento Platform,216 Century Blvd,Dock 16,Los Angeles,CA,90008,Los Angeles,USA,ship-magento@example.com,(213) 555-2506,,,,,,,,,,,,,,,,,,2026-02-19,,173451-1183CITIZEN-13-STD,,,,EA,,,,,,,1,1,0,0,,24.00,24.00,24.00,24.00,0,0,0,FALSE,TRUE,FALSE,FALSE,,,,,,,,,,,
INV-SO2026-000071-000071,SO2026-000071,1,4,2026-02-19,2026-02-28,2026-02-20,2026-02-21,Magento,Magento,,,USD,110.25,113.93,113.93,110.25,0.00,0,0.00,0,0.00,3.68,0.00,,,,,113.93,,0.00,,,,,,,,,,,,,,,,,,,,,20003,10581,20003-2026-000071,,,,,,,,Magento Shipping,,Magento Platform,216 Century Blvd,Dock 16,Los Angeles,CA,90008,Los Angeles,USA,ship-magento@example.com,(213) 555-2506,,,,,,,,,,,,,,,,,,2026-02-19,,ASTRID-01-BLUSH-9,,,,EA,,,,,,,3,3,0,0,,20.75,20.75,62.25,62.25,0,0,0,FALSE,TRUE,FALSE,FALSE,,,,,,,,,,,
INV-SO2026-000072-000072,SO2026-000072,1,4,2026-02-05,2026-02-28,2026-02-07,2026-02-08,Walmart-eComm,Walmart eComm,,,USD,158.00,172.87,172.87,158.00,0.00,0,0.00,0,0.00,14.87,0.00,,,,,172.87,,0.00,,,,,,,,,,,,,,,,,,,,,10002,10566,10002-2026-000072,,,,,,,,Walmart eComm Shipping,,Walmart eComm Retail,220 Townsend St,Dock 20,San Francisco,CA,94109,San Francisco,USA,ship-walmart-ecomm@example.com,(415) 555-2906,,,,,,,,,,,,,,,,,,2026-02-05,,CAMILA-06-BLACK-7.5,,,,EA,,,,,,,4,4,0,0,,8.00,8.00,32.00,32.00,0,0,0,FALSE,TRUE,FALSE,FALSE,,,,,,,,,,,
INV-SO2026-000072-000072,SO2026-000072,1,4,2026-02-05,2026-02-28,2026-02-07,2026-02-08,Walmart-eComm,Walmart eComm,,,USD,158.00,172.87,172.87,158.00,0.00,0,0.00,0,0.00,14.87,0.00,,,,,172.87,,0.00,,,,,,,,,,,,,,,,,,,,,10002,10566,10002-2026-000072,,,,,,,,Walmart eComm Shipping,,Walmart eComm Retail,220 Townsend St,Dock 20,San Francisco,CA,94109,San Francisco,USA,ship-walmart-ecomm@example.com,(415) 555-2906,,,,,,,,,,,,,,,,,,2026-02-05,,AUSTIN-06-WHITE-6.5,,,,EA,,,,,,,3,3,0,0,,10.00,10.00,30.00,30.00,0,0,0,FALSE,TRUE,FALSE,FALSE,,,,,,,,,,,
INV-SO2026-000072-000072,SO2026-000072,1,4,2026-02-05,2026-02-28,2026-02-07,2026-02-08,Walmart-eComm,Walmart eComm,,,USD,158.00,172.87,172.87,158.00,0.00,0,0.00,0,0.00,14.87,0.00,,,,,172.87,,0.00,,,,,,,,,,,,,,,,,,,,,10002,10566,10002-2026-000072,,,,,,,,Walmart eComm Shipping,,Walmart eComm Retail,220 Townsend St,Dock 20,San Francisco,CA,94109,San Francisco,USA,ship-walmart-ecomm@example.com,(415) 555-2906,,,,,,,,,,,,,,,,,,2026-02-05,,173451-1183CITIZEN-21-STD,,,,EA,,,,,,,4,4,0,0,,24.00,24.00,96.00,96.00,0,0,0,FALSE,TRUE,FALSE,FALSE,,,,,,,,,,,
INV-SO2026-000073-000073,SO2026-000073,1,4,2026-01-20,2026-02-19,2026-01-21,2026-01-25,Magento,Magento,,,USD,151.75,162.41,162.41,151.75,0.00,0,0.00,0,0.00,10.66,0.00,,,,,162.41,,0.00,,,,,,,,,,,,,,,,,,,,,20003,10581,20003-2026-000073,,,,,,,,Magento Shipping,,Magento Platform,216 Century Blvd,Dock 16,Los Angeles,CA,90008,Los Angeles,USA,ship-magento@example.com,(213) 555-2506,,,,,,,,,,,,,,,,,,2026-01-20,,AUSTIN-06-WHITE-11,,,,EA,,,,,,,2,2,0,0,,10.00,10.00,20.00,20.00,0,0,0,FALSE,TRUE,FALSE,FALSE,,,,,,,,,,,
INV-SO2026-000073-000073,SO2026-000073,1,4,2026-01-20,2026-02-19,2026-01-21,2026-01-25,Magento,Magento,,,USD,151.75,162.41,162.41,151.75,0.00,0,0.00,0,0.00,10.66,0.00,,,,,162.41,,0.00,,,,,,,,,,,,,,,,,,,,,20003,10581,20003-2026-000073,,,,,,,,Magento Shipping,,Magento Platform,216 Century Blvd,Dock 16,Los Angeles,CA,90008,Los Angeles,USA,ship-magento@example.com,(213) 555-2506,,,,,,,,,,,,,,,,,,2026-01-20,,AVIANA-06-BLACK-8.5,,,,EA,,,,,,,3,3,0,0,,16.25,16.25,48.75,48.75,0,0,0,FALSE,TRUE,FALSE,FALSE,,,,,,,,,,,
INV-SO2026-000073-000073,SO2026-000073,1,4,2026-01-20,2026-02-19,2026-01-21,2026-01-25,Magento,Magento,,,USD,151.75,162.41,162.41,151.75,0.00,0,0.00,0,0.00,10.66,0.00,,,,,162.41,,0.00,,,,,,,,,,,,,,,,,,,,,20003,10581,20003-2026-000073,,,,,,,,Magento Shipping,,Magento Platform,216 Century Blvd,Dock 16,Los Angeles,CA,90008,Los Angeles,USA,ship-magento@example.com,(213) 555-2506,,,,,,,,,,,,,,,,,,2026-01-20,,ASTRID-01-BLUSH-5.5,,,,EA,,,,,,,4,4,0,0,,20.75,20.75,83.00,83.00,0,0,0,FALSE,TRUE,FALSE,FALSE,,,,,,,,,,,
INV-SO2026-000074-000074,SO2026-000074,1,4,2026-01-29,2026-02-28,2026-01-29,2026-02-03,Macys,Macys,,,USD,95.50,101.87,101.87,95.50,0.00,0,0.00,0,0.00,6.37,0.00,,,,,101.87,,0.00,,,,,,,,,,,,,,,,,,,,,30005,10574,30005-2026-000074,,,,,,,,Macys Shipping,,Macys Stores,215 King St,Dock 15,San Francisco,CA,94107,San Francisco,USA,ship-macys@example.com,(415) 555-2406,,,,,,,,,,,,,,,,,,2026-01-29,,AUSTIN-06-WHITE-5.5,,,,EA,,,,,,,4,4,0,0,,10.00,10.00,40.00,40.00,0,0,0,FALSE,TRUE,FALSE,FALSE,,,,,,,,,,,
INV-SO2026-000074-000074,SO2026-000074,1,4,2026-01-29,2026-02-28,2026-01-29,2026-02-03,Macys,Macys,,,USD,95.50,101.87,101.87,95.50,0.00,0,0.00,0,0.00,6.37,0.00,,,,,101.87,,0.00,,,,,,,,,,,,,,,,,,,,,30005,10574,30005-2026-000074,,,,,,,,Macys Shipping,,Macys Stores,215 King St,Dock 15,San Francisco,CA,94107,San Francisco,USA,ship-macys@example.com,(415) 555-2406,,,,,,,,,,,,,,,,,,2026-01-29,,ADELINE-03-BLUE-6,,,,EA,,,,,,,3,3,0,0,,18.50,18.50,55.50,55.50,0,0,0,FALSE,TRUE,FALSE,FALSE,,,,,,,,,,,
INV-SO2026-000075-000075,SO2026-000075,1,4,2026-02-14,2026-02-28,2026-02-15,2026-02-18,Walmart-eComm,Walmart eComm,,,USD,87.75,105.36,105.36,87.75,0.00,0,0.00,0,0.00,17.61,0.00,,,,,105.36,,0.00,,,,,,,,,,,,,,,,,,,,,10002,10566,10002-2026-000075,,,,,,,,Walmart eComm Shipping,,Walmart eComm Retail,220 Townsend St,Dock 20,San Francisco,CA,94109,San Francisco,USA,ship-walmart-ecomm@example.com,(415) 555-2906,,,,,,,,,,,,,,,,,,2026-02-14,,CORA-01-FUCH-11,,,,EA,,,,,,,3,3,0,0,,10.75,10.75,32.25,32.25,0,0,0,FALSE,TRUE,FALSE,FALSE,,,,,,,,,,,
INV-SO2026-000075-000075,SO2026-000075,1,4,2026-02-14,2026-02-28,2026-02-15,2026-02-18,Walmart-eComm,Walmart eComm,,,USD,87.75,105.36,105.36,87.75,0.00,0,0.00,0,0.00,17.61,0.00,,,,,105.36,,0.00,,,,,,,,,,,,,,,,,,,,,10002,10566,10002-2026-000075,,,,,,,,Walmart eComm Shipping,,Walmart eComm Retail,220 Townsend St,Dock 20,San Francisco,CA,94109,San Francisco,USA,ship-walmart-ecomm@example.com,(415) 555-2906,,,,,,,,,,,,,,,,,,2026-02-14,,ADELINE-03-TAUPE-6.5,,,,EA,,,,,,,3,3,0,0,,18.50,18.50,55.50,55.50,0,0,0,FALSE,TRUE,FALSE,FALSE,,,,,,,,,,,
INV-SO2026-000076-000076,SO2026-000076,1,4,2026-01-09,2026-02-23,2026-01-11,2026-01-12,Veeqo-Amazon,Veeqo Amazon,,,USD,125.00,127.36,127.36,125.00,0.00,0,0.00,0,0.00,2.36,0.00,,,,,127.36,,0.00,,,,,,,,,,,,,,,,,,,,,10016,10579,10016-2026-000076,,,,,,,,Veeqo Amazon Shipping,,Veeqo Amazon Retail,202 Distribution Way,Dock 2,Irvine,CA,92603,Orange,USA,ship-veeqo-amazon@example.com,(949) 555-1106,,,,,,,,,,,,,,,,,,2026-01-09,,ADELINE-02-PINK-7,,,,EA,,,,,,,2,2,0,0,,11.50,11.50,23.00,23.00,0,0,0,FALSE,TRUE,FALSE,FALSE,,,,,,,,,,,
INV-SO2026-000076-000076,SO2026-000076,1,4,2026-01-09,2026-02-23,2026-01-11,2026-01-12,Veeqo-Amazon,Veeqo Amazon,,,USD,125.00,127.36,127.36,125.00,0.00,0,0.00,0,0.00,2.36,0.00,,,,,127.36,,0.00,,,,,,,,,,,,,,,,,,,,,10016,10579,10016-2026-000076,,,,,,,,Veeqo Amazon Shipping,,Veeqo Amazon Retail,202 Distribution Way,Dock 2,Irvine,CA,92603,Orange,USA,ship-veeqo-amazon@example.com,(949) 555-1106,,,,,,,,,,,,,,,,,,2026-01-09,,F13031C-1742VNTGCO-32-STD,,,,EA,,,,,,,3,3,0,0,,34.00,34.00,102.00,102.00,0,0,0,FALSE,TRUE,FALSE,FALSE,,,,,,,,,,,
INV-SO2026-000077-000077,SO2026-000077,1,4,2026-01-01,2026-02-28,2026-01-02,2026-01-05,Macys,Macys,,,USD,102.00,108.38,108.38,102.00,0.00,0,0.00,0,0.00,6.38,0.00,,,,,108.38,,0.00,,,,,,,,,,,,,,,,,,,,,30005,10574,30005-2026-000077,,,,,,,,Macys Shipping,,Macys Stores,215 King St,Dock 15,San Francisco,CA,94107,San Francisco,USA,ship-macys@example.com,(415) 555-2406,,,,,,,,,,,,,,,,,,2026-01-01,,FA13501DM-1608BLAU2,,,,EA,,,,,,,3,3,0,0,,34.00,34.00,102.00,102.00,0,0,0,FALSE,TRUE,FALSE,FALSE,,,,,,,,,,,
INV-SO2026-000078-000078,SO2026-000078,1,4,2026-01-12,2026-02-11,2026-01-12,2026-01-14,eBay,eBay,,,USD,403.25,420.18,420.18,403.25,0.00,0,0.00,0,0.00,16.93,0.00,,,,,420.18,,0.00,,,,,,,,,,,,,,,,,,,,,10004,10570,10004-2026-000078,,,,,,,,eBay Shipping,,eBay Commerce,204 Fulfillment Ave,Dock 4,San Jose,CA,95111,Santa Clara,USA,ship-ebay@example.com,(408) 555-1306,,,,,,,,,,,,,,,,,,2026-01-12,,CORA-01-YLW-7.5,,,,EA,,,,,,,1,1,0,0,,10.75,10.75,10.75,10.75,0,0,0,FALSE,TRUE,FALSE,FALSE,,,,,,,,,,,
INV-SO2026-000078-000078,SO2026-000078,1,4,2026-01-12,2026-02-11,2026-01-12,2026-01-14,eBay,eBay,,,USD,403.25,420.18,420.18,403.25,0.00,0,0.00,0,0.00,16.93,0.00,,,,,420.18,,0.00,,,,,,,,,,,,,,,,,,,,,10004,10570,10004-2026-000078,,,,,,,,eBay Shipping,,eBay Commerce,204 Fulfillment Ave,Dock 4,San Jose,CA,95111,Santa Clara,USA,ship-ebay@example.com,(408) 555-1306,,,,,,,,,,,,,,,,,,2026-01-12,,AVIANA-06-BEIGE-9.5,,,,EA,,,,,,,2,2,0,0,,16.25,16.25,32.50,32.50,0,0,0,FALSE,TRUE,FALSE,FALSE,,,,,,,,,,,
INV-SO2026-000078-000078,SO2026-000078,1,4,2026-01-12,2026-02-11,2026-01-12,2026-01-14,eBay,eBay,,,USD,403.25,420.18,420.18,403.25,0.00,0,0.00,0,0.00,16.93,0.00,,,,,420.18,,0.00,,,,,,,,,,,,,,,,,,,,,10004,10570,10004-2026-000078,,,,,,,,eBay Shipping,,eBay Commerce,204 Fulfillment Ave,Dock 4,San Jose,CA,95111,Santa Clara,USA,ship-ebay@example.com,(408) 555-1306,,,,,,,,,,,,,,,,,,2026-01-12,,AUSTIN-06-CAMEL-A12,,,,EA,,,,,,,3,3,0,0,,120.00,120.00,360.00,360.00,0,0,0,FALSE,TRUE,FALSE,FALSE,,,,,,,,,,,
INV-SO2026-000079-000079,SO2026-000079,1,4,2026-02-01,2026-02-28,2026-02-01,2026-02-05,JCPenney,JCPenney,,,USD,265.00,265.48,265.48,265.00,0.00,0,0.00,0,0.00,0.48,0.00,,,,,265.48,,0.00,,,,,,,,,,,,,,,,,,,,,30007,10575,30007-2026-000079,,,,,,,,JCPenney Shipping,,JCPenney Stores,213 Gateway Rd,Dock 13,San Diego,CA,92106,San Diego,USA,ship-jcpenney@example.com,(619) 555-2206,,,,,,,,,,,,,,,,,,2026-02-01,,AUSTIN-06-BLACK-5.5,,,,EA,,,,,,,2,2,0,0,,10.00,10.00,20.00,20.00,0,0,0,FALSE,TRUE,FALSE,FALSE,,,,,,,,,,,
INV-SO2026-000079-000079,SO2026-000079,1,4,2026-02-01,2026-02-28,2026-02-01,2026-02-05,JCPenney,JCPenney,,,USD,265.00,265.48,265.48,265.00,0.00,0,0.00,0,0.00,0.48,0.00,,,,,265.48,,0.00,,,,,,,,,,,,,,,,,,,,,30007,10575,30007-2026-000079,,,,,,,,JCPenney Shipping,,JCPenney Stores,213 Gateway Rd,Dock 13,San Diego,CA,92106,San Diego,USA,ship-jcpenney@example.com,(619) 555-2206,,,,,,,,,,,,,,,,,,2026-02-01,,ADELINE-03-TAUPE,,,,EA,,,,,,,1,1,0,0,,177.00,177.00,177.00,177.00,0,0,0,FALSE,TRUE,FALSE,FALSE,,,,,,,,,,,
INV-SO2026-000079-000079,SO2026-000079,1,4,2026-02-01,2026-02-28,2026-02-01,2026-02-05,JCPenney,JCPenney,,,USD,265.00,265.48,265.48,265.00,0.00,0,0.00,0,0.00,0.48,0.00,,,,,265.48,,0.00,,,,,,,,,,,,,,,,,,,,,30007,10575,30007-2026-000079,,,,,,,,JCPenney Shipping,,JCPenney Stores,213 Gateway Rd,Dock 13,San Diego,CA,92106,San Diego,USA,ship-jcpenney@example.com,(619) 555-2206,,,,,,,,,,,,,,,,,,2026-02-01,,FA13512DM-1847DPOCN-29-30,,,,EA,,,,,,,2,2,0,0,,34.00,34.00,68.00,68.00,0,0,0,FALSE,TRUE,FALSE,FALSE,,,,,,,,,,,
INV-SO2026-000080-000080,SO2026-000080,1,4,2026-01-19,2026-02-18,2026-01-21,2026-01-20,Magento,Magento,,,USD,43.00,51.16,51.16,43.00,0.00,0,0.00,0,0.00,8.16,0.00,,,,,51.16,,0.00,,,,,,,,,,,,,,,,,,,,,20003,10581,20003-2026-000080,,,,,,,,Magento Shipping,,Magento Platform,216 Century Blvd,Dock 16,Los Angeles,CA,90008,Los Angeles,USA,ship-magento@example.com,(213) 555-2506,,,,,,,,,,,,,,,,,,2026-01-19,,CORA-01-BLK-12,,,,EA,,,,,,,4,4,0,0,,10.75,10.75,43.00,43.00,0,0,0,FALSE,TRUE,FALSE,FALSE,,,,,,,,,,,
INV-SO2026-000081-000081,SO2026-000081,1,4,2026-01-29,2026-02-28,2026-01-30,2026-02-02,Etsy-LS,Etsy LS,,,USD,119.50,119.50,119.50,119.50,0.00,0,0.00,0,0.00,0.00,0.00,,,,,119.50,,0.00,,,,,,,,,,,,,,,,,,,,,10008,10571,10008-2026-000081,,,,,,,,Etsy LS Shipping,,Etsy LS Marketplace,205 Mission St,Dock 5,San Francisco,CA,94103,San Francisco,USA,ship-etsy-ls@example.com,(415) 555-1406,,,,,,,,,,,,,,,,,,2026-01-29,,FA16105WV-MIDNIGHTCAMO-L-STD,,,,EA,,,,,,,2,2,0,0,,39.00,39.00,78.00,78.00,0,0,0,FALSE,TRUE,FALSE,FALSE,,,,,,,,,,,
INV-SO2026-000081-000081,SO2026-000081,1,4,2026-01-29,2026-02-28,2026-01-30,2026-02-02,Etsy-LS,Etsy LS,,,USD,119.50,119.50,119.50,119.50,0.00,0,0.00,0,0.00,0.00,0.00,,,,,119.50,,0.00,,,,,,,,,,,,,,,,,,,,,10008,10571,10008-2026-000081,,,,,,,,Etsy LS Shipping,,Etsy LS Marketplace,205 Mission St,Dock 5,San Francisco,CA,94103,San Francisco,USA,ship-etsy-ls@example.com,(415) 555-1406,,,,,,,,,,,,,,,,,,2026-01-29,,ASTRID-01-BLACK-8.5,,,,EA,,,,,,,2,2,0,0,,20.75,20.75,41.50,41.50,0,0,0,FALSE,TRUE,FALSE,FALSE,,,,,,,,,,,
INV-SO2026-000082-000082,SO2026-000082,1,4,2026-02-06,2026-02-28,2026-02-06,2026-02-10,Walmart-eComm,Walmart eComm,,,USD,103.75,112.58,112.58,103.75,0.00,0,0.00,0,0.00,8.83,0.00,,,,,112.58,,0.00,,,,,,,,,,,,,,,,,,,,,10002,10566,10002-2026-000082,,,,,,,,Walmart eComm Shipping,,Walmart eComm Retail,220 Townsend St,Dock 20,San Francisco,CA,94109,San Francisco,USA,ship-walmart-ecomm@example.com,(415) 555-2906,,,,,,,,,,,,,,,,,,2026-02-06,,ASTRID-01-NUDE-5,,,,EA,,,,,,,2,2,0,0,,20.75,20.75,41.50,41.50,0,0,0,FALSE,TRUE,FALSE,FALSE,,,,,,,,,,,
INV-SO2026-000082-000082,SO2026-000082,1,4,2026-02-06,2026-02-28,2026-02-06,2026-02-10,Walmart-eComm,Walmart eComm,,,USD,103.75,112.58,112.58,103.75,0.00,0,0.00,0,0.00,8.83,0.00,,,,,112.58,,0.00,,,,,,,,,,,,,,,,,,,,,10002,10566,10002-2026-000082,,,,,,,,Walmart eComm Shipping,,Walmart eComm Retail,220 Townsend St,Dock 20,San Francisco,CA,94109,San Francisco,USA,ship-walmart-ecomm@example.com,(415) 555-2906,,,,,,,,,,,,,,,,,,2026-02-06,,AVIANA-06-BLACK-6,,,,EA,,,,,,,1,1,0,0,,16.25,16.25,16.25,16.25,0,0,0,FALSE,TRUE,FALSE,FALSE,,,,,,,,,,,
INV-SO2026-000082-000082,SO2026-000082,1,4,2026-02-06,2026-02-28,2026-02-06,2026-02-10,Walmart-eComm,Walmart eComm,,,USD,103.75,112.58,112.58,103.75,0.00,0,0.00,0,0.00,8.83,0.00,,,,,112.58,,0.00,,,,,,,,,,,,,,,,,,,,,10002,10566,10002-2026-000082,,,,,,,,Walmart eComm Shipping,,Walmart eComm Retail,220 Townsend St,Dock 20,San Francisco,CA,94109,San Francisco,USA,ship-walmart-ecomm@example.com,(415) 555-2906,,,,,,,,,,,,,,,,,,2026-02-06,,ADELINE-02-BLACK-7.5,,,,EA,,,,,,,4,4,0,0,,11.50,11.50,46.00,46.00,0,0,0,FALSE,TRUE,FALSE,FALSE,,,,,,,,,,,
INV-SO2026-000083-000083,SO2026-000083,1,4,2026-02-20,2026-02-28,2026-02-22,2026-02-24,AMZ-eCom,AMZ eCom,,,USD,147.00,161.82,161.82,147.00,0.00,0,0.00,0,0.00,14.82,0.00,,,,,161.82,,0.00,,,,,,,,,,,,,,,,,,,,,10001,10565,10001-2026-000083,,,,,,,,AMZ eCom Shipping,,AMZ eCom Retail,201 Harbor Ave,Dock 1,Los Angeles,CA,90002,Los Angeles,USA,ship-amz-ecom@example.com,(213) 555-1006,,,,,,,,,,,,,,,,,,2026-02-20,,FD9801506P-BLACKBROWN-1X-STD,,,,EA,,,,,,,3,3,0,0,,49.00,49.00,147.00,147.00,0,0,0,FALSE,TRUE,FALSE,FALSE,,,,,,,,,,,
INV-SO2026-000084-000084,SO2026-000084,1,4,2026-01-02,2026-02-16,2026-01-02,2026-01-02,Etsy-LS,Etsy LS,,,USD,65.00,66.01,66.01,65.00,0.00,0,0.00,0,0.00,1.01,0.00,,,,,66.01,,0.00,,,,,,,,,,,,,,,,,,,,,10008,10571,10008-2026-000084,,,,,,,,Etsy LS Shipping,,Etsy LS Marketplace,205 Mission St,Dock 5,San Francisco,CA,94103,San Francisco,USA,ship-etsy-ls@example.com,(415) 555-1406,,,,,,,,,,,,,,,,,,2026-01-02,,AVIANA-06-PINK-9.5,,,,EA,,,,,,,4,4,0,0,,16.25,16.25,65.00,65.00,0,0,0,FALSE,TRUE,FALSE,FALSE,,,,,,,,,,,
INV-SO2026-000085-000085,SO2026-000085,1,4,2026-01-24,2026-02-28,2026-01-26,2026-01-29,Mirakl-Kohls,Mirakl Kohls,,,USD,41.50,49.38,49.38,41.50,0.00,0,0.00,0,0.00,7.88,0.00,,,,,49.38,,0.00,,,,,,,,,,,,,,,,,,,,,10013,10576,10013-2026-000085,,,,,,,,Mirakl Kohls Shipping,,Mirakl Kohls Network,214 Silver Creek Rd,Dock 14,San Jose,CA,95115,Santa Clara,USA,ship-mirakl-kohls@example.com,(408) 555-2306,,,,,,,,,,,,,,,,,,2026-01-24,,ASTRID-01-BLUSH-8,,,,EA,,,,,,,2,2,0,0,,20.75,20.75,41.50,41.50,0,0,0,FALSE,TRUE,FALSE,FALSE,,,,,,,,,,,
INV-SO2026-000086-000086,SO2026-000086,1,4,2026-02-09,2026-02-28,2026-02-11,2026-02-12,Squarespace,Squarespace,,,USD,103.00,110.26,110.26,103.00,0.00,0,0.00,0,0.00,7.26,0.00,,,,,110.26,,0.00,,,,,,,,,,,,,,,,,,,,,20006,10582,20006-2026-000086,,,,,,,,Squarespace Shipping,,Squarespace Digital,218 Camino Del Rio,Dock 18,San Diego,CA,92108,San Diego,USA,ship-squarespace@example.com,(619) 555-2706,,,,,,,,,,,,,,,,,,2026-02-09,,ASTRID-01-NUDE-10,,,,EA,,,,,,,4,4,0,0,,20.75,20.75,83.00,83.00,0,0,0,FALSE,TRUE,FALSE,FALSE,,,,,,,,,,,
INV-SO2026-000086-000086,SO2026-000086,1,4,2026-02-09,2026-02-28,2026-02-11,2026-02-12,Squarespace,Squarespace,,,USD,103.00,110.26,110.26,103.00,0.00,0,0.00,0,0.00,7.26,0.00,,,,,110.26,,0.00,,,,,,,,,,,,,,,,,,,,,20006,10582,20006-2026-000086,,,,,,,,Squarespace Shipping,,Squarespace Digital,218 Camino Del Rio,Dock 18,San Diego,CA,92108,San Diego,USA,ship-squarespace@example.com,(619) 555-2706,,,,,,,,,,,,,,,,,,2026-02-09,,AUSTIN-06-CAMEL-9,,,,EA,,,,,,,2,2,0,0,,10.00,10.00,20.00,20.00,0,0,0,FALSE,TRUE,FALSE,FALSE,,,,,,,,,,,
INV-SO2026-000087-000087,SO2026-000087,1,4,2026-01-27,2026-02-28,2026-01-29,2026-02-01,Etsy-VS,Etsy VS,,,USD,419.00,429.47,429.47,419.00,0.00,0,0.00,0,0.00,10.47,0.00,,,,,429.47,,0.00,,,,,,,,,,,,,,,,,,,,,10008,10572,10008-2026-000087,,,,,,,,Etsy VS Shipping,,Etsy VS Marketplace,206 Pacific Hwy,Dock 6,Los Angeles,CA,90004,Los Angeles,USA,ship-etsy-vs@example.com,(213) 555-1506,,,,,,,,,,,,,,,,,,2026-01-27,,CORA-01-CAME-A12,,,,EA,,,,,,,3,3,0,0,,129.00,129.00,387.00,387.00,0,0,0,FALSE,TRUE,FALSE,FALSE,,,,,,,,,,,
INV-SO2026-000087-000087,SO2026-000087,1,4,2026-01-27,2026-02-28,2026-01-29,2026-02-01,Etsy-VS,Etsy VS,,,USD,419.00,429.47,429.47,419.00,0.00,0,0.00,0,0.00,10.47,0.00,,,,,429.47,,0.00,,,,,,,,,,,,,,,,,,,,,10008,10572,10008-2026-000087,,,,,,,,Etsy VS Shipping,,Etsy VS Marketplace,206 Pacific Hwy,Dock 6,Los Angeles,CA,90004,Los Angeles,USA,ship-etsy-vs@example.com,(213) 555-1506,,,,,,,,,,,,,,,,,,2026-01-27,,CAMILA-06-GREEN-11,,,,EA,,,,,,,4,4,0,0,,8.00,8.00,32.00,32.00,0,0,0,FALSE,TRUE,FALSE,FALSE,,,,,,,,,,,
INV-SO2026-000088-000088,SO2026-000088,1,4,2026-01-16,2026-02-15,2026-01-18,2026-01-20,Magento,Magento,,,USD,165.75,178.38,178.38,165.75,0.00,0,0.00,0,0.00,12.63,0.00,,,,,178.38,,0.00,,,,,,,,,,,,,,,,,,,,,20003,10581,20003-2026-000088,,,,,,,,Magento Shipping,,Magento Platform,216 Century Blvd,Dock 16,Los Angeles,CA,90008,Los Angeles,USA,ship-magento@example.com,(213) 555-2506,,,,,,,,,,,,,,,,,,2026-01-16,,AVIANA-06-WHITE-10,,,,EA,,,,,,,3,3,0,0,,16.25,16.25,48.75,48.75,0,0,0,FALSE,TRUE,FALSE,FALSE,,,,,,,,,,,
INV-SO2026-000088-000088,SO2026-000088,1,4,2026-01-16,2026-02-15,2026-01-18,2026-01-20,Magento,Magento,,,USD,165.75,178.38,178.38,165.75,0.00,0,0.00,0,0.00,12.63,0.00,,,,,178.38,,0.00,,,,,,,,,,,,,,,,,,,,,20003,10581,20003-2026-000088,,,,,,,,Magento Shipping,,Magento Platform,216 Century Blvd,Dock 16,Los Angeles,CA,90008,Los Angeles,USA,ship-magento@example.com,(213) 555-2506,,,,,,,,,,,,,,,,,,2026-01-16,,FA13501DM-1608BLAU2-32-32,,,,EA,,,,,,,1,1,0,0,,34.00,34.00,34.00,34.00,0,0,0,FALSE,TRUE,FALSE,FALSE,,,,,,,,,,,
INV-SO2026-000088-000088,SO2026-000088,1,4,2026-01-16,2026-02-15,2026-01-18,2026-01-20,Magento,Magento,,,USD,165.75,178.38,178.38,165.75,0.00,0,0.00,0,0.00,12.63,0.00,,,,,178.38,,0.00,,,,,,,,,,,,,,,,,,,,,20003,10581,20003-2026-000088,,,,,,,,Magento Shipping,,Magento Platform,216 Century Blvd,Dock 16,Los Angeles,CA,90008,Los Angeles,USA,ship-magento@example.com,(213) 555-2506,,,,,,,,,,,,,,,,,,2026-01-16,,ASTRID-01-BLACK-8,,,,EA,,,,,,,4,4,0,0,,20.75,20.75,83.00,83.00,0,0,0,FALSE,TRUE,FALSE,FALSE,,,,,,,,,,,
INV-SO2026-000089-000089,SO2026-000089,1,4,2026-01-09,2026-02-08,2026-01-10,2026-01-14,eBay,eBay,,,USD,196.00,211.47,211.47,196.00,0.00,0,0.00,0,0.00,15.47,0.00,,,,,211.47,,0.00,,,,,,,,,,,,,,,,,,,,,10004,10570,10004-2026-000089,,,,,,,,eBay Shipping,,eBay Commerce,204 Fulfillment Ave,Dock 4,San Jose,CA,95111,Santa Clara,USA,ship-ebay@example.com,(408) 555-1306,,,,,,,,,,,,,,,,,,2026-01-09,,FD9801506P-CHERRY,,,,EA,,,,,,,4,4,0,0,,49.00,49.00,196.00,196.00,0,0,0,FALSE,TRUE,FALSE,FALSE,,,,,,,,,,,
INV-SO2026-000090-000090,SO2026-000090,1,4,2026-01-02,2026-02-16,2026-01-02,2026-01-07,Walmart-eComm,Walmart eComm,,,USD,40.00,53.44,53.44,40.00,0.00,0,0.00,0,0.00,13.44,0.00,,,,,53.44,,0.00,,,,,,,,,,,,,,,,,,,,,10002,10566,10002-2026-000090,,,,,,,,Walmart eComm Shipping,,Walmart eComm Retail,220 Townsend St,Dock 20,San Francisco,CA,94109,San Francisco,USA,ship-walmart-ecomm@example.com,(415) 555-2906,,,,,,,,,,,,,,,,,,2026-01-02,,AUSTIN-06-NUDE-8,,,,EA,,,,,,,3,3,0,0,,10.00,10.00,30.00,30.00,0,0,0,FALSE,TRUE,FALSE,FALSE,,,,,,,,,,,
INV-SO2026-000090-000090,SO2026-000090,1,4,2026-01-02,2026-02-16,2026-01-02,2026-01-07,Walmart-eComm,Walmart eComm,,,USD,40.00,53.44,53.44,40.00,0.00,0,0.00,0,0.00,13.44,0.00,,,,,53.44,,0.00,,,,,,,,,,,,,,,,,,,,,10002,10566,10002-2026-000090,,,,,,,,Walmart eComm Shipping,,Walmart eComm Retail,220 Townsend St,Dock 20,San Francisco,CA,94109,San Francisco,USA,ship-walmart-ecomm@example.com,(415) 555-2906,,,,,,,,,,,,,,,,,,2026-01-02,,AUSTIN-06-CAMEL-11,,,,EA,,,,,,,1,1,0,0,,10.00,10.00,10.00,10.00,0,0,0,FALSE,TRUE,FALSE,FALSE,,,,,,,,,,,
INV-SO2026-000091-000091,SO2026-000091,1,4,2026-01-03,2026-02-17,2026-01-03,2026-01-04,Etsy-LS,Etsy LS,,,USD,98.00,115.95,115.95,98.00,0.00,0,0.00,0,0.00,17.95,0.00,,,,,115.95,,0.00,,,,,,,,,,,,,,,,,,,,,10008,10571,10008-2026-000091,,,,,,,,Etsy LS Shipping,,Etsy LS Marketplace,205 Mission St,Dock 5,San Francisco,CA,94103,San Francisco,USA,ship-etsy-ls@example.com,(415) 555-1406,,,,,,,,,,,,,,,,,,2026-01-03,,FD9801506P-BLACK-3X-STD,,,,EA,,,,,,,2,2,0,0,,49.00,49.00,98.00,98.00,0,0,0,FALSE,TRUE,FALSE,FALSE,,,,,,,,,,,
INV-SO2026-000092-000092,SO2026-000092,1,4,2026-02-13,2026-02-28,2026-02-15,2026-02-16,Shopify,Shopify,,,USD,68.00,76.37,76.37,68.00,0.00,0,0.00,0,0.00,8.37,0.00,,,,,76.37,,0.00,,,,,,,,,,,,,,,,,,,,,20001,10580,20001-2026-000092,,,,,,,,Shopify Shipping,,Shopify Commerce,217 Barranca Pkwy,Dock 17,Irvine,CA,92609,Orange,USA,ship-shopify@example.com,(949) 555-2606,,,,,,,,,,,,,,,,,,2026-02-13,,FA13501DM-RINSEWSFT-30-32,,,,EA,,,,,,,2,2,0,0,,34.00,34.00,68.00,68.00,0,0,0,FALSE,TRUE,FALSE,FALSE,,,,,,,,,,,
INV-SO2026-000093-000093,SO2026-000093,1,4,2026-02-07,2026-02-28,2026-02-09,2026-02-07,Veeqo-Amazon,Veeqo Amazon,,,USD,157.50,170.88,170.88,157.50,0.00,0,0.00,0,0.00,13.38,0.00,,,,,170.88,,0.00,,,,,,,,,,,,,,,,,,,,,10016,10579,10016-2026-000093,,,,,,,,Veeqo Amazon Shipping,,Veeqo Amazon Retail,202 Distribution Way,Dock 2,Irvine,CA,92603,Orange,USA,ship-veeqo-amazon@example.com,(949) 555-1106,,,,,,,,,,,,,,,,,,2026-02-07,,FA13501DM-1464KINGSC-28-32,,,,EA,,,,,,,3,3,0,0,,34.00,34.00,102.00,102.00,0,0,0,FALSE,TRUE,FALSE,FALSE,,,,,,,,,,,
INV-SO2026-000093-000093,SO2026-000093,1,4,2026-02-07,2026-02-28,2026-02-09,2026-02-07,Veeqo-Amazon,Veeqo Amazon,,,USD,157.50,170.88,170.88,157.50,0.00,0,0.00,0,0.00,13.38,0.00,,,,,170.88,,0.00,,,,,,,,,,,,,,,,,,,,,10016,10579,10016-2026-000093,,,,,,,,Veeqo Amazon Shipping,,Veeqo Amazon Retail,202 Distribution Way,Dock 2,Irvine,CA,92603,Orange,USA,ship-veeqo-amazon@example.com,(949) 555-1106,,,,,,,,,,,,,,,,,,2026-02-07,,ADELINE-03-BLACK-9,,,,EA,,,,,,,3,3,0,0,,18.50,18.50,55.50,55.50,0,0,0,FALSE,TRUE,FALSE,FALSE,,,,,,,,,,,
INV-SO2026-000094-000094,SO2026-000094,1,4,2026-01-19,2026-02-18,2026-01-20,2026-01-19,JCPenney,JCPenney,,,USD,66.25,70.30,70.30,66.25,0.00,0,0.00,0,0.00,4.05,0.00,,,,,70.30,,0.00,,,,,,,,,,,,,,,,,,,,,30007,10575,30007-2026-000094,,,,,,,,JCPenney Shipping,,JCPenney Stores,213 Gateway Rd,Dock 13,San Diego,CA,92106,San Diego,USA,ship-jcpenney@example.com,(619) 555-2206,,,,,,,,,,,,,,,,,,2026-01-19,,CORA-01-TAUP-5.5,,,,EA,,,,,,,1,1,0,0,,10.75,10.75,10.75,10.75,0,0,0,FALSE,TRUE,FALSE,FALSE,,,,,,,,,,,
INV-SO2026-000094-000094,SO2026-000094,1,4,2026-01-19,2026-02-18,2026-01-20,2026-01-19,JCPenney,JCPenney,,,USD,66.25,70.30,70.30,66.25,0.00,0,0.00,0,0.00,4.05,0.00,,,,,70.30,,0.00,,,,,,,,,,,,,,,,,,,,,30007,10575,30007-2026-000094,,,,,,,,JCPenney Shipping,,JCPenney Stores,213 Gateway Rd,Dock 13,San Diego,CA,92106,San Diego,USA,ship-jcpenney@example.com,(619) 555-2206,,,,,,,,,,,,,,,,,,2026-01-19,,ADELINE-03-BLACK-6.5,,,,EA,,,,,,,3,3,0,0,,18.50,18.50,55.50,55.50,0,0,0,FALSE,TRUE,FALSE,FALSE,,,,,,,,,,,
INV-SO2026-000095-000095,SO2026-000095,1,4,2026-02-28,2026-02-28,2026-02-28,2026-02-28,AMZ-eCom,AMZ eCom,,,USD,136.00,147.80,147.80,136.00,0.00,0,0.00,0,0.00,11.80,0.00,,,,,147.80,,0.00,,,,,,,,,,,,,,,,,,,,,10001,10565,10001-2026-000095,,,,,,,,AMZ eCom Shipping,,AMZ eCom Retail,201 Harbor Ave,Dock 1,Los Angeles,CA,90002,Los Angeles,USA,ship-amz-ecom@example.com,(213) 555-1006,,,,,,,,,,,,,,,,,,2026-02-28,,FA13501DM-1608BLAU2-27-30,,,,EA,,,,,,,4,4,0,0,,34.00,34.00,136.00,136.00,0,0,0,FALSE,TRUE,FALSE,FALSE,,,,,,,,,,,
INV-SO2026-000096-000096,SO2026-000096,1,4,2026-02-23,2026-02-28,2026-02-23,2026-02-28,Etsy-LS,Etsy LS,,,USD,258.00,261.65,261.65,258.00,0.00,0,0.00,0,0.00,3.65,0.00,,,,,261.65,,0.00,,,,,,,,,,,,,,,,,,,,,10008,10571,10008-2026-000096,,,,,,,,Etsy LS Shipping,,Etsy LS Marketplace,205 Mission St,Dock 5,San Francisco,CA,94103,San Francisco,USA,ship-etsy-ls@example.com,(415) 555-1406,,,,,,,,,,,,,,,,,,2026-02-23,,FA13501DM-1608BLAU2-29-30,,,,EA,,,,,,,3,3,0,0,,34.00,34.00,102.00,102.00,0,0,0,FALSE,TRUE,FALSE,FALSE,,,,,,,,,,,
INV-SO2026-000096-000096,SO2026-000096,1,4,2026-02-23,2026-02-28,2026-02-23,2026-02-28,Etsy-LS,Etsy LS,,,USD,258.00,261.65,261.65,258.00,0.00,0,0.00,0,0.00,3.65,0.00,,,,,261.65,,0.00,,,,,,,,,,,,,,,,,,,,,10008,10571,10008-2026-000096,,,,,,,,Etsy LS Shipping,,Etsy LS Marketplace,205 Mission St,Dock 5,San Francisco,CA,94103,San Francisco,USA,ship-etsy-ls@example.com,(415) 555-1406,,,,,,,,,,,,,,,,,,2026-02-23,,FB3601737-3219UNFORGV-28-STD,,,,EA,,,,,,,4,4,0,0,,39.00,39.00,156.00,156.00,0,0,0,FALSE,TRUE,FALSE,FALSE,,,,,,,,,,,
INV-SO2026-000097-000097,SO2026-000097,1,4,2026-01-01,2026-02-15,2026-01-02,2026-01-01,Walmart-eComm,Walmart eComm,,,USD,157.00,171.37,171.37,157.00,0.00,0,0.00,0,0.00,14.37,0.00,,,,,171.37,,0.00,,,,,,,,,,,,,,,,,,,,,10002,10566,10002-2026-000097,,,,,,,,Walmart eComm Shipping,,Walmart eComm Retail,220 Townsend St,Dock 20,San Francisco,CA,94109,San Francisco,USA,ship-walmart-ecomm@example.com,(415) 555-2906,,,,,,,,,,,,,,,,,,2026-01-01,,ASTRID-01-BLACK-9.5,,,,EA,,,,,,,4,4,0,0,,20.75,20.75,83.00,83.00,0,0,0,FALSE,TRUE,FALSE,FALSE,,,,,,,,,,,
INV-SO2026-000097-000097,SO2026-000097,1,4,2026-01-01,2026-02-15,2026-01-02,2026-01-01,Walmart-eComm,Walmart eComm,,,USD,157.00,171.37,171.37,157.00,0.00,0,0.00,0,0.00,14.37,0.00,,,,,171.37,,0.00,,,,,,,,,,,,,,,,,,,,,10002,10566,10002-2026-000097,,,,,,,,Walmart eComm Shipping,,Walmart eComm Retail,220 Townsend St,Dock 20,San Francisco,CA,94109,San Francisco,USA,ship-walmart-ecomm@example.com,(415) 555-2906,,,,,,,,,,,,,,,,,,2026-01-01,,AVIANA-06-BEIGE-11,,,,EA,,,,,,,2,2,0,0,,16.25,16.25,32.50,32.50,0,0,0,FALSE,TRUE,FALSE,FALSE,,,,,,,,,,,
INV-SO2026-000097-000097,SO2026-000097,1,4,2026-01-01,2026-02-15,2026-01-02,2026-01-01,Walmart-eComm,Walmart eComm,,,USD,157.00,171.37,171.37,157.00,0.00,0,0.00,0,0.00,14.37,0.00,,,,,171.37,,0.00,,,,,,,,,,,,,,,,,,,,,10002,10566,10002-2026-000097,,,,,,,,Walmart eComm Shipping,,Walmart eComm Retail,220 Townsend St,Dock 20,San Francisco,CA,94109,San Francisco,USA,ship-walmart-ecomm@example.com,(415) 555-2906,,,,,,,,,,,,,,,,,,2026-01-01,,ASTRID-01-NUDE-9,,,,EA,,,,,,,2,2,0,0,,20.75,20.75,41.50,41.50,0,0,0,FALSE,TRUE,FALSE,FALSE,,,,,,,,,,,
INV-SO2026-000098-000098,SO2026-000098,1,4,2026-02-16,2026-02-28,2026-02-16,2026-02-20,Walmart-eComm,Walmart eComm,,,USD,123.50,130.71,130.71,123.50,0.00,0,0.00,0,0.00,7.21,0.00,,,,,130.71,,0.00,,,,,,,,,,,,,,,,,,,,,10002,10566,10002-2026-000098,,,,,,,,Walmart eComm Shipping,,Walmart eComm Retail,220 Townsend St,Dock 20,San Francisco,CA,94109,San Francisco,USA,ship-walmart-ecomm@example.com,(415) 555-2906,,,,,,,,,,,,,,,,,,2026-02-16,,FA13512DM-1847DPOCN-28-32,,,,EA,,,,,,,3,3,0,0,,34.00,34.00,102.00,102.00,0,0,0,FALSE,TRUE,FALSE,FALSE,,,,,,,,,,,
INV-SO2026-000098-000098,SO2026-000098,1,4,2026-02-16,2026-02-28,2026-02-16,2026-02-20,Walmart-eComm,Walmart eComm,,,USD,123.50,130.71,130.71,123.50,0.00,0,0.00,0,0.00,7.21,0.00,,,,,130.71,,0.00,,,,,,,,,,,,,,,,,,,,,10002,10566,10002-2026-000098,,,,,,,,Walmart eComm Shipping,,Walmart eComm Retail,220 Townsend St,Dock 20,San Francisco,CA,94109,San Francisco,USA,ship-walmart-ecomm@example.com,(415) 555-2906,,,,,,,,,,,,,,,,,,2026-02-16,,CORA-01-LEOP-11,,,,EA,,,,,,,2,2,0,0,,10.75,10.75,21.50,21.50,0,0,0,FALSE,TRUE,FALSE,FALSE,,,,,,,,,,,
INV-SO2026-000099-000099,SO2026-000099,1,4,2026-02-25,2026-02-28,2026-02-25,2026-02-27,Macys,Macys,,,USD,247.00,262.65,262.65,247.00,0.00,0,0.00,0,0.00,15.65,0.00,,,,,262.65,,0.00,,,,,,,,,,,,,,,,,,,,,30005,10574,30005-2026-000099,,,,,,,,Macys Shipping,,Macys Stores,215 King St,Dock 15,San Francisco,CA,94107,San Francisco,USA,ship-macys@example.com,(415) 555-2406,,,,,,,,,,,,,,,,,,2026-02-25,,CORA-01-YLW-9,,,,EA,,,,,,,4,4,0,0,,10.75,10.75,43.00,43.00,0,0,0,FALSE,TRUE,FALSE,FALSE,,,,,,,,,,,
INV-SO2026-000099-000099,SO2026-000099,1,4,2026-02-25,2026-02-28,2026-02-25,2026-02-27,Macys,Macys,,,USD,247.00,262.65,262.65,247.00,0.00,0,0.00,0,0.00,15.65,0.00,,,,,262.65,,0.00,,,,,,,,,,,,,,,,,,,,,30005,10574,30005-2026-000099,,,,,,,,Macys Shipping,,Macys Stores,215 King St,Dock 15,San Francisco,CA,94107,San Francisco,USA,ship-macys@example.com,(415) 555-2406,,,,,,,,,,,,,,,,,,2026-02-25,,FA13501DM-RINSEWSFT-31-30,,,,EA,,,,,,,3,3,0,0,,34.00,34.00,102.00,102.00,0,0,0,FALSE,TRUE,FALSE,FALSE,,,,,,,,,,,
INV-SO2026-000099-000099,SO2026-000099,1,4,2026-02-25,2026-02-28,2026-02-25,2026-02-27,Macys,Macys,,,USD,247.00,262.65,262.65,247.00,0.00,0,0.00,0,0.00,15.65,0.00,,,,,262.65,,0.00,,,,,,,,,,,,,,,,,,,,,30005,10574,30005-2026-000099,,,,,,,,Macys Shipping,,Macys Stores,215 King St,Dock 15,San Francisco,CA,94107,San Francisco,USA,ship-macys@example.com,(415) 555-2406,,,,,,,,,,,,,,,,,,2026-02-25,,FA13501DM-RINSEWSFT-31-32,,,,EA,,,,,,,3,3,0,0,,34.00,34.00,102.00,102.00,0,0,0,FALSE,TRUE,FALSE,FALSE,,,,,,,,,,,
INV-SO2026-000100-000100,SO2026-000100,1,4,2026-01-12,2026-02-11,2026-01-14,2026-01-16,Magento,Magento,,,USD,101.50,106.87,106.87,101.50,0.00,0,0.00,0,0.00,5.37,0.00,,,,,106.87,,0.00,,,,,,,,,,,,,,,,,,,,,20003,10581,20003-2026-000100,,,,,,,,Magento Shipping,,Magento Platform,216 Century Blvd,Dock 16,Los Angeles,CA,90008,Los Angeles,USA,ship-magento@example.com,(213) 555-2506,,,,,,,,,,,,,,,,,,2026-01-12,,CAMILA-06-LILAC-7.5,,,,EA,,,,,,,2,2,0,0,,8.00,8.00,16.00,16.00,0,0,0,FALSE,TRUE,FALSE,FALSE,,,,,,,,,,,
INV-SO2026-000100-000100,SO2026-000100,1,4,2026-01-12,2026-02-11,2026-01-14,2026-01-16,Magento,Magento,,,USD,101.50,106.87,106.87,101.50,0.00,0,0.00,0,0.00,5.37,0.00,,,,,106.87,,0.00,,,,,,,,,,,,,,,,,,,,,20003,10581,20003-2026-000100,,,,,,,,Magento Shipping,,Magento Platform,216 Century Blvd,Dock 16,Los Angeles,CA,90008,Los Angeles,USA,ship-magento@example.com,(213) 555-2506,,,,,,,,,,,,,,,,,,2026-01-12,,ADELINE-03-BLACK-9.5,,,,EA,,,,,,,4,4,0,0,,18.50,18.50,74.00,74.00,0,0,0,FALSE,TRUE,FALSE,FALSE,,,,,,,,,,,
INV-SO2026-000100-000100,SO2026-000100,1,4,2026-01-12,2026-02-11,2026-01-14,2026-01-16,Magento,Magento,,,USD,101.50,106.87,106.87,101.50,0.00,0,0.00,0,0.00,5.37,0.00,,,,,106.87,,0.00,,,,,,,,,,,,,,,,,,,,,20003,10581,20003-2026-000100,,,,,,,,Magento Shipping,,Magento Platform,216 Century Blvd,Dock 16,Los Angeles,CA,90008,Los Angeles,USA,ship-magento@example.com,(213) 555-2506,,,,,,,,,,,,,,,,,,2026-01-12,,ADELINE-02-WHITE-11,,,,EA,,,,,,,1,1,0,0,,11.50,11.50,11.50,11.50,0,0,0,FALSE,TRUE,FALSE,FALSE,,,,,,,,,,,
INV-SO2026-000101-000101,SO2026-000101,1,4,2026-01-15,2026-02-14,2026-01-15,2026-01-18,JCPenney,JCPenney,,,USD,119.50,135.60,135.60,119.50,0.00,0,0.00,0,0.00,16.10,0.00,,,,,135.60,,0.00,,,,,,,,,,,,,,,,,,,,,30007,10575,30007-2026-000101,,,,,,,,JCPenney Shipping,,JCPenney Stores,213 Gateway Rd,Dock 13,San Diego,CA,92106,San Diego,USA,ship-jcpenney@example.com,(619) 555-2206,,,,,,,,,,,,,,,,,,2026-01-15,,ADELINE-03-BROWN-7.5,,,,EA,,,,,,,3,3,0,0,,18.50,18.50,55.50,55.50,0,0,0,FALSE,TRUE,FALSE,FALSE,,,,,,,,,,,
INV-SO2026-000101-000101,SO2026-000101,1,4,2026-01-15,2026-02-14,2026-01-15,2026-01-18,JCPenney,JCPenney,,,USD,119.50,135.60,135.60,119.50,0.00,0,0.00,0,0.00,16.10,0.00,,,,,135.60,,0.00,,,,,,,,,,,,,,,,,,,,,30007,10575,30007-2026-000101,,,,,,,,JCPenney Shipping,,JCPenney Stores,213 Gateway Rd,Dock 13,San Diego,CA,92106,San Diego,USA,ship-jcpenney@example.com,(619) 555-2206,,,,,,,,,,,,,,,,,,2026-01-15,,FA13501DM-RINSEWSFT-27-30,,,,EA,,,,,,,1,1,0,0,,34.00,34.00,34.00,34.00,0,0,0,FALSE,TRUE,FALSE,FALSE,,,,,,,,,,,
INV-SO2026-000101-000101,SO2026-000101,1,4,2026-01-15,2026-02-14,2026-01-15,2026-01-18,JCPenney,JCPenney,,,USD,119.50,135.60,135.60,119.50,0.00,0,0.00,0,0.00,16.10,0.00,,,,,135.60,,0.00,,,,,,,,,,,,,,,,,,,,,30007,10575,30007-2026-000101,,,,,,,,JCPenney Shipping,,JCPenney Stores,213 Gateway Rd,Dock 13,San Diego,CA,92106,San Diego,USA,ship-jcpenney@example.com,(619) 555-2206,,,,,,,,,,,,,,,,,,2026-01-15,,AUSTIN-06-NUDE-7.5,,,,EA,,,,,,,3,3,0,0,,10.00,10.00,30.00,30.00,0,0,0,FALSE,TRUE,FALSE,FALSE,,,,,,,,,,,
INV-SO2026-000102-000102,SO2026-000102,1,4,2026-02-06,2026-02-28,2026-02-06,2026-02-11,Mirakl-HudsonsB,Mirakl HudsonsB,,,USD,131.25,135.17,135.17,131.25,0.00,0,0.00,0,0.00,3.92,0.00,,,,,135.17,,0.00,,,,,,,,,,,,,,,,,,,,,10005,10577,10005-2026-000102,,,,,,,,Mirakl HudsonsB Shipping,,Mirakl HudsonsB Network,212 Quail Hill Pkwy,Dock 12,Irvine,CA,92607,Orange,USA,ship-mirakl-hudsonsb@example.com,(949) 555-2106,,,,,,,,,,,,,,,,,,2026-02-06,,F13031C-1742VNTGCO-29-STD,,,,EA,,,,,,,1,1,0,0,,34.00,34.00,34.00,34.00,0,0,0,FALSE,TRUE,FALSE,FALSE,,,,,,,,,,,
INV-SO2026-000102-000102,SO2026-000102,1,4,2026-02-06,2026-02-28,2026-02-06,2026-02-11,Mirakl-HudsonsB,Mirakl HudsonsB,,,USD,131.25,135.17,135.17,131.25,0.00,0,0.00,0,0.00,3.92,0.00,,,,,135.17,,0.00,,,,,,,,,,,,,,,,,,,,,10005,10577,10005-2026-000102,,,,,,,,Mirakl HudsonsB Shipping,,Mirakl HudsonsB Network,212 Quail Hill Pkwy,Dock 12,Irvine,CA,92607,Orange,USA,ship-mirakl-hudsonsb@example.com,(949) 555-2106,,,,,,,,,,,,,,,,,,2026-02-06,,CORA-01-CAME-9.5,,,,EA,,,,,,,3,3,0,0,,10.75,10.75,32.25,32.25,0,0,0,FALSE,TRUE,FALSE,FALSE,,,,,,,,,,,
INV-SO2026-000102-000102,SO2026-000102,1,4,2026-02-06,2026-02-28,2026-02-06,2026-02-11,Mirakl-HudsonsB,Mirakl HudsonsB,,,USD,131.25,135.17,135.17,131.25,0.00,0,0.00,0,0.00,3.92,0.00,,,,,135.17,,0.00,,,,,,,,,,,,,,,,,,,,,10005,10577,10005-2026-000102,,,,,,,,Mirakl HudsonsB Shipping,,Mirakl HudsonsB Network,212 Quail Hill Pkwy,Dock 12,Irvine,CA,92607,Orange,USA,ship-mirakl-hudsonsb@example.com,(949) 555-2106,,,,,,,,,,,,,,,,,,2026-02-06,,AVIANA-06-BLACK-10,,,,EA,,,,,,,4,4,0,0,,16.25,16.25,65.00,65.00,0,0,0,FALSE,TRUE,FALSE,FALSE,,,,,,,,,,,
INV-SO2026-000103-000103,SO2026-000103,1,4,2026-02-14,2026-02-28,2026-02-16,2026-02-19,Veeqo-Amazon,Veeqo Amazon,,,USD,175.00,175.00,175.00,175.00,0.00,0,0.00,0,0.00,0.00,0.00,,,,,175.00,,0.00,,,,,,,,,,,,,,,,,,,,,10016,10579,10016-2026-000103,,,,,,,,Veeqo Amazon Shipping,,Veeqo Amazon Retail,202 Distribution Way,Dock 2,Irvine,CA,92603,Orange,USA,ship-veeqo-amazon@example.com,(949) 555-1106,,,,,,,,,,,,,,,,,,2026-02-14,,CORA-01-YLW-A12,,,,EA,,,,,,,1,1,0,0,,129.00,129.00,129.00,129.00,0,0,0,FALSE,TRUE,FALSE,FALSE,,,,,,,,,,,
INV-SO2026-000103-000103,SO2026-000103,1,4,2026-02-14,2026-02-28,2026-02-16,2026-02-19,Veeqo-Amazon,Veeqo Amazon,,,USD,175.00,175.00,175.00,175.00,0.00,0,0.00,0,0.00,0.00,0.00,,,,,175.00,,0.00,,,,,,,,,,,,,,,,,,,,,10016,10579,10016-2026-000103,,,,,,,,Veeqo Amazon Shipping,,Veeqo Amazon Retail,202 Distribution Way,Dock 2,Irvine,CA,92603,Orange,USA,ship-veeqo-amazon@example.com,(949) 555-1106,,,,,,,,,,,,,,,,,,2026-02-14,,ADELINE-02-CAMEL-10,,,,EA,,,,,,,1,1,0,0,,11.50,11.50,11.50,11.50,0,0,0,FALSE,TRUE,FALSE,FALSE,,,,,,,,,,,
INV-SO2026-000103-000103,SO2026-000103,1,4,2026-02-14,2026-02-28,2026-02-16,2026-02-19,Veeqo-Amazon,Veeqo Amazon,,,USD,175.00,175.00,175.00,175.00,0.00,0,0.00,0,0.00,0.00,0.00,,,,,175.00,,0.00,,,,,,,,,,,,,,,,,,,,,10016,10579,10016-2026-000103,,,,,,,,Veeqo Amazon Shipping,,Veeqo Amazon Retail,202 Distribution Way,Dock 2,Irvine,CA,92603,Orange,USA,ship-veeqo-amazon@example.com,(949) 555-1106,,,,,,,,,,,,,,,,,,2026-02-14,,ADELINE-02-PINK-8.5,,,,EA,,,,,,,3,3,0,0,,11.50,11.50,34.50,34.50,0,0,0,FALSE,TRUE,FALSE,FALSE,,,,,,,,,,,
INV-SO2026-000104-000104,SO2026-000104,1,4,2026-02-15,2026-02-28,2026-02-17,2026-02-16,Walmart-eComm,Walmart eComm,,,USD,102.00,112.91,112.91,102.00,0.00,0,0.00,0,0.00,10.91,0.00,,,,,112.91,,0.00,,,,,,,,,,,,,,,,,,,,,10002,10566,10002-2026-000104,,,,,,,,Walmart eComm Shipping,,Walmart eComm Retail,220 Townsend St,Dock 20,San Francisco,CA,94109,San Francisco,USA,ship-walmart-ecomm@example.com,(415) 555-2906,,,,,,,,,,,,,,,,,,2026-02-15,,AVIANA-06-PINK-5,,,,EA,,,,,,,4,4,0,0,,16.25,16.25,65.00,65.00,0,0,0,FALSE,TRUE,FALSE,FALSE,,,,,,,,,,,
INV-SO2026-000104-000104,SO2026-000104,1,4,2026-02-15,2026-02-28,2026-02-17,2026-02-16,Walmart-eComm,Walmart eComm,,,USD,102.00,112.91,112.91,102.00,0.00,0,0.00,0,0.00,10.91,0.00,,,,,112.91,,0.00,,,,,,,,,,,,,,,,,,,,,10002,10566,10002-2026-000104,,,,,,,,Walmart eComm Shipping,,Walmart eComm Retail,220 Townsend St,Dock 20,San Francisco,CA,94109,San Francisco,USA,ship-walmart-ecomm@example.com,(415) 555-2906,,,,,,,,,,,,,,,,,,2026-02-15,,ADELINE-03-BROWN-6.5,,,,EA,,,,,,,2,2,0,0,,18.50,18.50,37.00,37.00,0,0,0,FALSE,TRUE,FALSE,FALSE,,,,,,,,,,,
INV-SO2026-000105-000105,SO2026-000105,1,4,2026-01-05,2026-02-28,2026-01-06,2026-01-07,Mirakl-HudsonsB,Mirakl HudsonsB,,,USD,373.00,384.84,384.84,373.00,0.00,0,0.00,0,0.00,11.84,0.00,,,,,384.84,,0.00,,,,,,,,,,,,,,,,,,,,,10005,10577,10005-2026-000105,,,,,,,,Mirakl HudsonsB Shipping,,Mirakl HudsonsB Network,212 Quail Hill Pkwy,Dock 12,Irvine,CA,92607,Orange,USA,ship-mirakl-hudsonsb@example.com,(949) 555-2106,,,,,,,,,,,,,,,,,,2026-01-05,,CAMILA-06-TAUPE-5,,,,EA,,,,,,,4,4,0,0,,8.00,8.00,32.00,32.00,0,0,0,FALSE,TRUE,FALSE,FALSE,,,,,,,,,,,
INV-SO2026-000105-000105,SO2026-000105,1,4,2026-01-05,2026-02-28,2026-01-06,2026-01-07,Mirakl-HudsonsB,Mirakl HudsonsB,,,USD,373.00,384.84,384.84,373.00,0.00,0,0.00,0,0.00,11.84,0.00,,,,,384.84,,0.00,,,,,,,,,,,,,,,,,,,,,10005,10577,10005-2026-000105,,,,,,,,Mirakl HudsonsB Shipping,,Mirakl HudsonsB Network,212 Quail Hill Pkwy,Dock 12,Irvine,CA,92607,Orange,USA,ship-mirakl-hudsonsb@example.com,(949) 555-2106,,,,,,,,,,,,,,,,,,2026-01-05,,CORA-01-BLK-S,,,,EA,,,,,,,2,2,0,0,,129.00,129.00,258.00,258.00,0,0,0,FALSE,TRUE,FALSE,FALSE,,,,,,,,,,,
INV-SO2026-000105-000105,SO2026-000105,1,4,2026-01-05,2026-02-28,2026-01-06,2026-01-07,Mirakl-HudsonsB,Mirakl HudsonsB,,,USD,373.00,384.84,384.84,373.00,0.00,0,0.00,0,0.00,11.84,0.00,,,,,384.84,,0.00,,,,,,,,,,,,,,,,,,,,,10005,10577,10005-2026-000105,,,,,,,,Mirakl HudsonsB Shipping,,Mirakl HudsonsB Network,212 Quail Hill Pkwy,Dock 12,Irvine,CA,92607,Orange,USA,ship-mirakl-hudsonsb@example.com,(949) 555-2106,,,,,,,,,,,,,,,,,,2026-01-05,,ASTRID-01-BLACK-5.5,,,,EA,,,,,,,4,4,0,0,,20.75,20.75,83.00,83.00,0,0,0,FALSE,TRUE,FALSE,FALSE,,,,,,,,,,,
INV-SO2026-000106-000106,SO2026-000106,1,4,2026-01-24,2026-02-23,2026-01-25,2026-01-28,eBay,eBay,,,USD,48.75,52.57,52.57,48.75,0.00,0,0.00,0,0.00,3.82,0.00,,,,,52.57,,0.00,,,,,,,,,,,,,,,,,,,,,10004,10570,10004-2026-000106,,,,,,,,eBay Shipping,,eBay Commerce,204 Fulfillment Ave,Dock 4,San Jose,CA,95111,Santa Clara,USA,ship-ebay@example.com,(408) 555-1306,,,,,,,,,,,,,,,,,,2026-01-24,,AVIANA-06-BEIGE-5.5,,,,EA,,,,,,,3,3,0,0,,16.25,16.25,48.75,48.75,0,0,0,FALSE,TRUE,FALSE,FALSE,,,,,,,,,,,
INV-SO2026-000107-000107,SO2026-000107,1,4,2026-02-25,2026-02-28,2026-02-27,2026-02-26,Magento,Magento,,,USD,151.50,162.78,162.78,151.50,0.00,0,0.00,0,0.00,11.28,0.00,,,,,162.78,,0.00,,,,,,,,,,,,,,,,,,,,,20003,10581,20003-2026-000107,,,,,,,,Magento Shipping,,Magento Platform,216 Century Blvd,Dock 16,Los Angeles,CA,90008,Los Angeles,USA,ship-magento@example.com,(213) 555-2506,,,,,,,,,,,,,,,,,,2026-02-25,,CAMILA-06-GREEN-S,,,,EA,,,,,,,1,1,0,0,,96.00,96.00,96.00,96.00,0,0,0,FALSE,TRUE,FALSE,FALSE,,,,,,,,,,,
INV-SO2026-000107-000107,SO2026-000107,1,4,2026-02-25,2026-02-28,2026-02-27,2026-02-26,Magento,Magento,,,USD,151.50,162.78,162.78,151.50,0.00,0,0.00,0,0.00,11.28,0.00,,,,,162.78,,0.00,,,,,,,,,,,,,,,,,,,,,20003,10581,20003-2026-000107,,,,,,,,Magento Shipping,,Magento Platform,216 Century Blvd,Dock 16,Los Angeles,CA,90008,Los Angeles,USA,ship-magento@example.com,(213) 555-2506,,,,,,,,,,,,,,,,,,2026-02-25,,ADELINE-03-BLUE-12,,,,EA,,,,,,,3,3,0,0,,18.50,18.50,55.50,55.50,0,0,0,FALSE,TRUE,FALSE,FALSE,,,,,,,,,,,
INV-SO2026-000108-000108,SO2026-000108,1,4,2026-02-01,2026-02-28,2026-02-03,2026-02-03,Magento,Magento,,,USD,270.75,275.44,275.44,270.75,0.00,0,0.00,0,0.00,4.69,0.00,,,,,275.44,,0.00,,,,,,,,,,,,,,,,,,,,,20003,10581,20003-2026-000108,,,,,,,,Magento Shipping,,Magento Platform,216 Century Blvd,Dock 16,Los Angeles,CA,90008,Los Angeles,USA,ship-magento@example.com,(213) 555-2506,,,,,,,,,,,,,,,,,,2026-02-01,,FA13501DM-1464KINGSC-28-30,,,,EA,,,,,,,3,3,0,0,,34.00,34.00,102.00,102.00,0,0,0,FALSE,TRUE,FALSE,FALSE,,,,,,,,,,,
INV-SO2026-000108-000108,SO2026-000108,1,4,2026-02-01,2026-02-28,2026-02-03,2026-02-03,Magento,Magento,,,USD,270.75,275.44,275.44,270.75,0.00,0,0.00,0,0.00,4.69,0.00,,,,,275.44,,0.00,,,,,,,,,,,,,,,,,,,,,20003,10581,20003-2026-000108,,,,,,,,Magento Shipping,,Magento Platform,216 Century Blvd,Dock 16,Los Angeles,CA,90008,Los Angeles,USA,ship-magento@example.com,(213) 555-2506,,,,,,,,,,,,,,,,,,2026-02-01,,AVIANA-06-BEIGE-10,,,,EA,,,,,,,3,3,0,0,,16.25,16.25,48.75,48.75,0,0,0,FALSE,TRUE,FALSE,FALSE,,,,,,,,,,,
INV-SO2026-000108-000108,SO2026-000108,1,4,2026-02-01,2026-02-28,2026-02-03,2026-02-03,Magento,Magento,,,USD,270.75,275.44,275.44,270.75,0.00,0,0.00,0,0.00,4.69,0.00,,,,,275.44,,0.00,,,,,,,,,,,,,,,,,,,,,20003,10581,20003-2026-000108,,,,,,,,Magento Shipping,,Magento Platform,216 Century Blvd,Dock 16,Los Angeles,CA,90008,Los Angeles,USA,ship-magento@example.com,(213) 555-2506,,,,,,,,,,,,,,,,,,2026-02-01,,AUSTIN-06-CAMEL-B12,,,,EA,,,,,,,1,1,0,0,,120.00,120.00,120.00,120.00,0,0,0,FALSE,TRUE,FALSE,FALSE,,,,,,,,,,,
INV-SO2026-000109-000109,SO2026-000109,1,4,2026-01-09,2026-02-28,2026-01-11,2026-01-10,Mirakl-HudsonsB,Mirakl HudsonsB,,,USD,211.50,218.96,218.96,211.50,0.00,0,0.00,0,0.00,7.46,0.00,,,,,218.96,,0.00,,,,,,,,,,,,,,,,,,,,,10005,10577,10005-2026-000109,,,,,,,,Mirakl HudsonsB Shipping,,Mirakl HudsonsB Network,212 Quail Hill Pkwy,Dock 12,Irvine,CA,92607,Orange,USA,ship-mirakl-hudsonsb@example.com,(949) 555-2106,,,,,,,,,,,,,,,,,,2026-01-09,,AUSTIN-06-CAMEL-5.5,,,,EA,,,,,,,2,2,0,0,,10.00,10.00,20.00,20.00,0,0,0,FALSE,TRUE,FALSE,FALSE,,,,,,,,,,,
INV-SO2026-000109-000109,SO2026-000109,1,4,2026-01-09,2026-02-28,2026-01-11,2026-01-10,Mirakl-HudsonsB,Mirakl HudsonsB,,,USD,211.50,218.96,218.96,211.50,0.00,0,0.00,0,0.00,7.46,0.00,,,,,218.96,,0.00,,,,,,,,,,,,,,,,,,,,,10005,10577,10005-2026-000109,,,,,,,,Mirakl HudsonsB Shipping,,Mirakl HudsonsB Network,212 Quail Hill Pkwy,Dock 12,Irvine,CA,92607,Orange,USA,ship-mirakl-hudsonsb@example.com,(949) 555-2106,,,,,,,,,,,,,,,,,,2026-01-09,,ADELINE-03-GOLD-5,,,,EA,,,,,,,3,3,0,0,,18.50,18.50,55.50,55.50,0,0,0,FALSE,TRUE,FALSE,FALSE,,,,,,,,,,,
INV-SO2026-000109-000109,SO2026-000109,1,4,2026-01-09,2026-02-28,2026-01-11,2026-01-10,Mirakl-HudsonsB,Mirakl HudsonsB,,,USD,211.50,218.96,218.96,211.50,0.00,0,0.00,0,0.00,7.46,0.00,,,,,218.96,,0.00,,,,,,,,,,,,,,,,,,,,,10005,10577,10005-2026-000109,,,,,,,,Mirakl HudsonsB Shipping,,Mirakl HudsonsB Network,212 Quail Hill Pkwy,Dock 12,Irvine,CA,92607,Orange,USA,ship-mirakl-hudsonsb@example.com,(949) 555-2106,,,,,,,,,,,,,,,,,,2026-01-09,,FA13512DM-1847DPOCN-28-30,,,,EA,,,,,,,4,4,0,0,,34.00,34.00,136.00,136.00,0,0,0,FALSE,TRUE,FALSE,FALSE,,,,,,,,,,,
INV-SO2026-000110-000110,SO2026-000110,1,4,2026-02-06,2026-02-28,2026-02-08,2026-02-10,Mirakl-HudsonsB,Mirakl HudsonsB,,,USD,212.00,216.58,216.58,212.00,0.00,0,0.00,0,0.00,4.58,0.00,,,,,216.58,,0.00,,,,,,,,,,,,,,,,,,,,,10005,10577,10005-2026-000110,,,,,,,,Mirakl HudsonsB Shipping,,Mirakl HudsonsB Network,212 Quail Hill Pkwy,Dock 12,Irvine,CA,92607,Orange,USA,ship-mirakl-hudsonsb@example.com,(949) 555-2106,,,,,,,,,,,,,,,,,,2026-02-06,,ADELINE-02-PINK-A12,,,,EA,,,,,,,1,1,0,0,,138.00,138.00,138.00,138.00,0,0,0,FALSE,TRUE,FALSE,FALSE,,,,,,,,,,,
INV-SO2026-000110-000110,SO2026-000110,1,4,2026-02-06,2026-02-28,2026-02-08,2026-02-10,Mirakl-HudsonsB,Mirakl HudsonsB,,,USD,212.00,216.58,216.58,212.00,0.00,0,0.00,0,0.00,4.58,0.00,,,,,216.58,,0.00,,,,,,,,,,,,,,,,,,,,,10005,10577,10005-2026-000110,,,,,,,,Mirakl HudsonsB Shipping,,Mirakl HudsonsB Network,212 Quail Hill Pkwy,Dock 12,Irvine,CA,92607,Orange,USA,ship-mirakl-hudsonsb@example.com,(949) 555-2106,,,,,,,,,,,,,,,,,,2026-02-06,,ADELINE-03-BROWN-9.5,,,,EA,,,,,,,4,4,0,0,,18.50,18.50,74.00,74.00,0,0,0,FALSE,TRUE,FALSE,FALSE,,,,,,,,,,,
INV-SO2026-000111-000111,SO2026-000111,1,4,2026-01-16,2026-02-28,2026-01-16,2026-01-16,Macys,Macys,,,USD,55.50,65.46,65.46,55.50,0.00,0,0.00,0,0.00,9.96,0.00,,,,,65.46,,0.00,,,,,,,,,,,,,,,,,,,,,30005,10574,30005-2026-000111,,,,,,,,Macys Shipping,,Macys Stores,215 King St,Dock 15,San Francisco,CA,94107,San Francisco,USA,ship-macys@example.com,(415) 555-2406,,,,,,,,,,,,,,,,,,2026-01-16,,ADELINE-03-BLACK-8,,,,EA,,,,,,,3,3,0,0,,18.50,18.50,55.50,55.50,0,0,0,FALSE,TRUE,FALSE,FALSE,,,,,,,,,,,
INV-SO2026-000112-000112,SO2026-000112,1,4,2026-01-20,2026-02-28,2026-01-21,2026-01-23,Etsy-VS,Etsy VS,,,USD,210.00,217.89,217.89,210.00,0.00,0,0.00,0,0.00,7.89,0.00,,,,,217.89,,0.00,,,,,,,,,,,,,,,,,,,,,10008,10572,10008-2026-000112,,,,,,,,Etsy VS Shipping,,Etsy VS Marketplace,206 Pacific Hwy,Dock 6,Los Angeles,CA,90004,Los Angeles,USA,ship-etsy-vs@example.com,(213) 555-1506,,,,,,,,,,,,,,,,,,2026-01-20,,CAMILA-06-GREEN-12,,,,EA,,,,,,,2,2,0,0,,8.00,8.00,16.00,16.00,0,0,0,FALSE,TRUE,FALSE,FALSE,,,,,,,,,,,
INV-SO2026-000112-000112,SO2026-000112,1,4,2026-01-20,2026-02-28,2026-01-21,2026-01-23,Etsy-VS,Etsy VS,,,USD,210.00,217.89,217.89,210.00,0.00,0,0.00,0,0.00,7.89,0.00,,,,,217.89,,0.00,,,,,,,,,,,,,,,,,,,,,10008,10572,10008-2026-000112,,,,,,,,Etsy VS Shipping,,Etsy VS Marketplace,206 Pacific Hwy,Dock 6,Los Angeles,CA,90004,Los Angeles,USA,ship-etsy-vs@example.com,(213) 555-1506,,,,,,,,,,,,,,,,,,2026-01-20,,FA16023WV-SMOKELEOPARD,,,,EA,,,,,,,3,3,0,0,,40.00,40.00,120.00,120.00,0,0,0,FALSE,TRUE,FALSE,FALSE,,,,,,,,,,,
INV-SO2026-000112-000112,SO2026-000112,1,4,2026-01-20,2026-02-28,2026-01-21,2026-01-23,Etsy-VS,Etsy VS,,,USD,210.00,217.89,217.89,210.00,0.00,0,0.00,0,0.00,7.89,0.00,,,,,217.89,,0.00,,,,,,,,,,,,,,,,,,,,,10008,10572,10008-2026-000112,,,,,,,,Etsy VS Shipping,,Etsy VS Marketplace,206 Pacific Hwy,Dock 6,Los Angeles,CA,90004,Los Angeles,USA,ship-etsy-vs@example.com,(213) 555-1506,,,,,,,,,,,,,,,,,,2026-01-20,,ADELINE-03-BLACK-5,,,,EA,,,,,,,4,4,0,0,,18.50,18.50,74.00,74.00,0,0,0,FALSE,TRUE,FALSE,FALSE,,,,,,,,,,,
INV-SO2026-000113-000113,SO2026-000113,1,4,2026-02-12,2026-02-28,2026-02-13,2026-02-15,Squarespace,Squarespace,,,USD,124.00,128.86,128.86,124.00,0.00,0,0.00,0,0.00,4.86,0.00,,,,,128.86,,0.00,,,,,,,,,,,,,,,,,,,,,20006,10582,20006-2026-000113,,,,,,,,Squarespace Shipping,,Squarespace Digital,218 Camino Del Rio,Dock 18,San Diego,CA,92108,San Diego,USA,ship-squarespace@example.com,(619) 555-2706,,,,,,,,,,,,,,,,,,2026-02-12,,ADELINE-03-BROWN-7,,,,EA,,,,,,,2,2,0,0,,18.50,18.50,37.00,37.00,0,0,0,FALSE,TRUE,FALSE,FALSE,,,,,,,,,,,
INV-SO2026-000113-000113,SO2026-000113,1,4,2026-02-12,2026-02-28,2026-02-13,2026-02-15,Squarespace,Squarespace,,,USD,124.00,128.86,128.86,124.00,0.00,0,0.00,0,0.00,4.86,0.00,,,,,128.86,,0.00,,,,,,,,,,,,,,,,,,,,,20006,10582,20006-2026-000113,,,,,,,,Squarespace Shipping,,Squarespace Digital,218 Camino Del Rio,Dock 18,San Diego,CA,92108,San Diego,USA,ship-squarespace@example.com,(619) 555-2706,,,,,,,,,,,,,,,,,,2026-02-12,,F13T007SS-CABERNET-S-STD,,,,EA,,,,,,,3,3,0,0,,29.00,29.00,87.00,87.00,0,0,0,FALSE,TRUE,FALSE,FALSE,,,,,,,,,,,
INV-SO2026-000114-000114,SO2026-000114,1,4,2026-01-31,2026-02-28,2026-02-01,2026-02-05,Mirakl-HudsonsB,Mirakl HudsonsB,,,USD,408.00,410.55,410.55,408.00,0.00,0,0.00,0,0.00,2.55,0.00,,,,,410.55,,0.00,,,,,,,,,,,,,,,,,,,,,10005,10577,10005-2026-000114,,,,,,,,Mirakl HudsonsB Shipping,,Mirakl HudsonsB Network,212 Quail Hill Pkwy,Dock 12,Irvine,CA,92607,Orange,USA,ship-mirakl-hudsonsb@example.com,(949) 555-2106,,,,,,,,,,,,,,,,,,2026-01-31,,173451-1183CITIZEN-17-STD,,,,EA,,,,,,,1,1,0,0,,24.00,24.00,24.00,24.00,0,0,0,FALSE,TRUE,FALSE,FALSE,,,,,,,,,,,
INV-SO2026-000114-000114,SO2026-000114,1,4,2026-01-31,2026-02-28,2026-02-01,2026-02-05,Mirakl-HudsonsB,Mirakl HudsonsB,,,USD,408.00,410.55,410.55,408.00,0.00,0,0.00,0,0.00,2.55,0.00,,,,,410.55,,0.00,,,,,,,,,,,,,,,,,,,,,10005,10577,10005-2026-000114,,,,,,,,Mirakl HudsonsB Shipping,,Mirakl HudsonsB Network,212 Quail Hill Pkwy,Dock 12,Irvine,CA,92607,Orange,USA,ship-mirakl-hudsonsb@example.com,(949) 555-2106,,,,,,,,,,,,,,,,,,2026-01-31,,CAMILA-06-GREEN-B12,,,,EA,,,,,,,4,4,0,0,,96.00,96.00,384.00,384.00,0,0,0,FALSE,TRUE,FALSE,FALSE,,,,,,,,,,,
INV-SO2026-000115-000115,SO2026-000115,1,4,2026-02-04,2026-02-28,2026-02-06,2026-02-06,eBay,eBay,,,USD,65.25,80.08,80.08,65.25,0.00,0,0.00,0,0.00,14.83,0.00,,,,,80.08,,0.00,,,,,,,,,,,,,,,,,,,,,10004,10570,10004-2026-000115,,,,,,,,eBay Shipping,,eBay Commerce,204 Fulfillment Ave,Dock 4,San Jose,CA,95111,Santa Clara,USA,ship-ebay@example.com,(408) 555-1306,,,,,,,,,,,,,,,,,,2026-02-04,,ADELINE-02-CAMEL-11,,,,EA,,,,,,,1,1,0,0,,11.50,11.50,11.50,11.50,0,0,0,FALSE,TRUE,FALSE,FALSE,,,,,,,,,,,
INV-SO2026-000115-000115,SO2026-000115,1,4,2026-02-04,2026-02-28,2026-02-06,2026-02-06,eBay,eBay,,,USD,65.25,80.08,80.08,65.25,0.00,0,0.00,0,0.00,14.83,0.00,,,,,80.08,,0.00,,,,,,,,,,,,,,,,,,,,,10004,10570,10004-2026-000115,,,,,,,,eBay Shipping,,eBay Commerce,204 Fulfillment Ave,Dock 4,San Jose,CA,95111,Santa Clara,USA,ship-ebay@example.com,(408) 555-1306,,,,,,,,,,,,,,,,,,2026-02-04,,CORA-01-LEOP-10,,,,EA,,,,,,,3,3,0,0,,10.75,10.75,32.25,32.25,0,0,0,FALSE,TRUE,FALSE,FALSE,,,,,,,,,,,
INV-SO2026-000115-000115,SO2026-000115,1,4,2026-02-04,2026-02-28,2026-02-06,2026-02-06,eBay,eBay,,,USD,65.25,80.08,80.08,65.25,0.00,0,0.00,0,0.00,14.83,0.00,,,,,80.08,,0.00,,,,,,,,,,,,,,,,,,,,,10004,10570,10004-2026-000115,,,,,,,,eBay Shipping,,eBay Commerce,204 Fulfillment Ave,Dock 4,San Jose,CA,95111,Santa Clara,USA,ship-ebay@example.com,(408) 555-1306,,,,,,,,,,,,,,,,,,2026-02-04,,CORA-01-BLK-7,,,,EA,,,,,,,2,2,0,0,,10.75,10.75,21.50,21.50,0,0,0,FALSE,TRUE,FALSE,FALSE,,,,,,,,,,,
INV-SO2026-000116-000116,SO2026-000116,1,4,2026-02-10,2026-02-28,2026-02-12,2026-02-15,Magento,Magento,,,USD,246.50,257.03,257.03,246.50,0.00,0,0.00,0,0.00,10.53,0.00,,,,,257.03,,0.00,,,,,,,,,,,,,,,,,,,,,20003,10581,20003-2026-000116,,,,,,,,Magento Shipping,,Magento Platform,216 Century Blvd,Dock 16,Los Angeles,CA,90008,Los Angeles,USA,ship-magento@example.com,(213) 555-2506,,,,,,,,,,,,,,,,,,2026-02-10,,CAMILA-06-TAUPE-6.5,,,,EA,,,,,,,2,2,0,0,,8.00,8.00,16.00,16.00,0,0,0,FALSE,TRUE,FALSE,FALSE,,,,,,,,,,,
INV-SO2026-000116-000116,SO2026-000116,1,4,2026-02-10,2026-02-28,2026-02-12,2026-02-15,Magento,Magento,,,USD,246.50,257.03,257.03,246.50,0.00,0,0.00,0,0.00,10.53,0.00,,,,,257.03,,0.00,,,,,,,,,,,,,,,,,,,,,20003,10581,20003-2026-000116,,,,,,,,Magento Shipping,,Magento Platform,216 Century Blvd,Dock 16,Los Angeles,CA,90008,Los Angeles,USA,ship-magento@example.com,(213) 555-2506,,,,,,,,,,,,,,,,,,2026-02-10,,FD9801506P-CHERRY-2X-STD,,,,EA,,,,,,,4,4,0,0,,49.00,49.00,196.00,196.00,0,0,0,FALSE,TRUE,FALSE,FALSE,,,,,,,,,,,
INV-SO2026-000116-000116,SO2026-000116,1,4,2026-02-10,2026-02-28,2026-02-12,2026-02-15,Magento,Magento,,,USD,246.50,257.03,257.03,246.50,0.00,0,0.00,0,0.00,10.53,0.00,,,,,257.03,,0.00,,,,,,,,,,,,,,,,,,,,,20003,10581,20003-2026-000116,,,,,,,,Magento Shipping,,Magento Platform,216 Century Blvd,Dock 16,Los Angeles,CA,90008,Los Angeles,USA,ship-magento@example.com,(213) 555-2506,,,,,,,,,,,,,,,,,,2026-02-10,,ADELINE-02-BLACK-11,,,,EA,,,,,,,3,3,0,0,,11.50,11.50,34.50,34.50,0,0,0,FALSE,TRUE,FALSE,FALSE,,,,,,,,,,,
INV-SO2026-000117-000117,SO2026-000117,1,4,2026-01-11,2026-02-25,2026-01-11,2026-01-11,Shopify,Shopify,,,USD,85.50,92.46,92.46,85.50,0.00,0,0.00,0,0.00,6.96,0.00,,,,,92.46,,0.00,,,,,,,,,,,,,,,,,,,,,20001,10580,20001-2026-000117,,,,,,,,Shopify Shipping,,Shopify Commerce,217 Barranca Pkwy,Dock 17,Irvine,CA,92609,Orange,USA,ship-shopify@example.com,(949) 555-2606,,,,,,,,,,,,,,,,,,2026-01-11,,ADELINE-02-NUDE-9,,,,EA,,,,,,,1,1,0,0,,11.50,11.50,11.50,11.50,0,0,0,FALSE,TRUE,FALSE,FALSE,,,,,,,,,,,
INV-SO2026-000117-000117,SO2026-000117,1,4,2026-01-11,2026-02-25,2026-01-11,2026-01-11,Shopify,Shopify,,,USD,85.50,92.46,92.46,85.50,0.00,0,0.00,0,0.00,6.96,0.00,,,,,92.46,,0.00,,,,,,,,,,,,,,,,,,,,,20001,10580,20001-2026-000117,,,,,,,,Shopify Shipping,,Shopify Commerce,217 Barranca Pkwy,Dock 17,Irvine,CA,92609,Orange,USA,ship-shopify@example.com,(949) 555-2606,,,,,,,,,,,,,,,,,,2026-01-11,,ADELINE-03-TAUPE-12,,,,EA,,,,,,,4,4,0,0,,18.50,18.50,74.00,74.00,0,0,0,FALSE,TRUE,FALSE,FALSE,,,,,,,,,,,
INV-SO2026-000118-000118,SO2026-000118,1,4,2026-01-01,2026-02-15,2026-01-01,2026-01-06,Veeqo-Amazon,Veeqo Amazon,,,USD,149.00,149.03,149.03,149.00,0.00,0,0.00,0,0.00,0.03,0.00,,,,,149.03,,0.00,,,,,,,,,,,,,,,,,,,,,10016,10579,10016-2026-000118,,,,,,,,Veeqo Amazon Shipping,,Veeqo Amazon Retail,202 Distribution Way,Dock 2,Irvine,CA,92603,Orange,USA,ship-veeqo-amazon@example.com,(949) 555-1106,,,,,,,,,,,,,,,,,,2026-01-01,,CORA-01-TAUP-9,,,,EA,,,,,,,3,3,0,0,,10.75,10.75,32.25,32.25,0,0,0,FALSE,TRUE,FALSE,FALSE,,,,,,,,,,,
INV-SO2026-000118-000118,SO2026-000118,1,4,2026-01-01,2026-02-15,2026-01-01,2026-01-06,Veeqo-Amazon,Veeqo Amazon,,,USD,149.00,149.03,149.03,149.00,0.00,0,0.00,0,0.00,0.03,0.00,,,,,149.03,,0.00,,,,,,,,,,,,,,,,,,,,,10016,10579,10016-2026-000118,,,,,,,,Veeqo Amazon Shipping,,Veeqo Amazon Retail,202 Distribution Way,Dock 2,Irvine,CA,92603,Orange,USA,ship-veeqo-amazon@example.com,(949) 555-1106,,,,,,,,,,,,,,,,,,2026-01-01,,AVIANA-06-WHITE-7,,,,EA,,,,,,,3,3,0,0,,16.25,16.25,48.75,48.75,0,0,0,FALSE,TRUE,FALSE,FALSE,,,,,,,,,,,
INV-SO2026-000118-000118,SO2026-000118,1,4,2026-01-01,2026-02-15,2026-01-01,2026-01-06,Veeqo-Amazon,Veeqo Amazon,,,USD,149.00,149.03,149.03,149.00,0.00,0,0.00,0,0.00,0.03,0.00,,,,,149.03,,0.00,,,,,,,,,,,,,,,,,,,,,10016,10579,10016-2026-000118,,,,,,,,Veeqo Amazon Shipping,,Veeqo Amazon Retail,202 Distribution Way,Dock 2,Irvine,CA,92603,Orange,USA,ship-veeqo-amazon@example.com,(949) 555-1106,,,,,,,,,,,,,,,,,,2026-01-01,,FA13501DM-RINSEWSFT-30-30,,,,EA,,,,,,,2,2,0,0,,34.00,34.00,68.00,68.00,0,0,0,FALSE,TRUE,FALSE,FALSE,,,,,,,,,,,
INV-SO2026-000119-000119,SO2026-000119,1,4,2026-02-28,2026-02-28,2026-02-28,2026-02-28,Shopify,Shopify,,,USD,46.00,62.50,62.50,46.00,0.00,0,0.00,0,0.00,16.50,0.00,,,,,62.50,,0.00,,,,,,,,,,,,,,,,,,,,,20001,10580,20001-2026-000119,,,,,,,,Shopify Shipping,,Shopify Commerce,217 Barranca Pkwy,Dock 17,Irvine,CA,92609,Orange,USA,ship-shopify@example.com,(949) 555-2606,,,,,,,,,,,,,,,,,,2026-02-28,,ADELINE-02-WHITE-8,,,,EA,,,,,,,4,4,0,0,,11.50,11.50,46.00,46.00,0,0,0,FALSE,TRUE,FALSE,FALSE,,,,,,,,,,,
INV-SO2026-000120-000120,SO2026-000120,1,4,2026-01-17,2026-02-28,2026-01-19,2026-01-18,Squarespace,Squarespace,,,USD,140.75,140.94,140.94,140.75,0.00,0,0.00,0,0.00,0.19,0.00,,,,,140.94,,0.00,,,,,,,,,,,,,,,,,,,,,20006,10582,20006-2026-000120,,,,,,,,Squarespace Shipping,,Squarespace Digital,218 Camino Del Rio,Dock 18,San Diego,CA,92108,San Diego,USA,ship-squarespace@example.com,(619) 555-2706,,,,,,,,,,,,,,,,,,2026-01-17,,ADELINE-02-BLACK-8,,,,EA,,,,,,,4,4,0,0,,11.50,11.50,46.00,46.00,0,0,0,FALSE,TRUE,FALSE,FALSE,,,,,,,,,,,
INV-SO2026-000120-000120,SO2026-000120,1,4,2026-01-17,2026-02-28,2026-01-19,2026-01-18,Squarespace,Squarespace,,,USD,140.75,140.94,140.94,140.75,0.00,0,0.00,0,0.00,0.19,0.00,,,,,140.94,,0.00,,,,,,,,,,,,,,,,,,,,,20006,10582,20006-2026-000120,,,,,,,,Squarespace Shipping,,Squarespace Digital,218 Camino Del Rio,Dock 18,San Diego,CA,92108,San Diego,USA,ship-squarespace@example.com,(619) 555-2706,,,,,,,,,,,,,,,,,,2026-01-17,,ADELINE-02-NUDE-6,,,,EA,,,,,,,4,4,0,0,,11.50,11.50,46.00,46.00,0,0,0,FALSE,TRUE,FALSE,FALSE,,,,,,,,,,,
INV-SO2026-000120-000120,SO2026-000120,1,4,2026-01-17,2026-02-28,2026-01-19,2026-01-18,Squarespace,Squarespace,,,USD,140.75,140.94,140.94,140.75,0.00,0,0.00,0,0.00,0.19,0.00,,,,,140.94,,0.00,,,,,,,,,,,,,,,,,,,,,20006,10582,20006-2026-000120,,,,,,,,Squarespace Shipping,,Squarespace Digital,218 Camino Del Rio,Dock 18,San Diego,CA,92108,San Diego,USA,ship-squarespace@example.com,(619) 555-2706,,,,,,,,,,,,,,,,,,2026-01-17,,AVIANA-06-PINK-9,,,,EA,,,,,,,3,3,0,0,,16.25,16.25,48.75,48.75,0,0,0,FALSE,TRUE,FALSE,FALSE,,,,,,,,,,,
INV-SO2026-000121-000121,SO2026-000121,1,4,2026-02-27,2026-02-28,2026-02-28,2026-02-28,JCPenney,JCPenney,,,USD,210.00,220.08,220.08,210.00,0.00,0,0.00,0,0.00,10.08,0.00,,,,,220.08,,0.00,,,,,,,,,,,,,,,,,,,,,30007,10575,30007-2026-000121,,,,,,,,JCPenney Shipping,,JCPenney Stores,213 Gateway Rd,Dock 13,San Diego,CA,92106,San Diego,USA,ship-jcpenney@example.com,(619) 555-2206,,,,,,,,,,,,,,,,,,2026-02-27,,ADELINE-03-BLACK-8.5,,,,EA,,,,,,,4,4,0,0,,18.50,18.50,74.00,74.00,0,0,0,FALSE,TRUE,FALSE,FALSE,,,,,,,,,,,
INV-SO2026-000121-000121,SO2026-000121,1,4,2026-02-27,2026-02-28,2026-02-28,2026-02-28,JCPenney,JCPenney,,,USD,210.00,220.08,220.08,210.00,0.00,0,0.00,0,0.00,10.08,0.00,,,,,220.08,,0.00,,,,,,,,,,,,,,,,,,,,,30007,10575,30007-2026-000121,,,,,,,,JCPenney Shipping,,JCPenney Stores,213 Gateway Rd,Dock 13,San Diego,CA,92106,San Diego,USA,ship-jcpenney@example.com,(619) 555-2206,,,,,,,,,,,,,,,,,,2026-02-27,,FA13501DM-RINSEWSFT,,,,EA,,,,,,,4,4,0,0,,34.00,34.00,136.00,136.00,0,0,0,FALSE,TRUE,FALSE,FALSE,,,,,,,,,,,
INV-SO2026-000122-000122,SO2026-000122,1,4,2026-01-28,2026-02-28,2026-01-29,2026-01-29,Shopify,Shopify,,,USD,40.00,48.74,48.74,40.00,0.00,0,0.00,0,0.00,8.74,0.00,,,,,48.74,,0.00,,,,,,,,,,,,,,,,,,,,,20001,10580,20001-2026-000122,,,,,,,,Shopify Shipping,,Shopify Commerce,217 Barranca Pkwy,Dock 17,Irvine,CA,92609,Orange,USA,ship-shopify@example.com,(949) 555-2606,,,,,,,,,,,,,,,,,,2026-01-28,,AUSTIN-06-BLUSH-5,,,,EA,,,,,,,4,4,0,0,,10.00,10.00,40.00,40.00,0,0,0,FALSE,TRUE,FALSE,FALSE,,,,,,,,,,,
INV-SO2026-000123-000123,SO2026-000123,1,4,2026-01-30,2026-02-28,2026-02-01,2026-01-30,AMZ-eCom,AMZ eCom,,,USD,85.25,89.37,89.37,85.25,0.00,0,0.00,0,0.00,4.12,0.00,,,,,89.37,,0.00,,,,,,,,,,,,,,,,,,,,,10001,10565,10001-2026-000123,,,,,,,,AMZ eCom Shipping,,AMZ eCom Retail,201 Harbor Ave,Dock 1,Los Angeles,CA,90002,Los Angeles,USA,ship-amz-ecom@example.com,(213) 555-1006,,,,,,,,,,,,,,,,,,2026-01-30,,ASTRID-01-NUDE-8,,,,EA,,,,,,,3,3,0,0,,20.75,20.75,62.25,62.25,0,0,0,FALSE,TRUE,FALSE,FALSE,,,,,,,,,,,
INV-SO2026-000123-000123,SO2026-000123,1,4,2026-01-30,2026-02-28,2026-02-01,2026-01-30,AMZ-eCom,AMZ eCom,,,USD,85.25,89.37,89.37,85.25,0.00,0,0.00,0,0.00,4.12,0.00,,,,,89.37,,0.00,,,,,,,,,,,,,,,,,,,,,10001,10565,10001-2026-000123,,,,,,,,AMZ eCom Shipping,,AMZ eCom Retail,201 Harbor Ave,Dock 1,Los Angeles,CA,90002,Los Angeles,USA,ship-amz-ecom@example.com,(213) 555-1006,,,,,,,,,,,,,,,,,,2026-01-30,,ADELINE-02-CAMEL-12,,,,EA,,,,,,,2,2,0,0,,11.50,11.50,23.00,23.00,0,0,0,FALSE,TRUE,FALSE,FALSE,,,,,,,,,,,
INV-SO2026-000124-000124,SO2026-000124,1,4,2026-02-14,2026-02-28,2026-02-14,2026-02-17,Etsy-LS,Etsy LS,,,USD,440.00,445.05,445.05,440.00,0.00,0,0.00,0,0.00,5.05,0.00,,,,,445.05,,0.00,,,,,,,,,,,,,,,,,,,,,10008,10571,10008-2026-000124,,,,,,,,Etsy LS Shipping,,Etsy LS Marketplace,205 Mission St,Dock 5,San Francisco,CA,94103,San Francisco,USA,ship-etsy-ls@example.com,(415) 555-1406,,,,,,,,,,,,,,,,,,2026-02-14,,ADELINE-02-BLACK-5,,,,EA,,,,,,,3,3,0,0,,11.50,11.50,34.50,34.50,0,0,0,FALSE,TRUE,FALSE,FALSE,,,,,,,,,,,
INV-SO2026-000124-000124,SO2026-000124,1,4,2026-02-14,2026-02-28,2026-02-14,2026-02-17,Etsy-LS,Etsy LS,,,USD,440.00,445.05,445.05,440.00,0.00,0,0.00,0,0.00,5.05,0.00,,,,,445.05,,0.00,,,,,,,,,,,,,,,,,,,,,10008,10571,10008-2026-000124,,,,,,,,Etsy LS Shipping,,Etsy LS Marketplace,205 Mission St,Dock 5,San Francisco,CA,94103,San Francisco,USA,ship-etsy-ls@example.com,(415) 555-1406,,,,,,,,,,,,,,,,,,2026-02-14,,CORA-01-BLK-8.5,,,,EA,,,,,,,2,2,0,0,,10.75,10.75,21.50,21.50,0,0,0,FALSE,TRUE,FALSE,FALSE,,,,,,,,,,,
INV-SO2026-000124-000124,SO2026-000124,1,4,2026-02-14,2026-02-28,2026-02-14,2026-02-17,Etsy-LS,Etsy LS,,,USD,440.00,445.05,445.05,440.00,0.00,0,0.00,0,0.00,5.05,0.00,,,,,445.05,,0.00,,,,,,,,,,,,,,,,,,,,,10008,10571,10008-2026-000124,,,,,,,,Etsy LS Shipping,,Etsy LS Marketplace,205 Mission St,Dock 5,San Francisco,CA,94103,San Francisco,USA,ship-etsy-ls@example.com,(415) 555-1406,,,,,,,,,,,,,,,,,,2026-02-14,,CAMILA-06-NUDE-B12,,,,EA,,,,,,,4,4,0,0,,96.00,96.00,384.00,384.00,0,0,0,FALSE,TRUE,FALSE,FALSE,,,,,,,,,,,
INV-SO2026-000125-000125,SO2026-000125,1,4,2026-02-05,2026-02-28,2026-02-06,2026-02-08,Walmart-eComm,Walmart eComm,,,USD,83.00,91.01,91.01,83.00,0.00,0,0.00,0,0.00,8.01,0.00,,,,,91.01,,0.00,,,,,,,,,,,,,,,,,,,,,10002,10566,10002-2026-000125,,,,,,,,Walmart eComm Shipping,,Walmart eComm Retail,220 Townsend St,Dock 20,San Francisco,CA,94109,San Francisco,USA,ship-walmart-ecomm@example.com,(415) 555-2906,,,,,,,,,,,,,,,,,,2026-02-05,,ASTRID-01-BLUSH-6,,,,EA,,,,,,,4,4,0,0,,20.75,20.75,83.00,83.00,0,0,0,FALSE,TRUE,FALSE,FALSE,,,,,,,,,,,
INV-SO2026-000126-000126,SO2026-000126,1,4,2026-01-01,2026-02-15,2026-01-02,2026-01-05,Etsy-LS,Etsy LS,,,USD,318.00,320.28,320.28,318.00,0.00,0,0.00,0,0.00,2.28,0.00,,,,,320.28,,0.00,,,,,,,,,,,,,,,,,,,,,10008,10571,10008-2026-000126,,,,,,,,Etsy LS Shipping,,Etsy LS Marketplace,205 Mission St,Dock 5,San Francisco,CA,94103,San Francisco,USA,ship-etsy-ls@example.com,(415) 555-1406,,,,,,,,,,,,,,,,,,2026-01-01,,FA16105WV-MIDNIGHTCAMO-M-STD,,,,EA,,,,,,,2,2,0,0,,39.00,39.00,78.00,78.00,0,0,0,FALSE,TRUE,FALSE,FALSE,,,,,,,,,,,
INV-SO2026-000126-000126,SO2026-000126,1,4,2026-01-01,2026-02-15,2026-01-02,2026-01-05,Etsy-LS,Etsy LS,,,USD,318.00,320.28,320.28,318.00,0.00,0,0.00,0,0.00,2.28,0.00,,,,,320.28,,0.00,,,,,,,,,,,,,,,,,,,,,10008,10571,10008-2026-000126,,,,,,,,Etsy LS Shipping,,Etsy LS Marketplace,205 Mission St,Dock 5,San Francisco,CA,94103,San Francisco,USA,ship-etsy-ls@example.com,(415) 555-1406,,,,,,,,,,,,,,,,,,2026-01-01,,AUSTIN-06-BLUSH-S,,,,EA,,,,,,,2,2,0,0,,120.00,120.00,240.00,240.00,0,0,0,FALSE,TRUE,FALSE,FALSE,,,,,,,,,,,
INV-SO2026-000127-000127,SO2026-000127,1,4,2026-02-27,2026-02-28,2026-02-27,2026-02-28,AMZ-eCom,AMZ eCom,,,USD,125.50,127.93,127.93,125.50,0.00,0,0.00,0,0.00,2.43,0.00,,,,,127.93,,0.00,,,,,,,,,,,,,,,,,,,,,10001,10565,10001-2026-000127,,,,,,,,AMZ eCom Shipping,,AMZ eCom Retail,201 Harbor Ave,Dock 1,Los Angeles,CA,90002,Los Angeles,USA,ship-amz-ecom@example.com,(213) 555-1006,,,,,,,,,,,,,,,,,,2026-02-27,,ADELINE-02-NUDE-9.5,,,,EA,,,,,,,2,2,0,0,,11.50,11.50,23.00,23.00,0,0,0,FALSE,TRUE,FALSE,FALSE,,,,,,,,,,,
INV-SO2026-000127-000127,SO2026-000127,1,4,2026-02-27,2026-02-28,2026-02-27,2026-02-28,AMZ-eCom,AMZ eCom,,,USD,125.50,127.93,127.93,125.50,0.00,0,0.00,0,0.00,2.43,0.00,,,,,127.93,,0.00,,,,,,,,,,,,,,,,,,,,,10001,10565,10001-2026-000127,,,,,,,,AMZ eCom Shipping,,AMZ eCom Retail,201 Harbor Ave,Dock 1,Los Angeles,CA,90002,Los Angeles,USA,ship-amz-ecom@example.com,(213) 555-1006,,,,,,,,,,,,,,,,,,2026-02-27,,FA13501DM,,,,EA,,,,,,,2,2,0,0,,34.00,34.00,68.00,68.00,0,0,0,FALSE,TRUE,FALSE,FALSE,,,,,,,,,,,
INV-SO2026-000127-000127,SO2026-000127,1,4,2026-02-27,2026-02-28,2026-02-27,2026-02-28,AMZ-eCom,AMZ eCom,,,USD,125.50,127.93,127.93,125.50,0.00,0,0.00,0,0.00,2.43,0.00,,,,,127.93,,0.00,,,,,,,,,,,,,,,,,,,,,10001,10565,10001-2026-000127,,,,,,,,AMZ eCom Shipping,,AMZ eCom Retail,201 Harbor Ave,Dock 1,Los Angeles,CA,90002,Los Angeles,USA,ship-amz-ecom@example.com,(213) 555-1006,,,,,,,,,,,,,,,,,,2026-02-27,,ADELINE-02-BLACK-7,,,,EA,,,,,,,3,3,0,0,,11.50,11.50,34.50,34.50,0,0,0,FALSE,TRUE,FALSE,FALSE,,,,,,,,,,,
INV-SO2026-000128-000128,SO2026-000128,1,4,2026-01-22,2026-02-28,2026-01-24,2026-01-22,Etsy-LS,Etsy LS,,,USD,64.50,74.28,74.28,64.50,0.00,0,0.00,0,0.00,9.78,0.00,,,,,74.28,,0.00,,,,,,,,,,,,,,,,,,,,,10008,10571,10008-2026-000128,,,,,,,,Etsy LS Shipping,,Etsy LS Marketplace,205 Mission St,Dock 5,San Francisco,CA,94103,San Francisco,USA,ship-etsy-ls@example.com,(415) 555-1406,,,,,,,,,,,,,,,,,,2026-01-22,,ADELINE-02-WHITE-7.5,,,,EA,,,,,,,1,1,0,0,,11.50,11.50,11.50,11.50,0,0,0,FALSE,TRUE,FALSE,FALSE,,,,,,,,,,,
INV-SO2026-000128-000128,SO2026-000128,1,4,2026-01-22,2026-02-28,2026-01-24,2026-01-22,Etsy-LS,Etsy LS,,,USD,64.50,74.28,74.28,64.50,0.00,0,0.00,0,0.00,9.78,0.00,,,,,74.28,,0.00,,,,,,,,,,,,,,,,,,,,,10008,10571,10008-2026-000128,,,,,,,,Etsy LS Shipping,,Etsy LS Marketplace,205 Mission St,Dock 5,San Francisco,CA,94103,San Francisco,USA,ship-etsy-ls@example.com,(415) 555-1406,,,,,,,,,,,,,,,,,,2026-01-22,,CORA-01-TAUP-6,,,,EA,,,,,,,4,4,0,0,,10.75,10.75,43.00,43.00,0,0,0,FALSE,TRUE,FALSE,FALSE,,,,,,,,,,,
INV-SO2026-000128-000128,SO2026-000128,1,4,2026-01-22,2026-02-28,2026-01-24,2026-01-22,Etsy-LS,Etsy LS,,,USD,64.50,74.28,74.28,64.50,0.00,0,0.00,0,0.00,9.78,0.00,,,,,74.28,,0.00,,,,,,,,,,,,,,,,,,,,,10008,10571,10008-2026-000128,,,,,,,,Etsy LS Shipping,,Etsy LS Marketplace,205 Mission St,Dock 5,San Francisco,CA,94103,San Francisco,USA,ship-etsy-ls@example.com,(415) 555-1406,,,,,,,,,,,,,,,,,,2026-01-22,,AUSTIN-06-NUDE-11,,,,EA,,,,,,,1,1,0,0,,10.00,10.00,10.00,10.00,0,0,0,FALSE,TRUE,FALSE,FALSE,,,,,,,,,,,
INV-SO2026-000129-000129,SO2026-000129,1,4,2026-01-18,2026-02-17,2026-01-20,2026-01-20,AMZ-eCom,AMZ eCom,,,USD,165.00,167.51,167.51,165.00,0.00,0,0.00,0,0.00,2.51,0.00,,,,,167.51,,0.00,,,,,,,,,,,,,,,,,,,,,10001,10565,10001-2026-000129,,,,,,,,AMZ eCom Shipping,,AMZ eCom Retail,201 Harbor Ave,Dock 1,Los Angeles,CA,90002,Los Angeles,USA,ship-amz-ecom@example.com,(213) 555-1006,,,,,,,,,,,,,,,,,,2026-01-18,,173451-1183CITIZEN-1-STD,,,,EA,,,,,,,1,1,0,0,,24.00,24.00,24.00,24.00,0,0,0,FALSE,TRUE,FALSE,FALSE,,,,,,,,,,,
INV-SO2026-000129-000129,SO2026-000129,1,4,2026-01-18,2026-02-17,2026-01-20,2026-01-20,AMZ-eCom,AMZ eCom,,,USD,165.00,167.51,167.51,165.00,0.00,0,0.00,0,0.00,2.51,0.00,,,,,167.51,,0.00,,,,,,,,,,,,,,,,,,,,,10001,10565,10001-2026-000129,,,,,,,,AMZ eCom Shipping,,AMZ eCom Retail,201 Harbor Ave,Dock 1,Los Angeles,CA,90002,Los Angeles,USA,ship-amz-ecom@example.com,(213) 555-1006,,,,,,,,,,,,,,,,,,2026-01-18,,FA13512DM-1847DPOCN-32-30,,,,EA,,,,,,,3,3,0,0,,34.00,34.00,102.00,102.00,0,0,0,FALSE,TRUE,FALSE,FALSE,,,,,,,,,,,
INV-SO2026-000129-000129,SO2026-000129,1,4,2026-01-18,2026-02-17,2026-01-20,2026-01-20,AMZ-eCom,AMZ eCom,,,USD,165.00,167.51,167.51,165.00,0.00,0,0.00,0,0.00,2.51,0.00,,,,,167.51,,0.00,,,,,,,,,,,,,,,,,,,,,10001,10565,10001-2026-000129,,,,,,,,AMZ eCom Shipping,,AMZ eCom Retail,201 Harbor Ave,Dock 1,Los Angeles,CA,90002,Los Angeles,USA,ship-amz-ecom@example.com,(213) 555-1006,,,,,,,,,,,,,,,,,,2026-01-18,,FA16023WV-SMOKEYROSE-L-STD,,,,EA,,,,,,,1,1,0,0,,39.00,39.00,39.00,39.00,0,0,0,FALSE,TRUE,FALSE,FALSE,,,,,,,,,,,
INV-SO2026-000130-000130,SO2026-000130,1,4,2026-01-15,2026-02-14,2026-01-15,2026-01-16,eBay,eBay,,,USD,202.50,220.07,220.07,202.50,0.00,0,0.00,0,0.00,17.57,0.00,,,,,220.07,,0.00,,,,,,,,,,,,,,,,,,,,,10004,10570,10004-2026-000130,,,,,,,,eBay Shipping,,eBay Commerce,204 Fulfillment Ave,Dock 4,San Jose,CA,95111,Santa Clara,USA,ship-ebay@example.com,(408) 555-1306,,,,,,,,,,,,,,,,,,2026-01-15,,ADELINE-02-NUDE-S,,,,EA,,,,,,,1,1,0,0,,138.00,138.00,138.00,138.00,0,0,0,FALSE,TRUE,FALSE,FALSE,,,,,,,,,,,
INV-SO2026-000130-000130,SO2026-000130,1,4,2026-01-15,2026-02-14,2026-01-15,2026-01-16,eBay,eBay,,,USD,202.50,220.07,220.07,202.50,0.00,0,0.00,0,0.00,17.57,0.00,,,,,220.07,,0.00,,,,,,,,,,,,,,,,,,,,,10004,10570,10004-2026-000130,,,,,,,,eBay Shipping,,eBay Commerce,204 Fulfillment Ave,Dock 4,San Jose,CA,95111,Santa Clara,USA,ship-ebay@example.com,(408) 555-1306,,,,,,,,,,,,,,,,,,2026-01-15,,ADELINE-02-CAMEL-5.5,,,,EA,,,,,,,3,3,0,0,,11.50,11.50,34.50,34.50,0,0,0,FALSE,TRUE,FALSE,FALSE,,,,,,,,,,,
INV-SO2026-000130-000130,SO2026-000130,1,4,2026-01-15,2026-02-14,2026-01-15,2026-01-16,eBay,eBay,,,USD,202.50,220.07,220.07,202.50,0.00,0,0.00,0,0.00,17.57,0.00,,,,,220.07,,0.00,,,,,,,,,,,,,,,,,,,,,10004,10570,10004-2026-000130,,,,,,,,eBay Shipping,,eBay Commerce,204 Fulfillment Ave,Dock 4,San Jose,CA,95111,Santa Clara,USA,ship-ebay@example.com,(408) 555-1306,,,,,,,,,,,,,,,,,,2026-01-15,,AUSTIN-06-NUDE-6.5,,,,EA,,,,,,,3,3,0,0,,10.00,10.00,30.00,30.00,0,0,0,FALSE,TRUE,FALSE,FALSE,,,,,,,,,,,
INV-SO2026-000131-000131,SO2026-000131,1,4,2026-02-17,2026-02-28,2026-02-17,2026-02-20,Squarespace,Squarespace,,,USD,240.00,246.58,246.58,240.00,0.00,0,0.00,0,0.00,6.58,0.00,,,,,246.58,,0.00,,,,,,,,,,,,,,,,,,,,,20006,10582,20006-2026-000131,,,,,,,,Squarespace Shipping,,Squarespace Digital,218 Camino Del Rio,Dock 18,San Diego,CA,92108,San Diego,USA,ship-squarespace@example.com,(619) 555-2706,,,,,,,,,,,,,,,,,,2026-02-17,,ADELINE-02-WHITE-B12,,,,EA,,,,,,,1,1,0,0,,138.00,138.00,138.00,138.00,0,0,0,FALSE,TRUE,FALSE,FALSE,,,,,,,,,,,
INV-SO2026-000131-000131,SO2026-000131,1,4,2026-02-17,2026-02-28,2026-02-17,2026-02-20,Squarespace,Squarespace,,,USD,240.00,246.58,246.58,240.00,0.00,0,0.00,0,0.00,6.58,0.00,,,,,246.58,,0.00,,,,,,,,,,,,,,,,,,,,,20006,10582,20006-2026-000131,,,,,,,,Squarespace Shipping,,Squarespace Digital,218 Camino Del Rio,Dock 18,San Diego,CA,92108,San Diego,USA,ship-squarespace@example.com,(619) 555-2706,,,,,,,,,,,,,,,,,,2026-02-17,,F13031C-1742VNTGBJ-26-STD,,,,EA,,,,,,,3,3,0,0,,34.00,34.00,102.00,102.00,0,0,0,FALSE,TRUE,FALSE,FALSE,,,,,,,,,,,
INV-SO2026-000132-000132,SO2026-000132,1,4,2026-01-23,2026-02-28,2026-01-25,2026-01-28,Shopify,Shopify,,,USD,117.00,123.00,123.00,117.00,0.00,0,0.00,0,0.00,6.00,0.00,,,,,123.00,,0.00,,,,,,,,,,,,,,,,,,,,,20001,10580,20001-2026-000132,,,,,,,,Shopify Shipping,,Shopify Commerce,217 Barranca Pkwy,Dock 17,Irvine,CA,92609,Orange,USA,ship-shopify@example.com,(949) 555-2606,,,,,,,,,,,,,,,,,,2026-01-23,,FA16023WV-MIDNIGHTBLUE-M-STD,,,,EA,,,,,,,3,3,0,0,,39.00,39.00,117.00,117.00,0,0,0,FALSE,TRUE,FALSE,FALSE,,,,,,,,,,,
INV-SO2026-000133-000133,SO2026-000133,1,4,2026-01-28,2026-02-28,2026-01-29,2026-02-02,Etsy-VS,Etsy VS,,,USD,142.00,146.44,146.44,142.00,0.00,0,0.00,0,0.00,4.44,0.00,,,,,146.44,,0.00,,,,,,,,,,,,,,,,,,,,,10008,10572,10008-2026-000133,,,,,,,,Etsy VS Shipping,,Etsy VS Marketplace,206 Pacific Hwy,Dock 6,Los Angeles,CA,90004,Los Angeles,USA,ship-etsy-vs@example.com,(213) 555-1506,,,,,,,,,,,,,,,,,,2026-01-28,,173451-1183CITIZEN,,,,EA,,,,,,,4,4,0,0,,24.00,24.00,96.00,96.00,0,0,0,FALSE,TRUE,FALSE,FALSE,,,,,,,,,,,
INV-SO2026-000133-000133,SO2026-000133,1,4,2026-01-28,2026-02-28,2026-01-29,2026-02-02,Etsy-VS,Etsy VS,,,USD,142.00,146.44,146.44,142.00,0.00,0,0.00,0,0.00,4.44,0.00,,,,,146.44,,0.00,,,,,,,,,,,,,,,,,,,,,10008,10572,10008-2026-000133,,,,,,,,Etsy VS Shipping,,Etsy VS Marketplace,206 Pacific Hwy,Dock 6,Los Angeles,CA,90004,Los Angeles,USA,ship-etsy-vs@example.com,(213) 555-1506,,,,,,,,,,,,,,,,,,2026-01-28,,ADELINE-02-PINK-12,,,,EA,,,,,,,4,4,0,0,,11.50,11.50,46.00,46.00,0,0,0,FALSE,TRUE,FALSE,FALSE,,,,,,,,,,,
INV-SO2026-000134-000134,SO2026-000134,1,4,2026-01-20,2026-02-19,2026-01-22,2026-01-22,JCPenney,JCPenney,,,USD,156.00,162.12,162.12,156.00,0.00,0,0.00,0,0.00,6.12,0.00,,,,,162.12,,0.00,,,,,,,,,,,,,,,,,,,,,30007,10575,30007-2026-000134,,,,,,,,JCPenney Shipping,,JCPenney Stores,213 Gateway Rd,Dock 13,San Diego,CA,92106,San Diego,USA,ship-jcpenney@example.com,(619) 555-2206,,,,,,,,,,,,,,,,,,2026-01-20,,FB3601737-3219UNFORGV-31-STD,,,,EA,,,,,,,4,4,0,0,,39.00,39.00,156.00,156.00,0,0,0,FALSE,TRUE,FALSE,FALSE,,,,,,,,,,,
INV-SO2026-000135-000135,SO2026-000135,1,4,2026-02-16,2026-02-28,2026-02-16,2026-02-21,eBay,eBay,,,USD,102.00,102.00,102.00,102.00,0.00,0,0.00,0,0.00,0.00,0.00,,,,,102.00,,0.00,,,,,,,,,,,,,,,,,,,,,10004,10570,10004-2026-000135,,,,,,,,eBay Shipping,,eBay Commerce,204 Fulfillment Ave,Dock 4,San Jose,CA,95111,Santa Clara,USA,ship-ebay@example.com,(408) 555-1306,,,,,,,,,,,,,,,,,,2026-02-16,,F13031C-1742VNTGCO-24-STD,,,,EA,,,,,,,3,3,0,0,,34.00,34.00,102.00,102.00,0,0,0,FALSE,TRUE,FALSE,FALSE,,,,,,,,,,,
INV-SO2026-000136-000136,SO2026-000136,1,4,2026-02-03,2026-02-28,2026-02-03,2026-02-06,eBay,eBay,,,USD,72.00,84.65,84.65,72.00,0.00,0,0.00,0,0.00,12.65,0.00,,,,,84.65,,0.00,,,,,,,,,,,,,,,,,,,,,10004,10570,10004-2026-000136,,,,,,,,eBay Shipping,,eBay Commerce,204 Fulfillment Ave,Dock 4,San Jose,CA,95111,Santa Clara,USA,ship-ebay@example.com,(408) 555-1306,,,,,,,,,,,,,,,,,,2026-02-03,,173451-1183CITIZEN-17-34,,,,EA,,,,,,,3,3,0,0,,24.00,24.00,72.00,72.00,0,0,0,FALSE,TRUE,FALSE,FALSE,,,,,,,,,,,
INV-SO2026-000137-000137,SO2026-000137,1,4,2026-02-12,2026-02-28,2026-02-14,2026-02-16,Squarespace,Squarespace,,,USD,136.00,143.63,143.63,136.00,0.00,0,0.00,0,0.00,7.63,0.00,,,,,143.63,,0.00,,,,,,,,,,,,,,,,,,,,,20006,10582,20006-2026-000137,,,,,,,,Squarespace Shipping,,Squarespace Digital,218 Camino Del Rio,Dock 18,San Diego,CA,92108,San Diego,USA,ship-squarespace@example.com,(619) 555-2706,,,,,,,,,,,,,,,,,,2026-02-12,,F13031C-1742VNTGCO-25-STD,,,,EA,,,,,,,4,4,0,0,,34.00,34.00,136.00,136.00,0,0,0,FALSE,TRUE,FALSE,FALSE,,,,,,,,,,,
INV-SO2026-000138-000138,SO2026-000138,1,4,2026-01-08,2026-02-28,2026-01-08,2026-01-11,Macys,Macys,,,USD,66.00,66.00,66.00,66.00,0.00,0,0.00,0,0.00,0.00,0.00,,,,,66.00,,0.00,,,,,,,,,,,,,,,,,,,,,30005,10574,30005-2026-000138,,,,,,,,Macys Shipping,,Macys Stores,215 King St,Dock 15,San Francisco,CA,94107,San Francisco,USA,ship-macys@example.com,(415) 555-2406,,,,,,,,,,,,,,,,,,2026-01-08,,ADELINE-02-NUDE-11,,,,EA,,,,,,,4,4,0,0,,11.50,11.50,46.00,46.00,0,0,0,FALSE,TRUE,FALSE,FALSE,,,,,,,,,,,
INV-SO2026-000138-000138,SO2026-000138,1,4,2026-01-08,2026-02-28,2026-01-08,2026-01-11,Macys,Macys,,,USD,66.00,66.00,66.00,66.00,0.00,0,0.00,0,0.00,0.00,0.00,,,,,66.00,,0.00,,,,,,,,,,,,,,,,,,,,,30005,10574,30005-2026-000138,,,,,,,,Macys Shipping,,Macys Stores,215 King St,Dock 15,San Francisco,CA,94107,San Francisco,USA,ship-macys@example.com,(415) 555-2406,,,,,,,,,,,,,,,,,,2026-01-08,,AUSTIN-06-NUDE-5,,,,EA,,,,,,,2,2,0,0,,10.00,10.00,20.00,20.00,0,0,0,FALSE,TRUE,FALSE,FALSE,,,,,,,,,,,
INV-SO2026-000139-000139,SO2026-000139,1,4,2026-01-31,2026-02-28,2026-01-31,2026-02-01,AMZ-eCom,AMZ eCom,,,USD,43.00,52.56,52.56,43.00,0.00,0,0.00,0,0.00,9.56,0.00,,,,,52.56,,0.00,,,,,,,,,,,,,,,,,,,,,10001,10565,10001-2026-000139,,,,,,,,AMZ eCom Shipping,,AMZ eCom Retail,201 Harbor Ave,Dock 1,Los Angeles,CA,90002,Los Angeles,USA,ship-amz-ecom@example.com,(213) 555-1006,,,,,,,,,,,,,,,,,,2026-01-31,,CORA-01-LEOP-12,,,,EA,,,,,,,4,4,0,0,,10.75,10.75,43.00,43.00,0,0,0,FALSE,TRUE,FALSE,FALSE,,,,,,,,,,,
INV-SO2026-000140-000140,SO2026-000140,1,4,2026-01-21,2026-02-28,2026-01-21,2026-01-22,Shopify,Shopify,,,USD,30.00,46.02,46.02,30.00,0.00,0,0.00,0,0.00,16.02,0.00,,,,,46.02,,0.00,,,,,,,,,,,,,,,,,,,,,20001,10580,20001-2026-000140,,,,,,,,Shopify Shipping,,Shopify Commerce,217 Barranca Pkwy,Dock 17,Irvine,CA,92609,Orange,USA,ship-shopify@example.com,(949) 555-2606,,,,,,,,,,,,,,,,,,2026-01-21,,ADELINE-02-NUDE-5.5,,,,EA,,,,,,,1,1,0,0,,11.50,11.50,11.50,11.50,0,0,0,FALSE,TRUE,FALSE,FALSE,,,,,,,,,,,
INV-SO2026-000140-000140,SO2026-000140,1,4,2026-01-21,2026-02-28,2026-01-21,2026-01-22,Shopify,Shopify,,,USD,30.00,46.02,46.02,30.00,0.00,0,0.00,0,0.00,16.02,0.00,,,,,46.02,,0.00,,,,,,,,,,,,,,,,,,,,,20001,10580,20001-2026-000140,,,,,,,,Shopify Shipping,,Shopify Commerce,217 Barranca Pkwy,Dock 17,Irvine,CA,92609,Orange,USA,ship-shopify@example.com,(949) 555-2606,,,,,,,,,,,,,,,,,,2026-01-21,,ADELINE-03-BLACK-6,,,,EA,,,,,,,1,1,0,0,,18.50,18.50,18.50,18.50,0,0,0,FALSE,TRUE,FALSE,FALSE,,,,,,,,,,,
INV-SO2026-000141-000141,SO2026-000141,1,4,2026-01-29,2026-02-28,2026-01-31,2026-02-03,Veeqo-Amazon,Veeqo Amazon,,,USD,302.00,308.31,308.31,302.00,0.00,0,0.00,0,0.00,6.31,0.00,,,,,308.31,,0.00,,,,,,,,,,,,,,,,,,,,,10016,10579,10016-2026-000141,,,,,,,,Veeqo Amazon Shipping,,Veeqo Amazon Retail,202 Distribution Way,Dock 2,Irvine,CA,92603,Orange,USA,ship-veeqo-amazon@example.com,(949) 555-1106,,,,,,,,,,,,,,,,,,2026-01-29,,FD3601033,,,,EA,,,,,,,2,2,0,0,,49.00,49.00,98.00,98.00,0,0,0,FALSE,TRUE,FALSE,FALSE,,,,,,,,,,,
INV-SO2026-000141-000141,SO2026-000141,1,4,2026-01-29,2026-02-28,2026-01-31,2026-02-03,Veeqo-Amazon,Veeqo Amazon,,,USD,302.00,308.31,308.31,302.00,0.00,0,0.00,0,0.00,6.31,0.00,,,,,308.31,,0.00,,,,,,,,,,,,,,,,,,,,,10016,10579,10016-2026-000141,,,,,,,,Veeqo Amazon Shipping,,Veeqo Amazon Retail,202 Distribution Way,Dock 2,Irvine,CA,92603,Orange,USA,ship-veeqo-amazon@example.com,(949) 555-1106,,,,,,,,,,,,,,,,,,2026-01-29,,FA13512DM-1847DPOCN-31-32,,,,EA,,,,,,,2,2,0,0,,34.00,34.00,68.00,68.00,0,0,0,FALSE,TRUE,FALSE,FALSE,,,,,,,,,,,
INV-SO2026-000141-000141,SO2026-000141,1,4,2026-01-29,2026-02-28,2026-01-31,2026-02-03,Veeqo-Amazon,Veeqo Amazon,,,USD,302.00,308.31,308.31,302.00,0.00,0,0.00,0,0.00,6.31,0.00,,,,,308.31,,0.00,,,,,,,,,,,,,,,,,,,,,10016,10579,10016-2026-000141,,,,,,,,Veeqo Amazon Shipping,,Veeqo Amazon Retail,202 Distribution Way,Dock 2,Irvine,CA,92603,Orange,USA,ship-veeqo-amazon@example.com,(949) 555-1106,,,,,,,,,,,,,,,,,,2026-01-29,,FA13501DM-1608BLAU2-31-30,,,,EA,,,,,,,4,4,0,0,,34.00,34.00,136.00,136.00,0,0,0,FALSE,TRUE,FALSE,FALSE,,,,,,,,,,,
INV-SO2026-000142-000142,SO2026-000142,1,4,2026-01-06,2026-02-20,2026-01-06,2026-01-10,Etsy-LS,Etsy LS,,,USD,132.00,146.44,146.44,132.00,0.00,0,0.00,0,0.00,14.44,0.00,,,,,146.44,,0.00,,,,,,,,,,,,,,,,,,,,,10008,10571,10008-2026-000142,,,,,,,,Etsy LS Shipping,,Etsy LS Marketplace,205 Mission St,Dock 5,San Francisco,CA,94103,San Francisco,USA,ship-etsy-ls@example.com,(415) 555-1406,,,,,,,,,,,,,,,,,,2026-01-06,,F13031C-1742VNTGDM-32-STD,,,,EA,,,,,,,3,3,0,0,,34.00,34.00,102.00,102.00,0,0,0,FALSE,TRUE,FALSE,FALSE,,,,,,,,,,,
INV-SO2026-000142-000142,SO2026-000142,1,4,2026-01-06,2026-02-20,2026-01-06,2026-01-10,Etsy-LS,Etsy LS,,,USD,132.00,146.44,146.44,132.00,0.00,0,0.00,0,0.00,14.44,0.00,,,,,146.44,,0.00,,,,,,,,,,,,,,,,,,,,,10008,10571,10008-2026-000142,,,,,,,,Etsy LS Shipping,,Etsy LS Marketplace,205 Mission St,Dock 5,San Francisco,CA,94103,San Francisco,USA,ship-etsy-ls@example.com,(415) 555-1406,,,,,,,,,,,,,,,,,,2026-01-06,,AUSTIN-06-WHITE-9,,,,EA,,,,,,,3,3,0,0,,10.00,10.00,30.00,30.00,0,0,0,FALSE,TRUE,FALSE,FALSE,,,,,,,,,,,
INV-SO2026-000143-000143,SO2026-000143,1,4,2026-01-22,2026-02-21,2026-01-22,2026-01-24,Magento,Magento,,,USD,174.50,189.38,189.38,174.50,0.00,0,0.00,0,0.00,14.88,0.00,,,,,189.38,,0.00,,,,,,,,,,,,,,,,,,,,,20003,10581,20003-2026-000143,,,,,,,,Magento Shipping,,Magento Platform,216 Century Blvd,Dock 16,Los Angeles,CA,90008,Los Angeles,USA,ship-magento@example.com,(213) 555-2506,,,,,,,,,,,,,,,,,,2026-01-22,,ASTRID-01-BLUSH-12,,,,EA,,,,,,,2,2,0,0,,20.75,20.75,41.50,41.50,0,0,0,FALSE,TRUE,FALSE,FALSE,,,,,,,,,,,
INV-SO2026-000143-000143,SO2026-000143,1,4,2026-01-22,2026-02-21,2026-01-22,2026-01-24,Magento,Magento,,,USD,174.50,189.38,189.38,174.50,0.00,0,0.00,0,0.00,14.88,0.00,,,,,189.38,,0.00,,,,,,,,,,,,,,,,,,,,,20003,10581,20003-2026-000143,,,,,,,,Magento Shipping,,Magento Platform,216 Century Blvd,Dock 16,Los Angeles,CA,90008,Los Angeles,USA,ship-magento@example.com,(213) 555-2506,,,,,,,,,,,,,,,,,,2026-01-22,,FA13501DM-1464KINGSC-31-32,,,,EA,,,,,,,2,2,0,0,,34.00,34.00,68.00,68.00,0,0,0,FALSE,TRUE,FALSE,FALSE,,,,,,,,,,,
INV-SO2026-000143-000143,SO2026-000143,1,4,2026-01-22,2026-02-21,2026-01-22,2026-01-24,Magento,Magento,,,USD,174.50,189.38,189.38,174.50,0.00,0,0.00,0,0.00,14.88,0.00,,,,,189.38,,0.00,,,,,,,,,,,,,,,,,,,,,20003,10581,20003-2026-000143,,,,,,,,Magento Shipping,,Magento Platform,216 Century Blvd,Dock 16,Los Angeles,CA,90008,Los Angeles,USA,ship-magento@example.com,(213) 555-2506,,,,,,,,,,,,,,,,,,2026-01-22,,AVIANA-06-BLACK-11,,,,EA,,,,,,,4,4,0,0,,16.25,16.25,65.00,65.00,0,0,0,FALSE,TRUE,FALSE,FALSE,,,,,,,,,,,
INV-SO2026-000144-000144,SO2026-000144,1,4,2026-01-28,2026-02-28,2026-01-29,2026-02-01,Macys,Macys,,,USD,161.00,172.45,172.45,161.00,0.00,0,0.00,0,0.00,11.45,0.00,,,,,172.45,,0.00,,,,,,,,,,,,,,,,,,,,,30005,10574,30005-2026-000144,,,,,,,,Macys Shipping,,Macys Stores,215 King St,Dock 15,San Francisco,CA,94107,San Francisco,USA,ship-macys@example.com,(415) 555-2406,,,,,,,,,,,,,,,,,,2026-01-28,,ADELINE-02-CAMEL-8.5,,,,EA,,,,,,,2,2,0,0,,11.50,11.50,23.00,23.00,0,0,0,FALSE,TRUE,FALSE,FALSE,,,,,,,,,,,
INV-SO2026-000144-000144,SO2026-000144,1,4,2026-01-28,2026-02-28,2026-01-29,2026-02-01,Macys,Macys,,,USD,161.00,172.45,172.45,161.00,0.00,0,0.00,0,0.00,11.45,0.00,,,,,172.45,,0.00,,,,,,,,,,,,,,,,,,,,,30005,10574,30005-2026-000144,,,,,,,,Macys Shipping,,Macys Stores,215 King St,Dock 15,San Francisco,CA,94107,San Francisco,USA,ship-macys@example.com,(415) 555-2406,,,,,,,,,,,,,,,,,,2026-01-28,,ADELINE-02-CAMEL-B12,,,,EA,,,,,,,1,1,0,0,,138.00,138.00,138.00,138.00,0,0,0,FALSE,TRUE,FALSE,FALSE,,,,,,,,,,,
INV-SO2026-000145-000145,SO2026-000145,1,4,2026-01-29,2026-02-28,2026-01-29,2026-01-30,eBay,eBay,,,USD,71.00,71.43,71.43,71.00,0.00,0,0.00,0,0.00,0.43,0.00,,,,,71.43,,0.00,,,,,,,,,,,,,,,,,,,,,10004,10570,10004-2026-000145,,,,,,,,eBay Shipping,,eBay Commerce,204 Fulfillment Ave,Dock 4,San Jose,CA,95111,Santa Clara,USA,ship-ebay@example.com,(408) 555-1306,,,,,,,,,,,,,,,,,,2026-01-29,,ADELINE-03-BLUE-8,,,,EA,,,,,,,2,2,0,0,,18.50,18.50,37.00,37.00,0,0,0,FALSE,TRUE,FALSE,FALSE,,,,,,,,,,,
INV-SO2026-000145-000145,SO2026-000145,1,4,2026-01-29,2026-02-28,2026-01-29,2026-01-30,eBay,eBay,,,USD,71.00,71.43,71.43,71.00,0.00,0,0.00,0,0.00,0.43,0.00,,,,,71.43,,0.00,,,,,,,,,,,,,,,,,,,,,10004,10570,10004-2026-000145,,,,,,,,eBay Shipping,,eBay Commerce,204 Fulfillment Ave,Dock 4,San Jose,CA,95111,Santa Clara,USA,ship-ebay@example.com,(408) 555-1306,,,,,,,,,,,,,,,,,,2026-01-29,,F13031C-1742VNTGST,,,,EA,,,,,,,1,1,0,0,,34.00,34.00,34.00,34.00,0,0,0,FALSE,TRUE,FALSE,FALSE,,,,,,,,,,,
INV-SO2026-000146-000146,SO2026-000146,1,4,2026-01-13,2026-02-28,2026-01-13,2026-01-13,Mirakl-HudsonsB,Mirakl HudsonsB,,,USD,102.00,104.60,104.60,102.00,0.00,0,0.00,0,0.00,2.60,0.00,,,,,104.60,,0.00,,,,,,,,,,,,,,,,,,,,,10005,10577,10005-2026-000146,,,,,,,,Mirakl HudsonsB Shipping,,Mirakl HudsonsB Network,212 Quail Hill Pkwy,Dock 12,Irvine,CA,92607,Orange,USA,ship-mirakl-hudsonsb@example.com,(949) 555-2106,,,,,,,,,,,,,,,,,,2026-01-13,,F13031C-1742VNTGBJ-30-STD,,,,EA,,,,,,,3,3,0,0,,34.00,34.00,102.00,102.00,0,0,0,FALSE,TRUE,FALSE,FALSE,,,,,,,,,,,
INV-SO2026-000147-000147,SO2026-000147,1,4,2026-01-11,2026-02-25,2026-01-12,2026-01-13,Shopify,Shopify,,,USD,80.00,84.80,84.80,80.00,0.00,0,0.00,0,0.00,4.80,0.00,,,,,84.80,,0.00,,,,,,,,,,,,,,,,,,,,,20001,10580,20001-2026-000147,,,,,,,,Shopify Shipping,,Shopify Commerce,217 Barranca Pkwy,Dock 17,Irvine,CA,92609,Orange,USA,ship-shopify@example.com,(949) 555-2606,,,,,,,,,,,,,,,,,,2026-01-11,,CORA-01-FUCH-10,,,,EA,,,,,,,4,4,0,0,,10.75,10.75,43.00,43.00,0,0,0,FALSE,TRUE,FALSE,FALSE,,,,,,,,,,,
INV-SO2026-000147-000147,SO2026-000147,1,4,2026-01-11,2026-02-25,2026-01-12,2026-01-13,Shopify,Shopify,,,USD,80.00,84.80,84.80,80.00,0.00,0,0.00,0,0.00,4.80,0.00,,,,,84.80,,0.00,,,,,,,,,,,,,,,,,,,,,20001,10580,20001-2026-000147,,,,,,,,Shopify Shipping,,Shopify Commerce,217 Barranca Pkwy,Dock 17,Irvine,CA,92609,Orange,USA,ship-shopify@example.com,(949) 555-2606,,,,,,,,,,,,,,,,,,2026-01-11,,ADELINE-03-BLUE-5.5,,,,EA,,,,,,,2,2,0,0,,18.50,18.50,37.00,37.00,0,0,0,FALSE,TRUE,FALSE,FALSE,,,,,,,,,,,
INV-SO2026-000148-000148,SO2026-000148,1,4,2026-02-02,2026-02-28,2026-02-03,2026-02-03,AMZ-eCom,AMZ eCom,,,USD,46.00,60.11,60.11,46.00,0.00,0,0.00,0,0.00,14.11,0.00,,,,,60.11,,0.00,,,,,,,,,,,,,,,,,,,,,10001,10565,10001-2026-000148,,,,,,,,AMZ eCom Shipping,,AMZ eCom Retail,201 Harbor Ave,Dock 1,Los Angeles,CA,90002,Los Angeles,USA,ship-amz-ecom@example.com,(213) 555-1006,,,,,,,,,,,,,,,,,,2026-02-02,,ADELINE-02-NUDE-7.5,,,,EA,,,,,,,4,4,0,0,,11.50,11.50,46.00,46.00,0,0,0,FALSE,TRUE,FALSE,FALSE,,,,,,,,,,,
INV-SO2026-000149-000149,SO2026-000149,1,4,2026-02-04,2026-02-28,2026-02-06,2026-02-05,Mirakl-HudsonsB,Mirakl HudsonsB,,,USD,206.00,206.00,206.00,206.00,0.00,0,0.00,0,0.00,0.00,0.00,,,,,206.00,,0.00,,,,,,,,,,,,,,,,,,,,,10005,10577,10005-2026-000149,,,,,,,,Mirakl HudsonsB Shipping,,Mirakl HudsonsB Network,212 Quail Hill Pkwy,Dock 12,Irvine,CA,92607,Orange,USA,ship-mirakl-hudsonsb@example.com,(949) 555-2106,,,,,,,,,,,,,,,,,,2026-02-04,,CAMILA-06-BLACK-11,,,,EA,,,,,,,3,3,0,0,,8.00,8.00,24.00,24.00,0,0,0,FALSE,TRUE,FALSE,FALSE,,,,,,,,,,,
INV-SO2026-000149-000149,SO2026-000149,1,4,2026-02-04,2026-02-28,2026-02-06,2026-02-05,Mirakl-HudsonsB,Mirakl HudsonsB,,,USD,206.00,206.00,206.00,206.00,0.00,0,0.00,0,0.00,0.00,0.00,,,,,206.00,,0.00,,,,,,,,,,,,,,,,,,,,,10005,10577,10005-2026-000149,,,,,,,,Mirakl HudsonsB Shipping,,Mirakl HudsonsB Network,212 Quail Hill Pkwy,Dock 12,Irvine,CA,92607,Orange,USA,ship-mirakl-hudsonsb@example.com,(949) 555-2106,,,,,,,,,,,,,,,,,,2026-02-04,,F13031C-1742VNTGBJ-32-STD,,,,EA,,,,,,,4,4,0,0,,34.00,34.00,136.00,136.00,0,0,0,FALSE,TRUE,FALSE,FALSE,,,,,,,,,,,
INV-SO2026-000149-000149,SO2026-000149,1,4,2026-02-04,2026-02-28,2026-02-06,2026-02-05,Mirakl-HudsonsB,Mirakl HudsonsB,,,USD,206.00,206.00,206.00,206.00,0.00,0,0.00,0,0.00,0.00,0.00,,,,,206.00,,0.00,,,,,,,,,,,,,,,,,,,,,10005,10577,10005-2026-000149,,,,,,,,Mirakl HudsonsB Shipping,,Mirakl HudsonsB Network,212 Quail Hill Pkwy,Dock 12,Irvine,CA,92607,Orange,USA,ship-mirakl-hudsonsb@example.com,(949) 555-2106,,,,,,,,,,,,,,,,,,2026-02-04,,ADELINE-02-BLACK-6,,,,EA,,,,,,,4,4,0,0,,11.50,11.50,46.00,46.00,0,0,0,FALSE,TRUE,FALSE,FALSE,,,,,,,,,,,
INV-SO2026-000150-000150,SO2026-000150,1,4,2026-01-04,2026-02-28,2026-01-06,2026-01-09,Etsy-VS,Etsy VS,,,USD,121.25,137.87,137.87,121.25,0.00,0,0.00,0,0.00,16.62,0.00,,,,,137.87,,0.00,,,,,,,,,,,,,,,,,,,,,10008,10572,10008-2026-000150,,,,,,,,Etsy VS Shipping,,Etsy VS Marketplace,206 Pacific Hwy,Dock 6,Los Angeles,CA,90004,Los Angeles,USA,ship-etsy-vs@example.com,(213) 555-1506,,,,,,,,,,,,,,,,,,2026-01-04,,FA13501DM-1464KINGSC,,,,EA,,,,,,,2,2,0,0,,34.00,34.00,68.00,68.00,0,0,0,FALSE,TRUE,FALSE,FALSE,,,,,,,,,,,
INV-SO2026-000150-000150,SO2026-000150,1,4,2026-01-04,2026-02-28,2026-01-06,2026-01-09,Etsy-VS,Etsy VS,,,USD,121.25,137.87,137.87,121.25,0.00,0,0.00,0,0.00,16.62,0.00,,,,,137.87,,0.00,,,,,,,,,,,,,,,,,,,,,10008,10572,10008-2026-000150,,,,,,,,Etsy VS Shipping,,Etsy VS Marketplace,206 Pacific Hwy,Dock 6,Los Angeles,CA,90004,Los Angeles,USA,ship-etsy-vs@example.com,(213) 555-1506,,,,,,,,,,,,,,,,,,2026-01-04,,ADELINE-03-TAUPE-11,,,,EA,,,,,,,2,2,0,0,,18.50,18.50,37.00,37.00,0,0,0,FALSE,TRUE,FALSE,FALSE,,,,,,,,,,,
INV-SO2026-000150-000150,SO2026-000150,1,4,2026-01-04,2026-02-28,2026-01-06,2026-01-09,Etsy-VS,Etsy VS,,,USD,121.25,137.87,137.87,121.25,0.00,0,0.00,0,0.00,16.62,0.00,,,,,137.87,,0.00,,,,,,,,,,,,,,,,,,,,,10008,10572,10008-2026-000150,,,,,,,,Etsy VS Shipping,,Etsy VS Marketplace,206 Pacific Hwy,Dock 6,Los Angeles,CA,90004,Los Angeles,USA,ship-etsy-vs@example.com,(213) 555-1506,,,,,,,,,,,,,,,,,,2026-01-04,,AVIANA-06-PINK-8,,,,EA,,,,,,,1,1,0,0,,16.25,16.25,16.25,16.25,0,0,0,FALSE,TRUE,FALSE,FALSE,,,,,,,,,,,
INV-SO2026-000151-000151,SO2026-000151,1,4,2026-01-31,2026-02-28,2026-01-31,2026-02-02,Squarespace,Squarespace,,,USD,63.00,77.03,77.03,63.00,0.00,0,0.00,0,0.00,14.03,0.00,,,,,77.03,,0.00,,,,,,,,,,,,,,,,,,,,,20006,10582,20006-2026-000151,,,,,,,,Squarespace Shipping,,Squarespace Digital,218 Camino Del Rio,Dock 18,San Diego,CA,92108,San Diego,USA,ship-squarespace@example.com,(619) 555-2706,,,,,,,,,,,,,,,,,,2026-01-31,,AUSTIN-06-BLACK-8.5,,,,EA,,,,,,,4,4,0,0,,10.00,10.00,40.00,40.00,0,0,0,FALSE,TRUE,FALSE,FALSE,,,,,,,,,,,
INV-SO2026-000151-000151,SO2026-000151,1,4,2026-01-31,2026-02-28,2026-01-31,2026-02-02,Squarespace,Squarespace,,,USD,63.00,77.03,77.03,63.00,0.00,0,0.00,0,0.00,14.03,0.00,,,,,77.03,,0.00,,,,,,,,,,,,,,,,,,,,,20006,10582,20006-2026-000151,,,,,,,,Squarespace Shipping,,Squarespace Digital,218 Camino Del Rio,Dock 18,San Diego,CA,92108,San Diego,USA,ship-squarespace@example.com,(619) 555-2706,,,,,,,,,,,,,,,,,,2026-01-31,,ADELINE-02-PINK-10,,,,EA,,,,,,,2,2,0,0,,11.50,11.50,23.00,23.00,0,0,0,FALSE,TRUE,FALSE,FALSE,,,,,,,,,,,
INV-SO2026-000152-000152,SO2026-000152,1,4,2026-02-20,2026-02-28,2026-02-21,2026-02-23,Veeqo-Amazon,Veeqo Amazon,,,USD,188.00,198.79,198.79,188.00,0.00,0,0.00,0,0.00,10.79,0.00,,,,,198.79,,0.00,,,,,,,,,,,,,,,,,,,,,10016,10579,10016-2026-000152,,,,,,,,Veeqo Amazon Shipping,,Veeqo Amazon Retail,202 Distribution Way,Dock 2,Irvine,CA,92603,Orange,USA,ship-veeqo-amazon@example.com,(949) 555-1106,,,,,,,,,,,,,,,,,,2026-02-20,,CAMILA-06-TAUPE-7.5,,,,EA,,,,,,,4,4,0,0,,8.00,8.00,32.00,32.00,0,0,0,FALSE,TRUE,FALSE,FALSE,,,,,,,,,,,
INV-SO2026-000152-000152,SO2026-000152,1,4,2026-02-20,2026-02-28,2026-02-21,2026-02-23,Veeqo-Amazon,Veeqo Amazon,,,USD,188.00,198.79,198.79,188.00,0.00,0,0.00,0,0.00,10.79,0.00,,,,,198.79,,0.00,,,,,,,,,,,,,,,,,,,,,10016,10579,10016-2026-000152,,,,,,,,Veeqo Amazon Shipping,,Veeqo Amazon Retail,202 Distribution Way,Dock 2,Irvine,CA,92603,Orange,USA,ship-veeqo-amazon@example.com,(949) 555-1106,,,,,,,,,,,,,,,,,,2026-02-20,,FB3601737-3219UNFORGV-30-STD,,,,EA,,,,,,,4,4,0,0,,39.00,39.00,156.00,156.00,0,0,0,FALSE,TRUE,FALSE,FALSE,,,,,,,,,,,
INV-SO2026-000153-000153,SO2026-000153,1,4,2026-01-18,2026-02-17,2026-01-18,2026-01-21,JCPenney,JCPenney,,,USD,428.00,428.58,428.58,428.00,0.00,0,0.00,0,0.00,0.58,0.00,,,,,428.58,,0.00,,,,,,,,,,,,,,,,,,,,,30007,10575,30007-2026-000153,,,,,,,,JCPenney Shipping,,JCPenney Stores,213 Gateway Rd,Dock 13,San Diego,CA,92106,San Diego,USA,ship-jcpenney@example.com,(619) 555-2206,,,,,,,,,,,,,,,,,,2026-01-18,,AUSTIN-06-NUDE-S,,,,EA,,,,,,,3,3,0,0,,120.00,120.00,360.00,360.00,0,0,0,FALSE,TRUE,FALSE,FALSE,,,,,,,,,,,
INV-SO2026-000153-000153,SO2026-000153,1,4,2026-01-18,2026-02-17,2026-01-18,2026-01-21,JCPenney,JCPenney,,,USD,428.00,428.58,428.58,428.00,0.00,0,0.00,0,0.00,0.58,0.00,,,,,428.58,,0.00,,,,,,,,,,,,,,,,,,,,,30007,10575,30007-2026-000153,,,,,,,,JCPenney Shipping,,JCPenney Stores,213 Gateway Rd,Dock 13,San Diego,CA,92106,San Diego,USA,ship-jcpenney@example.com,(619) 555-2206,,,,,,,,,,,,,,,,,,2026-01-18,,F13031C-1742VNTGBJ-24-STD,,,,EA,,,,,,,2,2,0,0,,34.00,34.00,68.00,68.00,0,0,0,FALSE,TRUE,FALSE,FALSE,,,,,,,,,,,
INV-SO2026-000154-000154,SO2026-000154,1,4,2026-02-20,2026-02-28,2026-02-21,2026-02-24,Veeqo-Amazon,Veeqo Amazon,,,USD,414.00,422.64,422.64,414.00,0.00,0,0.00,0,0.00,8.64,0.00,,,,,422.64,,0.00,,,,,,,,,,,,,,,,,,,,,10016,10579,10016-2026-000154,,,,,,,,Veeqo Amazon Shipping,,Veeqo Amazon Retail,202 Distribution Way,Dock 2,Irvine,CA,92603,Orange,USA,ship-veeqo-amazon@example.com,(949) 555-1106,,,,,,,,,,,,,,,,,,2026-02-20,,ADELINE-02-BLACK-B12,,,,EA,,,,,,,3,3,0,0,,138.00,138.00,414.00,414.00,0,0,0,FALSE,TRUE,FALSE,FALSE,,,,,,,,,,,
INV-SO2026-000155-000155,SO2026-000155,1,4,2026-01-14,2026-02-28,2026-01-16,2026-01-19,Etsy-VS,Etsy VS,,,USD,110.00,124.92,124.92,110.00,0.00,0,0.00,0,0.00,14.92,0.00,,,,,124.92,,0.00,,,,,,,,,,,,,,,,,,,,,10008,10572,10008-2026-000155,,,,,,,,Etsy VS Shipping,,Etsy VS Marketplace,206 Pacific Hwy,Dock 6,Los Angeles,CA,90004,Los Angeles,USA,ship-etsy-vs@example.com,(213) 555-1506,,,,,,,,,,,,,,,,,,2026-01-14,,CAMILA-06-TAUPE-6,,,,EA,,,,,,,1,1,0,0,,8.00,8.00,8.00,8.00,0,0,0,FALSE,TRUE,FALSE,FALSE,,,,,,,,,,,
INV-SO2026-000155-000155,SO2026-000155,1,4,2026-01-14,2026-02-28,2026-01-16,2026-01-19,Etsy-VS,Etsy VS,,,USD,110.00,124.92,124.92,110.00,0.00,0,0.00,0,0.00,14.92,0.00,,,,,124.92,,0.00,,,,,,,,,,,,,,,,,,,,,10008,10572,10008-2026-000155,,,,,,,,Etsy VS Shipping,,Etsy VS Marketplace,206 Pacific Hwy,Dock 6,Los Angeles,CA,90004,Los Angeles,USA,ship-etsy-vs@example.com,(213) 555-1506,,,,,,,,,,,,,,,,,,2026-01-14,,FA13512DM-1847DPOCN,,,,EA,,,,,,,3,3,0,0,,34.00,34.00,102.00,102.00,0,0,0,FALSE,TRUE,FALSE,FALSE,,,,,,,,,,,
INV-SO2026-000156-000156,SO2026-000156,1,4,2026-02-27,2026-02-28,2026-02-28,2026-02-28,Mirakl-Kohls,Mirakl Kohls,,,USD,172.50,189.99,189.99,172.50,0.00,0,0.00,0,0.00,17.49,0.00,,,,,189.99,,0.00,,,,,,,,,,,,,,,,,,,,,10013,10576,10013-2026-000156,,,,,,,,Mirakl Kohls Shipping,,Mirakl Kohls Network,214 Silver Creek Rd,Dock 14,San Jose,CA,95115,Santa Clara,USA,ship-mirakl-kohls@example.com,(408) 555-2306,,,,,,,,,,,,,,,,,,2026-02-27,,FA13501DM-RINSEWSFT-26-30,,,,EA,,,,,,,1,1,0,0,,34.00,34.00,34.00,34.00,0,0,0,FALSE,TRUE,FALSE,FALSE,,,,,,,,,,,
INV-SO2026-000156-000156,SO2026-000156,1,4,2026-02-27,2026-02-28,2026-02-28,2026-02-28,Mirakl-Kohls,Mirakl Kohls,,,USD,172.50,189.99,189.99,172.50,0.00,0,0.00,0,0.00,17.49,0.00,,,,,189.99,,0.00,,,,,,,,,,,,,,,,,,,,,10013,10576,10013-2026-000156,,,,,,,,Mirakl Kohls Shipping,,Mirakl Kohls Network,214 Silver Creek Rd,Dock 14,San Jose,CA,95115,Santa Clara,USA,ship-mirakl-kohls@example.com,(408) 555-2306,,,,,,,,,,,,,,,,,,2026-02-27,,ASTRID-01-GREY-6.5,,,,EA,,,,,,,4,4,0,0,,20.75,20.75,83.00,83.00,0,0,0,FALSE,TRUE,FALSE,FALSE,,,,,,,,,,,
INV-SO2026-000156-000156,SO2026-000156,1,4,2026-02-27,2026-02-28,2026-02-28,2026-02-28,Mirakl-Kohls,Mirakl Kohls,,,USD,172.50,189.99,189.99,172.50,0.00,0,0.00,0,0.00,17.49,0.00,,,,,189.99,,0.00,,,,,,,,,,,,,,,,,,,,,10013,10576,10013-2026-000156,,,,,,,,Mirakl Kohls Shipping,,Mirakl Kohls Network,214 Silver Creek Rd,Dock 14,San Jose,CA,95115,Santa Clara,USA,ship-mirakl-kohls@example.com,(408) 555-2306,,,,,,,,,,,,,,,,,,2026-02-27,,ADELINE-03-GOLD-7,,,,EA,,,,,,,3,3,0,0,,18.50,18.50,55.50,55.50,0,0,0,FALSE,TRUE,FALSE,FALSE,,,,,,,,,,,
INV-SO2026-000157-000157,SO2026-000157,1,4,2026-02-27,2026-02-28,2026-02-27,2026-02-28,AMZ-eCom,AMZ eCom,,,USD,342.00,342.00,342.00,342.00,0.00,0,0.00,0,0.00,0.00,0.00,,,,,342.00,,0.00,,,,,,,,,,,,,,,,,,,,,10001,10565,10001-2026-000157,,,,,,,,AMZ eCom Shipping,,AMZ eCom Retail,201 Harbor Ave,Dock 1,Los Angeles,CA,90002,Los Angeles,USA,ship-amz-ecom@example.com,(213) 555-1006,,,,,,,,,,,,,,,,,,2026-02-27,,ADELINE-02-CAMEL,,,,EA,,,,,,,2,2,0,0,,171.00,171.00,342.00,342.00,0,0,0,FALSE,TRUE,FALSE,FALSE,,,,,,,,,,,
INV-SO2026-000158-000158,SO2026-000158,1,4,2026-01-12,2026-02-26,2026-01-13,2026-01-13,Veeqo-Amazon,Veeqo Amazon,,,USD,384.00,395.10,395.10,384.00,0.00,0,0.00,0,0.00,11.10,0.00,,,,,395.10,,0.00,,,,,,,,,,,,,,,,,,,,,10016,10579,10016-2026-000158,,,,,,,,Veeqo Amazon Shipping,,Veeqo Amazon Retail,202 Distribution Way,Dock 2,Irvine,CA,92603,Orange,USA,ship-veeqo-amazon@example.com,(949) 555-1106,,,,,,,,,,,,,,,,,,2026-01-12,,AUSTIN-06-BLACK-A12,,,,EA,,,,,,,3,3,0,0,,120.00,120.00,360.00,360.00,0,0,0,FALSE,TRUE,FALSE,FALSE,,,,,,,,,,,
INV-SO2026-000158-000158,SO2026-000158,1,4,2026-01-12,2026-02-26,2026-01-13,2026-01-13,Veeqo-Amazon,Veeqo Amazon,,,USD,384.00,395.10,395.10,384.00,0.00,0,0.00,0,0.00,11.10,0.00,,,,,395.10,,0.00,,,,,,,,,,,,,,,,,,,,,10016,10579,10016-2026-000158,,,,,,,,Veeqo Amazon Shipping,,Veeqo Amazon Retail,202 Distribution Way,Dock 2,Irvine,CA,92603,Orange,USA,ship-veeqo-amazon@example.com,(949) 555-1106,,,,,,,,,,,,,,,,,,2026-01-12,,CAMILA-06-TAUPE-10,,,,EA,,,,,,,3,3,0,0,,8.00,8.00,24.00,24.00,0,0,0,FALSE,TRUE,FALSE,FALSE,,,,,,,,,,,
INV-SO2026-000159-000159,SO2026-000159,1,4,2026-01-03,2026-02-17,2026-01-05,2026-01-07,Veeqo-Amazon,Veeqo Amazon,,,USD,127.75,128.55,128.55,127.75,0.00,0,0.00,0,0.00,0.80,0.00,,,,,128.55,,0.00,,,,,,,,,,,,,,,,,,,,,10016,10579,10016-2026-000159,,,,,,,,Veeqo Amazon Shipping,,Veeqo Amazon Retail,202 Distribution Way,Dock 2,Irvine,CA,92603,Orange,USA,ship-veeqo-amazon@example.com,(949) 555-1106,,,,,,,,,,,,,,,,,,2026-01-03,,CORA-01-TAUP-7.5,,,,EA,,,,,,,1,1,0,0,,10.75,10.75,10.75,10.75,0,0,0,FALSE,TRUE,FALSE,FALSE,,,,,,,,,,,
INV-SO2026-000159-000159,SO2026-000159,1,4,2026-01-03,2026-02-17,2026-01-05,2026-01-07,Veeqo-Amazon,Veeqo Amazon,,,USD,127.75,128.55,128.55,127.75,0.00,0,0.00,0,0.00,0.80,0.00,,,,,128.55,,0.00,,,,,,,,,,,,,,,,,,,,,10016,10579,10016-2026-000159,,,,,,,,Veeqo Amazon Shipping,,Veeqo Amazon Retail,202 Distribution Way,Dock 2,Irvine,CA,92603,Orange,USA,ship-veeqo-amazon@example.com,(949) 555-1106,,,,,,,,,,,,,,,,,,2026-01-03,,FA16105WV-MIDNIGHTBLUE-S-STD,,,,EA,,,,,,,3,3,0,0,,39.00,39.00,117.00,117.00,0,0,0,FALSE,TRUE,FALSE,FALSE,,,,,,,,,,,
INV-SO2026-000160-000160,SO2026-000160,1,4,2026-02-25,2026-02-28,2026-02-27,2026-02-28,Etsy-LS,Etsy LS,,,USD,131.75,143.11,143.11,131.75,0.00,0,0.00,0,0.00,11.36,0.00,,,,,143.11,,0.00,,,,,,,,,,,,,,,,,,,,,10008,10571,10008-2026-000160,,,,,,,,Etsy LS Shipping,,Etsy LS Marketplace,205 Mission St,Dock 5,San Francisco,CA,94103,San Francisco,USA,ship-etsy-ls@example.com,(415) 555-1406,,,,,,,,,,,,,,,,,,2026-02-25,,FA13501DM-1608BLAU2-32-30,,,,EA,,,,,,,1,1,0,0,,34.00,34.00,34.00,34.00,0,0,0,FALSE,TRUE,FALSE,FALSE,,,,,,,,,,,
INV-SO2026-000160-000160,SO2026-000160,1,4,2026-02-25,2026-02-28,2026-02-27,2026-02-28,Etsy-LS,Etsy LS,,,USD,131.75,143.11,143.11,131.75,0.00,0,0.00,0,0.00,11.36,0.00,,,,,143.11,,0.00,,,,,,,,,,,,,,,,,,,,,10008,10571,10008-2026-000160,,,,,,,,Etsy LS Shipping,,Etsy LS Marketplace,205 Mission St,Dock 5,San Francisco,CA,94103,San Francisco,USA,ship-etsy-ls@example.com,(415) 555-1406,,,,,,,,,,,,,,,,,,2026-02-25,,AVIANA-06-BLACK-9.5,,,,EA,,,,,,,3,3,0,0,,16.25,16.25,48.75,48.75,0,0,0,FALSE,TRUE,FALSE,FALSE,,,,,,,,,,,
INV-SO2026-000160-000160,SO2026-000160,1,4,2026-02-25,2026-02-28,2026-02-27,2026-02-28,Etsy-LS,Etsy LS,,,USD,131.75,143.11,143.11,131.75,0.00,0,0.00,0,0.00,11.36,0.00,,,,,143.11,,0.00,,,,,,,,,,,,,,,,,,,,,10008,10571,10008-2026-000160,,,,,,,,Etsy LS Shipping,,Etsy LS Marketplace,205 Mission St,Dock 5,San Francisco,CA,94103,San Francisco,USA,ship-etsy-ls@example.com,(415) 555-1406,,,,,,,,,,,,,,,,,,2026-02-25,,FD9801506P-CHERRY-3X-STD,,,,EA,,,,,,,1,1,0,0,,49.00,49.00,49.00,49.00,0,0,0,FALSE,TRUE,FALSE,FALSE,,,,,,,,,,,
INV-SO2026-000161-000161,SO2026-000161,1,4,2026-02-11,2026-02-28,2026-02-11,2026-02-15,Etsy-LS,Etsy LS,,,USD,39.25,57.18,57.18,39.25,0.00,0,0.00,0,0.00,17.93,0.00,,,,,57.18,,0.00,,,,,,,,,,,,,,,,,,,,,10008,10571,10008-2026-000161,,,,,,,,Etsy LS Shipping,,Etsy LS Marketplace,205 Mission St,Dock 5,San Francisco,CA,94103,San Francisco,USA,ship-etsy-ls@example.com,(415) 555-1406,,,,,,,,,,,,,,,,,,2026-02-11,,ADELINE-02-PINK-7.5,,,,EA,,,,,,,2,2,0,0,,11.50,11.50,23.00,23.00,0,0,0,FALSE,TRUE,FALSE,FALSE,,,,,,,,,,,
INV-SO2026-000161-000161,SO2026-000161,1,4,2026-02-11,2026-02-28,2026-02-11,2026-02-15,Etsy-LS,Etsy LS,,,USD,39.25,57.18,57.18,39.25,0.00,0,0.00,0,0.00,17.93,0.00,,,,,57.18,,0.00,,,,,,,,,,,,,,,,,,,,,10008,10571,10008-2026-000161,,,,,,,,Etsy LS Shipping,,Etsy LS Marketplace,205 Mission St,Dock 5,San Francisco,CA,94103,San Francisco,USA,ship-etsy-ls@example.com,(415) 555-1406,,,,,,,,,,,,,,,,,,2026-02-11,,AVIANA-06-BEIGE-5,,,,EA,,,,,,,1,1,0,0,,16.25,16.25,16.25,16.25,0,0,0,FALSE,TRUE,FALSE,FALSE,,,,,,,,,,,
INV-SO2026-000162-000162,SO2026-000162,1,4,2026-01-17,2026-02-16,2026-01-17,2026-01-22,Magento,Magento,,,USD,448.75,449.74,449.74,448.75,0.00,0,0.00,0,0.00,0.99,0.00,,,,,449.74,,0.00,,,,,,,,,,,,,,,,,,,,,20003,10581,20003-2026-000162,,,,,,,,Magento Shipping,,Magento Platform,216 Century Blvd,Dock 16,Los Angeles,CA,90008,Los Angeles,USA,ship-magento@example.com,(213) 555-2506,,,,,,,,,,,,,,,,,,2026-01-17,,ASTRID-01-BLACK-9,,,,EA,,,,,,,1,1,0,0,,20.75,20.75,20.75,20.75,0,0,0,FALSE,TRUE,FALSE,FALSE,,,,,,,,,,,
INV-SO2026-000162-000162,SO2026-000162,1,4,2026-01-17,2026-02-16,2026-01-17,2026-01-22,Magento,Magento,,,USD,448.75,449.74,449.74,448.75,0.00,0,0.00,0,0.00,0.99,0.00,,,,,449.74,,0.00,,,,,,,,,,,,,,,,,,,,,20003,10581,20003-2026-000162,,,,,,,,Magento Shipping,,Magento Platform,216 Century Blvd,Dock 16,Los Angeles,CA,90008,Los Angeles,USA,ship-magento@example.com,(213) 555-2506,,,,,,,,,,,,,,,,,,2026-01-17,,FA13501DM-RINSEWSFT-29-32,,,,EA,,,,,,,2,2,0,0,,34.00,34.00,68.00,68.00,0,0,0,FALSE,TRUE,FALSE,FALSE,,,,,,,,,,,
INV-SO2026-000162-000162,SO2026-000162,1,4,2026-01-17,2026-02-16,2026-01-17,2026-01-22,Magento,Magento,,,USD,448.75,449.74,449.74,448.75,0.00,0,0.00,0,0.00,0.99,0.00,,,,,449.74,,0.00,,,,,,,,,,,,,,,,,,,,,20003,10581,20003-2026-000162,,,,,,,,Magento Shipping,,Magento Platform,216 Century Blvd,Dock 16,Los Angeles,CA,90008,Los Angeles,USA,ship-magento@example.com,(213) 555-2506,,,,,,,,,,,,,,,,,,2026-01-17,,AUSTIN-06-WHITE-S,,,,EA,,,,,,,3,3,0,0,,120.00,120.00,360.00,360.00,0,0,0,FALSE,TRUE,FALSE,FALSE,,,,,,,,,,,
INV-SO2026-000163-000163,SO2026-000163,1,4,2026-02-22,2026-02-28,2026-02-22,2026-02-27,Mirakl-HudsonsB,Mirakl HudsonsB,,,USD,62.25,74.90,74.90,62.25,0.00,0,0.00,0,0.00,12.65,0.00,,,,,74.90,,0.00,,,,,,,,,,,,,,,,,,,,,10005,10577,10005-2026-000163,,,,,,,,Mirakl HudsonsB Shipping,,Mirakl HudsonsB Network,212 Quail Hill Pkwy,Dock 12,Irvine,CA,92607,Orange,USA,ship-mirakl-hudsonsb@example.com,(949) 555-2106,,,,,,,,,,,,,,,,,,2026-02-22,,ASTRID-01-NUDE-12,,,,EA,,,,,,,3,3,0,0,,20.75,20.75,62.25,62.25,0,0,0,FALSE,TRUE,FALSE,FALSE,,,,,,,,,,,
INV-SO2026-000164-000164,SO2026-000164,1,4,2026-01-08,2026-02-22,2026-01-09,2026-01-10,Veeqo-Amazon,Veeqo Amazon,,,USD,83.00,98.89,98.89,83.00,0.00,0,0.00,0,0.00,15.89,0.00,,,,,98.89,,0.00,,,,,,,,,,,,,,,,,,,,,10016,10579,10016-2026-000164,,,,,,,,Veeqo Amazon Shipping,,Veeqo Amazon Retail,202 Distribution Way,Dock 2,Irvine,CA,92603,Orange,USA,ship-veeqo-amazon@example.com,(949) 555-1106,,,,,,,,,,,,,,,,,,2026-01-08,,ASTRID-01-GREY-5.5,,,,EA,,,,,,,4,4,0,0,,20.75,20.75,83.00,83.00,0,0,0,FALSE,TRUE,FALSE,FALSE,,,,,,,,,,,
INV-SO2026-000165-000165,SO2026-000165,1,4,2026-01-19,2026-02-28,2026-01-20,2026-01-19,Veeqo-Amazon,Veeqo Amazon,,,USD,48.75,50.93,50.93,48.75,0.00,0,0.00,0,0.00,2.18,0.00,,,,,50.93,,0.00,,,,,,,,,,,,,,,,,,,,,10016,10579,10016-2026-000165,,,,,,,,Veeqo Amazon Shipping,,Veeqo Amazon Retail,202 Distribution Way,Dock 2,Irvine,CA,92603,Orange,USA,ship-veeqo-amazon@example.com,(949) 555-1106,,,,,,,,,,,,,,,,,,2026-01-19,,AVIANA-06-PINK-11,,,,EA,,,,,,,3,3,0,0,,16.25,16.25,48.75,48.75,0,0,0,FALSE,TRUE,FALSE,FALSE,,,,,,,,,,,
INV-SO2026-000166-000166,SO2026-000166,1,4,2026-02-08,2026-02-28,2026-02-09,2026-02-11,JCPenney,JCPenney,,,USD,32.25,45.82,45.82,32.25,0.00,0,0.00,0,0.00,13.57,0.00,,,,,45.82,,0.00,,,,,,,,,,,,,,,,,,,,,30007,10575,30007-2026-000166,,,,,,,,JCPenney Shipping,,JCPenney Stores,213 Gateway Rd,Dock 13,San Diego,CA,92106,San Diego,USA,ship-jcpenney@example.com,(619) 555-2206,,,,,,,,,,,,,,,,,,2026-02-08,,CORA-01-TAUP-5,,,,EA,,,,,,,3,3,0,0,,10.75,10.75,32.25,32.25,0,0,0,FALSE,TRUE,FALSE,FALSE,,,,,,,,,,,
INV-SO2026-000167-000167,SO2026-000167,1,4,2026-01-15,2026-02-28,2026-01-17,2026-01-19,Walmart-eComm,Walmart eComm,,,USD,88.75,96.90,96.90,88.75,0.00,0,0.00,0,0.00,8.15,0.00,,,,,96.90,,0.00,,,,,,,,,,,,,,,,,,,,,10002,10566,10002-2026-000167,,,,,,,,Walmart eComm Shipping,,Walmart eComm Retail,220 Townsend St,Dock 20,San Francisco,CA,94109,San Francisco,USA,ship-walmart-ecomm@example.com,(415) 555-2906,,,,,,,,,,,,,,,,,,2026-01-15,,AVIANA-06-WHITE-5.5,,,,EA,,,,,,,3,3,0,0,,16.25,16.25,48.75,48.75,0,0,0,FALSE,TRUE,FALSE,FALSE,,,,,,,,,,,
INV-SO2026-000167-000167,SO2026-000167,1,4,2026-01-15,2026-02-28,2026-01-17,2026-01-19,Walmart-eComm,Walmart eComm,,,USD,88.75,96.90,96.90,88.75,0.00,0,0.00,0,0.00,8.15,0.00,,,,,96.90,,0.00,,,,,,,,,,,,,,,,,,,,,10002,10566,10002-2026-000167,,,,,,,,Walmart eComm Shipping,,Walmart eComm Retail,220 Townsend St,Dock 20,San Francisco,CA,94109,San Francisco,USA,ship-walmart-ecomm@example.com,(415) 555-2906,,,,,,,,,,,,,,,,,,2026-01-15,,AUSTIN-06-WHITE-10,,,,EA,,,,,,,4,4,0,0,,10.00,10.00,40.00,40.00,0,0,0,FALSE,TRUE,FALSE,FALSE,,,,,,,,,,,
INV-SO2026-000168-000168,SO2026-000168,1,4,2026-02-03,2026-02-28,2026-02-05,2026-02-05,Shopify,Shopify,,,USD,154.00,171.70,171.70,154.00,0.00,0,0.00,0,0.00,17.70,0.00,,,,,171.70,,0.00,,,,,,,,,,,,,,,,,,,,,20001,10580,20001-2026-000168,,,,,,,,Shopify Shipping,,Shopify Commerce,217 Barranca Pkwy,Dock 17,Irvine,CA,92609,Orange,USA,ship-shopify@example.com,(949) 555-2606,,,,,,,,,,,,,,,,,,2026-02-03,,ADELINE-03-GOLD-5.5,,,,EA,,,,,,,2,2,0,0,,18.50,18.50,37.00,37.00,0,0,0,FALSE,TRUE,FALSE,FALSE,,,,,,,,,,,
INV-SO2026-000168-000168,SO2026-000168,1,4,2026-02-03,2026-02-28,2026-02-05,2026-02-05,Shopify,Shopify,,,USD,154.00,171.70,171.70,154.00,0.00,0,0.00,0,0.00,17.70,0.00,,,,,171.70,,0.00,,,,,,,,,,,,,,,,,,,,,20001,10580,20001-2026-000168,,,,,,,,Shopify Shipping,,Shopify Commerce,217 Barranca Pkwy,Dock 17,Irvine,CA,92609,Orange,USA,ship-shopify@example.com,(949) 555-2606,,,,,,,,,,,,,,,,,,2026-02-03,,FA16023WV-SLATE-M-STD,,,,EA,,,,,,,3,3,0,0,,39.00,39.00,117.00,117.00,0,0,0,FALSE,TRUE,FALSE,FALSE,,,,,,,,,,,
INV-SO2026-000169-000169,SO2026-000169,1,4,2026-01-01,2026-02-28,2026-01-02,2026-01-03,Etsy-VS,Etsy VS,,,USD,91.00,92.06,92.06,91.00,0.00,0,0.00,0,0.00,1.06,0.00,,,,,92.06,,0.00,,,,,,,,,,,,,,,,,,,,,10008,10572,10008-2026-000169,,,,,,,,Etsy VS Shipping,,Etsy VS Marketplace,206 Pacific Hwy,Dock 6,Los Angeles,CA,90004,Los Angeles,USA,ship-etsy-vs@example.com,(213) 555-1506,,,,,,,,,,,,,,,,,,2026-01-01,,AVIANA-06-BLACK-12,,,,EA,,,,,,,2,2,0,0,,16.25,16.25,32.50,32.50,0,0,0,FALSE,TRUE,FALSE,FALSE,,,,,,,,,,,
INV-SO2026-000169-000169,SO2026-000169,1,4,2026-01-01,2026-02-28,2026-01-02,2026-01-03,Etsy-VS,Etsy VS,,,USD,91.00,92.06,92.06,91.00,0.00,0,0.00,0,0.00,1.06,0.00,,,,,92.06,,0.00,,,,,,,,,,,,,,,,,,,,,10008,10572,10008-2026-000169,,,,,,,,Etsy VS Shipping,,Etsy VS Marketplace,206 Pacific Hwy,Dock 6,Los Angeles,CA,90004,Los Angeles,USA,ship-etsy-vs@example.com,(213) 555-1506,,,,,,,,,,,,,,,,,,2026-01-01,,ADELINE-02-BLACK-9,,,,EA,,,,,,,3,3,0,0,,11.50,11.50,34.50,34.50,0,0,0,FALSE,TRUE,FALSE,FALSE,,,,,,,,,,,
INV-SO2026-000169-000169,SO2026-000169,1,4,2026-01-01,2026-02-28,2026-01-02,2026-01-03,Etsy-VS,Etsy VS,,,USD,91.00,92.06,92.06,91.00,0.00,0,0.00,0,0.00,1.06,0.00,,,,,92.06,,0.00,,,,,,,,,,,,,,,,,,,,,10008,10572,10008-2026-000169,,,,,,,,Etsy VS Shipping,,Etsy VS Marketplace,206 Pacific Hwy,Dock 6,Los Angeles,CA,90004,Los Angeles,USA,ship-etsy-vs@example.com,(213) 555-1506,,,,,,,,,,,,,,,,,,2026-01-01,,CAMILA-06-TAUPE-12,,,,EA,,,,,,,3,3,0,0,,8.00,8.00,24.00,24.00,0,0,0,FALSE,TRUE,FALSE,FALSE,,,,,,,,,,,
INV-SO2026-000170-000170,SO2026-000170,1,4,2026-02-04,2026-02-28,2026-02-05,2026-02-07,eBay,eBay,,,USD,196.25,200.67,200.67,196.25,0.00,0,0.00,0,0.00,4.42,0.00,,,,,200.67,,0.00,,,,,,,,,,,,,,,,,,,,,10004,10570,10004-2026-000170,,,,,,,,eBay Shipping,,eBay Commerce,204 Fulfillment Ave,Dock 4,San Jose,CA,95111,Santa Clara,USA,ship-ebay@example.com,(408) 555-1306,,,,,,,,,,,,,,,,,,2026-02-04,,CORA-01-CAME-11,,,,EA,,,,,,,3,3,0,0,,10.75,10.75,32.25,32.25,0,0,0,FALSE,TRUE,FALSE,FALSE,,,,,,,,,,,
INV-SO2026-000170-000170,SO2026-000170,1,4,2026-02-04,2026-02-28,2026-02-05,2026-02-07,eBay,eBay,,,USD,196.25,200.67,200.67,196.25,0.00,0,0.00,0,0.00,4.42,0.00,,,,,200.67,,0.00,,,,,,,,,,,,,,,,,,,,,10004,10570,10004-2026-000170,,,,,,,,eBay Shipping,,eBay Commerce,204 Fulfillment Ave,Dock 4,San Jose,CA,95111,Santa Clara,USA,ship-ebay@example.com,(408) 555-1306,,,,,,,,,,,,,,,,,,2026-02-04,,CAMILA-06-BLACK-8.5,,,,EA,,,,,,,1,1,0,0,,8.00,8.00,8.00,8.00,0,0,0,FALSE,TRUE,FALSE,FALSE,,,,,,,,,,,
INV-SO2026-000170-000170,SO2026-000170,1,4,2026-02-04,2026-02-28,2026-02-05,2026-02-07,eBay,eBay,,,USD,196.25,200.67,200.67,196.25,0.00,0,0.00,0,0.00,4.42,0.00,,,,,200.67,,0.00,,,,,,,,,,,,,,,,,,,,,10004,10570,10004-2026-000170,,,,,,,,eBay Shipping,,eBay Commerce,204 Fulfillment Ave,Dock 4,San Jose,CA,95111,Santa Clara,USA,ship-ebay@example.com,(408) 555-1306,,,,,,,,,,,,,,,,,,2026-02-04,,FA16023WV-SMOKEYROSE,,,,EA,,,,,,,4,4,0,0,,39.00,39.00,156.00,156.00,0,0,0,FALSE,TRUE,FALSE,FALSE,,,,,,,,,,,
INV-SO2026-000171-000171,SO2026-000171,1,4,2026-02-21,2026-02-28,2026-02-22,2026-02-21,Mirakl-Kohls,Mirakl Kohls,,,USD,295.00,307.23,307.23,295.00,0.00,0,0.00,0,0.00,12.23,0.00,,,,,307.23,,0.00,,,,,,,,,,,,,,,,,,,,,10013,10576,10013-2026-000171,,,,,,,,Mirakl Kohls Shipping,,Mirakl Kohls Network,214 Silver Creek Rd,Dock 14,San Jose,CA,95115,Santa Clara,USA,ship-mirakl-kohls@example.com,(408) 555-2306,,,,,,,,,,,,,,,,,,2026-02-21,,AUSTIN-06-BLUSH-B12,,,,EA,,,,,,,2,2,0,0,,120.00,120.00,240.00,240.00,0,0,0,FALSE,TRUE,FALSE,FALSE,,,,,,,,,,,
INV-SO2026-000171-000171,SO2026-000171,1,4,2026-02-21,2026-02-28,2026-02-22,2026-02-21,Mirakl-Kohls,Mirakl Kohls,,,USD,295.00,307.23,307.23,295.00,0.00,0,0.00,0,0.00,12.23,0.00,,,,,307.23,,0.00,,,,,,,,,,,,,,,,,,,,,10013,10576,10013-2026-000171,,,,,,,,Mirakl Kohls Shipping,,Mirakl Kohls Network,214 Silver Creek Rd,Dock 14,San Jose,CA,95115,Santa Clara,USA,ship-mirakl-kohls@example.com,(408) 555-2306,,,,,,,,,,,,,,,,,,2026-02-21,,CAMILA-06-TAUPE-9,,,,EA,,,,,,,4,4,0,0,,8.00,8.00,32.00,32.00,0,0,0,FALSE,TRUE,FALSE,FALSE,,,,,,,,,,,
INV-SO2026-000171-000171,SO2026-000171,1,4,2026-02-21,2026-02-28,2026-02-22,2026-02-21,Mirakl-Kohls,Mirakl Kohls,,,USD,295.00,307.23,307.23,295.00,0.00,0,0.00,0,0.00,12.23,0.00,,,,,307.23,,0.00,,,,,,,,,,,,,,,,,,,,,10013,10576,10013-2026-000171,,,,,,,,Mirakl Kohls Shipping,,Mirakl Kohls Network,214 Silver Creek Rd,Dock 14,San Jose,CA,95115,Santa Clara,USA,ship-mirakl-kohls@example.com,(408) 555-2306,,,,,,,,,,,,,,,,,,2026-02-21,,ADELINE-02-NUDE-10,,,,EA,,,,,,,2,2,0,0,,11.50,11.50,23.00,23.00,0,0,0,FALSE,TRUE,FALSE,FALSE,,,,,,,,,,,
INV-SO2026-000172-000172,SO2026-000172,1,4,2026-02-17,2026-02-28,2026-02-17,2026-02-19,Macys,Macys,,,USD,189.75,189.75,189.75,189.75,0.00,0,0.00,0,0.00,0.00,0.00,,,,,189.75,,0.00,,,,,,,,,,,,,,,,,,,,,30005,10574,30005-2026-000172,,,,,,,,Macys Shipping,,Macys Stores,215 King St,Dock 15,San Francisco,CA,94107,San Francisco,USA,ship-macys@example.com,(415) 555-2406,,,,,,,,,,,,,,,,,,2026-02-17,,CORA-01-LEOP-9.5,,,,EA,,,,,,,2,2,0,0,,10.75,10.75,21.50,21.50,0,0,0,FALSE,TRUE,FALSE,FALSE,,,,,,,,,,,
INV-SO2026-000172-000172,SO2026-000172,1,4,2026-02-17,2026-02-28,2026-02-17,2026-02-19,Macys,Macys,,,USD,189.75,189.75,189.75,189.75,0.00,0,0.00,0,0.00,0.00,0.00,,,,,189.75,,0.00,,,,,,,,,,,,,,,,,,,,,30005,10574,30005-2026-000172,,,,,,,,Macys Shipping,,Macys Stores,215 King St,Dock 15,San Francisco,CA,94107,San Francisco,USA,ship-macys@example.com,(415) 555-2406,,,,,,,,,,,,,,,,,,2026-02-17,,CORA-01-LEOP-8,,,,EA,,,,,,,3,3,0,0,,10.75,10.75,32.25,32.25,0,0,0,FALSE,TRUE,FALSE,FALSE,,,,,,,,,,,
INV-SO2026-000172-000172,SO2026-000172,1,4,2026-02-17,2026-02-28,2026-02-17,2026-02-19,Macys,Macys,,,USD,189.75,189.75,189.75,189.75,0.00,0,0.00,0,0.00,0.00,0.00,,,,,189.75,,0.00,,,,,,,,,,,,,,,,,,,,,30005,10574,30005-2026-000172,,,,,,,,Macys Shipping,,Macys Stores,215 King St,Dock 15,San Francisco,CA,94107,San Francisco,USA,ship-macys@example.com,(415) 555-2406,,,,,,,,,,,,,,,,,,2026-02-17,,F13031C-1742VNTGCO-27-STD,,,,EA,,,,,,,4,4,0,0,,34.00,34.00,136.00,136.00,0,0,0,FALSE,TRUE,FALSE,FALSE,,,,,,,,,,,
INV-SO2026-000173-000173,SO2026-000173,1,4,2026-02-05,2026-02-28,2026-02-05,2026-02-05,Mirakl-HudsonsB,Mirakl HudsonsB,,,USD,120.00,129.15,129.15,120.00,0.00,0,0.00,0,0.00,9.15,0.00,,,,,129.15,,0.00,,,,,,,,,,,,,,,,,,,,,10005,10577,10005-2026-000173,,,,,,,,Mirakl HudsonsB Shipping,,Mirakl HudsonsB Network,212 Quail Hill Pkwy,Dock 12,Irvine,CA,92607,Orange,USA,ship-mirakl-hudsonsb@example.com,(949) 555-2106,,,,,,,,,,,,,,,,,,2026-02-05,,AUSTIN-06-BLUSH-A12,,,,EA,,,,,,,1,1,0,0,,120.00,120.00,120.00,120.00,0,0,0,FALSE,TRUE,FALSE,FALSE,,,,,,,,,,,
INV-SO2026-000174-000174,SO2026-000174,1,4,2026-01-31,2026-02-28,2026-02-01,2026-02-05,JCPenney,JCPenney,,,USD,168.25,173.99,173.99,168.25,0.00,0,0.00,0,0.00,5.74,0.00,,,,,173.99,,0.00,,,,,,,,,,,,,,,,,,,,,30007,10575,30007-2026-000174,,,,,,,,JCPenney Shipping,,JCPenney Stores,213 Gateway Rd,Dock 13,San Diego,CA,92106,San Diego,USA,ship-jcpenney@example.com,(619) 555-2206,,,,,,,,,,,,,,,,,,2026-01-31,,CORA-01-CAME-10,,,,EA,,,,,,,3,3,0,0,,10.75,10.75,32.25,32.25,0,0,0,FALSE,TRUE,FALSE,FALSE,,,,,,,,,,,
INV-SO2026-000174-000174,SO2026-000174,1,4,2026-01-31,2026-02-28,2026-02-01,2026-02-05,JCPenney,JCPenney,,,USD,168.25,173.99,173.99,168.25,0.00,0,0.00,0,0.00,5.74,0.00,,,,,173.99,,0.00,,,,,,,,,,,,,,,,,,,,,30007,10575,30007-2026-000174,,,,,,,,JCPenney Shipping,,JCPenney Stores,213 Gateway Rd,Dock 13,San Diego,CA,92106,San Diego,USA,ship-jcpenney@example.com,(619) 555-2206,,,,,,,,,,,,,,,,,,2026-01-31,,FA13501DM-RINSEWSFT-28-32,,,,EA,,,,,,,4,4,0,0,,34.00,34.00,136.00,136.00,0,0,0,FALSE,TRUE,FALSE,FALSE,,,,,,,,,,,
INV-SO2026-000175-000175,SO2026-000175,1,4,2026-01-06,2026-02-28,2026-01-07,2026-01-07,Macys,Macys,,,USD,78.00,95.46,95.46,78.00,0.00,0,0.00,0,0.00,17.46,0.00,,,,,95.46,,0.00,,,,,,,,,,,,,,,,,,,,,30005,10574,30005-2026-000175,,,,,,,,Macys Shipping,,Macys Stores,215 King St,Dock 15,San Francisco,CA,94107,San Francisco,USA,ship-macys@example.com,(415) 555-2406,,,,,,,,,,,,,,,,,,2026-01-06,,FA16023WV-MIDNIGHTCAMO-S-STD,,,,EA,,,,,,,2,2,0,0,,39.00,39.00,78.00,78.00,0,0,0,FALSE,TRUE,FALSE,FALSE,,,,,,,,,,,
INV-SO2026-000176-000176,SO2026-000176,1,4,2026-02-09,2026-02-28,2026-02-10,2026-02-12,Veeqo-Amazon,Veeqo Amazon,,,USD,124.00,140.42,140.42,124.00,0.00,0,0.00,0,0.00,16.42,0.00,,,,,140.42,,0.00,,,,,,,,,,,,,,,,,,,,,10016,10579,10016-2026-000176,,,,,,,,Veeqo Amazon Shipping,,Veeqo Amazon Retail,202 Distribution Way,Dock 2,Irvine,CA,92603,Orange,USA,ship-veeqo-amazon@example.com,(949) 555-1106,,,,,,,,,,,,,,,,,,2026-02-09,,CAMILA-06-NUDE-5,,,,EA,,,,,,,4,4,0,0,,8.00,8.00,32.00,32.00,0,0,0,FALSE,TRUE,FALSE,FALSE,,,,,,,,,,,
INV-SO2026-000176-000176,SO2026-000176,1,4,2026-02-09,2026-02-28,2026-02-10,2026-02-12,Veeqo-Amazon,Veeqo Amazon,,,USD,124.00,140.42,140.42,124.00,0.00,0,0.00,0,0.00,16.42,0.00,,,,,140.42,,0.00,,,,,,,,,,,,,,,,,,,,,10016,10579,10016-2026-000176,,,,,,,,Veeqo Amazon Shipping,,Veeqo Amazon Retail,202 Distribution Way,Dock 2,Irvine,CA,92603,Orange,USA,ship-veeqo-amazon@example.com,(949) 555-1106,,,,,,,,,,,,,,,,,,2026-02-09,,CAMILA-06-NUDE-12,,,,EA,,,,,,,3,3,0,0,,8.00,8.00,24.00,24.00,0,0,0,FALSE,TRUE,FALSE,FALSE,,,,,,,,,,,
INV-SO2026-000176-000176,SO2026-000176,1,4,2026-02-09,2026-02-28,2026-02-10,2026-02-12,Veeqo-Amazon,Veeqo Amazon,,,USD,124.00,140.42,140.42,124.00,0.00,0,0.00,0,0.00,16.42,0.00,,,,,140.42,,0.00,,,,,,,,,,,,,,,,,,,,,10016,10579,10016-2026-000176,,,,,,,,Veeqo Amazon Shipping,,Veeqo Amazon Retail,202 Distribution Way,Dock 2,Irvine,CA,92603,Orange,USA,ship-veeqo-amazon@example.com,(949) 555-1106,,,,,,,,,,,,,,,,,,2026-02-09,,F13031C-1742VNTGCO-28-STD,,,,EA,,,,,,,2,2,0,0,,34.00,34.00,68.00,68.00,0,0,0,FALSE,TRUE,FALSE,FALSE,,,,,,,,,,,
INV-SO2026-000177-000177,SO2026-000177,1,4,2026-01-13,2026-02-12,2026-01-13,2026-01-14,eBay,eBay,,,USD,41.50,47.35,47.35,41.50,0.00,0,0.00,0,0.00,5.85,0.00,,,,,47.35,,0.00,,,,,,,,,,,,,,,,,,,,,10004,10570,10004-2026-000177,,,,,,,,eBay Shipping,,eBay Commerce,204 Fulfillment Ave,Dock 4,San Jose,CA,95111,Santa Clara,USA,ship-ebay@example.com,(408) 555-1306,,,,,,,,,,,,,,,,,,2026-01-13,,ASTRID-01-GREY-11,,,,EA,,,,,,,2,2,0,0,,20.75,20.75,41.50,41.50,0,0,0,FALSE,TRUE,FALSE,FALSE,,,,,,,,,,,
INV-SO2026-000178-000178,SO2026-000178,1,4,2026-01-03,2026-02-02,2026-01-03,2026-01-03,JCPenney,JCPenney,,,USD,344.50,345.46,345.46,344.50,0.00,0,0.00,0,0.00,0.96,0.00,,,,,345.46,,0.00,,,,,,,,,,,,,,,,,,,,,30007,10575,30007-2026-000178,,,,,,,,JCPenney Shipping,,JCPenney Stores,213 Gateway Rd,Dock 13,San Diego,CA,92106,San Diego,USA,ship-jcpenney@example.com,(619) 555-2206,,,,,,,,,,,,,,,,,,2026-01-03,,ADELINE-03-TAUPE-10,,,,EA,,,,,,,3,3,0,0,,18.50,18.50,55.50,55.50,0,0,0,FALSE,TRUE,FALSE,FALSE,,,,,,,,,,,
INV-SO2026-000178-000178,SO2026-000178,1,4,2026-01-03,2026-02-02,2026-01-03,2026-01-03,JCPenney,JCPenney,,,USD,344.50,345.46,345.46,344.50,0.00,0,0.00,0,0.00,0.96,0.00,,,,,345.46,,0.00,,,,,,,,,,,,,,,,,,,,,30007,10575,30007-2026-000178,,,,,,,,JCPenney Shipping,,JCPenney Stores,213 Gateway Rd,Dock 13,San Diego,CA,92106,San Diego,USA,ship-jcpenney@example.com,(619) 555-2206,,,,,,,,,,,,,,,,,,2026-01-03,,FD9801506P-CHERRY-1X-STD,,,,EA,,,,,,,1,1,0,0,,49.00,49.00,49.00,49.00,0,0,0,FALSE,TRUE,FALSE,FALSE,,,,,,,,,,,
INV-SO2026-000178-000178,SO2026-000178,1,4,2026-01-03,2026-02-02,2026-01-03,2026-01-03,JCPenney,JCPenney,,,USD,344.50,345.46,345.46,344.50,0.00,0,0.00,0,0.00,0.96,0.00,,,,,345.46,,0.00,,,,,,,,,,,,,,,,,,,,,30007,10575,30007-2026-000178,,,,,,,,JCPenney Shipping,,JCPenney Stores,213 Gateway Rd,Dock 13,San Diego,CA,92106,San Diego,USA,ship-jcpenney@example.com,(619) 555-2206,,,,,,,,,,,,,,,,,,2026-01-03,,AUSTIN-06-NUDE-A12,,,,EA,,,,,,,2,2,0,0,,120.00,120.00,240.00,240.00,0,0,0,FALSE,TRUE,FALSE,FALSE,,,,,,,,,,,
INV-SO2026-000179-000179,SO2026-000179,1,4,2026-02-26,2026-02-28,2026-02-27,2026-02-27,eBay,eBay,,,USD,48.00,61.29,61.29,48.00,0.00,0,0.00,0,0.00,13.29,0.00,,,,,61.29,,0.00,,,,,,,,,,,,,,,,,,,,,10004,10570,10004-2026-000179,,,,,,,,eBay Shipping,,eBay Commerce,204 Fulfillment Ave,Dock 4,San Jose,CA,95111,Santa Clara,USA,ship-ebay@example.com,(408) 555-1306,,,,,,,,,,,,,,,,,,2026-02-26,,173451-1183CITIZEN-11-34,,,,EA,,,,,,,2,2,0,0,,24.00,24.00,48.00,48.00,0,0,0,FALSE,TRUE,FALSE,FALSE,,,,,,,,,,,
INV-SO2026-000180-000180,SO2026-000180,1,4,2026-02-10,2026-02-28,2026-02-10,2026-02-10,Macys,Macys,,,USD,71.50,83.95,83.95,71.50,0.00,0,0.00,0,0.00,12.45,0.00,,,,,83.95,,0.00,,,,,,,,,,,,,,,,,,,,,30005,10574,30005-2026-000180,,,,,,,,Macys Shipping,,Macys Stores,215 King St,Dock 15,San Francisco,CA,94107,San Francisco,USA,ship-macys@example.com,(415) 555-2406,,,,,,,,,,,,,,,,,,2026-02-10,,AUSTIN-06-NUDE-5.5,,,,EA,,,,,,,3,3,0,0,,10.00,10.00,30.00,30.00,0,0,0,FALSE,TRUE,FALSE,FALSE,,,,,,,,,,,
INV-SO2026-000180-000180,SO2026-000180,1,4,2026-02-10,2026-02-28,2026-02-10,2026-02-10,Macys,Macys,,,USD,71.50,83.95,83.95,71.50,0.00,0,0.00,0,0.00,12.45,0.00,,,,,83.95,,0.00,,,,,,,,,,,,,,,,,,,,,30005,10574,30005-2026-000180,,,,,,,,Macys Shipping,,Macys Stores,215 King St,Dock 15,San Francisco,CA,94107,San Francisco,USA,ship-macys@example.com,(415) 555-2406,,,,,,,,,,,,,,,,,,2026-02-10,,ASTRID-01-GREY-8.5,,,,EA,,,,,,,2,2,0,0,,20.75,20.75,41.50,41.50,0,0,0,FALSE,TRUE,FALSE,FALSE,,,,,,,,,,,
INV-SO2026-000181-000181,SO2026-000181,1,4,2026-01-31,2026-02-28,2026-01-31,2026-02-04,Squarespace,Squarespace,,,USD,210.00,221.15,221.15,210.00,0.00,0,0.00,0,0.00,11.15,0.00,,,,,221.15,,0.00,,,,,,,,,,,,,,,,,,,,,20006,10582,20006-2026-000181,,,,,,,,Squarespace Shipping,,Squarespace Digital,218 Camino Del Rio,Dock 18,San Diego,CA,92108,San Diego,USA,ship-squarespace@example.com,(619) 555-2706,,,,,,,,,,,,,,,,,,2026-01-31,,ADELINE-03-BLUE-5,,,,EA,,,,,,,3,3,0,0,,18.50,18.50,55.50,55.50,0,0,0,FALSE,TRUE,FALSE,FALSE,,,,,,,,,,,
INV-SO2026-000181-000181,SO2026-000181,1,4,2026-01-31,2026-02-28,2026-01-31,2026-02-04,Squarespace,Squarespace,,,USD,210.00,221.15,221.15,210.00,0.00,0,0.00,0,0.00,11.15,0.00,,,,,221.15,,0.00,,,,,,,,,,,,,,,,,,,,,20006,10582,20006-2026-000181,,,,,,,,Squarespace Shipping,,Squarespace Digital,218 Camino Del Rio,Dock 18,San Diego,CA,92108,San Diego,USA,ship-squarespace@example.com,(619) 555-2706,,,,,,,,,,,,,,,,,,2026-01-31,,ADELINE-02-BLACK-10,,,,EA,,,,,,,3,3,0,0,,11.50,11.50,34.50,34.50,0,0,0,FALSE,TRUE,FALSE,FALSE,,,,,,,,,,,
INV-SO2026-000181-000181,SO2026-000181,1,4,2026-01-31,2026-02-28,2026-01-31,2026-02-04,Squarespace,Squarespace,,,USD,210.00,221.15,221.15,210.00,0.00,0,0.00,0,0.00,11.15,0.00,,,,,221.15,,0.00,,,,,,,,,,,,,,,,,,,,,20006,10582,20006-2026-000181,,,,,,,,Squarespace Shipping,,Squarespace Digital,218 Camino Del Rio,Dock 18,San Diego,CA,92108,San Diego,USA,ship-squarespace@example.com,(619) 555-2706,,,,,,,,,,,,,,,,,,2026-01-31,,AUSTIN-06-CAMEL-S,,,,EA,,,,,,,1,1,0,0,,120.00,120.00,120.00,120.00,0,0,0,FALSE,TRUE,FALSE,FALSE,,,,,,,,,,,
INV-SO2026-000182-000182,SO2026-000182,1,4,2026-01-19,2026-02-28,2026-01-20,2026-01-23,Shopify,Shopify,,,USD,192.00,201.48,201.48,192.00,0.00,0,0.00,0,0.00,9.48,0.00,,,,,201.48,,0.00,,,,,,,,,,,,,,,,,,,,,20001,10580,20001-2026-000182,,,,,,,,Shopify Shipping,,Shopify Commerce,217 Barranca Pkwy,Dock 17,Irvine,CA,92609,Orange,USA,ship-shopify@example.com,(949) 555-2606,,,,,,,,,,,,,,,,,,2026-01-19,,CAMILA-06-NUDE-6,,,,EA,,,,,,,3,3,0,0,,8.00,8.00,24.00,24.00,0,0,0,FALSE,TRUE,FALSE,FALSE,,,,,,,,,,,
INV-SO2026-000182-000182,SO2026-000182,1,4,2026-01-19,2026-02-28,2026-01-20,2026-01-23,Shopify,Shopify,,,USD,192.00,201.48,201.48,192.00,0.00,0,0.00,0,0.00,9.48,0.00,,,,,201.48,,0.00,,,,,,,,,,,,,,,,,,,,,20001,10580,20001-2026-000182,,,,,,,,Shopify Shipping,,Shopify Commerce,217 Barranca Pkwy,Dock 17,Irvine,CA,92609,Orange,USA,ship-shopify@example.com,(949) 555-2606,,,,,,,,,,,,,,,,,,2026-01-19,,CAMILA-06-NUDE-11,,,,EA,,,,,,,4,4,0,0,,8.00,8.00,32.00,32.00,0,0,0,FALSE,TRUE,FALSE,FALSE,,,,,,,,,,,
INV-SO2026-000182-000182,SO2026-000182,1,4,2026-01-19,2026-02-28,2026-01-20,2026-01-23,Shopify,Shopify,,,USD,192.00,201.48,201.48,192.00,0.00,0,0.00,0,0.00,9.48,0.00,,,,,201.48,,0.00,,,,,,,,,,,,,,,,,,,,,20001,10580,20001-2026-000182,,,,,,,,Shopify Shipping,,Shopify Commerce,217 Barranca Pkwy,Dock 17,Irvine,CA,92609,Orange,USA,ship-shopify@example.com,(949) 555-2606,,,,,,,,,,,,,,,,,,2026-01-19,,F13031C-1742VNTGBJ,,,,EA,,,,,,,4,4,0,0,,34.00,34.00,136.00,136.00,0,0,0,FALSE,TRUE,FALSE,FALSE,,,,,,,,,,,
INV-SO2026-000183-000183,SO2026-000183,1,4,2026-02-17,2026-02-28,2026-02-17,2026-02-20,Mirakl-HudsonsB,Mirakl HudsonsB,,,USD,136.00,148.41,148.41,136.00,0.00,0,0.00,0,0.00,12.41,0.00,,,,,148.41,,0.00,,,,,,,,,,,,,,,,,,,,,10005,10577,10005-2026-000183,,,,,,,,Mirakl HudsonsB Shipping,,Mirakl HudsonsB Network,212 Quail Hill Pkwy,Dock 12,Irvine,CA,92607,Orange,USA,ship-mirakl-hudsonsb@example.com,(949) 555-2106,,,,,,,,,,,,,,,,,,2026-02-17,,F13031C-1742VNTGDM-30-STD,,,,EA,,,,,,,4,4,0,0,,34.00,34.00,136.00,136.00,0,0,0,FALSE,TRUE,FALSE,FALSE,,,,,,,,,,,
INV-SO2026-000184-000184,SO2026-000184,1,4,2026-02-02,2026-02-28,2026-02-03,2026-02-02,Mirakl-HudsonsB,Mirakl HudsonsB,,,USD,387.00,393.78,393.78,387.00,0.00,0,0.00,0,0.00,6.78,0.00,,,,,393.78,,0.00,,,,,,,,,,,,,,,,,,,,,10005,10577,10005-2026-000184,,,,,,,,Mirakl HudsonsB Shipping,,Mirakl HudsonsB Network,212 Quail Hill Pkwy,Dock 12,Irvine,CA,92607,Orange,USA,ship-mirakl-hudsonsb@example.com,(949) 555-2106,,,,,,,,,,,,,,,,,,2026-02-02,,CORA-01-TAUP-B12,,,,EA,,,,,,,3,3,0,0,,129.00,129.00,387.00,387.00,0,0,0,FALSE,TRUE,FALSE,FALSE,,,,,,,,,,,
INV-SO2026-000185-000185,SO2026-000185,1,4,2026-01-27,2026-02-28,2026-01-29,2026-01-28,Etsy-VS,Etsy VS,,,USD,185.75,192.14,192.14,185.75,0.00,0,0.00,0,0.00,6.39,0.00,,,,,192.14,,0.00,,,,,,,,,,,,,,,,,,,,,10008,10572,10008-2026-000185,,,,,,,,Etsy VS Shipping,,Etsy VS Marketplace,206 Pacific Hwy,Dock 6,Los Angeles,CA,90004,Los Angeles,USA,ship-etsy-vs@example.com,(213) 555-1506,,,,,,,,,,,,,,,,,,2026-01-27,,CORA-01-LEOP-9,,,,EA,,,,,,,2,2,0,0,,10.75,10.75,21.50,21.50,0,0,0,FALSE,TRUE,FALSE,FALSE,,,,,,,,,,,
INV-SO2026-000185-000185,SO2026-000185,1,4,2026-01-27,2026-02-28,2026-01-29,2026-01-28,Etsy-VS,Etsy VS,,,USD,185.75,192.14,192.14,185.75,0.00,0,0.00,0,0.00,6.39,0.00,,,,,192.14,,0.00,,,,,,,,,,,,,,,,,,,,,10008,10572,10008-2026-000185,,,,,,,,Etsy VS Shipping,,Etsy VS Marketplace,206 Pacific Hwy,Dock 6,Los Angeles,CA,90004,Los Angeles,USA,ship-etsy-vs@example.com,(213) 555-1506,,,,,,,,,,,,,,,,,,2026-01-27,,F13031C-1742VNTGST-32-STD,,,,EA,,,,,,,3,3,0,0,,34.00,34.00,102.00,102.00,0,0,0,FALSE,TRUE,FALSE,FALSE,,,,,,,,,,,
INV-SO2026-000185-000185,SO2026-000185,1,4,2026-01-27,2026-02-28,2026-01-29,2026-01-28,Etsy-VS,Etsy VS,,,USD,185.75,192.14,192.14,185.75,0.00,0,0.00,0,0.00,6.39,0.00,,,,,192.14,,0.00,,,,,,,,,,,,,,,,,,,,,10008,10572,10008-2026-000185,,,,,,,,Etsy VS Shipping,,Etsy VS Marketplace,206 Pacific Hwy,Dock 6,Los Angeles,CA,90004,Los Angeles,USA,ship-etsy-vs@example.com,(213) 555-1506,,,,,,,,,,,,,,,,,,2026-01-27,,ASTRID-01-BLACK-12,,,,EA,,,,,,,3,3,0,0,,20.75,20.75,62.25,62.25,0,0,0,FALSE,TRUE,FALSE,FALSE,,,,,,,,,,,
INV-SO2026-000186-000186,SO2026-000186,1,4,2026-01-29,2026-02-28,2026-01-31,2026-01-29,Mirakl-Kohls,Mirakl Kohls,,,USD,43.00,57.55,57.55,43.00,0.00,0,0.00,0,0.00,14.55,0.00,,,,,57.55,,0.00,,,,,,,,,,,,,,,,,,,,,10013,10576,10013-2026-000186,,,,,,,,Mirakl Kohls Shipping,,Mirakl Kohls Network,214 Silver Creek Rd,Dock 14,San Jose,CA,95115,Santa Clara,USA,ship-mirakl-kohls@example.com,(408) 555-2306,,,,,,,,,,,,,,,,,,2026-01-29,,CORA-01-FUCH-8,,,,EA,,,,,,,4,4,0,0,,10.75,10.75,43.00,43.00,0,0,0,FALSE,TRUE,FALSE,FALSE,,,,,,,,,,,
INV-SO2026-000187-000187,SO2026-000187,1,4,2026-02-20,2026-02-28,2026-02-22,2026-02-24,Magento,Magento,,,USD,184.00,197.96,197.96,184.00,0.00,0,0.00,0,0.00,13.96,0.00,,,,,197.96,,0.00,,,,,,,,,,,,,,,,,,,,,20003,10581,20003-2026-000187,,,,,,,,Magento Shipping,,Magento Platform,216 Century Blvd,Dock 16,Los Angeles,CA,90008,Los Angeles,USA,ship-magento@example.com,(213) 555-2506,,,,,,,,,,,,,,,,,,2026-02-20,,F13T007SS-CABERNET,,,,EA,,,,,,,4,4,0,0,,29.00,29.00,116.00,116.00,0,0,0,FALSE,TRUE,FALSE,FALSE,,,,,,,,,,,
INV-SO2026-000187-000187,SO2026-000187,1,4,2026-02-20,2026-02-28,2026-02-22,2026-02-24,Magento,Magento,,,USD,184.00,197.96,197.96,184.00,0.00,0,0.00,0,0.00,13.96,0.00,,,,,197.96,,0.00,,,,,,,,,,,,,,,,,,,,,20003,10581,20003-2026-000187,,,,,,,,Magento Shipping,,Magento Platform,216 Century Blvd,Dock 16,Los Angeles,CA,90008,Los Angeles,USA,ship-magento@example.com,(213) 555-2506,,,,,,,,,,,,,,,,,,2026-02-20,,AUSTIN-06-CAMEL-8,,,,EA,,,,,,,2,2,0,0,,10.00,10.00,20.00,20.00,0,0,0,FALSE,TRUE,FALSE,FALSE,,,,,,,,,,,
INV-SO2026-000187-000187,SO2026-000187,1,4,2026-02-20,2026-02-28,2026-02-22,2026-02-24,Magento,Magento,,,USD,184.00,197.96,197.96,184.00,0.00,0,0.00,0,0.00,13.96,0.00,,,,,197.96,,0.00,,,,,,,,,,,,,,,,,,,,,20003,10581,20003-2026-000187,,,,,,,,Magento Shipping,,Magento Platform,216 Century Blvd,Dock 16,Los Angeles,CA,90008,Los Angeles,USA,ship-magento@example.com,(213) 555-2506,,,,,,,,,,,,,,,,,,2026-02-20,,173451-1183CITIZEN-19-STD,,,,EA,,,,,,,2,2,0,0,,24.00,24.00,48.00,48.00,0,0,0,FALSE,TRUE,FALSE,FALSE,,,,,,,,,,,
INV-SO2026-000188-000188,SO2026-000188,1,4,2026-01-16,2026-02-28,2026-01-17,2026-01-16,Macys,Macys,,,USD,170.00,170.00,170.00,170.00,0.00,0,0.00,0,0.00,0.00,0.00,,,,,170.00,,0.00,,,,,,,,,,,,,,,,,,,,,30005,10574,30005-2026-000188,,,,,,,,Macys Shipping,,Macys Stores,215 King St,Dock 15,San Francisco,CA,94107,San Francisco,USA,ship-macys@example.com,(415) 555-2406,,,,,,,,,,,,,,,,,,2026-01-16,,F13031C-1742VNTGDM-25-STD,,,,EA,,,,,,,3,3,0,0,,34.00,34.00,102.00,102.00,0,0,0,FALSE,TRUE,FALSE,FALSE,,,,,,,,,,,
INV-SO2026-000188-000188,SO2026-000188,1,4,2026-01-16,2026-02-28,2026-01-17,2026-01-16,Macys,Macys,,,USD,170.00,170.00,170.00,170.00,0.00,0,0.00,0,0.00,0.00,0.00,,,,,170.00,,0.00,,,,,,,,,,,,,,,,,,,,,30005,10574,30005-2026-000188,,,,,,,,Macys Shipping,,Macys Stores,215 King St,Dock 15,San Francisco,CA,94107,San Francisco,USA,ship-macys@example.com,(415) 555-2406,,,,,,,,,,,,,,,,,,2026-01-16,,F13031C-1742VNTGCO-30-STD,,,,EA,,,,,,,1,1,0,0,,34.00,34.00,34.00,34.00,0,0,0,FALSE,TRUE,FALSE,FALSE,,,,,,,,,,,
INV-SO2026-000188-000188,SO2026-000188,1,4,2026-01-16,2026-02-28,2026-01-17,2026-01-16,Macys,Macys,,,USD,170.00,170.00,170.00,170.00,0.00,0,0.00,0,0.00,0.00,0.00,,,,,170.00,,0.00,,,,,,,,,,,,,,,,,,,,,30005,10574,30005-2026-000188,,,,,,,,Macys Shipping,,Macys Stores,215 King St,Dock 15,San Francisco,CA,94107,San Francisco,USA,ship-macys@example.com,(415) 555-2406,,,,,,,,,,,,,,,,,,2026-01-16,,FA13512DM-1847DPOCN-30-30,,,,EA,,,,,,,1,1,0,0,,34.00,34.00,34.00,34.00,0,0,0,FALSE,TRUE,FALSE,FALSE,,,,,,,,,,,
INV-SO2026-000189-000189,SO2026-000189,1,4,2026-02-07,2026-02-28,2026-02-09,2026-02-07,Macys,Macys,,,USD,48.75,59.92,59.92,48.75,0.00,0,0.00,0,0.00,11.17,0.00,,,,,59.92,,0.00,,,,,,,,,,,,,,,,,,,,,30005,10574,30005-2026-000189,,,,,,,,Macys Shipping,,Macys Stores,215 King St,Dock 15,San Francisco,CA,94107,San Francisco,USA,ship-macys@example.com,(415) 555-2406,,,,,,,,,,,,,,,,,,2026-02-07,,AVIANA-06-BEIGE-7,,,,EA,,,,,,,3,3,0,0,,16.25,16.25,48.75,48.75,0,0,0,FALSE,TRUE,FALSE,FALSE,,,,,,,,,,,
INV-SO2026-000190-000190,SO2026-000190,1,4,2026-02-20,2026-02-28,2026-02-20,2026-02-25,JCPenney,JCPenney,,,USD,91.50,91.50,91.50,91.50,0.00,0,0.00,0,0.00,0.00,0.00,,,,,91.50,,0.00,,,,,,,,,,,,,,,,,,,,,30007,10575,30007-2026-000190,,,,,,,,JCPenney Shipping,,JCPenney Stores,213 Gateway Rd,Dock 13,San Diego,CA,92106,San Diego,USA,ship-jcpenney@example.com,(619) 555-2206,,,,,,,,,,,,,,,,,,2026-02-20,,ADELINE-02-NUDE-12,,,,EA,,,,,,,2,2,0,0,,11.50,11.50,23.00,23.00,0,0,0,FALSE,TRUE,FALSE,FALSE,,,,,,,,,,,
INV-SO2026-000190-000190,SO2026-000190,1,4,2026-02-20,2026-02-28,2026-02-20,2026-02-25,JCPenney,JCPenney,,,USD,91.50,91.50,91.50,91.50,0.00,0,0.00,0,0.00,0.00,0.00,,,,,91.50,,0.00,,,,,,,,,,,,,,,,,,,,,30007,10575,30007-2026-000190,,,,,,,,JCPenney Shipping,,JCPenney Stores,213 Gateway Rd,Dock 13,San Diego,CA,92106,San Diego,USA,ship-jcpenney@example.com,(619) 555-2206,,,,,,,,,,,,,,,,,,2026-02-20,,ADELINE-02-CAMEL-6.5,,,,EA,,,,,,,3,3,0,0,,11.50,11.50,34.50,34.50,0,0,0,FALSE,TRUE,FALSE,FALSE,,,,,,,,,,,
INV-SO2026-000190-000190,SO2026-000190,1,4,2026-02-20,2026-02-28,2026-02-20,2026-02-25,JCPenney,JCPenney,,,USD,91.50,91.50,91.50,91.50,0.00,0,0.00,0,0.00,0.00,0.00,,,,,91.50,,0.00,,,,,,,,,,,,,,,,,,,,,30007,10575,30007-2026-000190,,,,,,,,JCPenney Shipping,,JCPenney Stores,213 Gateway Rd,Dock 13,San Diego,CA,92106,San Diego,USA,ship-jcpenney@example.com,(619) 555-2206,,,,,,,,,,,,,,,,,,2026-02-20,,FA13501DM-1608BLAU2-30-32,,,,EA,,,,,,,1,1,0,0,,34.00,34.00,34.00,34.00,0,0,0,FALSE,TRUE,FALSE,FALSE,,,,,,,,,,,
INV-SO2026-000191-000191,SO2026-000191,1,4,2026-02-10,2026-02-28,2026-02-12,2026-02-12,AMZ-eCom,AMZ eCom,,,USD,107.00,123.57,123.57,107.00,0.00,0,0.00,0,0.00,16.57,0.00,,,,,123.57,,0.00,,,,,,,,,,,,,,,,,,,,,10001,10565,10001-2026-000191,,,,,,,,AMZ eCom Shipping,,AMZ eCom Retail,201 Harbor Ave,Dock 1,Los Angeles,CA,90002,Los Angeles,USA,ship-amz-ecom@example.com,(213) 555-1006,,,,,,,,,,,,,,,,,,2026-02-10,,F13031C-1742VNTGST-24-STD,,,,EA,,,,,,,2,2,0,0,,34.00,34.00,68.00,68.00,0,0,0,FALSE,TRUE,FALSE,FALSE,,,,,,,,,,,
INV-SO2026-000191-000191,SO2026-000191,1,4,2026-02-10,2026-02-28,2026-02-12,2026-02-12,AMZ-eCom,AMZ eCom,,,USD,107.00,123.57,123.57,107.00,0.00,0,0.00,0,0.00,16.57,0.00,,,,,123.57,,0.00,,,,,,,,,,,,,,,,,,,,,10001,10565,10001-2026-000191,,,,,,,,AMZ eCom Shipping,,AMZ eCom Retail,201 Harbor Ave,Dock 1,Los Angeles,CA,90002,Los Angeles,USA,ship-amz-ecom@example.com,(213) 555-1006,,,,,,,,,,,,,,,,,,2026-02-10,,FA16023WV-MIDNIGHTCAMO-XL-STD,,,,EA,,,,,,,1,1,0,0,,39.00,39.00,39.00,39.00,0,0,0,FALSE,TRUE,FALSE,FALSE,,,,,,,,,,,
INV-SO2026-000192-000192,SO2026-000192,1,4,2026-02-07,2026-02-28,2026-02-08,2026-02-07,Shopify,Shopify,,,USD,37.00,51.72,51.72,37.00,0.00,0,0.00,0,0.00,14.72,0.00,,,,,51.72,,0.00,,,,,,,,,,,,,,,,,,,,,20001,10580,20001-2026-000192,,,,,,,,Shopify Shipping,,Shopify Commerce,217 Barranca Pkwy,Dock 17,Irvine,CA,92609,Orange,USA,ship-shopify@example.com,(949) 555-2606,,,,,,,,,,,,,,,,,,2026-02-07,,ADELINE-03-GOLD-11,,,,EA,,,,,,,2,2,0,0,,18.50,18.50,37.00,37.00,0,0,0,FALSE,TRUE,FALSE,FALSE,,,,,,,,,,,
INV-SO2026-000193-000193,SO2026-000193,1,4,2026-01-31,2026-02-28,2026-02-02,2026-02-03,Mirakl-Kohls,Mirakl Kohls,,,USD,210.00,216.30,216.30,210.00,0.00,0,0.00,0,0.00,6.30,0.00,,,,,216.30,,0.00,,,,,,,,,,,,,,,,,,,,,10013,10576,10013-2026-000193,,,,,,,,Mirakl Kohls Shipping,,Mirakl Kohls Network,214 Silver Creek Rd,Dock 14,San Jose,CA,95115,Santa Clara,USA,ship-mirakl-kohls@example.com,(408) 555-2306,,,,,,,,,,,,,,,,,,2026-01-31,,F13031C-1742VNTGST-25-STD,,,,EA,,,,,,,3,3,0,0,,34.00,34.00,102.00,102.00,0,0,0,FALSE,TRUE,FALSE,FALSE,,,,,,,,,,,
INV-SO2026-000193-000193,SO2026-000193,1,4,2026-01-31,2026-02-28,2026-02-02,2026-02-03,Mirakl-Kohls,Mirakl Kohls,,,USD,210.00,216.30,216.30,210.00,0.00,0,0.00,0,0.00,6.30,0.00,,,,,216.30,,0.00,,,,,,,,,,,,,,,,,,,,,10013,10576,10013-2026-000193,,,,,,,,Mirakl Kohls Shipping,,Mirakl Kohls Network,214 Silver Creek Rd,Dock 14,San Jose,CA,95115,Santa Clara,USA,ship-mirakl-kohls@example.com,(408) 555-2306,,,,,,,,,,,,,,,,,,2026-01-31,,AUSTIN-06-WHITE-5,,,,EA,,,,,,,1,1,0,0,,10.00,10.00,10.00,10.00,0,0,0,FALSE,TRUE,FALSE,FALSE,,,,,,,,,,,
INV-SO2026-000193-000193,SO2026-000193,1,4,2026-01-31,2026-02-28,2026-02-02,2026-02-03,Mirakl-Kohls,Mirakl Kohls,,,USD,210.00,216.30,216.30,210.00,0.00,0,0.00,0,0.00,6.30,0.00,,,,,216.30,,0.00,,,,,,,,,,,,,,,,,,,,,10013,10576,10013-2026-000193,,,,,,,,Mirakl Kohls Shipping,,Mirakl Kohls Network,214 Silver Creek Rd,Dock 14,San Jose,CA,95115,Santa Clara,USA,ship-mirakl-kohls@example.com,(408) 555-2306,,,,,,,,,,,,,,,,,,2026-01-31,,FD9801506P-BLACK,,,,EA,,,,,,,2,2,0,0,,49.00,49.00,98.00,98.00,0,0,0,FALSE,TRUE,FALSE,FALSE,,,,,,,,,,,
INV-SO2026-000194-000194,SO2026-000194,1,4,2026-02-11,2026-02-28,2026-02-12,2026-02-13,Shopify,Shopify,,,USD,55.50,61.18,61.18,55.50,0.00,0,0.00,0,0.00,5.68,0.00,,,,,61.18,,0.00,,,,,,,,,,,,,,,,,,,,,20001,10580,20001-2026-000194,,,,,,,,Shopify Shipping,,Shopify Commerce,217 Barranca Pkwy,Dock 17,Irvine,CA,92609,Orange,USA,ship-shopify@example.com,(949) 555-2606,,,,,,,,,,,,,,,,,,2026-02-11,,ADELINE-03-GOLD-9.5,,,,EA,,,,,,,3,3,0,0,,18.50,18.50,55.50,55.50,0,0,0,FALSE,TRUE,FALSE,FALSE,,,,,,,,,,,
INV-SO2026-000195-000195,SO2026-000195,1,4,2026-02-10,2026-02-28,2026-02-10,2026-02-11,JCPenney,JCPenney,,,USD,37.00,45.03,45.03,37.00,0.00,0,0.00,0,0.00,8.03,0.00,,,,,45.03,,0.00,,,,,,,,,,,,,,,,,,,,,30007,10575,30007-2026-000195,,,,,,,,JCPenney Shipping,,JCPenney Stores,213 Gateway Rd,Dock 13,San Diego,CA,92106,San Diego,USA,ship-jcpenney@example.com,(619) 555-2206,,,,,,,,,,,,,,,,,,2026-02-10,,ADELINE-03-BLACK-12,,,,EA,,,,,,,1,1,0,0,,18.50,18.50,18.50,18.50,0,0,0,FALSE,TRUE,FALSE,FALSE,,,,,,,,,,,
INV-SO2026-000195-000195,SO2026-000195,1,4,2026-02-10,2026-02-28,2026-02-10,2026-02-11,JCPenney,JCPenney,,,USD,37.00,45.03,45.03,37.00,0.00,0,0.00,0,0.00,8.03,0.00,,,,,45.03,,0.00,,,,,,,,,,,,,,,,,,,,,30007,10575,30007-2026-000195,,,,,,,,JCPenney Shipping,,JCPenney Stores,213 Gateway Rd,Dock 13,San Diego,CA,92106,San Diego,USA,ship-jcpenney@example.com,(619) 555-2206,,,,,,,,,,,,,,,,,,2026-02-10,,ADELINE-03-BROWN-11,,,,EA,,,,,,,1,1,0,0,,18.50,18.50,18.50,18.50,0,0,0,FALSE,TRUE,FALSE,FALSE,,,,,,,,,,,
INV-SO2026-000196-000196,SO2026-000196,1,4,2026-01-15,2026-02-14,2026-01-15,2026-01-20,JCPenney,JCPenney,,,USD,147.50,152.42,152.42,147.50,0.00,0,0.00,0,0.00,4.92,0.00,,,,,152.42,,0.00,,,,,,,,,,,,,,,,,,,,,30007,10575,30007-2026-000196,,,,,,,,JCPenney Shipping,,JCPenney Stores,213 Gateway Rd,Dock 13,San Diego,CA,92106,San Diego,USA,ship-jcpenney@example.com,(619) 555-2206,,,,,,,,,,,,,,,,,,2026-01-15,,CAMILA-06-GREEN-7.5,,,,EA,,,,,,,4,4,0,0,,8.00,8.00,32.00,32.00,0,0,0,FALSE,TRUE,FALSE,FALSE,,,,,,,,,,,
INV-SO2026-000196-000196,SO2026-000196,1,4,2026-01-15,2026-02-14,2026-01-15,2026-01-20,JCPenney,JCPenney,,,USD,147.50,152.42,152.42,147.50,0.00,0,0.00,0,0.00,4.92,0.00,,,,,152.42,,0.00,,,,,,,,,,,,,,,,,,,,,30007,10575,30007-2026-000196,,,,,,,,JCPenney Shipping,,JCPenney Stores,213 Gateway Rd,Dock 13,San Diego,CA,92106,San Diego,USA,ship-jcpenney@example.com,(619) 555-2206,,,,,,,,,,,,,,,,,,2026-01-15,,ASTRID-01-GREY-6,,,,EA,,,,,,,4,4,0,0,,20.75,20.75,83.00,83.00,0,0,0,FALSE,TRUE,FALSE,FALSE,,,,,,,,,,,
INV-SO2026-000196-000196,SO2026-000196,1,4,2026-01-15,2026-02-14,2026-01-15,2026-01-20,JCPenney,JCPenney,,,USD,147.50,152.42,152.42,147.50,0.00,0,0.00,0,0.00,4.92,0.00,,,,,152.42,,0.00,,,,,,,,,,,,,,,,,,,,,30007,10575,30007-2026-000196,,,,,,,,JCPenney Shipping,,JCPenney Stores,213 Gateway Rd,Dock 13,San Diego,CA,92106,San Diego,USA,ship-jcpenney@example.com,(619) 555-2206,,,,,,,,,,,,,,,,,,2026-01-15,,AVIANA-06-BLACK-5.5,,,,EA,,,,,,,2,2,0,0,,16.25,16.25,32.50,32.50,0,0,0,FALSE,TRUE,FALSE,FALSE,,,,,,,,,,,
INV-SO2026-000197-000197,SO2026-000197,1,4,2026-01-30,2026-02-28,2026-01-30,2026-02-01,Etsy-LS,Etsy LS,,,USD,55.50,55.50,55.50,55.50,0.00,0,0.00,0,0.00,0.00,0.00,,,,,55.50,,0.00,,,,,,,,,,,,,,,,,,,,,10008,10571,10008-2026-000197,,,,,,,,Etsy LS Shipping,,Etsy LS Marketplace,205 Mission St,Dock 5,San Francisco,CA,94103,San Francisco,USA,ship-etsy-ls@example.com,(415) 555-1406,,,,,,,,,,,,,,,,,,2026-01-30,,ADELINE-03-TAUPE-8,,,,EA,,,,,,,3,3,0,0,,18.50,18.50,55.50,55.50,0,0,0,FALSE,TRUE,FALSE,FALSE,,,,,,,,,,,
INV-SO2026-000198-000198,SO2026-000198,1,4,2026-01-10,2026-02-24,2026-01-11,2026-01-14,Etsy-LS,Etsy LS,,,USD,86.00,89.33,89.33,86.00,0.00,0,0.00,0,0.00,3.33,0.00,,,,,89.33,,0.00,,,,,,,,,,,,,,,,,,,,,10008,10571,10008-2026-000198,,,,,,,,Etsy LS Shipping,,Etsy LS Marketplace,205 Mission St,Dock 5,San Francisco,CA,94103,San Francisco,USA,ship-etsy-ls@example.com,(415) 555-1406,,,,,,,,,,,,,,,,,,2026-01-10,,CAMILA-06-NUDE-5.5,,,,EA,,,,,,,2,2,0,0,,8.00,8.00,16.00,16.00,0,0,0,FALSE,TRUE,FALSE,FALSE,,,,,,,,,,,
INV-SO2026-000198-000198,SO2026-000198,1,4,2026-01-10,2026-02-24,2026-01-11,2026-01-14,Etsy-LS,Etsy LS,,,USD,86.00,89.33,89.33,86.00,0.00,0,0.00,0,0.00,3.33,0.00,,,,,89.33,,0.00,,,,,,,,,,,,,,,,,,,,,10008,10571,10008-2026-000198,,,,,,,,Etsy LS Shipping,,Etsy LS Marketplace,205 Mission St,Dock 5,San Francisco,CA,94103,San Francisco,USA,ship-etsy-ls@example.com,(415) 555-1406,,,,,,,,,,,,,,,,,,2026-01-10,,AUSTIN-06-BLACK-5,,,,EA,,,,,,,3,3,0,0,,10.00,10.00,30.00,30.00,0,0,0,FALSE,TRUE,FALSE,FALSE,,,,,,,,,,,
INV-SO2026-000198-000198,SO2026-000198,1,4,2026-01-10,2026-02-24,2026-01-11,2026-01-14,Etsy-LS,Etsy LS,,,USD,86.00,89.33,89.33,86.00,0.00,0,0.00,0,0.00,3.33,0.00,,,,,89.33,,0.00,,,,,,,,,,,,,,,,,,,,,10008,10571,10008-2026-000198,,,,,,,,Etsy LS Shipping,,Etsy LS Marketplace,205 Mission St,Dock 5,San Francisco,CA,94103,San Francisco,USA,ship-etsy-ls@example.com,(415) 555-1406,,,,,,,,,,,,,,,,,,2026-01-10,,AUSTIN-06-BLACK-9,,,,EA,,,,,,,4,4,0,0,,10.00,10.00,40.00,40.00,0,0,0,FALSE,TRUE,FALSE,FALSE,,,,,,,,,,,
INV-SO2026-000199-000199,SO2026-000199,1,4,2026-01-10,2026-02-24,2026-01-11,2026-01-11,Mirakl-Kohls,Mirakl Kohls,,,USD,72.00,89.15,89.15,72.00,0.00,0,0.00,0,0.00,17.15,0.00,,,,,89.15,,0.00,,,,,,,,,,,,,,,,,,,,,10013,10576,10013-2026-000199,,,,,,,,Mirakl Kohls Shipping,,Mirakl Kohls Network,214 Silver Creek Rd,Dock 14,San Jose,CA,95115,Santa Clara,USA,ship-mirakl-kohls@example.com,(408) 555-2306,,,,,,,,,,,,,,,,,,2026-01-10,,CAMILA-06-LILAC-11,,,,EA,,,,,,,4,4,0,0,,8.00,8.00,32.00,32.00,0,0,0,FALSE,TRUE,FALSE,FALSE,,,,,,,,,,,
INV-SO2026-000199-000199,SO2026-000199,1,4,2026-01-10,2026-02-24,2026-01-11,2026-01-11,Mirakl-Kohls,Mirakl Kohls,,,USD,72.00,89.15,89.15,72.00,0.00,0,0.00,0,0.00,17.15,0.00,,,,,89.15,,0.00,,,,,,,,,,,,,,,,,,,,,10013,10576,10013-2026-000199,,,,,,,,Mirakl Kohls Shipping,,Mirakl Kohls Network,214 Silver Creek Rd,Dock 14,San Jose,CA,95115,Santa Clara,USA,ship-mirakl-kohls@example.com,(408) 555-2306,,,,,,,,,,,,,,,,,,2026-01-10,,AUSTIN-06-BLACK-9.5,,,,EA,,,,,,,4,4,0,0,,10.00,10.00,40.00,40.00,0,0,0,FALSE,TRUE,FALSE,FALSE,,,,,,,,,,,
INV-SO2026-000200-000200,SO2026-000200,1,4,2026-02-11,2026-02-28,2026-02-12,2026-02-15,Squarespace,Squarespace,,,USD,242.75,254.69,254.69,242.75,0.00,0,0.00,0,0.00,11.94,0.00,,,,,254.69,,0.00,,,,,,,,,,,,,,,,,,,,,20006,10582,20006-2026-000200,,,,,,,,Squarespace Shipping,,Squarespace Digital,218 Camino Del Rio,Dock 18,San Diego,CA,92108,San Diego,USA,ship-squarespace@example.com,(619) 555-2706,,,,,,,,,,,,,,,,,,2026-02-11,,ADELINE-03-GOLD-A12,,,,EA,,,,,,,1,1,0,0,,222.00,222.00,222.00,222.00,0,0,0,FALSE,TRUE,FALSE,FALSE,,,,,,,,,,,
INV-SO2026-000200-000200,SO2026-000200,1,4,2026-02-11,2026-02-28,2026-02-12,2026-02-15,Squarespace,Squarespace,,,USD,242.75,254.69,254.69,242.75,0.00,0,0.00,0,0.00,11.94,0.00,,,,,254.69,,0.00,,,,,,,,,,,,,,,,,,,,,20006,10582,20006-2026-000200,,,,,,,,Squarespace Shipping,,Squarespace Digital,218 Camino Del Rio,Dock 18,San Diego,CA,92108,San Diego,USA,ship-squarespace@example.com,(619) 555-2706,,,,,,,,,,,,,,,,,,2026-02-11,,ASTRID-01-NUDE-6,,,,EA,,,,,,,1,1,0,0,,20.75,20.75,20.75,20.75,0,0,0,FALSE,TRUE,FALSE,FALSE,,,,,,,,,,,
INV-SO2026-000201-000201,SO2026-000201,1,4,2026-01-07,2026-02-06,2026-01-09,2026-01-10,AMZ-eCom,AMZ eCom,,,USD,354.00,364.23,364.23,354.00,0.00,0,0.00,0,0.00,10.23,0.00,,,,,364.23,,0.00,,,,,,,,,,,,,,,,,,,,,10001,10565,10001-2026-000201,,,,,,,,AMZ eCom Shipping,,AMZ eCom Retail,201 Harbor Ave,Dock 1,Los Angeles,CA,90002,Los Angeles,USA,ship-amz-ecom@example.com,(213) 555-1006,,,,,,,,,,,,,,,,,,2026-01-07,,ADELINE-03-GOLD,,,,EA,,,,,,,2,2,0,0,,177.00,177.00,354.00,354.00,0,0,0,FALSE,TRUE,FALSE,FALSE,,,,,,,,,,,
INV-SO2026-000202-000202,SO2026-000202,1,4,2026-01-14,2026-02-28,2026-01-16,2026-01-17,Walmart-eComm,Walmart eComm,,,USD,78.25,85.03,85.03,78.25,0.00,0,0.00,0,0.00,6.78,0.00,,,,,85.03,,0.00,,,,,,,,,,,,,,,,,,,,,10002,10566,10002-2026-000202,,,,,,,,Walmart eComm Shipping,,Walmart eComm Retail,220 Townsend St,Dock 20,San Francisco,CA,94109,San Francisco,USA,ship-walmart-ecomm@example.com,(415) 555-2906,,,,,,,,,,,,,,,,,,2026-01-14,,ADELINE-02-NUDE-5,,,,EA,,,,,,,4,4,0,0,,11.50,11.50,46.00,46.00,0,0,0,FALSE,TRUE,FALSE,FALSE,,,,,,,,,,,
INV-SO2026-000202-000202,SO2026-000202,1,4,2026-01-14,2026-02-28,2026-01-16,2026-01-17,Walmart-eComm,Walmart eComm,,,USD,78.25,85.03,85.03,78.25,0.00,0,0.00,0,0.00,6.78,0.00,,,,,85.03,,0.00,,,,,,,,,,,,,,,,,,,,,10002,10566,10002-2026-000202,,,,,,,,Walmart eComm Shipping,,Walmart eComm Retail,220 Townsend St,Dock 20,San Francisco,CA,94109,San Francisco,USA,ship-walmart-ecomm@example.com,(415) 555-2906,,,,,,,,,,,,,,,,,,2026-01-14,,CORA-01-TAUP-10,,,,EA,,,,,,,3,3,0,0,,10.75,10.75,32.25,32.25,0,0,0,FALSE,TRUE,FALSE,FALSE,,,,,,,,,,,
INV-SO2026-000203-000203,SO2026-000203,1,4,2026-01-04,2026-02-28,2026-01-05,2026-01-08,Squarespace,Squarespace,,,USD,233.50,235.73,235.73,233.50,0.00,0,0.00,0,0.00,2.23,0.00,,,,,235.73,,0.00,,,,,,,,,,,,,,,,,,,,,20006,10582,20006-2026-000203,,,,,,,,Squarespace Shipping,,Squarespace Digital,218 Camino Del Rio,Dock 18,San Diego,CA,92108,San Diego,USA,ship-squarespace@example.com,(619) 555-2706,,,,,,,,,,,,,,,,,,2026-01-04,,ADELINE-03-TAUPE-S,,,,EA,,,,,,,1,1,0,0,,222.00,222.00,222.00,222.00,0,0,0,FALSE,TRUE,FALSE,FALSE,,,,,,,,,,,
INV-SO2026-000203-000203,SO2026-000203,1,4,2026-01-04,2026-02-28,2026-01-05,2026-01-08,Squarespace,Squarespace,,,USD,233.50,235.73,235.73,233.50,0.00,0,0.00,0,0.00,2.23,0.00,,,,,235.73,,0.00,,,,,,,,,,,,,,,,,,,,,20006,10582,20006-2026-000203,,,,,,,,Squarespace Shipping,,Squarespace Digital,218 Camino Del Rio,Dock 18,San Diego,CA,92108,San Diego,USA,ship-squarespace@example.com,(619) 555-2706,,,,,,,,,,,,,,,,,,2026-01-04,,ADELINE-02-CAMEL-7,,,,EA,,,,,,,1,1,0,0,,11.50,11.50,11.50,11.50,0,0,0,FALSE,TRUE,FALSE,FALSE,,,,,,,,,,,
INV-SO2026-000204-000204,SO2026-000204,1,4,2026-01-18,2026-02-17,2026-01-18,2026-01-19,AMZ-eCom,AMZ eCom,,,USD,85.50,96.85,96.85,85.50,0.00,0,0.00,0,0.00,11.35,0.00,,,,,96.85,,0.00,,,,,,,,,,,,,,,,,,,,,10001,10565,10001-2026-000204,,,,,,,,AMZ eCom Shipping,,AMZ eCom Retail,201 Harbor Ave,Dock 1,Los Angeles,CA,90002,Los Angeles,USA,ship-amz-ecom@example.com,(213) 555-1006,,,,,,,,,,,,,,,,,,2026-01-18,,ADELINE-02-CAMEL-6,,,,EA,,,,,,,1,1,0,0,,11.50,11.50,11.50,11.50,0,0,0,FALSE,TRUE,FALSE,FALSE,,,,,,,,,,,
INV-SO2026-000204-000204,SO2026-000204,1,4,2026-01-18,2026-02-17,2026-01-18,2026-01-19,AMZ-eCom,AMZ eCom,,,USD,85.50,96.85,96.85,85.50,0.00,0,0.00,0,0.00,11.35,0.00,,,,,96.85,,0.00,,,,,,,,,,,,,,,,,,,,,10001,10565,10001-2026-000204,,,,,,,,AMZ eCom Shipping,,AMZ eCom Retail,201 Harbor Ave,Dock 1,Los Angeles,CA,90002,Los Angeles,USA,ship-amz-ecom@example.com,(213) 555-1006,,,,,,,,,,,,,,,,,,2026-01-18,,ADELINE-03-BLUE-9,,,,EA,,,,,,,4,4,0,0,,18.50,18.50,74.00,74.00,0,0,0,FALSE,TRUE,FALSE,FALSE,,,,,,,,,,,
INV-SO2026-000205-000205,SO2026-000205,1,4,2026-01-31,2026-02-28,2026-02-01,2026-02-01,JCPenney,JCPenney,,,USD,266.00,277.79,277.79,266.00,0.00,0,0.00,0,0.00,11.79,0.00,,,,,277.79,,0.00,,,,,,,,,,,,,,,,,,,,,30007,10575,30007-2026-000205,,,,,,,,JCPenney Shipping,,JCPenney Stores,213 Gateway Rd,Dock 13,San Diego,CA,92106,San Diego,USA,ship-jcpenney@example.com,(619) 555-2206,,,,,,,,,,,,,,,,,,2026-01-31,,FA13512DM-1847DPOCN-29-32,,,,EA,,,,,,,2,2,0,0,,34.00,34.00,68.00,68.00,0,0,0,FALSE,TRUE,FALSE,FALSE,,,,,,,,,,,
INV-SO2026-000205-000205,SO2026-000205,1,4,2026-01-31,2026-02-28,2026-02-01,2026-02-01,JCPenney,JCPenney,,,USD,266.00,277.79,277.79,266.00,0.00,0,0.00,0,0.00,11.79,0.00,,,,,277.79,,0.00,,,,,,,,,,,,,,,,,,,,,30007,10575,30007-2026-000205,,,,,,,,JCPenney Shipping,,JCPenney Stores,213 Gateway Rd,Dock 13,San Diego,CA,92106,San Diego,USA,ship-jcpenney@example.com,(619) 555-2206,,,,,,,,,,,,,,,,,,2026-01-31,,173451-1183CITIZEN-9-STD,,,,EA,,,,,,,4,4,0,0,,24.00,24.00,96.00,96.00,0,0,0,FALSE,TRUE,FALSE,FALSE,,,,,,,,,,,
INV-SO2026-000205-000205,SO2026-000205,1,4,2026-01-31,2026-02-28,2026-02-01,2026-02-01,JCPenney,JCPenney,,,USD,266.00,277.79,277.79,266.00,0.00,0,0.00,0,0.00,11.79,0.00,,,,,277.79,,0.00,,,,,,,,,,,,,,,,,,,,,30007,10575,30007-2026-000205,,,,,,,,JCPenney Shipping,,JCPenney Stores,213 Gateway Rd,Dock 13,San Diego,CA,92106,San Diego,USA,ship-jcpenney@example.com,(619) 555-2206,,,,,,,,,,,,,,,,,,2026-01-31,,FA13501DM-1464KINGSC-29-30,,,,EA,,,,,,,3,3,0,0,,34.00,34.00,102.00,102.00,0,0,0,FALSE,TRUE,FALSE,FALSE,,,,,,,,,,,
INV-SO2026-000206-000206,SO2026-000206,1,4,2026-02-11,2026-02-28,2026-02-12,2026-02-16,eBay,eBay,,,USD,96.25,101.34,101.34,96.25,0.00,0,0.00,0,0.00,5.09,0.00,,,,,101.34,,0.00,,,,,,,,,,,,,,,,,,,,,10004,10570,10004-2026-000206,,,,,,,,eBay Shipping,,eBay Commerce,204 Fulfillment Ave,Dock 4,San Jose,CA,95111,Santa Clara,USA,ship-ebay@example.com,(408) 555-1306,,,,,,,,,,,,,,,,,,2026-02-11,,ASTRID-01-BLUSH-8.5,,,,EA,,,,,,,3,3,0,0,,20.75,20.75,62.25,62.25,0,0,0,FALSE,TRUE,FALSE,FALSE,,,,,,,,,,,
INV-SO2026-000206-000206,SO2026-000206,1,4,2026-02-11,2026-02-28,2026-02-12,2026-02-16,eBay,eBay,,,USD,96.25,101.34,101.34,96.25,0.00,0,0.00,0,0.00,5.09,0.00,,,,,101.34,,0.00,,,,,,,,,,,,,,,,,,,,,10004,10570,10004-2026-000206,,,,,,,,eBay Shipping,,eBay Commerce,204 Fulfillment Ave,Dock 4,San Jose,CA,95111,Santa Clara,USA,ship-ebay@example.com,(408) 555-1306,,,,,,,,,,,,,,,,,,2026-02-11,,FA13501DM-RINSEWSFT-32-30,,,,EA,,,,,,,1,1,0,0,,34.00,34.00,34.00,34.00,0,0,0,FALSE,TRUE,FALSE,FALSE,,,,,,,,,,,
INV-SO2026-000207-000207,SO2026-000207,1,4,2026-02-22,2026-02-28,2026-02-24,2026-02-27,AMZ-eCom,AMZ eCom,,,USD,212.00,222.18,222.18,212.00,0.00,0,0.00,0,0.00,10.18,0.00,,,,,222.18,,0.00,,,,,,,,,,,,,,,,,,,,,10001,10565,10001-2026-000207,,,,,,,,AMZ eCom Shipping,,AMZ eCom Retail,201 Harbor Ave,Dock 1,Los Angeles,CA,90002,Los Angeles,USA,ship-amz-ecom@example.com,(213) 555-1006,,,,,,,,,,,,,,,,,,2026-02-22,,FD9801506P-BLACK-1X-STD,,,,EA,,,,,,,1,1,0,0,,49.00,49.00,49.00,49.00,0,0,0,FALSE,TRUE,FALSE,FALSE,,,,,,,,,,,
INV-SO2026-000207-000207,SO2026-000207,1,4,2026-02-22,2026-02-28,2026-02-24,2026-02-27,AMZ-eCom,AMZ eCom,,,USD,212.00,222.18,222.18,212.00,0.00,0,0.00,0,0.00,10.18,0.00,,,,,222.18,,0.00,,,,,,,,,,,,,,,,,,,,,10001,10565,10001-2026-000207,,,,,,,,AMZ eCom Shipping,,AMZ eCom Retail,201 Harbor Ave,Dock 1,Los Angeles,CA,90002,Los Angeles,USA,ship-amz-ecom@example.com,(213) 555-1006,,,,,,,,,,,,,,,,,,2026-02-22,,CAMILA-06-BLACK-12,,,,EA,,,,,,,2,2,0,0,,8.00,8.00,16.00,16.00,0,0,0,FALSE,TRUE,FALSE,FALSE,,,,,,,,,,,
INV-SO2026-000207-000207,SO2026-000207,1,4,2026-02-22,2026-02-28,2026-02-24,2026-02-27,AMZ-eCom,AMZ eCom,,,USD,212.00,222.18,222.18,212.00,0.00,0,0.00,0,0.00,10.18,0.00,,,,,222.18,,0.00,,,,,,,,,,,,,,,,,,,,,10001,10565,10001-2026-000207,,,,,,,,AMZ eCom Shipping,,AMZ eCom Retail,201 Harbor Ave,Dock 1,Los Angeles,CA,90002,Los Angeles,USA,ship-amz-ecom@example.com,(213) 555-1006,,,,,,,,,,,,,,,,,,2026-02-22,,FD3601033-3022FROZENPD,,,,EA,,,,,,,3,3,0,0,,49.00,49.00,147.00,147.00,0,0,0,FALSE,TRUE,FALSE,FALSE,,,,,,,,,,,
INV-SO2026-000208-000208,SO2026-000208,1,4,2026-02-07,2026-02-28,2026-02-07,2026-02-11,eBay,eBay,,,USD,319.00,326.37,326.37,319.00,0.00,0,0.00,0,0.00,7.37,0.00,,,,,326.37,,0.00,,,,,,,,,,,,,,,,,,,,,10004,10570,10004-2026-000208,,,,,,,,eBay Shipping,,eBay Commerce,204 Fulfillment Ave,Dock 4,San Jose,CA,95111,Santa Clara,USA,ship-ebay@example.com,(408) 555-1306,,,,,,,,,,,,,,,,,,2026-02-07,,CORA-01-CAME-6,,,,EA,,,,,,,4,4,0,0,,10.75,10.75,43.00,43.00,0,0,0,FALSE,TRUE,FALSE,FALSE,,,,,,,,,,,
INV-SO2026-000208-000208,SO2026-000208,1,4,2026-02-07,2026-02-28,2026-02-07,2026-02-11,eBay,eBay,,,USD,319.00,326.37,326.37,319.00,0.00,0,0.00,0,0.00,7.37,0.00,,,,,326.37,,0.00,,,,,,,,,,,,,,,,,,,,,10004,10570,10004-2026-000208,,,,,,,,eBay Shipping,,eBay Commerce,204 Fulfillment Ave,Dock 4,San Jose,CA,95111,Santa Clara,USA,ship-ebay@example.com,(408) 555-1306,,,,,,,,,,,,,,,,,,2026-02-07,,CORA-01-FUCH-S,,,,EA,,,,,,,1,1,0,0,,129.00,129.00,129.00,129.00,0,0,0,FALSE,TRUE,FALSE,FALSE,,,,,,,,,,,
INV-SO2026-000208-000208,SO2026-000208,1,4,2026-02-07,2026-02-28,2026-02-07,2026-02-11,eBay,eBay,,,USD,319.00,326.37,326.37,319.00,0.00,0,0.00,0,0.00,7.37,0.00,,,,,326.37,,0.00,,,,,,,,,,,,,,,,,,,,,10004,10570,10004-2026-000208,,,,,,,,eBay Shipping,,eBay Commerce,204 Fulfillment Ave,Dock 4,San Jose,CA,95111,Santa Clara,USA,ship-ebay@example.com,(408) 555-1306,,,,,,,,,,,,,,,,,,2026-02-07,,FD9801506P-GINGER,,,,EA,,,,,,,3,3,0,0,,49.00,49.00,147.00,147.00,0,0,0,FALSE,TRUE,FALSE,FALSE,,,,,,,,,,,
INV-SO2026-000209-000209,SO2026-000209,1,4,2026-01-14,2026-02-28,2026-01-15,2026-01-19,Mirakl-Kohls,Mirakl Kohls,,,USD,40.00,48.40,48.40,40.00,0.00,0,0.00,0,0.00,8.40,0.00,,,,,48.40,,0.00,,,,,,,,,,,,,,,,,,,,,10013,10576,10013-2026-000209,,,,,,,,Mirakl Kohls Shipping,,Mirakl Kohls Network,214 Silver Creek Rd,Dock 14,San Jose,CA,95115,Santa Clara,USA,ship-mirakl-kohls@example.com,(408) 555-2306,,,,,,,,,,,,,,,,,,2026-01-14,,AUSTIN-06-BLUSH-12,,,,EA,,,,,,,4,4,0,0,,10.00,10.00,40.00,40.00,0,0,0,FALSE,TRUE,FALSE,FALSE,,,,,,,,,,,
INV-SO2026-000210-000210,SO2026-000210,1,4,2026-02-08,2026-02-28,2026-02-10,2026-02-12,Macys,Macys,,,USD,342.00,351.93,351.93,342.00,0.00,0,0.00,0,0.00,9.93,0.00,,,,,351.93,,0.00,,,,,,,,,,,,,,,,,,,,,30005,10574,30005-2026-000210,,,,,,,,Macys Shipping,,Macys Stores,215 King St,Dock 15,San Francisco,CA,94107,San Francisco,USA,ship-macys@example.com,(415) 555-2406,,,,,,,,,,,,,,,,,,2026-02-08,,ADELINE-03-TAUPE-B12,,,,EA,,,,,,,1,1,0,0,,222.00,222.00,222.00,222.00,0,0,0,FALSE,TRUE,FALSE,FALSE,,,,,,,,,,,
INV-SO2026-000210-000210,SO2026-000210,1,4,2026-02-08,2026-02-28,2026-02-10,2026-02-12,Macys,Macys,,,USD,342.00,351.93,351.93,342.00,0.00,0,0.00,0,0.00,9.93,0.00,,,,,351.93,,0.00,,,,,,,,,,,,,,,,,,,,,30005,10574,30005-2026-000210,,,,,,,,Macys Shipping,,Macys Stores,215 King St,Dock 15,San Francisco,CA,94107,San Francisco,USA,ship-macys@example.com,(415) 555-2406,,,,,,,,,,,,,,,,,,2026-02-08,,AUSTIN-06-BLACK-B12,,,,EA,,,,,,,1,1,0,0,,120.00,120.00,120.00,120.00,0,0,0,FALSE,TRUE,FALSE,FALSE,,,,,,,,,,,
INV-SO2026-000211-000211,SO2026-000211,1,4,2026-01-24,2026-02-28,2026-01-26,2026-01-29,Veeqo-Amazon,Veeqo Amazon,,,USD,255.00,263.75,263.75,255.00,0.00,0,0.00,0,0.00,8.75,0.00,,,,,263.75,,0.00,,,,,,,,,,,,,,,,,,,,,10016,10579,10016-2026-000211,,,,,,,,Veeqo Amazon Shipping,,Veeqo Amazon Retail,202 Distribution Way,Dock 2,Irvine,CA,92603,Orange,USA,ship-veeqo-amazon@example.com,(949) 555-1106,,,,,,,,,,,,,,,,,,2026-01-24,,ADELINE-02-BLACK-A12,,,,EA,,,,,,,1,1,0,0,,138.00,138.00,138.00,138.00,0,0,0,FALSE,TRUE,FALSE,FALSE,,,,,,,,,,,
INV-SO2026-000211-000211,SO2026-000211,1,4,2026-01-24,2026-02-28,2026-01-26,2026-01-29,Veeqo-Amazon,Veeqo Amazon,,,USD,255.00,263.75,263.75,255.00,0.00,0,0.00,0,0.00,8.75,0.00,,,,,263.75,,0.00,,,,,,,,,,,,,,,,,,,,,10016,10579,10016-2026-000211,,,,,,,,Veeqo Amazon Shipping,,Veeqo Amazon Retail,202 Distribution Way,Dock 2,Irvine,CA,92603,Orange,USA,ship-veeqo-amazon@example.com,(949) 555-1106,,,,,,,,,,,,,,,,,,2026-01-24,,FA16105WV-MIDNIGHTBLUE-XL-STD,,,,EA,,,,,,,3,3,0,0,,39.00,39.00,117.00,117.00,0,0,0,FALSE,TRUE,FALSE,FALSE,,,,,,,,,,,
INV-SO2026-000212-000212,SO2026-000212,1,4,2026-02-12,2026-02-28,2026-02-14,2026-02-16,Mirakl-HudsonsB,Mirakl HudsonsB,,,USD,354.00,363.61,363.61,354.00,0.00,0,0.00,0,0.00,9.61,0.00,,,,,363.61,,0.00,,,,,,,,,,,,,,,,,,,,,10005,10577,10005-2026-000212,,,,,,,,Mirakl HudsonsB Shipping,,Mirakl HudsonsB Network,212 Quail Hill Pkwy,Dock 12,Irvine,CA,92607,Orange,USA,ship-mirakl-hudsonsb@example.com,(949) 555-2106,,,,,,,,,,,,,,,,,,2026-02-12,,ADELINE-03-BLACK,,,,EA,,,,,,,2,2,0,0,,177.00,177.00,354.00,354.00,0,0,0,FALSE,TRUE,FALSE,FALSE,,,,,,,,,,,
INV-SO2026-000213-000213,SO2026-000213,1,4,2026-01-04,2026-02-18,2026-01-05,2026-01-08,Veeqo-Amazon,Veeqo Amazon,,,USD,32.25,47.67,47.67,32.25,0.00,0,0.00,0,0.00,15.42,0.00,,,,,47.67,,0.00,,,,,,,,,,,,,,,,,,,,,10016,10579,10016-2026-000213,,,,,,,,Veeqo Amazon Shipping,,Veeqo Amazon Retail,202 Distribution Way,Dock 2,Irvine,CA,92603,Orange,USA,ship-veeqo-amazon@example.com,(949) 555-1106,,,,,,,,,,,,,,,,,,2026-01-04,,CORA-01-CAME-6.5,,,,EA,,,,,,,3,3,0,0,,10.75,10.75,32.25,32.25,0,0,0,FALSE,TRUE,FALSE,FALSE,,,,,,,,,,,
INV-SO2026-000214-000214,SO2026-000214,1,4,2026-01-21,2026-02-28,2026-01-22,2026-01-26,Veeqo-Amazon,Veeqo Amazon,,,USD,41.50,53.63,53.63,41.50,0.00,0,0.00,0,0.00,12.13,0.00,,,,,53.63,,0.00,,,,,,,,,,,,,,,,,,,,,10016,10579,10016-2026-000214,,,,,,,,Veeqo Amazon Shipping,,Veeqo Amazon Retail,202 Distribution Way,Dock 2,Irvine,CA,92603,Orange,USA,ship-veeqo-amazon@example.com,(949) 555-1106,,,,,,,,,,,,,,,,,,2026-01-21,,ASTRID-01-GREY-10,,,,EA,,,,,,,2,2,0,0,,20.75,20.75,41.50,41.50,0,0,0,FALSE,TRUE,FALSE,FALSE,,,,,,,,,,,
INV-SO2026-000215-000215,SO2026-000215,1,4,2026-01-18,2026-02-17,2026-01-20,2026-01-18,AMZ-eCom,AMZ eCom,,,USD,134.00,144.93,144.93,134.00,0.00,0,0.00,0,0.00,10.93,0.00,,,,,144.93,,0.00,,,,,,,,,,,,,,,,,,,,,10001,10565,10001-2026-000215,,,,,,,,AMZ eCom Shipping,,AMZ eCom Retail,201 Harbor Ave,Dock 1,Los Angeles,CA,90002,Los Angeles,USA,ship-amz-ecom@example.com,(213) 555-1006,,,,,,,,,,,,,,,,,,2026-01-18,,FA13501DM-RINSEWSFT-26-32,,,,EA,,,,,,,3,3,0,0,,34.00,34.00,102.00,102.00,0,0,0,FALSE,TRUE,FALSE,FALSE,,,,,,,,,,,
INV-SO2026-000215-000215,SO2026-000215,1,4,2026-01-18,2026-02-17,2026-01-20,2026-01-18,AMZ-eCom,AMZ eCom,,,USD,134.00,144.93,144.93,134.00,0.00,0,0.00,0,0.00,10.93,0.00,,,,,144.93,,0.00,,,,,,,,,,,,,,,,,,,,,10001,10565,10001-2026-000215,,,,,,,,AMZ eCom Shipping,,AMZ eCom Retail,201 Harbor Ave,Dock 1,Los Angeles,CA,90002,Los Angeles,USA,ship-amz-ecom@example.com,(213) 555-1006,,,,,,,,,,,,,,,,,,2026-01-18,,CAMILA-06-BLACK-6,,,,EA,,,,,,,4,4,0,0,,8.00,8.00,32.00,32.00,0,0,0,FALSE,TRUE,FALSE,FALSE,,,,,,,,,,,
INV-SO2026-000216-000216,SO2026-000216,1,4,2026-01-14,2026-02-28,2026-01-16,2026-01-19,Veeqo-Amazon,Veeqo Amazon,,,USD,106.50,117.44,117.44,106.50,0.00,0,0.00,0,0.00,10.94,0.00,,,,,117.44,,0.00,,,,,,,,,,,,,,,,,,,,,10016,10579,10016-2026-000216,,,,,,,,Veeqo Amazon Shipping,,Veeqo Amazon Retail,202 Distribution Way,Dock 2,Irvine,CA,92603,Orange,USA,ship-veeqo-amazon@example.com,(949) 555-1106,,,,,,,,,,,,,,,,,,2026-01-14,,ASTRID-01-GREY-8,,,,EA,,,,,,,2,2,0,0,,20.75,20.75,41.50,41.50,0,0,0,FALSE,TRUE,FALSE,FALSE,,,,,,,,,,,
INV-SO2026-000216-000216,SO2026-000216,1,4,2026-01-14,2026-02-28,2026-01-16,2026-01-19,Veeqo-Amazon,Veeqo Amazon,,,USD,106.50,117.44,117.44,106.50,0.00,0,0.00,0,0.00,10.94,0.00,,,,,117.44,,0.00,,,,,,,,,,,,,,,,,,,,,10016,10579,10016-2026-000216,,,,,,,,Veeqo Amazon Shipping,,Veeqo Amazon Retail,202 Distribution Way,Dock 2,Irvine,CA,92603,Orange,USA,ship-veeqo-amazon@example.com,(949) 555-1106,,,,,,,,,,,,,,,,,,2026-01-14,,AVIANA-06-PINK-10,,,,EA,,,,,,,4,4,0,0,,16.25,16.25,65.00,65.00,0,0,0,FALSE,TRUE,FALSE,FALSE,,,,,,,,,,,
INV-SO2026-000217-000217,SO2026-000217,1,4,2026-01-31,2026-02-28,2026-02-01,2026-02-01,AMZ-eCom,AMZ eCom,,,USD,126.00,130.11,130.11,126.00,0.00,0,0.00,0,0.00,4.11,0.00,,,,,130.11,,0.00,,,,,,,,,,,,,,,,,,,,,10001,10565,10001-2026-000217,,,,,,,,AMZ eCom Shipping,,AMZ eCom Retail,201 Harbor Ave,Dock 1,Los Angeles,CA,90002,Los Angeles,USA,ship-amz-ecom@example.com,(213) 555-1006,,,,,,,,,,,,,,,,,,2026-01-31,,CORA-01-TAUP-8,,,,EA,,,,,,,4,4,0,0,,10.75,10.75,43.00,43.00,0,0,0,FALSE,TRUE,FALSE,FALSE,,,,,,,,,,,
INV-SO2026-000217-000217,SO2026-000217,1,4,2026-01-31,2026-02-28,2026-02-01,2026-02-01,AMZ-eCom,AMZ eCom,,,USD,126.00,130.11,130.11,126.00,0.00,0,0.00,0,0.00,4.11,0.00,,,,,130.11,,0.00,,,,,,,,,,,,,,,,,,,,,10001,10565,10001-2026-000217,,,,,,,,AMZ eCom Shipping,,AMZ eCom Retail,201 Harbor Ave,Dock 1,Los Angeles,CA,90002,Los Angeles,USA,ship-amz-ecom@example.com,(213) 555-1006,,,,,,,,,,,,,,,,,,2026-01-31,,ASTRID-01-BLACK-7,,,,EA,,,,,,,4,4,0,0,,20.75,20.75,83.00,83.00,0,0,0,FALSE,TRUE,FALSE,FALSE,,,,,,,,,,,
INV-SO2026-000218-000218,SO2026-000218,1,4,2026-02-20,2026-02-28,2026-02-21,2026-02-25,Shopify,Shopify,,,USD,168.75,178.37,178.37,168.75,0.00,0,0.00,0,0.00,9.62,0.00,,,,,178.37,,0.00,,,,,,,,,,,,,,,,,,,,,20001,10580,20001-2026-000218,,,,,,,,Shopify Shipping,,Shopify Commerce,217 Barranca Pkwy,Dock 17,Irvine,CA,92609,Orange,USA,ship-shopify@example.com,(949) 555-2606,,,,,,,,,,,,,,,,,,2026-02-20,,ADELINE-02-NUDE-8,,,,EA,,,,,,,4,4,0,0,,11.50,11.50,46.00,46.00,0,0,0,FALSE,TRUE,FALSE,FALSE,,,,,,,,,,,
INV-SO2026-000218-000218,SO2026-000218,1,4,2026-02-20,2026-02-28,2026-02-21,2026-02-25,Shopify,Shopify,,,USD,168.75,178.37,178.37,168.75,0.00,0,0.00,0,0.00,9.62,0.00,,,,,178.37,,0.00,,,,,,,,,,,,,,,,,,,,,20001,10580,20001-2026-000218,,,,,,,,Shopify Shipping,,Shopify Commerce,217 Barranca Pkwy,Dock 17,Irvine,CA,92609,Orange,USA,ship-shopify@example.com,(949) 555-2606,,,,,,,,,,,,,,,,,,2026-02-20,,ASTRID-01-BLUSH-10,,,,EA,,,,,,,1,1,0,0,,20.75,20.75,20.75,20.75,0,0,0,FALSE,TRUE,FALSE,FALSE,,,,,,,,,,,
INV-SO2026-000218-000218,SO2026-000218,1,4,2026-02-20,2026-02-28,2026-02-21,2026-02-25,Shopify,Shopify,,,USD,168.75,178.37,178.37,168.75,0.00,0,0.00,0,0.00,9.62,0.00,,,,,178.37,,0.00,,,,,,,,,,,,,,,,,,,,,20001,10580,20001-2026-000218,,,,,,,,Shopify Shipping,,Shopify Commerce,217 Barranca Pkwy,Dock 17,Irvine,CA,92609,Orange,USA,ship-shopify@example.com,(949) 555-2606,,,,,,,,,,,,,,,,,,2026-02-20,,F13031C-1742VNTGDM-31-STD,,,,EA,,,,,,,3,3,0,0,,34.00,34.00,102.00,102.00,0,0,0,FALSE,TRUE,FALSE,FALSE,,,,,,,,,,,
INV-SO2026-000219-000219,SO2026-000219,1,4,2026-02-06,2026-02-28,2026-02-07,2026-02-11,JCPenney,JCPenney,,,USD,57.50,57.50,57.50,57.50,0.00,0,0.00,0,0.00,0.00,0.00,,,,,57.50,,0.00,,,,,,,,,,,,,,,,,,,,,30007,10575,30007-2026-000219,,,,,,,,JCPenney Shipping,,JCPenney Stores,213 Gateway Rd,Dock 13,San Diego,CA,92106,San Diego,USA,ship-jcpenney@example.com,(619) 555-2206,,,,,,,,,,,,,,,,,,2026-02-06,,FA16105WV-MIDNIGHTCAMO-S-STD,,,,EA,,,,,,,1,1,0,0,,39.00,39.00,39.00,39.00,0,0,0,FALSE,TRUE,FALSE,FALSE,,,,,,,,,,,
INV-SO2026-000219-000219,SO2026-000219,1,4,2026-02-06,2026-02-28,2026-02-07,2026-02-11,JCPenney,JCPenney,,,USD,57.50,57.50,57.50,57.50,0.00,0,0.00,0,0.00,0.00,0.00,,,,,57.50,,0.00,,,,,,,,,,,,,,,,,,,,,30007,10575,30007-2026-000219,,,,,,,,JCPenney Shipping,,JCPenney Stores,213 Gateway Rd,Dock 13,San Diego,CA,92106,San Diego,USA,ship-jcpenney@example.com,(619) 555-2206,,,,,,,,,,,,,,,,,,2026-02-06,,ADELINE-03-TAUPE-7,,,,EA,,,,,,,1,1,0,0,,18.50,18.50,18.50,18.50,0,0,0,FALSE,TRUE,FALSE,FALSE,,,,,,,,,,,
INV-SO2026-000220-000220,SO2026-000220,1,4,2026-01-17,2026-02-16,2026-01-17,2026-01-18,eBay,eBay,,,USD,393.00,402.39,402.39,393.00,0.00,0,0.00,0,0.00,9.39,0.00,,,,,402.39,,0.00,,,,,,,,,,,,,,,,,,,,,10004,10570,10004-2026-000220,,,,,,,,eBay Shipping,,eBay Commerce,204 Fulfillment Ave,Dock 4,San Jose,CA,95111,Santa Clara,USA,ship-ebay@example.com,(408) 555-1306,,,,,,,,,,,,,,,,,,2026-01-17,,ADELINE-02-WHITE-S,,,,EA,,,,,,,2,2,0,0,,138.00,138.00,276.00,276.00,0,0,0,FALSE,TRUE,FALSE,FALSE,,,,,,,,,,,
INV-SO2026-000220-000220,SO2026-000220,1,4,2026-01-17,2026-02-16,2026-01-17,2026-01-18,eBay,eBay,,,USD,393.00,402.39,402.39,393.00,0.00,0,0.00,0,0.00,9.39,0.00,,,,,402.39,,0.00,,,,,,,,,,,,,,,,,,,,,10004,10570,10004-2026-000220,,,,,,,,eBay Shipping,,eBay Commerce,204 Fulfillment Ave,Dock 4,San Jose,CA,95111,Santa Clara,USA,ship-ebay@example.com,(408) 555-1306,,,,,,,,,,,,,,,,,,2026-01-17,,ADELINE-03-TAUPE-5,,,,EA,,,,,,,4,4,0,0,,18.50,18.50,74.00,74.00,0,0,0,FALSE,TRUE,FALSE,FALSE,,,,,,,,,,,
INV-SO2026-000220-000220,SO2026-000220,1,4,2026-01-17,2026-02-16,2026-01-17,2026-01-18,eBay,eBay,,,USD,393.00,402.39,402.39,393.00,0.00,0,0.00,0,0.00,9.39,0.00,,,,,402.39,,0.00,,,,,,,,,,,,,,,,,,,,,10004,10570,10004-2026-000220,,,,,,,,eBay Shipping,,eBay Commerce,204 Fulfillment Ave,Dock 4,San Jose,CA,95111,Santa Clara,USA,ship-ebay@example.com,(408) 555-1306,,,,,,,,,,,,,,,,,,2026-01-17,,CORA-01-FUCH-7,,,,EA,,,,,,,4,4,0,0,,10.75,10.75,43.00,43.00,0,0,0,FALSE,TRUE,FALSE,FALSE,,,,,,,,,,,
INV-SO2026-000221-000221,SO2026-000221,1,4,2026-01-07,2026-02-21,2026-01-07,2026-01-07,Shopify,Shopify,,,USD,136.00,136.00,136.00,136.00,0.00,0,0.00,0,0.00,0.00,0.00,,,,,136.00,,0.00,,,,,,,,,,,,,,,,,,,,,20001,10580,20001-2026-000221,,,,,,,,Shopify Shipping,,Shopify Commerce,217 Barranca Pkwy,Dock 17,Irvine,CA,92609,Orange,USA,ship-shopify@example.com,(949) 555-2606,,,,,,,,,,,,,,,,,,2026-01-07,,FA13512DM,,,,EA,,,,,,,4,4,0,0,,34.00,34.00,136.00,136.00,0,0,0,FALSE,TRUE,FALSE,FALSE,,,,,,,,,,,
INV-SO2026-000222-000222,SO2026-000222,1,4,2026-01-08,2026-02-28,2026-01-09,2026-01-13,Squarespace,Squarespace,,,USD,53.25,53.25,53.25,53.25,0.00,0,0.00,0,0.00,0.00,0.00,,,,,53.25,,0.00,,,,,,,,,,,,,,,,,,,,,20006,10582,20006-2026-000222,,,,,,,,Squarespace Shipping,,Squarespace Digital,218 Camino Del Rio,Dock 18,San Diego,CA,92108,San Diego,USA,ship-squarespace@example.com,(619) 555-2706,,,,,,,,,,,,,,,,,,2026-01-08,,ASTRID-01-GREY-5,,,,EA,,,,,,,1,1,0,0,,20.75,20.75,20.75,20.75,0,0,0,FALSE,TRUE,FALSE,FALSE,,,,,,,,,,,
INV-SO2026-000222-000222,SO2026-000222,1,4,2026-01-08,2026-02-28,2026-01-09,2026-01-13,Squarespace,Squarespace,,,USD,53.25,53.25,53.25,53.25,0.00,0,0.00,0,0.00,0.00,0.00,,,,,53.25,,0.00,,,,,,,,,,,,,,,,,,,,,20006,10582,20006-2026-000222,,,,,,,,Squarespace Shipping,,Squarespace Digital,218 Camino Del Rio,Dock 18,San Diego,CA,92108,San Diego,USA,ship-squarespace@example.com,(619) 555-2706,,,,,,,,,,,,,,,,,,2026-01-08,,AVIANA-06-PINK-7.5,,,,EA,,,,,,,2,2,0,0,,16.25,16.25,32.50,32.50,0,0,0,FALSE,TRUE,FALSE,FALSE,,,,,,,,,,,
INV-SO2026-000223-000223,SO2026-000223,1,4,2026-01-06,2026-02-05,2026-01-08,2026-01-07,AMZ-eCom,AMZ eCom,,,USD,109.50,109.50,109.50,109.50,0.00,0,0.00,0,0.00,0.00,0.00,,,,,109.50,,0.00,,,,,,,,,,,,,,,,,,,,,10001,10565,10001-2026-000223,,,,,,,,AMZ eCom Shipping,,AMZ eCom Retail,201 Harbor Ave,Dock 1,Los Angeles,CA,90002,Los Angeles,USA,ship-amz-ecom@example.com,(213) 555-1006,,,,,,,,,,,,,,,,,,2026-01-06,,ADELINE-02-WHITE-9.5,,,,EA,,,,,,,3,3,0,0,,11.50,11.50,34.50,34.50,0,0,0,FALSE,TRUE,FALSE,FALSE,,,,,,,,,,,
INV-SO2026-000223-000223,SO2026-000223,1,4,2026-01-06,2026-02-05,2026-01-08,2026-01-07,AMZ-eCom,AMZ eCom,,,USD,109.50,109.50,109.50,109.50,0.00,0,0.00,0,0.00,0.00,0.00,,,,,109.50,,0.00,,,,,,,,,,,,,,,,,,,,,10001,10565,10001-2026-000223,,,,,,,,AMZ eCom Shipping,,AMZ eCom Retail,201 Harbor Ave,Dock 1,Los Angeles,CA,90002,Los Angeles,USA,ship-amz-ecom@example.com,(213) 555-1006,,,,,,,,,,,,,,,,,,2026-01-06,,CORA-01-YLW-6,,,,EA,,,,,,,4,4,0,0,,10.75,10.75,43.00,43.00,0,0,0,FALSE,TRUE,FALSE,FALSE,,,,,,,,,,,
INV-SO2026-000223-000223,SO2026-000223,1,4,2026-01-06,2026-02-05,2026-01-08,2026-01-07,AMZ-eCom,AMZ eCom,,,USD,109.50,109.50,109.50,109.50,0.00,0,0.00,0,0.00,0.00,0.00,,,,,109.50,,0.00,,,,,,,,,,,,,,,,,,,,,10001,10565,10001-2026-000223,,,,,,,,AMZ eCom Shipping,,AMZ eCom Retail,201 Harbor Ave,Dock 1,Los Angeles,CA,90002,Los Angeles,USA,ship-amz-ecom@example.com,(213) 555-1006,,,,,,,,,,,,,,,,,,2026-01-06,,CAMILA-06-LILAC-7,,,,EA,,,,,,,4,4,0,0,,8.00,8.00,32.00,32.00,0,0,0,FALSE,TRUE,FALSE,FALSE,,,,,,,,,,,
INV-SO2026-000224-000224,SO2026-000224,1,4,2026-01-06,2026-02-05,2026-01-08,2026-01-10,AMZ-eCom,AMZ eCom,,,USD,103.75,103.75,103.75,103.75,0.00,0,0.00,0,0.00,0.00,0.00,,,,,103.75,,0.00,,,,,,,,,,,,,,,,,,,,,10001,10565,10001-2026-000224,,,,,,,,AMZ eCom Shipping,,AMZ eCom Retail,201 Harbor Ave,Dock 1,Los Angeles,CA,90002,Los Angeles,USA,ship-amz-ecom@example.com,(213) 555-1006,,,,,,,,,,,,,,,,,,2026-01-06,,AUSTIN-06-BLACK-11,,,,EA,,,,,,,2,2,0,0,,10.00,10.00,20.00,20.00,0,0,0,FALSE,TRUE,FALSE,FALSE,,,,,,,,,,,
INV-SO2026-000224-000224,SO2026-000224,1,4,2026-01-06,2026-02-05,2026-01-08,2026-01-10,AMZ-eCom,AMZ eCom,,,USD,103.75,103.75,103.75,103.75,0.00,0,0.00,0,0.00,0.00,0.00,,,,,103.75,,0.00,,,,,,,,,,,,,,,,,,,,,10001,10565,10001-2026-000224,,,,,,,,AMZ eCom Shipping,,AMZ eCom Retail,201 Harbor Ave,Dock 1,Los Angeles,CA,90002,Los Angeles,USA,ship-amz-ecom@example.com,(213) 555-1006,,,,,,,,,,,,,,,,,,2026-01-06,,CORA-01-FUCH-9.5,,,,EA,,,,,,,2,2,0,0,,10.75,10.75,21.50,21.50,0,0,0,FALSE,TRUE,FALSE,FALSE,,,,,,,,,,,
INV-SO2026-000224-000224,SO2026-000224,1,4,2026-01-06,2026-02-05,2026-01-08,2026-01-10,AMZ-eCom,AMZ eCom,,,USD,103.75,103.75,103.75,103.75,0.00,0,0.00,0,0.00,0.00,0.00,,,,,103.75,,0.00,,,,,,,,,,,,,,,,,,,,,10001,10565,10001-2026-000224,,,,,,,,AMZ eCom Shipping,,AMZ eCom Retail,201 Harbor Ave,Dock 1,Los Angeles,CA,90002,Los Angeles,USA,ship-amz-ecom@example.com,(213) 555-1006,,,,,,,,,,,,,,,,,,2026-01-06,,ASTRID-01-GREY-7,,,,EA,,,,,,,3,3,0,0,,20.75,20.75,62.25,62.25,0,0,0,FALSE,TRUE,FALSE,FALSE,,,,,,,,,,,
INV-SO2026-000225-000225,SO2026-000225,1,4,2026-01-13,2026-02-27,2026-01-15,2026-01-13,Mirakl-Kohls,Mirakl Kohls,,,USD,87.50,103.90,103.90,87.50,0.00,0,0.00,0,0.00,16.40,0.00,,,,,103.90,,0.00,,,,,,,,,,,,,,,,,,,,,10013,10576,10013-2026-000225,,,,,,,,Mirakl Kohls Shipping,,Mirakl Kohls Network,214 Silver Creek Rd,Dock 14,San Jose,CA,95115,Santa Clara,USA,ship-mirakl-kohls@example.com,(408) 555-2306,,,,,,,,,,,,,,,,,,2026-01-13,,FA13501DM-1464KINGSC-32-30,,,,EA,,,,,,,2,2,0,0,,34.00,34.00,68.00,68.00,0,0,0,FALSE,TRUE,FALSE,FALSE,,,,,,,,,,,
INV-SO2026-000225-000225,SO2026-000225,1,4,2026-01-13,2026-02-27,2026-01-15,2026-01-13,Mirakl-Kohls,Mirakl Kohls,,,USD,87.50,103.90,103.90,87.50,0.00,0,0.00,0,0.00,16.40,0.00,,,,,103.90,,0.00,,,,,,,,,,,,,,,,,,,,,10013,10576,10013-2026-000225,,,,,,,,Mirakl Kohls Shipping,,Mirakl Kohls Network,214 Silver Creek Rd,Dock 14,San Jose,CA,95115,Santa Clara,USA,ship-mirakl-kohls@example.com,(408) 555-2306,,,,,,,,,,,,,,,,,,2026-01-13,,CAMILA-06-NUDE-8.5,,,,EA,,,,,,,1,1,0,0,,8.00,8.00,8.00,8.00,0,0,0,FALSE,TRUE,FALSE,FALSE,,,,,,,,,,,
INV-SO2026-000225-000225,SO2026-000225,1,4,2026-01-13,2026-02-27,2026-01-15,2026-01-13,Mirakl-Kohls,Mirakl Kohls,,,USD,87.50,103.90,103.90,87.50,0.00,0,0.00,0,0.00,16.40,0.00,,,,,103.90,,0.00,,,,,,,,,,,,,,,,,,,,,10013,10576,10013-2026-000225,,,,,,,,Mirakl Kohls Shipping,,Mirakl Kohls Network,214 Silver Creek Rd,Dock 14,San Jose,CA,95115,Santa Clara,USA,ship-mirakl-kohls@example.com,(408) 555-2306,,,,,,,,,,,,,,,,,,2026-01-13,,ADELINE-02-PINK-9.5,,,,EA,,,,,,,1,1,0,0,,11.50,11.50,11.50,11.50,0,0,0,FALSE,TRUE,FALSE,FALSE,,,,,,,,,,,
INV-SO2026-000226-000226,SO2026-000226,1,4,2026-01-04,2026-02-28,2026-01-04,2026-01-06,Squarespace,Squarespace,,,USD,150.75,158.06,158.06,150.75,0.00,0,0.00,0,0.00,7.31,0.00,,,,,158.06,,0.00,,,,,,,,,,,,,,,,,,,,,20006,10582,20006-2026-000226,,,,,,,,Squarespace Shipping,,Squarespace Digital,218 Camino Del Rio,Dock 18,San Diego,CA,92108,San Diego,USA,ship-squarespace@example.com,(619) 555-2706,,,,,,,,,,,,,,,,,,2026-01-04,,AVIANA-06-BLACK-9,,,,EA,,,,,,,3,3,0,0,,16.25,16.25,48.75,48.75,0,0,0,FALSE,TRUE,FALSE,FALSE,,,,,,,,,,,
INV-SO2026-000226-000226,SO2026-000226,1,4,2026-01-04,2026-02-28,2026-01-04,2026-01-06,Squarespace,Squarespace,,,USD,150.75,158.06,158.06,150.75,0.00,0,0.00,0,0.00,7.31,0.00,,,,,158.06,,0.00,,,,,,,,,,,,,,,,,,,,,20006,10582,20006-2026-000226,,,,,,,,Squarespace Shipping,,Squarespace Digital,218 Camino Del Rio,Dock 18,San Diego,CA,92108,San Diego,USA,ship-squarespace@example.com,(619) 555-2706,,,,,,,,,,,,,,,,,,2026-01-04,,F13031C-1742VNTGST-29-STD,,,,EA,,,,,,,3,3,0,0,,34.00,34.00,102.00,102.00,0,0,0,FALSE,TRUE,FALSE,FALSE,,,,,,,,,,,
INV-SO2026-000227-000227,SO2026-000227,1,4,2026-02-27,2026-02-28,2026-02-28,2026-02-28,Magento,Magento,,,USD,64.50,82.21,82.21,64.50,0.00,0,0.00,0,0.00,17.71,0.00,,,,,82.21,,0.00,,,,,,,,,,,,,,,,,,,,,20003,10581,20003-2026-000227,,,,,,,,Magento Shipping,,Magento Platform,216 Century Blvd,Dock 16,Los Angeles,CA,90008,Los Angeles,USA,ship-magento@example.com,(213) 555-2506,,,,,,,,,,,,,,,,,,2026-02-27,,CORA-01-LEOP-7.5,,,,EA,,,,,,,3,3,0,0,,10.75,10.75,32.25,32.25,0,0,0,FALSE,TRUE,FALSE,FALSE,,,,,,,,,,,
INV-SO2026-000227-000227,SO2026-000227,1,4,2026-02-27,2026-02-28,2026-02-28,2026-02-28,Magento,Magento,,,USD,64.50,82.21,82.21,64.50,0.00,0,0.00,0,0.00,17.71,0.00,,,,,82.21,,0.00,,,,,,,,,,,,,,,,,,,,,20003,10581,20003-2026-000227,,,,,,,,Magento Shipping,,Magento Platform,216 Century Blvd,Dock 16,Los Angeles,CA,90008,Los Angeles,USA,ship-magento@example.com,(213) 555-2506,,,,,,,,,,,,,,,,,,2026-02-27,,CORA-01-BLK-5,,,,EA,,,,,,,3,3,0,0,,10.75,10.75,32.25,32.25,0,0,0,FALSE,TRUE,FALSE,FALSE,,,,,,,,,,,
INV-SO2026-000228-000228,SO2026-000228,1,4,2026-01-27,2026-02-28,2026-01-27,2026-01-29,Etsy-LS,Etsy LS,,,USD,86.50,97.39,97.39,86.50,0.00,0,0.00,0,0.00,10.89,0.00,,,,,97.39,,0.00,,,,,,,,,,,,,,,,,,,,,10008,10571,10008-2026-000228,,,,,,,,Etsy LS Shipping,,Etsy LS Marketplace,205 Mission St,Dock 5,San Francisco,CA,94103,San Francisco,USA,ship-etsy-ls@example.com,(415) 555-1406,,,,,,,,,,,,,,,,,,2026-01-27,,CORA-01-TAUP-11,,,,EA,,,,,,,2,2,0,0,,10.75,10.75,21.50,21.50,0,0,0,FALSE,TRUE,FALSE,FALSE,,,,,,,,,,,
INV-SO2026-000228-000228,SO2026-000228,1,4,2026-01-27,2026-02-28,2026-01-27,2026-01-29,Etsy-LS,Etsy LS,,,USD,86.50,97.39,97.39,86.50,0.00,0,0.00,0,0.00,10.89,0.00,,,,,97.39,,0.00,,,,,,,,,,,,,,,,,,,,,10008,10571,10008-2026-000228,,,,,,,,Etsy LS Shipping,,Etsy LS Marketplace,205 Mission St,Dock 5,San Francisco,CA,94103,San Francisco,USA,ship-etsy-ls@example.com,(415) 555-1406,,,,,,,,,,,,,,,,,,2026-01-27,,AVIANA-06-BEIGE-9,,,,EA,,,,,,,4,4,0,0,,16.25,16.25,65.00,65.00,0,0,0,FALSE,TRUE,FALSE,FALSE,,,,,,,,,,,
INV-SO2026-000229-000229,SO2026-000229,1,4,2026-02-03,2026-02-28,2026-02-04,2026-02-04,Etsy-VS,Etsy VS,,,USD,186.00,197.93,197.93,186.00,0.00,0,0.00,0,0.00,11.93,0.00,,,,,197.93,,0.00,,,,,,,,,,,,,,,,,,,,,10008,10572,10008-2026-000229,,,,,,,,Etsy VS Shipping,,Etsy VS Marketplace,206 Pacific Hwy,Dock 6,Los Angeles,CA,90004,Los Angeles,USA,ship-etsy-vs@example.com,(213) 555-1506,,,,,,,,,,,,,,,,,,2026-02-03,,FA13501DM-1464KINGSC-27-32,,,,EA,,,,,,,1,1,0,0,,34.00,34.00,34.00,34.00,0,0,0,FALSE,TRUE,FALSE,FALSE,,,,,,,,,,,
INV-SO2026-000229-000229,SO2026-000229,1,4,2026-02-03,2026-02-28,2026-02-04,2026-02-04,Etsy-VS,Etsy VS,,,USD,186.00,197.93,197.93,186.00,0.00,0,0.00,0,0.00,11.93,0.00,,,,,197.93,,0.00,,,,,,,,,,,,,,,,,,,,,10008,10572,10008-2026-000229,,,,,,,,Etsy VS Shipping,,Etsy VS Marketplace,206 Pacific Hwy,Dock 6,Los Angeles,CA,90004,Los Angeles,USA,ship-etsy-vs@example.com,(213) 555-1506,,,,,,,,,,,,,,,,,,2026-02-03,,173451-1183CITIZEN-11-STD,,,,EA,,,,,,,3,3,0,0,,24.00,24.00,72.00,72.00,0,0,0,FALSE,TRUE,FALSE,FALSE,,,,,,,,,,,
INV-SO2026-000229-000229,SO2026-000229,1,4,2026-02-03,2026-02-28,2026-02-04,2026-02-04,Etsy-VS,Etsy VS,,,USD,186.00,197.93,197.93,186.00,0.00,0,0.00,0,0.00,11.93,0.00,,,,,197.93,,0.00,,,,,,,,,,,,,,,,,,,,,10008,10572,10008-2026-000229,,,,,,,,Etsy VS Shipping,,Etsy VS Marketplace,206 Pacific Hwy,Dock 6,Los Angeles,CA,90004,Los Angeles,USA,ship-etsy-vs@example.com,(213) 555-1506,,,,,,,,,,,,,,,,,,2026-02-03,,FA16023WV-SMOKELEOPARD-XL-STD,,,,EA,,,,,,,2,2,0,0,,40.00,40.00,80.00,80.00,0,0,0,FALSE,TRUE,FALSE,FALSE,,,,,,,,,,,
INV-SO2026-000230-000230,SO2026-000230,1,4,2026-01-25,2026-02-28,2026-01-26,2026-01-26,Etsy-VS,Etsy VS,,,USD,43.00,59.68,59.68,43.00,0.00,0,0.00,0,0.00,16.68,0.00,,,,,59.68,,0.00,,,,,,,,,,,,,,,,,,,,,10008,10572,10008-2026-000230,,,,,,,,Etsy VS Shipping,,Etsy VS Marketplace,206 Pacific Hwy,Dock 6,Los Angeles,CA,90004,Los Angeles,USA,ship-etsy-vs@example.com,(213) 555-1506,,,,,,,,,,,,,,,,,,2026-01-25,,CORA-01-LEOP-8.5,,,,EA,,,,,,,4,4,0,0,,10.75,10.75,43.00,43.00,0,0,0,FALSE,TRUE,FALSE,FALSE,,,,,,,,,,,
INV-SO2026-000231-000231,SO2026-000231,1,4,2026-01-21,2026-02-28,2026-01-22,2026-01-25,Walmart-eComm,Walmart eComm,,,USD,74.00,85.26,85.26,74.00,0.00,0,0.00,0,0.00,11.26,0.00,,,,,85.26,,0.00,,,,,,,,,,,,,,,,,,,,,10002,10566,10002-2026-000231,,,,,,,,Walmart eComm Shipping,,Walmart eComm Retail,220 Townsend St,Dock 20,San Francisco,CA,94109,San Francisco,USA,ship-walmart-ecomm@example.com,(415) 555-2906,,,,,,,,,,,,,,,,,,2026-01-21,,ADELINE-03-BLACK-11,,,,EA,,,,,,,4,4,0,0,,18.50,18.50,74.00,74.00,0,0,0,FALSE,TRUE,FALSE,FALSE,,,,,,,,,,,
INV-SO2026-000232-000232,SO2026-000232,1,4,2026-01-10,2026-02-09,2026-01-10,2026-01-13,eBay,eBay,,,USD,82.75,82.75,82.75,82.75,0.00,0,0.00,0,0.00,0.00,0.00,,,,,82.75,,0.00,,,,,,,,,,,,,,,,,,,,,10004,10570,10004-2026-000232,,,,,,,,eBay Shipping,,eBay Commerce,204 Fulfillment Ave,Dock 4,San Jose,CA,95111,Santa Clara,USA,ship-ebay@example.com,(408) 555-1306,,,,,,,,,,,,,,,,,,2026-01-10,,AUSTIN-06-BLACK-10,,,,EA,,,,,,,4,4,0,0,,10.00,10.00,40.00,40.00,0,0,0,FALSE,TRUE,FALSE,FALSE,,,,,,,,,,,
INV-SO2026-000232-000232,SO2026-000232,1,4,2026-01-10,2026-02-09,2026-01-10,2026-01-13,eBay,eBay,,,USD,82.75,82.75,82.75,82.75,0.00,0,0.00,0,0.00,0.00,0.00,,,,,82.75,,0.00,,,,,,,,,,,,,,,,,,,,,10004,10570,10004-2026-000232,,,,,,,,eBay Shipping,,eBay Commerce,204 Fulfillment Ave,Dock 4,San Jose,CA,95111,Santa Clara,USA,ship-ebay@example.com,(408) 555-1306,,,,,,,,,,,,,,,,,,2026-01-10,,CAMILA-06-BLACK-7,,,,EA,,,,,,,4,4,0,0,,8.00,8.00,32.00,32.00,0,0,0,FALSE,TRUE,FALSE,FALSE,,,,,,,,,,,
INV-SO2026-000232-000232,SO2026-000232,1,4,2026-01-10,2026-02-09,2026-01-10,2026-01-13,eBay,eBay,,,USD,82.75,82.75,82.75,82.75,0.00,0,0.00,0,0.00,0.00,0.00,,,,,82.75,,0.00,,,,,,,,,,,,,,,,,,,,,10004,10570,10004-2026-000232,,,,,,,,eBay Shipping,,eBay Commerce,204 Fulfillment Ave,Dock 4,San Jose,CA,95111,Santa Clara,USA,ship-ebay@example.com,(408) 555-1306,,,,,,,,,,,,,,,,,,2026-01-10,,CORA-01-TAUP-9.5,,,,EA,,,,,,,1,1,0,0,,10.75,10.75,10.75,10.75,0,0,0,FALSE,TRUE,FALSE,FALSE,,,,,,,,,,,
INV-SO2026-000233-000233,SO2026-000233,1,4,2026-01-15,2026-02-28,2026-01-15,2026-01-16,Squarespace,Squarespace,,,USD,46.00,50.16,50.16,46.00,0.00,0,0.00,0,0.00,4.16,0.00,,,,,50.16,,0.00,,,,,,,,,,,,,,,,,,,,,20006,10582,20006-2026-000233,,,,,,,,Squarespace Shipping,,Squarespace Digital,218 Camino Del Rio,Dock 18,San Diego,CA,92108,San Diego,USA,ship-squarespace@example.com,(619) 555-2706,,,,,,,,,,,,,,,,,,2026-01-15,,ADELINE-02-BLACK-12,,,,EA,,,,,,,4,4,0,0,,11.50,11.50,46.00,46.00,0,0,0,FALSE,TRUE,FALSE,FALSE,,,,,,,,,,,
INV-SO2026-000234-000234,SO2026-000234,1,4,2026-01-21,2026-02-20,2026-01-21,2026-01-25,AMZ-eCom,AMZ eCom,,,USD,192.00,205.99,205.99,192.00,0.00,0,0.00,0,0.00,13.99,0.00,,,,,205.99,,0.00,,,,,,,,,,,,,,,,,,,,,10001,10565,10001-2026-000234,,,,,,,,AMZ eCom Shipping,,AMZ eCom Retail,201 Harbor Ave,Dock 1,Los Angeles,CA,90002,Los Angeles,USA,ship-amz-ecom@example.com,(213) 555-1006,,,,,,,,,,,,,,,,,,2026-01-21,,CAMILA-06-LILAC-B12,,,,EA,,,,,,,2,2,0,0,,96.00,96.00,192.00,192.00,0,0,0,FALSE,TRUE,FALSE,FALSE,,,,,,,,,,,
INV-SO2026-000235-000235,SO2026-000235,1,4,2026-01-01,2026-02-28,2026-01-03,2026-01-06,Etsy-VS,Etsy VS,,,USD,433.00,436.60,436.60,433.00,0.00,0,0.00,0,0.00,3.60,0.00,,,,,436.60,,0.00,,,,,,,,,,,,,,,,,,,,,10008,10572,10008-2026-000235,,,,,,,,Etsy VS Shipping,,Etsy VS Marketplace,206 Pacific Hwy,Dock 6,Los Angeles,CA,90004,Los Angeles,USA,ship-etsy-vs@example.com,(213) 555-1506,,,,,,,,,,,,,,,,,,2026-01-01,,CORA-01-FUCH-B12,,,,EA,,,,,,,3,3,0,0,,129.00,129.00,387.00,387.00,0,0,0,FALSE,TRUE,FALSE,FALSE,,,,,,,,,,,
INV-SO2026-000235-000235,SO2026-000235,1,4,2026-01-01,2026-02-28,2026-01-03,2026-01-06,Etsy-VS,Etsy VS,,,USD,433.00,436.60,436.60,433.00,0.00,0,0.00,0,0.00,3.60,0.00,,,,,436.60,,0.00,,,,,,,,,,,,,,,,,,,,,10008,10572,10008-2026-000235,,,,,,,,Etsy VS Shipping,,Etsy VS Marketplace,206 Pacific Hwy,Dock 6,Los Angeles,CA,90004,Los Angeles,USA,ship-etsy-vs@example.com,(213) 555-1506,,,,,,,,,,,,,,,,,,2026-01-01,,ADELINE-02-BLACK-9.5,,,,EA,,,,,,,4,4,0,0,,11.50,11.50,46.00,46.00,0,0,0,FALSE,TRUE,FALSE,FALSE,,,,,,,,,,,
INV-SO2026-000236-000236,SO2026-000236,1,4,2026-01-17,2026-02-16,2026-01-19,2026-01-17,eBay,eBay,,,USD,201.00,210.71,210.71,201.00,0.00,0,0.00,0,0.00,9.71,0.00,,,,,210.71,,0.00,,,,,,,,,,,,,,,,,,,,,10004,10570,10004-2026-000236,,,,,,,,eBay Shipping,,eBay Commerce,204 Fulfillment Ave,Dock 4,San Jose,CA,95111,Santa Clara,USA,ship-ebay@example.com,(408) 555-1306,,,,,,,,,,,,,,,,,,2026-01-17,,ADELINE-03-BROWN-9,,,,EA,,,,,,,2,2,0,0,,18.50,18.50,37.00,37.00,0,0,0,FALSE,TRUE,FALSE,FALSE,,,,,,,,,,,
INV-SO2026-000236-000236,SO2026-000236,1,4,2026-01-17,2026-02-16,2026-01-19,2026-01-17,eBay,eBay,,,USD,201.00,210.71,210.71,201.00,0.00,0,0.00,0,0.00,9.71,0.00,,,,,210.71,,0.00,,,,,,,,,,,,,,,,,,,,,10004,10570,10004-2026-000236,,,,,,,,eBay Shipping,,eBay Commerce,204 Fulfillment Ave,Dock 4,San Jose,CA,95111,Santa Clara,USA,ship-ebay@example.com,(408) 555-1306,,,,,,,,,,,,,,,,,,2026-01-17,,FA13501DM-1608BLAU2-29-32,,,,EA,,,,,,,2,2,0,0,,34.00,34.00,68.00,68.00,0,0,0,FALSE,TRUE,FALSE,FALSE,,,,,,,,,,,
INV-SO2026-000236-000236,SO2026-000236,1,4,2026-01-17,2026-02-16,2026-01-19,2026-01-17,eBay,eBay,,,USD,201.00,210.71,210.71,201.00,0.00,0,0.00,0,0.00,9.71,0.00,,,,,210.71,,0.00,,,,,,,,,,,,,,,,,,,,,10004,10570,10004-2026-000236,,,,,,,,eBay Shipping,,eBay Commerce,204 Fulfillment Ave,Dock 4,San Jose,CA,95111,Santa Clara,USA,ship-ebay@example.com,(408) 555-1306,,,,,,,,,,,,,,,,,,2026-01-17,,173451-1183CITIZEN-19-34,,,,EA,,,,,,,4,4,0,0,,24.00,24.00,96.00,96.00,0,0,0,FALSE,TRUE,FALSE,FALSE,,,,,,,,,,,
INV-SO2026-000237-000237,SO2026-000237,1,4,2026-02-07,2026-02-28,2026-02-08,2026-02-07,JCPenney,JCPenney,,,USD,417.00,417.00,417.00,417.00,0.00,0,0.00,0,0.00,0.00,0.00,,,,,417.00,,0.00,,,,,,,,,,,,,,,,,,,,,30007,10575,30007-2026-000237,,,,,,,,JCPenney Shipping,,JCPenney Stores,213 Gateway Rd,Dock 13,San Diego,CA,92106,San Diego,USA,ship-jcpenney@example.com,(619) 555-2206,,,,,,,,,,,,,,,,,,2026-02-07,,CORA-01-BLK-A12,,,,EA,,,,,,,1,1,0,0,,129.00,129.00,129.00,129.00,0,0,0,FALSE,TRUE,FALSE,FALSE,,,,,,,,,,,
INV-SO2026-000237-000237,SO2026-000237,1,4,2026-02-07,2026-02-28,2026-02-08,2026-02-07,JCPenney,JCPenney,,,USD,417.00,417.00,417.00,417.00,0.00,0,0.00,0,0.00,0.00,0.00,,,,,417.00,,0.00,,,,,,,,,,,,,,,,,,,,,30007,10575,30007-2026-000237,,,,,,,,JCPenney Shipping,,JCPenney Stores,213 Gateway Rd,Dock 13,San Diego,CA,92106,San Diego,USA,ship-jcpenney@example.com,(619) 555-2206,,,,,,,,,,,,,,,,,,2026-02-07,,CAMILA-06-TAUPE-B12,,,,EA,,,,,,,3,3,0,0,,96.00,96.00,288.00,288.00,0,0,0,FALSE,TRUE,FALSE,FALSE,,,,,,,,,,,
INV-SO2026-000238-000238,SO2026-000238,1,4,2026-01-21,2026-02-28,2026-01-23,2026-01-21,Veeqo-Amazon,Veeqo Amazon,,,USD,75.75,81.68,81.68,75.75,0.00,0,0.00,0,0.00,5.93,0.00,,,,,81.68,,0.00,,,,,,,,,,,,,,,,,,,,,10016,10579,10016-2026-000238,,,,,,,,Veeqo Amazon Shipping,,Veeqo Amazon Retail,202 Distribution Way,Dock 2,Irvine,CA,92603,Orange,USA,ship-veeqo-amazon@example.com,(949) 555-1106,,,,,,,,,,,,,,,,,,2026-01-21,,AVIANA-06-PINK-5.5,,,,EA,,,,,,,4,4,0,0,,16.25,16.25,65.00,65.00,0,0,0,FALSE,TRUE,FALSE,FALSE,,,,,,,,,,,
INV-SO2026-000238-000238,SO2026-000238,1,4,2026-01-21,2026-02-28,2026-01-23,2026-01-21,Veeqo-Amazon,Veeqo Amazon,,,USD,75.75,81.68,81.68,75.75,0.00,0,0.00,0,0.00,5.93,0.00,,,,,81.68,,0.00,,,,,,,,,,,,,,,,,,,,,10016,10579,10016-2026-000238,,,,,,,,Veeqo Amazon Shipping,,Veeqo Amazon Retail,202 Distribution Way,Dock 2,Irvine,CA,92603,Orange,USA,ship-veeqo-amazon@example.com,(949) 555-1106,,,,,,,,,,,,,,,,,,2026-01-21,,CORA-01-BLK-9,,,,EA,,,,,,,1,1,0,0,,10.75,10.75,10.75,10.75,0,0,0,FALSE,TRUE,FALSE,FALSE,,,,,,,,,,,
INV-SO2026-000239-000239,SO2026-000239,1,4,2026-02-13,2026-02-28,2026-02-13,2026-02-13,Veeqo-Amazon,Veeqo Amazon,,,USD,146.75,155.47,155.47,146.75,0.00,0,0.00,0,0.00,8.72,0.00,,,,,155.47,,0.00,,,,,,,,,,,,,,,,,,,,,10016,10579,10016-2026-000239,,,,,,,,Veeqo Amazon Shipping,,Veeqo Amazon Retail,202 Distribution Way,Dock 2,Irvine,CA,92603,Orange,USA,ship-veeqo-amazon@example.com,(949) 555-1106,,,,,,,,,,,,,,,,,,2026-02-13,,F13031C-1742VNTGCO-31-STD,,,,EA,,,,,,,4,4,0,0,,34.00,34.00,136.00,136.00,0,0,0,FALSE,TRUE,FALSE,FALSE,,,,,,,,,,,
INV-SO2026-000239-000239,SO2026-000239,1,4,2026-02-13,2026-02-28,2026-02-13,2026-02-13,Veeqo-Amazon,Veeqo Amazon,,,USD,146.75,155.47,155.47,146.75,0.00,0,0.00,0,0.00,8.72,0.00,,,,,155.47,,0.00,,,,,,,,,,,,,,,,,,,,,10016,10579,10016-2026-000239,,,,,,,,Veeqo Amazon Shipping,,Veeqo Amazon Retail,202 Distribution Way,Dock 2,Irvine,CA,92603,Orange,USA,ship-veeqo-amazon@example.com,(949) 555-1106,,,,,,,,,,,,,,,,,,2026-02-13,,CORA-01-LEOP-7,,,,EA,,,,,,,1,1,0,0,,10.75,10.75,10.75,10.75,0,0,0,FALSE,TRUE,FALSE,FALSE,,,,,,,,,,,
INV-SO2026-000240-000240,SO2026-000240,1,4,2026-02-07,2026-02-28,2026-02-09,2026-02-08,AMZ-eCom,AMZ eCom,,,USD,78.00,85.82,85.82,78.00,0.00,0,0.00,0,0.00,7.82,0.00,,,,,85.82,,0.00,,,,,,,,,,,,,,,,,,,,,10001,10565,10001-2026-000240,,,,,,,,AMZ eCom Shipping,,AMZ eCom Retail,201 Harbor Ave,Dock 1,Los Angeles,CA,90002,Los Angeles,USA,ship-amz-ecom@example.com,(213) 555-1006,,,,,,,,,,,,,,,,,,2026-02-07,,CAMILA-06-BLACK-5.5,,,,EA,,,,,,,4,4,0,0,,8.00,8.00,32.00,32.00,0,0,0,FALSE,TRUE,FALSE,FALSE,,,,,,,,,,,
INV-SO2026-000240-000240,SO2026-000240,1,4,2026-02-07,2026-02-28,2026-02-09,2026-02-08,AMZ-eCom,AMZ eCom,,,USD,78.00,85.82,85.82,78.00,0.00,0,0.00,0,0.00,7.82,0.00,,,,,85.82,,0.00,,,,,,,,,,,,,,,,,,,,,10001,10565,10001-2026-000240,,,,,,,,AMZ eCom Shipping,,AMZ eCom Retail,201 Harbor Ave,Dock 1,Los Angeles,CA,90002,Los Angeles,USA,ship-amz-ecom@example.com,(213) 555-1006,,,,,,,,,,,,,,,,,,2026-02-07,,ADELINE-02-WHITE-10,,,,EA,,,,,,,4,4,0,0,,11.50,11.50,46.00,46.00,0,0,0,FALSE,TRUE,FALSE,FALSE,,,,,,,,,,,
INV-SO2026-000241-000241,SO2026-000241,1,4,2026-02-23,2026-02-28,2026-02-25,2026-02-23,Mirakl-HudsonsB,Mirakl HudsonsB,,,USD,434.00,444.03,444.03,434.00,0.00,0,0.00,0,0.00,10.03,0.00,,,,,444.03,,0.00,,,,,,,,,,,,,,,,,,,,,10005,10577,10005-2026-000241,,,,,,,,Mirakl HudsonsB Shipping,,Mirakl HudsonsB Network,212 Quail Hill Pkwy,Dock 12,Irvine,CA,92607,Orange,USA,ship-mirakl-hudsonsb@example.com,(949) 555-2106,,,,,,,,,,,,,,,,,,2026-02-23,,ADELINE-03-BROWN-10,,,,EA,,,,,,,4,4,0,0,,18.50,18.50,74.00,74.00,0,0,0,FALSE,TRUE,FALSE,FALSE,,,,,,,,,,,
INV-SO2026-000241-000241,SO2026-000241,1,4,2026-02-23,2026-02-28,2026-02-25,2026-02-23,Mirakl-HudsonsB,Mirakl HudsonsB,,,USD,434.00,444.03,444.03,434.00,0.00,0,0.00,0,0.00,10.03,0.00,,,,,444.03,,0.00,,,,,,,,,,,,,,,,,,,,,10005,10577,10005-2026-000241,,,,,,,,Mirakl HudsonsB Shipping,,Mirakl HudsonsB Network,212 Quail Hill Pkwy,Dock 12,Irvine,CA,92607,Orange,USA,ship-mirakl-hudsonsb@example.com,(949) 555-2106,,,,,,,,,,,,,,,,,,2026-02-23,,F13031C-1742VNTGDM-28-STD,,,,EA,,,,,,,3,3,0,0,,34.00,34.00,102.00,102.00,0,0,0,FALSE,TRUE,FALSE,FALSE,,,,,,,,,,,
INV-SO2026-000241-000241,SO2026-000241,1,4,2026-02-23,2026-02-28,2026-02-25,2026-02-23,Mirakl-HudsonsB,Mirakl HudsonsB,,,USD,434.00,444.03,444.03,434.00,0.00,0,0.00,0,0.00,10.03,0.00,,,,,444.03,,0.00,,,,,,,,,,,,,,,,,,,,,10005,10577,10005-2026-000241,,,,,,,,Mirakl HudsonsB Shipping,,Mirakl HudsonsB Network,212 Quail Hill Pkwy,Dock 12,Irvine,CA,92607,Orange,USA,ship-mirakl-hudsonsb@example.com,(949) 555-2106,,,,,,,,,,,,,,,,,,2026-02-23,,CORA-01-CAME-B12,,,,EA,,,,,,,2,2,0,0,,129.00,129.00,258.00,258.00,0,0,0,FALSE,TRUE,FALSE,FALSE,,,,,,,,,,,
INV-SO2026-000242-000242,SO2026-000242,1,4,2026-01-04,2026-02-28,2026-01-04,2026-01-08,Macys,Macys,,,USD,177.50,189.52,189.52,177.50,0.00,0,0.00,0,0.00,12.02,0.00,,,,,189.52,,0.00,,,,,,,,,,,,,,,,,,,,,30005,10574,30005-2026-000242,,,,,,,,Macys Shipping,,Macys Stores,215 King St,Dock 15,San Francisco,CA,94107,San Francisco,USA,ship-macys@example.com,(415) 555-2406,,,,,,,,,,,,,,,,,,2026-01-04,,ASTRID-01-BLACK-6.5,,,,EA,,,,,,,2,2,0,0,,20.75,20.75,41.50,41.50,0,0,0,FALSE,TRUE,FALSE,FALSE,,,,,,,,,,,
INV-SO2026-000242-000242,SO2026-000242,1,4,2026-01-04,2026-02-28,2026-01-04,2026-01-08,Macys,Macys,,,USD,177.50,189.52,189.52,177.50,0.00,0,0.00,0,0.00,12.02,0.00,,,,,189.52,,0.00,,,,,,,,,,,,,,,,,,,,,30005,10574,30005-2026-000242,,,,,,,,Macys Shipping,,Macys Stores,215 King St,Dock 15,San Francisco,CA,94107,San Francisco,USA,ship-macys@example.com,(415) 555-2406,,,,,,,,,,,,,,,,,,2026-01-04,,F13031C-1742VNTGBJ-25-STD,,,,EA,,,,,,,4,4,0,0,,34.00,34.00,136.00,136.00,0,0,0,FALSE,TRUE,FALSE,FALSE,,,,,,,,,,,
INV-SO2026-000243-000243,SO2026-000243,1,4,2026-02-05,2026-02-28,2026-02-07,2026-02-08,Etsy-LS,Etsy LS,,,USD,41.50,54.76,54.76,41.50,0.00,0,0.00,0,0.00,13.26,0.00,,,,,54.76,,0.00,,,,,,,,,,,,,,,,,,,,,10008,10571,10008-2026-000243,,,,,,,,Etsy LS Shipping,,Etsy LS Marketplace,205 Mission St,Dock 5,San Francisco,CA,94103,San Francisco,USA,ship-etsy-ls@example.com,(415) 555-1406,,,,,,,,,,,,,,,,,,2026-02-05,,ASTRID-01-BLUSH-6.5,,,,EA,,,,,,,2,2,0,0,,20.75,20.75,41.50,41.50,0,0,0,FALSE,TRUE,FALSE,FALSE,,,,,,,,,,,
INV-SO2026-000244-000244,SO2026-000244,1,4,2026-01-24,2026-02-28,2026-01-25,2026-01-25,Squarespace,Squarespace,,,USD,73.75,75.75,75.75,73.75,0.00,0,0.00,0,0.00,2.00,0.00,,,,,75.75,,0.00,,,,,,,,,,,,,,,,,,,,,20006,10582,20006-2026-000244,,,,,,,,Squarespace Shipping,,Squarespace Digital,218 Camino Del Rio,Dock 18,San Diego,CA,92108,San Diego,USA,ship-squarespace@example.com,(619) 555-2706,,,,,,,,,,,,,,,,,,2026-01-24,,CORA-01-BLK-7.5,,,,EA,,,,,,,3,3,0,0,,10.75,10.75,32.25,32.25,0,0,0,FALSE,TRUE,FALSE,FALSE,,,,,,,,,,,
INV-SO2026-000244-000244,SO2026-000244,1,4,2026-01-24,2026-02-28,2026-01-25,2026-01-25,Squarespace,Squarespace,,,USD,73.75,75.75,75.75,73.75,0.00,0,0.00,0,0.00,2.00,0.00,,,,,75.75,,0.00,,,,,,,,,,,,,,,,,,,,,20006,10582,20006-2026-000244,,,,,,,,Squarespace Shipping,,Squarespace Digital,218 Camino Del Rio,Dock 18,San Diego,CA,92108,San Diego,USA,ship-squarespace@example.com,(619) 555-2706,,,,,,,,,,,,,,,,,,2026-01-24,,ASTRID-01-GREY-7.5,,,,EA,,,,,,,2,2,0,0,,20.75,20.75,41.50,41.50,0,0,0,FALSE,TRUE,FALSE,FALSE,,,,,,,,,,,
INV-SO2026-000245-000245,SO2026-000245,1,4,2026-02-17,2026-02-28,2026-02-17,2026-02-21,AMZ-eCom,AMZ eCom,,,USD,96.00,96.00,96.00,96.00,0.00,0,0.00,0,0.00,0.00,0.00,,,,,96.00,,0.00,,,,,,,,,,,,,,,,,,,,,10001,10565,10001-2026-000245,,,,,,,,AMZ eCom Shipping,,AMZ eCom Retail,201 Harbor Ave,Dock 1,Los Angeles,CA,90002,Los Angeles,USA,ship-amz-ecom@example.com,(213) 555-1006,,,,,,,,,,,,,,,,,,2026-02-17,,173451-1183CITIZEN-25-STD,,,,EA,,,,,,,4,4,0,0,,24.00,24.00,96.00,96.00,0,0,0,FALSE,TRUE,FALSE,FALSE,,,,,,,,,,,
INV-SO2026-000246-000246,SO2026-000246,1,4,2026-02-09,2026-02-28,2026-02-11,2026-02-10,Mirakl-Kohls,Mirakl Kohls,,,USD,64.25,65.00,65.00,64.25,0.00,0,0.00,0,0.00,0.75,0.00,,,,,65.00,,0.00,,,,,,,,,,,,,,,,,,,,,10013,10576,10013-2026-000246,,,,,,,,Mirakl Kohls Shipping,,Mirakl Kohls Network,214 Silver Creek Rd,Dock 14,San Jose,CA,95115,Santa Clara,USA,ship-mirakl-kohls@example.com,(408) 555-2306,,,,,,,,,,,,,,,,,,2026-02-09,,CORA-01-FUCH-7.5,,,,EA,,,,,,,3,3,0,0,,10.75,10.75,32.25,32.25,0,0,0,FALSE,TRUE,FALSE,FALSE,,,,,,,,,,,
INV-SO2026-000246-000246,SO2026-000246,1,4,2026-02-09,2026-02-28,2026-02-11,2026-02-10,Mirakl-Kohls,Mirakl Kohls,,,USD,64.25,65.00,65.00,64.25,0.00,0,0.00,0,0.00,0.75,0.00,,,,,65.00,,0.00,,,,,,,,,,,,,,,,,,,,,10013,10576,10013-2026-000246,,,,,,,,Mirakl Kohls Shipping,,Mirakl Kohls Network,214 Silver Creek Rd,Dock 14,San Jose,CA,95115,Santa Clara,USA,ship-mirakl-kohls@example.com,(408) 555-2306,,,,,,,,,,,,,,,,,,2026-02-09,,CAMILA-06-GREEN-9,,,,EA,,,,,,,4,4,0,0,,8.00,8.00,32.00,32.00,0,0,0,FALSE,TRUE,FALSE,FALSE,,,,,,,,,,,
INV-SO2026-000247-000247,SO2026-000247,1,4,2026-02-25,2026-02-28,2026-02-27,2026-02-28,Magento,Magento,,,USD,220.00,234.60,234.60,220.00,0.00,0,0.00,0,0.00,14.60,0.00,,,,,234.60,,0.00,,,,,,,,,,,,,,,,,,,,,20003,10581,20003-2026-000247,,,,,,,,Magento Shipping,,Magento Platform,216 Century Blvd,Dock 16,Los Angeles,CA,90008,Los Angeles,USA,ship-magento@example.com,(213) 555-2506,,,,,,,,,,,,,,,,,,2026-02-25,,FD3601033-3022FROZENPD-XL-STD,,,,EA,,,,,,,4,4,0,0,,49.00,49.00,196.00,196.00,0,0,0,FALSE,TRUE,FALSE,FALSE,,,,,,,,,,,
INV-SO2026-000247-000247,SO2026-000247,1,4,2026-02-25,2026-02-28,2026-02-27,2026-02-28,Magento,Magento,,,USD,220.00,234.60,234.60,220.00,0.00,0,0.00,0,0.00,14.60,0.00,,,,,234.60,,0.00,,,,,,,,,,,,,,,,,,,,,20003,10581,20003-2026-000247,,,,,,,,Magento Shipping,,Magento Platform,216 Century Blvd,Dock 16,Los Angeles,CA,90008,Los Angeles,USA,ship-magento@example.com,(213) 555-2506,,,,,,,,,,,,,,,,,,2026-02-25,,CAMILA-06-GREEN-8,,,,EA,,,,,,,3,3,0,0,,8.00,8.00,24.00,24.00,0,0,0,FALSE,TRUE,FALSE,FALSE,,,,,,,,,,,
INV-SO2026-000248-000248,SO2026-000248,1,4,2026-02-08,2026-02-28,2026-02-09,2026-02-09,Etsy-LS,Etsy LS,,,USD,41.50,50.87,50.87,41.50,0.00,0,0.00,0,0.00,9.37,0.00,,,,,50.87,,0.00,,,,,,,,,,,,,,,,,,,,,10008,10571,10008-2026-000248,,,,,,,,Etsy LS Shipping,,Etsy LS Marketplace,205 Mission St,Dock 5,San Francisco,CA,94103,San Francisco,USA,ship-etsy-ls@example.com,(415) 555-1406,,,,,,,,,,,,,,,,,,2026-02-08,,AUSTIN-06-BLUSH-7,,,,EA,,,,,,,2,2,0,0,,10.00,10.00,20.00,20.00,0,0,0,FALSE,TRUE,FALSE,FALSE,,,,,,,,,,,
INV-SO2026-000248-000248,SO2026-000248,1,4,2026-02-08,2026-02-28,2026-02-09,2026-02-09,Etsy-LS,Etsy LS,,,USD,41.50,50.87,50.87,41.50,0.00,0,0.00,0,0.00,9.37,0.00,,,,,50.87,,0.00,,,,,,,,,,,,,,,,,,,,,10008,10571,10008-2026-000248,,,,,,,,Etsy LS Shipping,,Etsy LS Marketplace,205 Mission St,Dock 5,San Francisco,CA,94103,San Francisco,USA,ship-etsy-ls@example.com,(415) 555-1406,,,,,,,,,,,,,,,,,,2026-02-08,,CORA-01-TAUP-7,,,,EA,,,,,,,2,2,0,0,,10.75,10.75,21.50,21.50,0,0,0,FALSE,TRUE,FALSE,FALSE,,,,,,,,,,,
INV-SO2026-000249-000249,SO2026-000249,1,4,2026-01-11,2026-02-10,2026-01-11,2026-01-11,JCPenney,JCPenney,,,USD,142.00,142.00,142.00,142.00,0.00,0,0.00,0,0.00,0.00,0.00,,,,,142.00,,0.00,,,,,,,,,,,,,,,,,,,,,30007,10575,30007-2026-000249,,,,,,,,JCPenney Shipping,,JCPenney Stores,213 Gateway Rd,Dock 13,San Diego,CA,92106,San Diego,USA,ship-jcpenney@example.com,(619) 555-2206,,,,,,,,,,,,,,,,,,2026-01-11,,173451-1183CITIZEN-15-STD,,,,EA,,,,,,,4,4,0,0,,24.00,24.00,96.00,96.00,0,0,0,FALSE,TRUE,FALSE,FALSE,,,,,,,,,,,
INV-SO2026-000249-000249,SO2026-000249,1,4,2026-01-11,2026-02-10,2026-01-11,2026-01-11,JCPenney,JCPenney,,,USD,142.00,142.00,142.00,142.00,0.00,0,0.00,0,0.00,0.00,0.00,,,,,142.00,,0.00,,,,,,,,,,,,,,,,,,,,,30007,10575,30007-2026-000249,,,,,,,,JCPenney Shipping,,JCPenney Stores,213 Gateway Rd,Dock 13,San Diego,CA,92106,San Diego,USA,ship-jcpenney@example.com,(619) 555-2206,,,,,,,,,,,,,,,,,,2026-01-11,,ADELINE-02-CAMEL-8,,,,EA,,,,,,,4,4,0,0,,11.50,11.50,46.00,46.00,0,0,0,FALSE,TRUE,FALSE,FALSE,,,,,,,,,,,
INV-SO2026-000250-000250,SO2026-000250,1,4,2026-01-31,2026-02-28,2026-02-02,2026-02-05,Etsy-VS,Etsy VS,,,USD,95.50,105.80,105.80,95.50,0.00,0,0.00,0,0.00,10.30,0.00,,,,,105.80,,0.00,,,,,,,,,,,,,,,,,,,,,10008,10572,10008-2026-000250,,,,,,,,Etsy VS Shipping,,Etsy VS Marketplace,206 Pacific Hwy,Dock 6,Los Angeles,CA,90004,Los Angeles,USA,ship-etsy-vs@example.com,(213) 555-1506,,,,,,,,,,,,,,,,,,2026-01-31,,ADELINE-03-TAUPE-6,,,,EA,,,,,,,4,4,0,0,,18.50,18.50,74.00,74.00,0,0,0,FALSE,TRUE,FALSE,FALSE,,,,,,,,,,,
INV-SO2026-000250-000250,SO2026-000250,1,4,2026-01-31,2026-02-28,2026-02-02,2026-02-05,Etsy-VS,Etsy VS,,,USD,95.50,105.80,105.80,95.50,0.00,0,0.00,0,0.00,10.30,0.00,,,,,105.80,,0.00,,,,,,,,,,,,,,,,,,,,,10008,10572,10008-2026-000250,,,,,,,,Etsy VS Shipping,,Etsy VS Marketplace,206 Pacific Hwy,Dock 6,Los Angeles,CA,90004,Los Angeles,USA,ship-etsy-vs@example.com,(213) 555-1506,,,,,,,,,,,,,,,,,,2026-01-31,,CORA-01-CAME-5.5,,,,EA,,,,,,,2,2,0,0,,10.75,10.75,21.50,21.50,0,0,0,FALSE,TRUE,FALSE,FALSE,,,,,,,,,,,
INV-SO2026-000251-000251,SO2026-000251,1,4,2026-01-22,2026-02-28,2026-01-24,2026-01-27,Squarespace,Squarespace,,,USD,294.00,302.52,302.52,294.00,0.00,0,0.00,0,0.00,8.52,0.00,,,,,302.52,,0.00,,,,,,,,,,,,,,,,,,,,,20006,10582,20006-2026-000251,,,,,,,,Squarespace Shipping,,Squarespace Digital,218 Camino Del Rio,Dock 18,San Diego,CA,92108,San Diego,USA,ship-squarespace@example.com,(619) 555-2706,,,,,,,,,,,,,,,,,,2026-01-22,,FD3601734-MEDBLEACH-M-STD,,,,EA,,,,,,,3,3,0,0,,98.00,98.00,294.00,294.00,0,0,0,FALSE,TRUE,FALSE,FALSE,,,,,,,,,,,
INV-SO2026-000252-000252,SO2026-000252,1,4,2026-02-07,2026-02-28,2026-02-09,2026-02-07,JCPenney,JCPenney,,,USD,156.00,159.00,159.00,156.00,0.00,0,0.00,0,0.00,3.00,0.00,,,,,159.00,,0.00,,,,,,,,,,,,,,,,,,,,,30007,10575,30007-2026-000252,,,,,,,,JCPenney Shipping,,JCPenney Stores,213 Gateway Rd,Dock 13,San Diego,CA,92106,San Diego,USA,ship-jcpenney@example.com,(619) 555-2206,,,,,,,,,,,,,,,,,,2026-02-07,,FA16023WV-SLATE,,,,EA,,,,,,,4,4,0,0,,39.00,39.00,156.00,156.00,0,0,0,FALSE,TRUE,FALSE,FALSE,,,,,,,,,,,
INV-SO2026-000253-000253,SO2026-000253,1,4,2026-02-06,2026-02-28,2026-02-08,2026-02-11,Macys,Macys,,,USD,46.00,46.01,46.01,46.00,0.00,0,0.00,0,0.00,0.01,0.00,,,,,46.01,,0.00,,,,,,,,,,,,,,,,,,,,,30005,10574,30005-2026-000253,,,,,,,,Macys Shipping,,Macys Stores,215 King St,Dock 15,San Francisco,CA,94107,San Francisco,USA,ship-macys@example.com,(415) 555-2406,,,,,,,,,,,,,,,,,,2026-02-06,,ADELINE-02-PINK-11,,,,EA,,,,,,,4,4,0,0,,11.50,11.50,46.00,46.00,0,0,0,FALSE,TRUE,FALSE,FALSE,,,,,,,,,,,
INV-SO2026-000254-000254,SO2026-000254,1,4,2026-01-08,2026-02-22,2026-01-09,2026-01-08,Shopify,Shopify,,,USD,102.00,115.58,115.58,102.00,0.00,0,0.00,0,0.00,13.58,0.00,,,,,115.58,,0.00,,,,,,,,,,,,,,,,,,,,,20001,10580,20001-2026-000254,,,,,,,,Shopify Shipping,,Shopify Commerce,217 Barranca Pkwy,Dock 17,Irvine,CA,92609,Orange,USA,ship-shopify@example.com,(949) 555-2606,,,,,,,,,,,,,,,,,,2026-01-08,,FA13501DM-1608BLAU2-30-30,,,,EA,,,,,,,3,3,0,0,,34.00,34.00,102.00,102.00,0,0,0,FALSE,TRUE,FALSE,FALSE,,,,,,,,,,,
INV-SO2026-000255-000255,SO2026-000255,1,4,2026-01-26,2026-02-28,2026-01-26,2026-01-28,Veeqo-Amazon,Veeqo Amazon,,,USD,204.00,212.96,212.96,204.00,0.00,0,0.00,0,0.00,8.96,0.00,,,,,212.96,,0.00,,,,,,,,,,,,,,,,,,,,,10016,10579,10016-2026-000255,,,,,,,,Veeqo Amazon Shipping,,Veeqo Amazon Retail,202 Distribution Way,Dock 2,Irvine,CA,92603,Orange,USA,ship-veeqo-amazon@example.com,(949) 555-1106,,,,,,,,,,,,,,,,,,2026-01-26,,F13031C-1742VNTGBJ-28-STD,,,,EA,,,,,,,4,4,0,0,,34.00,34.00,136.00,136.00,0,0,0,FALSE,TRUE,FALSE,FALSE,,,,,,,,,,,
INV-SO2026-000255-000255,SO2026-000255,1,4,2026-01-26,2026-02-28,2026-01-26,2026-01-28,Veeqo-Amazon,Veeqo Amazon,,,USD,204.00,212.96,212.96,204.00,0.00,0,0.00,0,0.00,8.96,0.00,,,,,212.96,,0.00,,,,,,,,,,,,,,,,,,,,,10016,10579,10016-2026-000255,,,,,,,,Veeqo Amazon Shipping,,Veeqo Amazon Retail,202 Distribution Way,Dock 2,Irvine,CA,92603,Orange,USA,ship-veeqo-amazon@example.com,(949) 555-1106,,,,,,,,,,,,,,,,,,2026-01-26,,FA13501DM-RINSEWSFT-29-30,,,,EA,,,,,,,2,2,0,0,,34.00,34.00,68.00,68.00,0,0,0,FALSE,TRUE,FALSE,FALSE,,,,,,,,,,,
INV-SO2026-000256-000256,SO2026-000256,1,4,2026-02-20,2026-02-28,2026-02-21,2026-02-23,Macys,Macys,,,USD,72.25,80.57,80.57,72.25,0.00,0,0.00,0,0.00,8.32,0.00,,,,,80.57,,0.00,,,,,,,,,,,,,,,,,,,,,30005,10574,30005-2026-000256,,,,,,,,Macys Shipping,,Macys Stores,215 King St,Dock 15,San Francisco,CA,94107,San Francisco,USA,ship-macys@example.com,(415) 555-2406,,,,,,,,,,,,,,,,,,2026-02-20,,AUSTIN-06-WHITE-12,,,,EA,,,,,,,4,4,0,0,,10.00,10.00,40.00,40.00,0,0,0,FALSE,TRUE,FALSE,FALSE,,,,,,,,,,,
INV-SO2026-000256-000256,SO2026-000256,1,4,2026-02-20,2026-02-28,2026-02-21,2026-02-23,Macys,Macys,,,USD,72.25,80.57,80.57,72.25,0.00,0,0.00,0,0.00,8.32,0.00,,,,,80.57,,0.00,,,,,,,,,,,,,,,,,,,,,30005,10574,30005-2026-000256,,,,,,,,Macys Shipping,,Macys Stores,215 King St,Dock 15,San Francisco,CA,94107,San Francisco,USA,ship-macys@example.com,(415) 555-2406,,,,,,,,,,,,,,,,,,2026-02-20,,CORA-01-BLK-11,,,,EA,,,,,,,3,3,0,0,,10.75,10.75,32.25,32.25,0,0,0,FALSE,TRUE,FALSE,FALSE,,,,,,,,,,,
INV-SO2026-000257-000257,SO2026-000257,1,4,2026-02-08,2026-02-28,2026-02-09,2026-02-10,Macys,Macys,,,USD,176.00,193.64,193.64,176.00,0.00,0,0.00,0,0.00,17.64,0.00,,,,,193.64,,0.00,,,,,,,,,,,,,,,,,,,,,30005,10574,30005-2026-000257,,,,,,,,Macys Shipping,,Macys Stores,215 King St,Dock 15,San Francisco,CA,94107,San Francisco,USA,ship-macys@example.com,(415) 555-2406,,,,,,,,,,,,,,,,,,2026-02-08,,FA13501DM-1608BLAU2-26-30,,,,EA,,,,,,,4,4,0,0,,34.00,34.00,136.00,136.00,0,0,0,FALSE,TRUE,FALSE,FALSE,,,,,,,,,,,
INV-SO2026-000257-000257,SO2026-000257,1,4,2026-02-08,2026-02-28,2026-02-09,2026-02-10,Macys,Macys,,,USD,176.00,193.64,193.64,176.00,0.00,0,0.00,0,0.00,17.64,0.00,,,,,193.64,,0.00,,,,,,,,,,,,,,,,,,,,,30005,10574,30005-2026-000257,,,,,,,,Macys Shipping,,Macys Stores,215 King St,Dock 15,San Francisco,CA,94107,San Francisco,USA,ship-macys@example.com,(415) 555-2406,,,,,,,,,,,,,,,,,,2026-02-08,,AUSTIN-06-BLUSH-9.5,,,,EA,,,,,,,4,4,0,0,,10.00,10.00,40.00,40.00,0,0,0,FALSE,TRUE,FALSE,FALSE,,,,,,,,,,,
INV-SO2026-000258-000258,SO2026-000258,1,4,2026-01-07,2026-02-21,2026-01-07,2026-01-10,Walmart-eComm,Walmart eComm,,,USD,384.00,397.34,397.34,384.00,0.00,0,0.00,0,0.00,13.34,0.00,,,,,397.34,,0.00,,,,,,,,,,,,,,,,,,,,,10002,10566,10002-2026-000258,,,,,,,,Walmart eComm Shipping,,Walmart eComm Retail,220 Townsend St,Dock 20,San Francisco,CA,94109,San Francisco,USA,ship-walmart-ecomm@example.com,(415) 555-2906,,,,,,,,,,,,,,,,,,2026-01-07,,CAMILA-06-NUDE-S,,,,EA,,,,,,,4,4,0,0,,96.00,96.00,384.00,384.00,0,0,0,FALSE,TRUE,FALSE,FALSE,,,,,,,,,,,
INV-SO2026-000259-000259,SO2026-000259,1,4,2026-02-11,2026-02-28,2026-02-11,2026-02-14,Squarespace,Squarespace,,,USD,176.00,176.00,176.00,176.00,0.00,0,0.00,0,0.00,0.00,0.00,,,,,176.00,,0.00,,,,,,,,,,,,,,,,,,,,,20006,10582,20006-2026-000259,,,,,,,,Squarespace Shipping,,Squarespace Digital,218 Camino Del Rio,Dock 18,San Diego,CA,92108,San Diego,USA,ship-squarespace@example.com,(619) 555-2706,,,,,,,,,,,,,,,,,,2026-02-11,,AUSTIN-06-NUDE-12,,,,EA,,,,,,,4,4,0,0,,10.00,10.00,40.00,40.00,0,0,0,FALSE,TRUE,FALSE,FALSE,,,,,,,,,,,
INV-SO2026-000259-000259,SO2026-000259,1,4,2026-02-11,2026-02-28,2026-02-11,2026-02-14,Squarespace,Squarespace,,,USD,176.00,176.00,176.00,176.00,0.00,0,0.00,0,0.00,0.00,0.00,,,,,176.00,,0.00,,,,,,,,,,,,,,,,,,,,,20006,10582,20006-2026-000259,,,,,,,,Squarespace Shipping,,Squarespace Digital,218 Camino Del Rio,Dock 18,San Diego,CA,92108,San Diego,USA,ship-squarespace@example.com,(619) 555-2706,,,,,,,,,,,,,,,,,,2026-02-11,,F13031C-1742VNTGDM-27-STD,,,,EA,,,,,,,3,3,0,0,,34.00,34.00,102.00,102.00,0,0,0,FALSE,TRUE,FALSE,FALSE,,,,,,,,,,,
INV-SO2026-000259-000259,SO2026-000259,1,4,2026-02-11,2026-02-28,2026-02-11,2026-02-14,Squarespace,Squarespace,,,USD,176.00,176.00,176.00,176.00,0.00,0,0.00,0,0.00,0.00,0.00,,,,,176.00,,0.00,,,,,,,,,,,,,,,,,,,,,20006,10582,20006-2026-000259,,,,,,,,Squarespace Shipping,,Squarespace Digital,218 Camino Del Rio,Dock 18,San Diego,CA,92108,San Diego,USA,ship-squarespace@example.com,(619) 555-2706,,,,,,,,,,,,,,,,,,2026-02-11,,FA13501DM-1464KINGSC-26-32,,,,EA,,,,,,,1,1,0,0,,34.00,34.00,34.00,34.00,0,0,0,FALSE,TRUE,FALSE,FALSE,,,,,,,,,,,
INV-SO2026-000260-000260,SO2026-000260,1,4,2026-02-15,2026-02-28,2026-02-17,2026-02-15,Veeqo-Amazon,Veeqo Amazon,,,USD,37.00,45.38,45.38,37.00,0.00,0,0.00,0,0.00,8.38,0.00,,,,,45.38,,0.00,,,,,,,,,,,,,,,,,,,,,10016,10579,10016-2026-000260,,,,,,,,Veeqo Amazon Shipping,,Veeqo Amazon Retail,202 Distribution Way,Dock 2,Irvine,CA,92603,Orange,USA,ship-veeqo-amazon@example.com,(949) 555-1106,,,,,,,,,,,,,,,,,,2026-02-15,,ADELINE-03-BROWN-6,,,,EA,,,,,,,2,2,0,0,,18.50,18.50,37.00,37.00,0,0,0,FALSE,TRUE,FALSE,FALSE,,,,,,,,,,,
INV-SO2026-000261-000261,SO2026-000261,1,4,2026-01-03,2026-02-17,2026-01-04,2026-01-07,Mirakl-Kohls,Mirakl Kohls,,,USD,55.50,68.96,68.96,55.50,0.00,0,0.00,0,0.00,13.46,0.00,,,,,68.96,,0.00,,,,,,,,,,,,,,,,,,,,,10013,10576,10013-2026-000261,,,,,,,,Mirakl Kohls Shipping,,Mirakl Kohls Network,214 Silver Creek Rd,Dock 14,San Jose,CA,95115,Santa Clara,USA,ship-mirakl-kohls@example.com,(408) 555-2306,,,,,,,,,,,,,,,,,,2026-01-03,,ADELINE-03-BROWN-5.5,,,,EA,,,,,,,3,3,0,0,,18.50,18.50,55.50,55.50,0,0,0,FALSE,TRUE,FALSE,FALSE,,,,,,,,,,,
INV-SO2026-000262-000262,SO2026-000262,1,4,2026-01-08,2026-02-07,2026-01-08,2026-01-13,Magento,Magento,,,USD,128.00,144.01,144.01,128.00,0.00,0,0.00,0,0.00,16.01,0.00,,,,,144.01,,0.00,,,,,,,,,,,,,,,,,,,,,20003,10581,20003-2026-000262,,,,,,,,Magento Shipping,,Magento Platform,216 Century Blvd,Dock 16,Los Angeles,CA,90008,Los Angeles,USA,ship-magento@example.com,(213) 555-2506,,,,,,,,,,,,,,,,,,2026-01-08,,173451-1183CITIZEN-7-34,,,,EA,,,,,,,2,2,0,0,,24.00,24.00,48.00,48.00,0,0,0,FALSE,TRUE,FALSE,FALSE,,,,,,,,,,,
INV-SO2026-000262-000262,SO2026-000262,1,4,2026-01-08,2026-02-07,2026-01-08,2026-01-13,Magento,Magento,,,USD,128.00,144.01,144.01,128.00,0.00,0,0.00,0,0.00,16.01,0.00,,,,,144.01,,0.00,,,,,,,,,,,,,,,,,,,,,20003,10581,20003-2026-000262,,,,,,,,Magento Shipping,,Magento Platform,216 Century Blvd,Dock 16,Los Angeles,CA,90008,Los Angeles,USA,ship-magento@example.com,(213) 555-2506,,,,,,,,,,,,,,,,,,2026-01-08,,173451-1183CITIZEN-23-STD,,,,EA,,,,,,,3,3,0,0,,24.00,24.00,72.00,72.00,0,0,0,FALSE,TRUE,FALSE,FALSE,,,,,,,,,,,
INV-SO2026-000262-000262,SO2026-000262,1,4,2026-01-08,2026-02-07,2026-01-08,2026-01-13,Magento,Magento,,,USD,128.00,144.01,144.01,128.00,0.00,0,0.00,0,0.00,16.01,0.00,,,,,144.01,,0.00,,,,,,,,,,,,,,,,,,,,,20003,10581,20003-2026-000262,,,,,,,,Magento Shipping,,Magento Platform,216 Century Blvd,Dock 16,Los Angeles,CA,90008,Los Angeles,USA,ship-magento@example.com,(213) 555-2506,,,,,,,,,,,,,,,,,,2026-01-08,,CAMILA-06-TAUPE-11,,,,EA,,,,,,,1,1,0,0,,8.00,8.00,8.00,8.00,0,0,0,FALSE,TRUE,FALSE,FALSE,,,,,,,,,,,
INV-SO2026-000263-000263,SO2026-000263,1,4,2026-01-06,2026-02-28,2026-01-06,2026-01-10,Macys,Macys,,,USD,120.50,137.76,137.76,120.50,0.00,0,0.00,0,0.00,17.26,0.00,,,,,137.76,,0.00,,,,,,,,,,,,,,,,,,,,,30005,10574,30005-2026-000263,,,,,,,,Macys Shipping,,Macys Stores,215 King St,Dock 15,San Francisco,CA,94107,San Francisco,USA,ship-macys@example.com,(415) 555-2406,,,,,,,,,,,,,,,,,,2026-01-06,,F13031C-1742VNTGST-28-STD,,,,EA,,,,,,,3,3,0,0,,34.00,34.00,102.00,102.00,0,0,0,FALSE,TRUE,FALSE,FALSE,,,,,,,,,,,
INV-SO2026-000263-000263,SO2026-000263,1,4,2026-01-06,2026-02-28,2026-01-06,2026-01-10,Macys,Macys,,,USD,120.50,137.76,137.76,120.50,0.00,0,0.00,0,0.00,17.26,0.00,,,,,137.76,,0.00,,,,,,,,,,,,,,,,,,,,,30005,10574,30005-2026-000263,,,,,,,,Macys Shipping,,Macys Stores,215 King St,Dock 15,San Francisco,CA,94107,San Francisco,USA,ship-macys@example.com,(415) 555-2406,,,,,,,,,,,,,,,,,,2026-01-06,,ADELINE-03-BLUE-8.5,,,,EA,,,,,,,1,1,0,0,,18.50,18.50,18.50,18.50,0,0,0,FALSE,TRUE,FALSE,FALSE,,,,,,,,,,,
INV-SO2026-000264-000264,SO2026-000264,1,4,2026-01-22,2026-02-21,2026-01-24,2026-01-23,JCPenney,JCPenney,,,USD,97.00,111.50,111.50,97.00,0.00,0,0.00,0,0.00,14.50,0.00,,,,,111.50,,0.00,,,,,,,,,,,,,,,,,,,,,30007,10575,30007-2026-000264,,,,,,,,JCPenney Shipping,,JCPenney Stores,213 Gateway Rd,Dock 13,San Diego,CA,92106,San Diego,USA,ship-jcpenney@example.com,(619) 555-2206,,,,,,,,,,,,,,,,,,2026-01-22,,AUSTIN-06-NUDE-7,,,,EA,,,,,,,1,1,0,0,,10.00,10.00,10.00,10.00,0,0,0,FALSE,TRUE,FALSE,FALSE,,,,,,,,,,,
INV-SO2026-000264-000264,SO2026-000264,1,4,2026-01-22,2026-02-21,2026-01-24,2026-01-23,JCPenney,JCPenney,,,USD,97.00,111.50,111.50,97.00,0.00,0,0.00,0,0.00,14.50,0.00,,,,,111.50,,0.00,,,,,,,,,,,,,,,,,,,,,30007,10575,30007-2026-000264,,,,,,,,JCPenney Shipping,,JCPenney Stores,213 Gateway Rd,Dock 13,San Diego,CA,92106,San Diego,USA,ship-jcpenney@example.com,(619) 555-2206,,,,,,,,,,,,,,,,,,2026-01-22,,F13T007SS-CABERNET-M-STD,,,,EA,,,,,,,3,3,0,0,,29.00,29.00,87.00,87.00,0,0,0,FALSE,TRUE,FALSE,FALSE,,,,,,,,,,,
INV-SO2026-000265-000265,SO2026-000265,1,4,2026-02-16,2026-02-28,2026-02-17,2026-02-19,Squarespace,Squarespace,,,USD,82.50,90.53,90.53,82.50,0.00,0,0.00,0,0.00,8.03,0.00,,,,,90.53,,0.00,,,,,,,,,,,,,,,,,,,,,20006,10582,20006-2026-000265,,,,,,,,Squarespace Shipping,,Squarespace Digital,218 Camino Del Rio,Dock 18,San Diego,CA,92108,San Diego,USA,ship-squarespace@example.com,(619) 555-2706,,,,,,,,,,,,,,,,,,2026-02-16,,ADELINE-03-BLUE-10,,,,EA,,,,,,,2,2,0,0,,18.50,18.50,37.00,37.00,0,0,0,FALSE,TRUE,FALSE,FALSE,,,,,,,,,,,
INV-SO2026-000265-000265,SO2026-000265,1,4,2026-02-16,2026-02-28,2026-02-17,2026-02-19,Squarespace,Squarespace,,,USD,82.50,90.53,90.53,82.50,0.00,0,0.00,0,0.00,8.03,0.00,,,,,90.53,,0.00,,,,,,,,,,,,,,,,,,,,,20006,10582,20006-2026-000265,,,,,,,,Squarespace Shipping,,Squarespace Digital,218 Camino Del Rio,Dock 18,San Diego,CA,92108,San Diego,USA,ship-squarespace@example.com,(619) 555-2706,,,,,,,,,,,,,,,,,,2026-02-16,,CORA-01-YLW-7,,,,EA,,,,,,,2,2,0,0,,10.75,10.75,21.50,21.50,0,0,0,FALSE,TRUE,FALSE,FALSE,,,,,,,,,,,
INV-SO2026-000265-000265,SO2026-000265,1,4,2026-02-16,2026-02-28,2026-02-17,2026-02-19,Squarespace,Squarespace,,,USD,82.50,90.53,90.53,82.50,0.00,0,0.00,0,0.00,8.03,0.00,,,,,90.53,,0.00,,,,,,,,,,,,,,,,,,,,,20006,10582,20006-2026-000265,,,,,,,,Squarespace Shipping,,Squarespace Digital,218 Camino Del Rio,Dock 18,San Diego,CA,92108,San Diego,USA,ship-squarespace@example.com,(619) 555-2706,,,,,,,,,,,,,,,,,,2026-02-16,,173451-1183CITIZEN-9-34,,,,EA,,,,,,,1,1,0,0,,24.00,24.00,24.00,24.00,0,0,0,FALSE,TRUE,FALSE,FALSE,,,,,,,,,,,
INV-SO2026-000266-000266,SO2026-000266,1,4,2026-01-11,2026-02-25,2026-01-13,2026-01-12,Mirakl-Kohls,Mirakl Kohls,,,USD,333.00,335.97,335.97,333.00,0.00,0,0.00,0,0.00,2.97,0.00,,,,,335.97,,0.00,,,,,,,,,,,,,,,,,,,,,10013,10576,10013-2026-000266,,,,,,,,Mirakl Kohls Shipping,,Mirakl Kohls Network,214 Silver Creek Rd,Dock 14,San Jose,CA,95115,Santa Clara,USA,ship-mirakl-kohls@example.com,(408) 555-2306,,,,,,,,,,,,,,,,,,2026-01-11,,AVIANA-06-BLACK-7,,,,EA,,,,,,,4,4,0,0,,16.25,16.25,65.00,65.00,0,0,0,FALSE,TRUE,FALSE,FALSE,,,,,,,,,,,
INV-SO2026-000266-000266,SO2026-000266,1,4,2026-01-11,2026-02-25,2026-01-13,2026-01-12,Mirakl-Kohls,Mirakl Kohls,,,USD,333.00,335.97,335.97,333.00,0.00,0,0.00,0,0.00,2.97,0.00,,,,,335.97,,0.00,,,,,,,,,,,,,,,,,,,,,10013,10576,10013-2026-000266,,,,,,,,Mirakl Kohls Shipping,,Mirakl Kohls Network,214 Silver Creek Rd,Dock 14,San Jose,CA,95115,Santa Clara,USA,ship-mirakl-kohls@example.com,(408) 555-2306,,,,,,,,,,,,,,,,,,2026-01-11,,CORA-01-TAUP-S,,,,EA,,,,,,,2,2,0,0,,129.00,129.00,258.00,258.00,0,0,0,FALSE,TRUE,FALSE,FALSE,,,,,,,,,,,
INV-SO2026-000266-000266,SO2026-000266,1,4,2026-01-11,2026-02-25,2026-01-13,2026-01-12,Mirakl-Kohls,Mirakl Kohls,,,USD,333.00,335.97,335.97,333.00,0.00,0,0.00,0,0.00,2.97,0.00,,,,,335.97,,0.00,,,,,,,,,,,,,,,,,,,,,10013,10576,10013-2026-000266,,,,,,,,Mirakl Kohls Shipping,,Mirakl Kohls Network,214 Silver Creek Rd,Dock 14,San Jose,CA,95115,Santa Clara,USA,ship-mirakl-kohls@example.com,(408) 555-2306,,,,,,,,,,,,,,,,,,2026-01-11,,AUSTIN-06-WHITE-8,,,,EA,,,,,,,1,1,0,0,,10.00,10.00,10.00,10.00,0,0,0,FALSE,TRUE,FALSE,FALSE,,,,,,,,,,,
INV-SO2026-000267-000267,SO2026-000267,1,4,2026-02-02,2026-02-28,2026-02-02,2026-02-03,Mirakl-Kohls,Mirakl Kohls,,,USD,57.00,70.04,70.04,57.00,0.00,0,0.00,0,0.00,13.04,0.00,,,,,70.04,,0.00,,,,,,,,,,,,,,,,,,,,,10013,10576,10013-2026-000267,,,,,,,,Mirakl Kohls Shipping,,Mirakl Kohls Network,214 Silver Creek Rd,Dock 14,San Jose,CA,95115,Santa Clara,USA,ship-mirakl-kohls@example.com,(408) 555-2306,,,,,,,,,,,,,,,,,,2026-02-02,,ADELINE-02-PINK-5.5,,,,EA,,,,,,,2,2,0,0,,11.50,11.50,23.00,23.00,0,0,0,FALSE,TRUE,FALSE,FALSE,,,,,,,,,,,
INV-SO2026-000267-000267,SO2026-000267,1,4,2026-02-02,2026-02-28,2026-02-02,2026-02-03,Mirakl-Kohls,Mirakl Kohls,,,USD,57.00,70.04,70.04,57.00,0.00,0,0.00,0,0.00,13.04,0.00,,,,,70.04,,0.00,,,,,,,,,,,,,,,,,,,,,10013,10576,10013-2026-000267,,,,,,,,Mirakl Kohls Shipping,,Mirakl Kohls Network,214 Silver Creek Rd,Dock 14,San Jose,CA,95115,Santa Clara,USA,ship-mirakl-kohls@example.com,(408) 555-2306,,,,,,,,,,,,,,,,,,2026-02-02,,F13031C-1742VNTGBJ-31-STD,,,,EA,,,,,,,1,1,0,0,,34.00,34.00,34.00,34.00,0,0,0,FALSE,TRUE,FALSE,FALSE,,,,,,,,,,,
INV-SO2026-000268-000268,SO2026-000268,1,4,2026-01-17,2026-02-28,2026-01-18,2026-01-21,Macys,Macys,,,USD,43.75,46.00,46.00,43.75,0.00,0,0.00,0,0.00,2.25,0.00,,,,,46.00,,0.00,,,,,,,,,,,,,,,,,,,,,30005,10574,30005-2026-000268,,,,,,,,Macys Shipping,,Macys Stores,215 King St,Dock 15,San Francisco,CA,94107,San Francisco,USA,ship-macys@example.com,(415) 555-2406,,,,,,,,,,,,,,,,,,2026-01-17,,ADELINE-02-WHITE-6,,,,EA,,,,,,,1,1,0,0,,11.50,11.50,11.50,11.50,0,0,0,FALSE,TRUE,FALSE,FALSE,,,,,,,,,,,
INV-SO2026-000268-000268,SO2026-000268,1,4,2026-01-17,2026-02-28,2026-01-18,2026-01-21,Macys,Macys,,,USD,43.75,46.00,46.00,43.75,0.00,0,0.00,0,0.00,2.25,0.00,,,,,46.00,,0.00,,,,,,,,,,,,,,,,,,,,,30005,10574,30005-2026-000268,,,,,,,,Macys Shipping,,Macys Stores,215 King St,Dock 15,San Francisco,CA,94107,San Francisco,USA,ship-macys@example.com,(415) 555-2406,,,,,,,,,,,,,,,,,,2026-01-17,,CAMILA-06-NUDE-9,,,,EA,,,,,,,2,2,0,0,,8.00,8.00,16.00,16.00,0,0,0,FALSE,TRUE,FALSE,FALSE,,,,,,,,,,,
INV-SO2026-000268-000268,SO2026-000268,1,4,2026-01-17,2026-02-28,2026-01-18,2026-01-21,Macys,Macys,,,USD,43.75,46.00,46.00,43.75,0.00,0,0.00,0,0.00,2.25,0.00,,,,,46.00,,0.00,,,,,,,,,,,,,,,,,,,,,30005,10574,30005-2026-000268,,,,,,,,Macys Shipping,,Macys Stores,215 King St,Dock 15,San Francisco,CA,94107,San Francisco,USA,ship-macys@example.com,(415) 555-2406,,,,,,,,,,,,,,,,,,2026-01-17,,AVIANA-06-WHITE-5,,,,EA,,,,,,,1,1,0,0,,16.25,16.25,16.25,16.25,0,0,0,FALSE,TRUE,FALSE,FALSE,,,,,,,,,,,
INV-SO2026-000269-000269,SO2026-000269,1,4,2026-02-01,2026-02-28,2026-02-03,2026-02-04,Etsy-LS,Etsy LS,,,USD,88.75,100.65,100.65,88.75,0.00,0,0.00,0,0.00,11.90,0.00,,,,,100.65,,0.00,,,,,,,,,,,,,,,,,,,,,10008,10571,10008-2026-000269,,,,,,,,Etsy LS Shipping,,Etsy LS Marketplace,205 Mission St,Dock 5,San Francisco,CA,94103,San Francisco,USA,ship-etsy-ls@example.com,(415) 555-1406,,,,,,,,,,,,,,,,,,2026-02-01,,FA16023WV-MIDNIGHTBLUE,,,,EA,,,,,,,2,2,0,0,,39.00,39.00,78.00,78.00,0,0,0,FALSE,TRUE,FALSE,FALSE,,,,,,,,,,,
INV-SO2026-000269-000269,SO2026-000269,1,4,2026-02-01,2026-02-28,2026-02-03,2026-02-04,Etsy-LS,Etsy LS,,,USD,88.75,100.65,100.65,88.75,0.00,0,0.00,0,0.00,11.90,0.00,,,,,100.65,,0.00,,,,,,,,,,,,,,,,,,,,,10008,10571,10008-2026-000269,,,,,,,,Etsy LS Shipping,,Etsy LS Marketplace,205 Mission St,Dock 5,San Francisco,CA,94103,San Francisco,USA,ship-etsy-ls@example.com,(415) 555-1406,,,,,,,,,,,,,,,,,,2026-02-01,,CORA-01-BLK-6,,,,EA,,,,,,,1,1,0,0,,10.75,10.75,10.75,10.75,0,0,0,FALSE,TRUE,FALSE,FALSE,,,,,,,,,,,
INV-SO2026-000270-000270,SO2026-000270,1,4,2026-02-24,2026-02-28,2026-02-26,2026-02-27,Squarespace,Squarespace,,,USD,72.00,86.34,86.34,72.00,0.00,0,0.00,0,0.00,14.34,0.00,,,,,86.34,,0.00,,,,,,,,,,,,,,,,,,,,,20006,10582,20006-2026-000270,,,,,,,,Squarespace Shipping,,Squarespace Digital,218 Camino Del Rio,Dock 18,San Diego,CA,92108,San Diego,USA,ship-squarespace@example.com,(619) 555-2706,,,,,,,,,,,,,,,,,,2026-02-24,,173451-1183CITIZEN-1-34,,,,EA,,,,,,,3,3,0,0,,24.00,24.00,72.00,72.00,0,0,0,FALSE,TRUE,FALSE,FALSE,,,,,,,,,,,
INV-SO2026-000271-000271,SO2026-000271,1,4,2026-02-04,2026-02-28,2026-02-04,2026-02-04,AMZ-eCom,AMZ eCom,,,USD,46.00,53.24,53.24,46.00,0.00,0,0.00,0,0.00,7.24,0.00,,,,,53.24,,0.00,,,,,,,,,,,,,,,,,,,,,10001,10565,10001-2026-000271,,,,,,,,AMZ eCom Shipping,,AMZ eCom Retail,201 Harbor Ave,Dock 1,Los Angeles,CA,90002,Los Angeles,USA,ship-amz-ecom@example.com,(213) 555-1006,,,,,,,,,,,,,,,,,,2026-02-04,,CAMILA-06-NUDE-10,,,,EA,,,,,,,2,2,0,0,,8.00,8.00,16.00,16.00,0,0,0,FALSE,TRUE,FALSE,FALSE,,,,,,,,,,,
INV-SO2026-000271-000271,SO2026-000271,1,4,2026-02-04,2026-02-28,2026-02-04,2026-02-04,AMZ-eCom,AMZ eCom,,,USD,46.00,53.24,53.24,46.00,0.00,0,0.00,0,0.00,7.24,0.00,,,,,53.24,,0.00,,,,,,,,,,,,,,,,,,,,,10001,10565,10001-2026-000271,,,,,,,,AMZ eCom Shipping,,AMZ eCom Retail,201 Harbor Ave,Dock 1,Los Angeles,CA,90002,Los Angeles,USA,ship-amz-ecom@example.com,(213) 555-1006,,,,,,,,,,,,,,,,,,2026-02-04,,AUSTIN-06-BLUSH-6.5,,,,EA,,,,,,,3,3,0,0,,10.00,10.00,30.00,30.00,0,0,0,FALSE,TRUE,FALSE,FALSE,,,,,,,,,,,
INV-SO2026-000272-000272,SO2026-000272,1,4,2026-02-09,2026-02-28,2026-02-10,2026-02-11,Mirakl-HudsonsB,Mirakl HudsonsB,,,USD,428.50,435.73,435.73,428.50,0.00,0,0.00,0,0.00,7.23,0.00,,,,,435.73,,0.00,,,,,,,,,,,,,,,,,,,,,10005,10577,10005-2026-000272,,,,,,,,Mirakl HudsonsB Shipping,,Mirakl HudsonsB Network,212 Quail Hill Pkwy,Dock 12,Irvine,CA,92607,Orange,USA,ship-mirakl-hudsonsb@example.com,(949) 555-2106,,,,,,,,,,,,,,,,,,2026-02-09,,ASTRID-01-GREY-9.5,,,,EA,,,,,,,2,2,0,0,,20.75,20.75,41.50,41.50,0,0,0,FALSE,TRUE,FALSE,FALSE,,,,,,,,,,,
INV-SO2026-000272-000272,SO2026-000272,1,4,2026-02-09,2026-02-28,2026-02-10,2026-02-11,Mirakl-HudsonsB,Mirakl HudsonsB,,,USD,428.50,435.73,435.73,428.50,0.00,0,0.00,0,0.00,7.23,0.00,,,,,435.73,,0.00,,,,,,,,,,,,,,,,,,,,,10005,10577,10005-2026-000272,,,,,,,,Mirakl HudsonsB Shipping,,Mirakl HudsonsB Network,212 Quail Hill Pkwy,Dock 12,Irvine,CA,92607,Orange,USA,ship-mirakl-hudsonsb@example.com,(949) 555-2106,,,,,,,,,,,,,,,,,,2026-02-09,,CORA-01-LEOP-S,,,,EA,,,,,,,3,3,0,0,,129.00,129.00,387.00,387.00,0,0,0,FALSE,TRUE,FALSE,FALSE,,,,,,,,,,,
INV-SO2026-000273-000273,SO2026-000273,1,4,2026-02-07,2026-02-28,2026-02-07,2026-02-08,Shopify,Shopify,,,USD,32.00,48.51,48.51,32.00,0.00,0,0.00,0,0.00,16.51,0.00,,,,,48.51,,0.00,,,,,,,,,,,,,,,,,,,,,20001,10580,20001-2026-000273,,,,,,,,Shopify Shipping,,Shopify Commerce,217 Barranca Pkwy,Dock 17,Irvine,CA,92609,Orange,USA,ship-shopify@example.com,(949) 555-2606,,,,,,,,,,,,,,,,,,2026-02-07,,CAMILA-06-LILAC-9,,,,EA,,,,,,,4,4,0,0,,8.00,8.00,32.00,32.00,0,0,0,FALSE,TRUE,FALSE,FALSE,,,,,,,,,,,
INV-SO2026-000274-000274,SO2026-000274,1,4,2026-01-20,2026-02-28,2026-01-20,2026-01-24,Veeqo-Amazon,Veeqo Amazon,,,USD,32.25,46.87,46.87,32.25,0.00,0,0.00,0,0.00,14.62,0.00,,,,,46.87,,0.00,,,,,,,,,,,,,,,,,,,,,10016,10579,10016-2026-000274,,,,,,,,Veeqo Amazon Shipping,,Veeqo Amazon Retail,202 Distribution Way,Dock 2,Irvine,CA,92603,Orange,USA,ship-veeqo-amazon@example.com,(949) 555-1106,,,,,,,,,,,,,,,,,,2026-01-20,,CORA-01-CAME-5,,,,EA,,,,,,,3,3,0,0,,10.75,10.75,32.25,32.25,0,0,0,FALSE,TRUE,FALSE,FALSE,,,,,,,,,,,
INV-SO2026-000275-000275,SO2026-000275,1,4,2026-01-05,2026-02-28,2026-01-06,2026-01-09,Macys,Macys,,,USD,45.50,56.70,56.70,45.50,0.00,0,0.00,0,0.00,11.20,0.00,,,,,56.70,,0.00,,,,,,,,,,,,,,,,,,,,,30005,10574,30005-2026-000275,,,,,,,,Macys Shipping,,Macys Stores,215 King St,Dock 15,San Francisco,CA,94107,San Francisco,USA,ship-macys@example.com,(415) 555-2406,,,,,,,,,,,,,,,,,,2026-01-05,,ADELINE-02-WHITE-5.5,,,,EA,,,,,,,1,1,0,0,,11.50,11.50,11.50,11.50,0,0,0,FALSE,TRUE,FALSE,FALSE,,,,,,,,,,,
INV-SO2026-000275-000275,SO2026-000275,1,4,2026-01-05,2026-02-28,2026-01-06,2026-01-09,Macys,Macys,,,USD,45.50,56.70,56.70,45.50,0.00,0,0.00,0,0.00,11.20,0.00,,,,,56.70,,0.00,,,,,,,,,,,,,,,,,,,,,30005,10574,30005-2026-000275,,,,,,,,Macys Shipping,,Macys Stores,215 King St,Dock 15,San Francisco,CA,94107,San Francisco,USA,ship-macys@example.com,(415) 555-2406,,,,,,,,,,,,,,,,,,2026-01-05,,FA13501DM-1608BLAU2-31-32,,,,EA,,,,,,,1,1,0,0,,34.00,34.00,34.00,34.00,0,0,0,FALSE,TRUE,FALSE,FALSE,,,,,,,,,,,
INV-SO2026-000276-000276,SO2026-000276,1,4,2026-02-03,2026-02-28,2026-02-03,2026-02-05,Mirakl-Kohls,Mirakl Kohls,,,USD,90.00,106.37,106.37,90.00,0.00,0,0.00,0,0.00,16.37,0.00,,,,,106.37,,0.00,,,,,,,,,,,,,,,,,,,,,10013,10576,10013-2026-000276,,,,,,,,Mirakl Kohls Shipping,,Mirakl Kohls Network,214 Silver Creek Rd,Dock 14,San Jose,CA,95115,Santa Clara,USA,ship-mirakl-kohls@example.com,(408) 555-2306,,,,,,,,,,,,,,,,,,2026-02-03,,ADELINE-03-BROWN-8,,,,EA,,,,,,,4,4,0,0,,18.50,18.50,74.00,74.00,0,0,0,FALSE,TRUE,FALSE,FALSE,,,,,,,,,,,
INV-SO2026-000276-000276,SO2026-000276,1,4,2026-02-03,2026-02-28,2026-02-03,2026-02-05,Mirakl-Kohls,Mirakl Kohls,,,USD,90.00,106.37,106.37,90.00,0.00,0,0.00,0,0.00,16.37,0.00,,,,,106.37,,0.00,,,,,,,,,,,,,,,,,,,,,10013,10576,10013-2026-000276,,,,,,,,Mirakl Kohls Shipping,,Mirakl Kohls Network,214 Silver Creek Rd,Dock 14,San Jose,CA,95115,Santa Clara,USA,ship-mirakl-kohls@example.com,(408) 555-2306,,,,,,,,,,,,,,,,,,2026-02-03,,CAMILA-06-GREEN-9.5,,,,EA,,,,,,,2,2,0,0,,8.00,8.00,16.00,16.00,0,0,0,FALSE,TRUE,FALSE,FALSE,,,,,,,,,,,
INV-SO2026-000277-000277,SO2026-000277,1,4,2026-01-09,2026-02-23,2026-01-11,2026-01-10,Shopify,Shopify,,,USD,251.50,260.22,260.22,251.50,0.00,0,0.00,0,0.00,8.72,0.00,,,,,260.22,,0.00,,,,,,,,,,,,,,,,,,,,,20001,10580,20001-2026-000277,,,,,,,,Shopify Shipping,,Shopify Commerce,217 Barranca Pkwy,Dock 17,Irvine,CA,92609,Orange,USA,ship-shopify@example.com,(949) 555-2606,,,,,,,,,,,,,,,,,,2026-01-09,,FD3601033-3022FROZENPD-S-STD,,,,EA,,,,,,,4,4,0,0,,49.00,49.00,196.00,196.00,0,0,0,FALSE,TRUE,FALSE,FALSE,,,,,,,,,,,
INV-SO2026-000277-000277,SO2026-000277,1,4,2026-01-09,2026-02-23,2026-01-11,2026-01-10,Shopify,Shopify,,,USD,251.50,260.22,260.22,251.50,0.00,0,0.00,0,0.00,8.72,0.00,,,,,260.22,,0.00,,,,,,,,,,,,,,,,,,,,,20001,10580,20001-2026-000277,,,,,,,,Shopify Shipping,,Shopify Commerce,217 Barranca Pkwy,Dock 17,Irvine,CA,92609,Orange,USA,ship-shopify@example.com,(949) 555-2606,,,,,,,,,,,,,,,,,,2026-01-09,,ADELINE-03-BLUE-7.5,,,,EA,,,,,,,3,3,0,0,,18.50,18.50,55.50,55.50,0,0,0,FALSE,TRUE,FALSE,FALSE,,,,,,,,,,,
INV-SO2026-000278-000278,SO2026-000278,1,4,2026-02-17,2026-02-28,2026-02-19,2026-02-21,Magento,Magento,,,USD,78.00,90.79,90.79,78.00,0.00,0,0.00,0,0.00,12.79,0.00,,,,,90.79,,0.00,,,,,,,,,,,,,,,,,,,,,20003,10581,20003-2026-000278,,,,,,,,Magento Shipping,,Magento Platform,216 Century Blvd,Dock 16,Los Angeles,CA,90008,Los Angeles,USA,ship-magento@example.com,(213) 555-2506,,,,,,,,,,,,,,,,,,2026-02-17,,CAMILA-06-LILAC-8.5,,,,EA,,,,,,,2,2,0,0,,8.00,8.00,16.00,16.00,0,0,0,FALSE,TRUE,FALSE,FALSE,,,,,,,,,,,
INV-SO2026-000278-000278,SO2026-000278,1,4,2026-02-17,2026-02-28,2026-02-19,2026-02-21,Magento,Magento,,,USD,78.00,90.79,90.79,78.00,0.00,0,0.00,0,0.00,12.79,0.00,,,,,90.79,,0.00,,,,,,,,,,,,,,,,,,,,,20003,10581,20003-2026-000278,,,,,,,,Magento Shipping,,Magento Platform,216 Century Blvd,Dock 16,Los Angeles,CA,90008,Los Angeles,USA,ship-magento@example.com,(213) 555-2506,,,,,,,,,,,,,,,,,,2026-02-17,,CAMILA-06-LILAC-5.5,,,,EA,,,,,,,4,4,0,0,,8.00,8.00,32.00,32.00,0,0,0,FALSE,TRUE,FALSE,FALSE,,,,,,,,,,,
INV-SO2026-000278-000278,SO2026-000278,1,4,2026-02-17,2026-02-28,2026-02-19,2026-02-21,Magento,Magento,,,USD,78.00,90.79,90.79,78.00,0.00,0,0.00,0,0.00,12.79,0.00,,,,,90.79,,0.00,,,,,,,,,,,,,,,,,,,,,20003,10581,20003-2026-000278,,,,,,,,Magento Shipping,,Magento Platform,216 Century Blvd,Dock 16,Los Angeles,CA,90008,Los Angeles,USA,ship-magento@example.com,(213) 555-2506,,,,,,,,,,,,,,,,,,2026-02-17,,AUSTIN-06-NUDE-8.5,,,,EA,,,,,,,3,3,0,0,,10.00,10.00,30.00,30.00,0,0,0,FALSE,TRUE,FALSE,FALSE,,,,,,,,,,,
INV-SO2026-000279-000279,SO2026-000279,1,4,2026-01-18,2026-02-28,2026-01-19,2026-01-23,Walmart-eComm,Walmart eComm,,,USD,107.00,108.03,108.03,107.00,0.00,0,0.00,0,0.00,1.03,0.00,,,,,108.03,,0.00,,,,,,,,,,,,,,,,,,,,,10002,10566,10002-2026-000279,,,,,,,,Walmart eComm Shipping,,Walmart eComm Retail,220 Townsend St,Dock 20,San Francisco,CA,94109,San Francisco,USA,ship-walmart-ecomm@example.com,(415) 555-2906,,,,,,,,,,,,,,,,,,2026-01-18,,ASTRID-01-BLACK-6,,,,EA,,,,,,,4,4,0,0,,20.75,20.75,83.00,83.00,0,0,0,FALSE,TRUE,FALSE,FALSE,,,,,,,,,,,
INV-SO2026-000279-000279,SO2026-000279,1,4,2026-01-18,2026-02-28,2026-01-19,2026-01-23,Walmart-eComm,Walmart eComm,,,USD,107.00,108.03,108.03,107.00,0.00,0,0.00,0,0.00,1.03,0.00,,,,,108.03,,0.00,,,,,,,,,,,,,,,,,,,,,10002,10566,10002-2026-000279,,,,,,,,Walmart eComm Shipping,,Walmart eComm Retail,220 Townsend St,Dock 20,San Francisco,CA,94109,San Francisco,USA,ship-walmart-ecomm@example.com,(415) 555-2906,,,,,,,,,,,,,,,,,,2026-01-18,,CAMILA-06-NUDE-7.5,,,,EA,,,,,,,3,3,0,0,,8.00,8.00,24.00,24.00,0,0,0,FALSE,TRUE,FALSE,FALSE,,,,,,,,,,,
INV-SO2026-000280-000280,SO2026-000280,1,4,2026-01-22,2026-02-21,2026-01-23,2026-01-25,Magento,Magento,,,USD,88.00,100.04,100.04,88.00,0.00,0,0.00,0,0.00,12.04,0.00,,,,,100.04,,0.00,,,,,,,,,,,,,,,,,,,,,20003,10581,20003-2026-000280,,,,,,,,Magento Shipping,,Magento Platform,216 Century Blvd,Dock 16,Los Angeles,CA,90008,Los Angeles,USA,ship-magento@example.com,(213) 555-2506,,,,,,,,,,,,,,,,,,2026-01-22,,CAMILA-06-GREEN-7,,,,EA,,,,,,,1,1,0,0,,8.00,8.00,8.00,8.00,0,0,0,FALSE,TRUE,FALSE,FALSE,,,,,,,,,,,
INV-SO2026-000280-000280,SO2026-000280,1,4,2026-01-22,2026-02-21,2026-01-23,2026-01-25,Magento,Magento,,,USD,88.00,100.04,100.04,88.00,0.00,0,0.00,0,0.00,12.04,0.00,,,,,100.04,,0.00,,,,,,,,,,,,,,,,,,,,,20003,10581,20003-2026-000280,,,,,,,,Magento Shipping,,Magento Platform,216 Century Blvd,Dock 16,Los Angeles,CA,90008,Los Angeles,USA,ship-magento@example.com,(213) 555-2506,,,,,,,,,,,,,,,,,,2026-01-22,,AUSTIN-06-CAMEL-9.5,,,,EA,,,,,,,4,4,0,0,,10.00,10.00,40.00,40.00,0,0,0,FALSE,TRUE,FALSE,FALSE,,,,,,,,,,,
INV-SO2026-000280-000280,SO2026-000280,1,4,2026-01-22,2026-02-21,2026-01-23,2026-01-25,Magento,Magento,,,USD,88.00,100.04,100.04,88.00,0.00,0,0.00,0,0.00,12.04,0.00,,,,,100.04,,0.00,,,,,,,,,,,,,,,,,,,,,20003,10581,20003-2026-000280,,,,,,,,Magento Shipping,,Magento Platform,216 Century Blvd,Dock 16,Los Angeles,CA,90008,Los Angeles,USA,ship-magento@example.com,(213) 555-2506,,,,,,,,,,,,,,,,,,2026-01-22,,AUSTIN-06-CAMEL-7.5,,,,EA,,,,,,,4,4,0,0,,10.00,10.00,40.00,40.00,0,0,0,FALSE,TRUE,FALSE,FALSE,,,,,,,,,,,
INV-SO2026-000281-000281,SO2026-000281,1,4,2026-02-23,2026-02-28,2026-02-24,2026-02-27,eBay,eBay,,,USD,135.50,141.66,141.66,135.50,0.00,0,0.00,0,0.00,6.16,0.00,,,,,141.66,,0.00,,,,,,,,,,,,,,,,,,,,,10004,10570,10004-2026-000281,,,,,,,,eBay Shipping,,eBay Commerce,204 Fulfillment Ave,Dock 4,San Jose,CA,95111,Santa Clara,USA,ship-ebay@example.com,(408) 555-1306,,,,,,,,,,,,,,,,,,2026-02-23,,AUSTIN-06-BLUSH-10,,,,EA,,,,,,,2,2,0,0,,10.00,10.00,20.00,20.00,0,0,0,FALSE,TRUE,FALSE,FALSE,,,,,,,,,,,
INV-SO2026-000281-000281,SO2026-000281,1,4,2026-02-23,2026-02-28,2026-02-24,2026-02-27,eBay,eBay,,,USD,135.50,141.66,141.66,135.50,0.00,0,0.00,0,0.00,6.16,0.00,,,,,141.66,,0.00,,,,,,,,,,,,,,,,,,,,,10004,10570,10004-2026-000281,,,,,,,,eBay Shipping,,eBay Commerce,204 Fulfillment Ave,Dock 4,San Jose,CA,95111,Santa Clara,USA,ship-ebay@example.com,(408) 555-1306,,,,,,,,,,,,,,,,,,2026-02-23,,ADELINE-03-TAUPE-7.5,,,,EA,,,,,,,4,4,0,0,,18.50,18.50,74.00,74.00,0,0,0,FALSE,TRUE,FALSE,FALSE,,,,,,,,,,,
INV-SO2026-000281-000281,SO2026-000281,1,4,2026-02-23,2026-02-28,2026-02-24,2026-02-27,eBay,eBay,,,USD,135.50,141.66,141.66,135.50,0.00,0,0.00,0,0.00,6.16,0.00,,,,,141.66,,0.00,,,,,,,,,,,,,,,,,,,,,10004,10570,10004-2026-000281,,,,,,,,eBay Shipping,,eBay Commerce,204 Fulfillment Ave,Dock 4,San Jose,CA,95111,Santa Clara,USA,ship-ebay@example.com,(408) 555-1306,,,,,,,,,,,,,,,,,,2026-02-23,,ASTRID-01-BLUSH-7,,,,EA,,,,,,,2,2,0,0,,20.75,20.75,41.50,41.50,0,0,0,FALSE,TRUE,FALSE,FALSE,,,,,,,,,,,
INV-SO2026-000282-000282,SO2026-000282,1,4,2026-01-02,2026-02-16,2026-01-03,2026-01-03,Veeqo-Amazon,Veeqo Amazon,,,USD,294.00,300.75,300.75,294.00,0.00,0,0.00,0,0.00,6.75,0.00,,,,,300.75,,0.00,,,,,,,,,,,,,,,,,,,,,10016,10579,10016-2026-000282,,,,,,,,Veeqo Amazon Shipping,,Veeqo Amazon Retail,202 Distribution Way,Dock 2,Irvine,CA,92603,Orange,USA,ship-veeqo-amazon@example.com,(949) 555-1106,,,,,,,,,,,,,,,,,,2026-01-02,,FD3601734-MEDBLEACH-S-STD,,,,EA,,,,,,,3,3,0,0,,98.00,98.00,294.00,294.00,0,0,0,FALSE,TRUE,FALSE,FALSE,,,,,,,,,,,
INV-SO2026-000283-000283,SO2026-000283,1,4,2026-01-12,2026-02-11,2026-01-12,2026-01-12,Magento,Magento,,,USD,43.00,58.29,58.29,43.00,0.00,0,0.00,0,0.00,15.29,0.00,,,,,58.29,,0.00,,,,,,,,,,,,,,,,,,,,,20003,10581,20003-2026-000283,,,,,,,,Magento Shipping,,Magento Platform,216 Century Blvd,Dock 16,Los Angeles,CA,90008,Los Angeles,USA,ship-magento@example.com,(213) 555-2506,,,,,,,,,,,,,,,,,,2026-01-12,,CORA-01-FUCH-8.5,,,,EA,,,,,,,4,4,0,0,,10.75,10.75,43.00,43.00,0,0,0,FALSE,TRUE,FALSE,FALSE,,,,,,,,,,,
INV-SO2026-000284-000284,SO2026-000284,1,4,2026-02-04,2026-02-28,2026-02-06,2026-02-09,Etsy-LS,Etsy LS,,,USD,138.00,148.44,148.44,138.00,0.00,0,0.00,0,0.00,10.44,0.00,,,,,148.44,,0.00,,,,,,,,,,,,,,,,,,,,,10008,10571,10008-2026-000284,,,,,,,,Etsy LS Shipping,,Etsy LS Marketplace,205 Mission St,Dock 5,San Francisco,CA,94103,San Francisco,USA,ship-etsy-ls@example.com,(415) 555-1406,,,,,,,,,,,,,,,,,,2026-02-04,,F13031C-1742VNTGDM,,,,EA,,,,,,,3,3,0,0,,34.00,34.00,102.00,102.00,0,0,0,FALSE,TRUE,FALSE,FALSE,,,,,,,,,,,
INV-SO2026-000284-000284,SO2026-000284,1,4,2026-02-04,2026-02-28,2026-02-06,2026-02-09,Etsy-LS,Etsy LS,,,USD,138.00,148.44,148.44,138.00,0.00,0,0.00,0,0.00,10.44,0.00,,,,,148.44,,0.00,,,,,,,,,,,,,,,,,,,,,10008,10571,10008-2026-000284,,,,,,,,Etsy LS Shipping,,Etsy LS Marketplace,205 Mission St,Dock 5,San Francisco,CA,94103,San Francisco,USA,ship-etsy-ls@example.com,(415) 555-1406,,,,,,,,,,,,,,,,,,2026-02-04,,AUSTIN-06-WHITE-6,,,,EA,,,,,,,2,2,0,0,,10.00,10.00,20.00,20.00,0,0,0,FALSE,TRUE,FALSE,FALSE,,,,,,,,,,,
INV-SO2026-000284-000284,SO2026-000284,1,4,2026-02-04,2026-02-28,2026-02-06,2026-02-09,Etsy-LS,Etsy LS,,,USD,138.00,148.44,148.44,138.00,0.00,0,0.00,0,0.00,10.44,0.00,,,,,148.44,,0.00,,,,,,,,,,,,,,,,,,,,,10008,10571,10008-2026-000284,,,,,,,,Etsy LS Shipping,,Etsy LS Marketplace,205 Mission St,Dock 5,San Francisco,CA,94103,San Francisco,USA,ship-etsy-ls@example.com,(415) 555-1406,,,,,,,,,,,,,,,,,,2026-02-04,,CAMILA-06-NUDE-6.5,,,,EA,,,,,,,2,2,0,0,,8.00,8.00,16.00,16.00,0,0,0,FALSE,TRUE,FALSE,FALSE,,,,,,,,,,,
INV-SO2026-000285-000285,SO2026-000285,1,4,2026-02-11,2026-02-28,2026-02-11,2026-02-12,eBay,eBay,,,USD,434.25,437.33,437.33,434.25,0.00,0,0.00,0,0.00,3.08,0.00,,,,,437.33,,0.00,,,,,,,,,,,,,,,,,,,,,10004,10570,10004-2026-000285,,,,,,,,eBay Shipping,,eBay Commerce,204 Fulfillment Ave,Dock 4,San Jose,CA,95111,Santa Clara,USA,ship-ebay@example.com,(408) 555-1306,,,,,,,,,,,,,,,,,,2026-02-11,,ADELINE-03-BLUE-S,,,,EA,,,,,,,1,1,0,0,,222.00,222.00,222.00,222.00,0,0,0,FALSE,TRUE,FALSE,FALSE,,,,,,,,,,,
INV-SO2026-000285-000285,SO2026-000285,1,4,2026-02-11,2026-02-28,2026-02-11,2026-02-12,eBay,eBay,,,USD,434.25,437.33,437.33,434.25,0.00,0,0.00,0,0.00,3.08,0.00,,,,,437.33,,0.00,,,,,,,,,,,,,,,,,,,,,10004,10570,10004-2026-000285,,,,,,,,eBay Shipping,,eBay Commerce,204 Fulfillment Ave,Dock 4,San Jose,CA,95111,Santa Clara,USA,ship-ebay@example.com,(408) 555-1306,,,,,,,,,,,,,,,,,,2026-02-11,,AVIANA-06-PINK-7,,,,EA,,,,,,,1,1,0,0,,16.25,16.25,16.25,16.25,0,0,0,FALSE,TRUE,FALSE,FALSE,,,,,,,,,,,
INV-SO2026-000285-000285,SO2026-000285,1,4,2026-02-11,2026-02-28,2026-02-11,2026-02-12,eBay,eBay,,,USD,434.25,437.33,437.33,434.25,0.00,0,0.00,0,0.00,3.08,0.00,,,,,437.33,,0.00,,,,,,,,,,,,,,,,,,,,,10004,10570,10004-2026-000285,,,,,,,,eBay Shipping,,eBay Commerce,204 Fulfillment Ave,Dock 4,San Jose,CA,95111,Santa Clara,USA,ship-ebay@example.com,(408) 555-1306,,,,,,,,,,,,,,,,,,2026-02-11,,FD9801506P-BLACKBROWN,,,,EA,,,,,,,4,4,0,0,,49.00,49.00,196.00,196.00,0,0,0,FALSE,TRUE,FALSE,FALSE,,,,,,,,,,,
INV-SO2026-000286-000286,SO2026-000286,1,4,2026-01-16,2026-02-28,2026-01-16,2026-01-19,Mirakl-HudsonsB,Mirakl HudsonsB,,,USD,288.00,297.39,297.39,288.00,0.00,0,0.00,0,0.00,9.39,0.00,,,,,297.39,,0.00,,,,,,,,,,,,,,,,,,,,,10005,10577,10005-2026-000286,,,,,,,,Mirakl HudsonsB Shipping,,Mirakl HudsonsB Network,212 Quail Hill Pkwy,Dock 12,Irvine,CA,92607,Orange,USA,ship-mirakl-hudsonsb@example.com,(949) 555-2106,,,,,,,,,,,,,,,,,,2026-01-16,,173451-1183CITIZEN-13-34,,,,EA,,,,,,,2,2,0,0,,24.00,24.00,48.00,48.00,0,0,0,FALSE,TRUE,FALSE,FALSE,,,,,,,,,,,
INV-SO2026-000286-000286,SO2026-000286,1,4,2026-01-16,2026-02-28,2026-01-16,2026-01-19,Mirakl-HudsonsB,Mirakl HudsonsB,,,USD,288.00,297.39,297.39,288.00,0.00,0,0.00,0,0.00,9.39,0.00,,,,,297.39,,0.00,,,,,,,,,,,,,,,,,,,,,10005,10577,10005-2026-000286,,,,,,,,Mirakl HudsonsB Shipping,,Mirakl HudsonsB Network,212 Quail Hill Pkwy,Dock 12,Irvine,CA,92607,Orange,USA,ship-mirakl-hudsonsb@example.com,(949) 555-2106,,,,,,,,,,,,,,,,,,2026-01-16,,AUSTIN-06-BLACK-S,,,,EA,,,,,,,2,2,0,0,,120.00,120.00,240.00,240.00,0,0,0,FALSE,TRUE,FALSE,FALSE,,,,,,,,,,,
INV-SO2026-000287-000287,SO2026-000287,1,4,2026-01-09,2026-02-08,2026-01-10,2026-01-14,JCPenney,JCPenney,,,USD,46.00,52.38,52.38,46.00,0.00,0,0.00,0,0.00,6.38,0.00,,,,,52.38,,0.00,,,,,,,,,,,,,,,,,,,,,30007,10575,30007-2026-000287,,,,,,,,JCPenney Shipping,,JCPenney Stores,213 Gateway Rd,Dock 13,San Diego,CA,92106,San Diego,USA,ship-jcpenney@example.com,(619) 555-2206,,,,,,,,,,,,,,,,,,2026-01-09,,ADELINE-02-PINK-8,,,,EA,,,,,,,4,4,0,0,,11.50,11.50,46.00,46.00,0,0,0,FALSE,TRUE,FALSE,FALSE,,,,,,,,,,,
INV-SO2026-000288-000288,SO2026-000288,1,4,2026-02-27,2026-02-28,2026-02-28,2026-02-28,Mirakl-Kohls,Mirakl Kohls,,,USD,424.00,438.21,438.21,424.00,0.00,0,0.00,0,0.00,14.21,0.00,,,,,438.21,,0.00,,,,,,,,,,,,,,,,,,,,,10013,10576,10013-2026-000288,,,,,,,,Mirakl Kohls Shipping,,Mirakl Kohls Network,214 Silver Creek Rd,Dock 14,San Jose,CA,95115,Santa Clara,USA,ship-mirakl-kohls@example.com,(408) 555-2306,,,,,,,,,,,,,,,,,,2026-02-27,,F13031C-1742VNTGDM-29-STD,,,,EA,,,,,,,4,4,0,0,,34.00,34.00,136.00,136.00,0,0,0,FALSE,TRUE,FALSE,FALSE,,,,,,,,,,,
INV-SO2026-000288-000288,SO2026-000288,1,4,2026-02-27,2026-02-28,2026-02-28,2026-02-28,Mirakl-Kohls,Mirakl Kohls,,,USD,424.00,438.21,438.21,424.00,0.00,0,0.00,0,0.00,14.21,0.00,,,,,438.21,,0.00,,,,,,,,,,,,,,,,,,,,,10013,10576,10013-2026-000288,,,,,,,,Mirakl Kohls Shipping,,Mirakl Kohls Network,214 Silver Creek Rd,Dock 14,San Jose,CA,95115,Santa Clara,USA,ship-mirakl-kohls@example.com,(408) 555-2306,,,,,,,,,,,,,,,,,,2026-02-27,,CAMILA-06-BLACK-S,,,,EA,,,,,,,3,3,0,0,,96.00,96.00,288.00,288.00,0,0,0,FALSE,TRUE,FALSE,FALSE,,,,,,,,,,,
INV-SO2026-000289-000289,SO2026-000289,1,4,2026-01-17,2026-02-28,2026-01-18,2026-01-21,Etsy-LS,Etsy LS,,,USD,64.25,78.24,78.24,64.25,0.00,0,0.00,0,0.00,13.99,0.00,,,,,78.24,,0.00,,,,,,,,,,,,,,,,,,,,,10008,10571,10008-2026-000289,,,,,,,,Etsy LS Shipping,,Etsy LS Marketplace,205 Mission St,Dock 5,San Francisco,CA,94103,San Francisco,USA,ship-etsy-ls@example.com,(415) 555-1406,,,,,,,,,,,,,,,,,,2026-01-17,,CORA-01-CAME-12,,,,EA,,,,,,,3,3,0,0,,10.75,10.75,32.25,32.25,0,0,0,FALSE,TRUE,FALSE,FALSE,,,,,,,,,,,
INV-SO2026-000289-000289,SO2026-000289,1,4,2026-01-17,2026-02-28,2026-01-18,2026-01-21,Etsy-LS,Etsy LS,,,USD,64.25,78.24,78.24,64.25,0.00,0,0.00,0,0.00,13.99,0.00,,,,,78.24,,0.00,,,,,,,,,,,,,,,,,,,,,10008,10571,10008-2026-000289,,,,,,,,Etsy LS Shipping,,Etsy LS Marketplace,205 Mission St,Dock 5,San Francisco,CA,94103,San Francisco,USA,ship-etsy-ls@example.com,(415) 555-1406,,,,,,,,,,,,,,,,,,2026-01-17,,CAMILA-06-LILAC-8,,,,EA,,,,,,,4,4,0,0,,8.00,8.00,32.00,32.00,0,0,0,FALSE,TRUE,FALSE,FALSE,,,,,,,,,,,
INV-SO2026-000290-000290,SO2026-000290,1,4,2026-01-03,2026-02-17,2026-01-03,2026-01-07,Veeqo-Amazon,Veeqo Amazon,,,USD,148.00,158.02,158.02,148.00,0.00,0,0.00,0,0.00,10.02,0.00,,,,,158.02,,0.00,,,,,,,,,,,,,,,,,,,,,10016,10579,10016-2026-000290,,,,,,,,Veeqo Amazon Shipping,,Veeqo Amazon Retail,202 Distribution Way,Dock 2,Irvine,CA,92603,Orange,USA,ship-veeqo-amazon@example.com,(949) 555-1106,,,,,,,,,,,,,,,,,,2026-01-03,,173451-1183CITIZEN-3-STD,,,,EA,,,,,,,3,3,0,0,,24.00,24.00,72.00,72.00,0,0,0,FALSE,TRUE,FALSE,FALSE,,,,,,,,,,,
INV-SO2026-000290-000290,SO2026-000290,1,4,2026-01-03,2026-02-17,2026-01-03,2026-01-07,Veeqo-Amazon,Veeqo Amazon,,,USD,148.00,158.02,158.02,148.00,0.00,0,0.00,0,0.00,10.02,0.00,,,,,158.02,,0.00,,,,,,,,,,,,,,,,,,,,,10016,10579,10016-2026-000290,,,,,,,,Veeqo Amazon Shipping,,Veeqo Amazon Retail,202 Distribution Way,Dock 2,Irvine,CA,92603,Orange,USA,ship-veeqo-amazon@example.com,(949) 555-1106,,,,,,,,,,,,,,,,,,2026-01-03,,AUSTIN-06-BLUSH-9,,,,EA,,,,,,,3,3,0,0,,10.00,10.00,30.00,30.00,0,0,0,FALSE,TRUE,FALSE,FALSE,,,,,,,,,,,
INV-SO2026-000290-000290,SO2026-000290,1,4,2026-01-03,2026-02-17,2026-01-03,2026-01-07,Veeqo-Amazon,Veeqo Amazon,,,USD,148.00,158.02,158.02,148.00,0.00,0,0.00,0,0.00,10.02,0.00,,,,,158.02,,0.00,,,,,,,,,,,,,,,,,,,,,10016,10579,10016-2026-000290,,,,,,,,Veeqo Amazon Shipping,,Veeqo Amazon Retail,202 Distribution Way,Dock 2,Irvine,CA,92603,Orange,USA,ship-veeqo-amazon@example.com,(949) 555-1106,,,,,,,,,,,,,,,,,,2026-01-03,,ADELINE-02-WHITE-8.5,,,,EA,,,,,,,4,4,0,0,,11.50,11.50,46.00,46.00,0,0,0,FALSE,TRUE,FALSE,FALSE,,,,,,,,,,,
INV-SO2026-000291-000291,SO2026-000291,1,4,2026-01-16,2026-02-28,2026-01-18,2026-01-21,Squarespace,Squarespace,,,USD,426.00,434.24,434.24,426.00,0.00,0,0.00,0,0.00,8.24,0.00,,,,,434.24,,0.00,,,,,,,,,,,,,,,,,,,,,20006,10582,20006-2026-000291,,,,,,,,Squarespace Shipping,,Squarespace Digital,218 Camino Del Rio,Dock 18,San Diego,CA,92108,San Diego,USA,ship-squarespace@example.com,(619) 555-2706,,,,,,,,,,,,,,,,,,2026-01-16,,FA16023WV-MIDNIGHTBLUE-L-STD,,,,EA,,,,,,,4,4,0,0,,39.00,39.00,156.00,156.00,0,0,0,FALSE,TRUE,FALSE,FALSE,,,,,,,,,,,
INV-SO2026-000291-000291,SO2026-000291,1,4,2026-01-16,2026-02-28,2026-01-18,2026-01-21,Squarespace,Squarespace,,,USD,426.00,434.24,434.24,426.00,0.00,0,0.00,0,0.00,8.24,0.00,,,,,434.24,,0.00,,,,,,,,,,,,,,,,,,,,,20006,10582,20006-2026-000291,,,,,,,,Squarespace Shipping,,Squarespace Digital,218 Camino Del Rio,Dock 18,San Diego,CA,92108,San Diego,USA,ship-squarespace@example.com,(619) 555-2706,,,,,,,,,,,,,,,,,,2026-01-16,,173451-1183CITIZEN-3-34,,,,EA,,,,,,,2,2,0,0,,24.00,24.00,48.00,48.00,0,0,0,FALSE,TRUE,FALSE,FALSE,,,,,,,,,,,
INV-SO2026-000291-000291,SO2026-000291,1,4,2026-01-16,2026-02-28,2026-01-18,2026-01-21,Squarespace,Squarespace,,,USD,426.00,434.24,434.24,426.00,0.00,0,0.00,0,0.00,8.24,0.00,,,,,434.24,,0.00,,,,,,,,,,,,,,,,,,,,,20006,10582,20006-2026-000291,,,,,,,,Squarespace Shipping,,Squarespace Digital,218 Camino Del Rio,Dock 18,San Diego,CA,92108,San Diego,USA,ship-squarespace@example.com,(619) 555-2706,,,,,,,,,,,,,,,,,,2026-01-16,,ADELINE-03-BLUE-A12,,,,EA,,,,,,,1,1,0,0,,222.00,222.00,222.00,222.00,0,0,0,FALSE,TRUE,FALSE,FALSE,,,,,,,,,,,
INV-SO2026-000292-000292,SO2026-000292,1,4,2026-02-14,2026-02-28,2026-02-15,2026-02-14,Squarespace,Squarespace,,,USD,94.25,94.70,94.70,94.25,0.00,0,0.00,0,0.00,0.45,0.00,,,,,94.70,,0.00,,,,,,,,,,,,,,,,,,,,,20006,10582,20006-2026-000292,,,,,,,,Squarespace Shipping,,Squarespace Digital,218 Camino Del Rio,Dock 18,San Diego,CA,92108,San Diego,USA,ship-squarespace@example.com,(619) 555-2706,,,,,,,,,,,,,,,,,,2026-02-14,,CAMILA-06-NUDE-7,,,,EA,,,,,,,4,4,0,0,,8.00,8.00,32.00,32.00,0,0,0,FALSE,TRUE,FALSE,FALSE,,,,,,,,,,,
INV-SO2026-000292-000292,SO2026-000292,1,4,2026-02-14,2026-02-28,2026-02-15,2026-02-14,Squarespace,Squarespace,,,USD,94.25,94.70,94.70,94.25,0.00,0,0.00,0,0.00,0.45,0.00,,,,,94.70,,0.00,,,,,,,,,,,,,,,,,,,,,20006,10582,20006-2026-000292,,,,,,,,Squarespace Shipping,,Squarespace Digital,218 Camino Del Rio,Dock 18,San Diego,CA,92108,San Diego,USA,ship-squarespace@example.com,(619) 555-2706,,,,,,,,,,,,,,,,,,2026-02-14,,ASTRID-01-BLUSH-7.5,,,,EA,,,,,,,3,3,0,0,,20.75,20.75,62.25,62.25,0,0,0,FALSE,TRUE,FALSE,FALSE,,,,,,,,,,,
INV-SO2026-000293-000293,SO2026-000293,1,4,2026-01-07,2026-02-06,2026-01-09,2026-01-11,AMZ-eCom,AMZ eCom,,,USD,55.50,55.50,55.50,55.50,0.00,0,0.00,0,0.00,0.00,0.00,,,,,55.50,,0.00,,,,,,,,,,,,,,,,,,,,,10001,10565,10001-2026-000293,,,,,,,,AMZ eCom Shipping,,AMZ eCom Retail,201 Harbor Ave,Dock 1,Los Angeles,CA,90002,Los Angeles,USA,ship-amz-ecom@example.com,(213) 555-1006,,,,,,,,,,,,,,,,,,2026-01-07,,ADELINE-03-BLUE-7,,,,EA,,,,,,,3,3,0,0,,18.50,18.50,55.50,55.50,0,0,0,FALSE,TRUE,FALSE,FALSE,,,,,,,,,,,
INV-SO2026-000294-000294,SO2026-000294,1,4,2026-01-28,2026-02-27,2026-01-29,2026-01-30,Magento,Magento,,,USD,221.00,238.69,238.69,221.00,0.00,0,0.00,0,0.00,17.69,0.00,,,,,238.69,,0.00,,,,,,,,,,,,,,,,,,,,,20003,10581,20003-2026-000294,,,,,,,,Magento Shipping,,Magento Platform,216 Century Blvd,Dock 16,Los Angeles,CA,90008,Los Angeles,USA,ship-magento@example.com,(213) 555-2506,,,,,,,,,,,,,,,,,,2026-01-28,,FD9801506P-GINGER-2X-STD,,,,EA,,,,,,,3,3,0,0,,49.00,49.00,147.00,147.00,0,0,0,FALSE,TRUE,FALSE,FALSE,,,,,,,,,,,
INV-SO2026-000294-000294,SO2026-000294,1,4,2026-01-28,2026-02-27,2026-01-29,2026-01-30,Magento,Magento,,,USD,221.00,238.69,238.69,221.00,0.00,0,0.00,0,0.00,17.69,0.00,,,,,238.69,,0.00,,,,,,,,,,,,,,,,,,,,,20003,10581,20003-2026-000294,,,,,,,,Magento Shipping,,Magento Platform,216 Century Blvd,Dock 16,Los Angeles,CA,90008,Los Angeles,USA,ship-magento@example.com,(213) 555-2506,,,,,,,,,,,,,,,,,,2026-01-28,,ADELINE-03-GOLD-6,,,,EA,,,,,,,4,4,0,0,,18.50,18.50,74.00,74.00,0,0,0,FALSE,TRUE,FALSE,FALSE,,,,,,,,,,,
INV-SO2026-000295-000295,SO2026-000295,1,4,2026-02-06,2026-02-28,2026-02-07,2026-02-08,Shopify,Shopify,,,USD,294.00,308.80,308.80,294.00,0.00,0,0.00,0,0.00,14.80,0.00,,,,,308.80,,0.00,,,,,,,,,,,,,,,,,,,,,20001,10580,20001-2026-000295,,,,,,,,Shopify Shipping,,Shopify Commerce,217 Barranca Pkwy,Dock 17,Irvine,CA,92609,Orange,USA,ship-shopify@example.com,(949) 555-2606,,,,,,,,,,,,,,,,,,2026-02-06,,FD3601734-MEDBLEACH-L-STD,,,,EA,,,,,,,3,3,0,0,,98.00,98.00,294.00,294.00,0,0,0,FALSE,TRUE,FALSE,FALSE,,,,,,,,,,,
INV-SO2026-000296-000296,SO2026-000296,1,4,2026-02-08,2026-02-28,2026-02-10,2026-02-09,Walmart-eComm,Walmart eComm,,,USD,40.00,48.87,48.87,40.00,0.00,0,0.00,0,0.00,8.87,0.00,,,,,48.87,,0.00,,,,,,,,,,,,,,,,,,,,,10002,10566,10002-2026-000296,,,,,,,,Walmart eComm Shipping,,Walmart eComm Retail,220 Townsend St,Dock 20,San Francisco,CA,94109,San Francisco,USA,ship-walmart-ecomm@example.com,(415) 555-2906,,,,,,,,,,,,,,,,,,2026-02-08,,CAMILA-06-GREEN-10,,,,EA,,,,,,,3,3,0,0,,8.00,8.00,24.00,24.00,0,0,0,FALSE,TRUE,FALSE,FALSE,,,,,,,,,,,
INV-SO2026-000296-000296,SO2026-000296,1,4,2026-02-08,2026-02-28,2026-02-10,2026-02-09,Walmart-eComm,Walmart eComm,,,USD,40.00,48.87,48.87,40.00,0.00,0,0.00,0,0.00,8.87,0.00,,,,,48.87,,0.00,,,,,,,,,,,,,,,,,,,,,10002,10566,10002-2026-000296,,,,,,,,Walmart eComm Shipping,,Walmart eComm Retail,220 Townsend St,Dock 20,San Francisco,CA,94109,San Francisco,USA,ship-walmart-ecomm@example.com,(415) 555-2906,,,,,,,,,,,,,,,,,,2026-02-08,,CAMILA-06-GREEN-6,,,,EA,,,,,,,2,2,0,0,,8.00,8.00,16.00,16.00,0,0,0,FALSE,TRUE,FALSE,FALSE,,,,,,,,,,,
INV-SO2026-000297-000297,SO2026-000297,1,4,2026-01-13,2026-02-12,2026-01-13,2026-01-17,JCPenney,JCPenney,,,USD,156.00,159.65,159.65,156.00,0.00,0,0.00,0,0.00,3.65,0.00,,,,,159.65,,0.00,,,,,,,,,,,,,,,,,,,,,30007,10575,30007-2026-000297,,,,,,,,JCPenney Shipping,,JCPenney Stores,213 Gateway Rd,Dock 13,San Diego,CA,92106,San Diego,USA,ship-jcpenney@example.com,(619) 555-2206,,,,,,,,,,,,,,,,,,2026-01-13,,FB3601737-3219UNFORGV-29-STD,,,,EA,,,,,,,4,4,0,0,,39.00,39.00,156.00,156.00,0,0,0,FALSE,TRUE,FALSE,FALSE,,,,,,,,,,,
INV-SO2026-000298-000298,SO2026-000298,1,4,2026-01-31,2026-02-28,2026-02-02,2026-02-02,JCPenney,JCPenney,,,USD,78.00,88.34,88.34,78.00,0.00,0,0.00,0,0.00,10.34,0.00,,,,,88.34,,0.00,,,,,,,,,,,,,,,,,,,,,30007,10575,30007-2026-000298,,,,,,,,JCPenney Shipping,,JCPenney Stores,213 Gateway Rd,Dock 13,San Diego,CA,92106,San Diego,USA,ship-jcpenney@example.com,(619) 555-2206,,,,,,,,,,,,,,,,,,2026-01-31,,FA16023WV-SMOKEYROSE-S-STD,,,,EA,,,,,,,2,2,0,0,,39.00,39.00,78.00,78.00,0,0,0,FALSE,TRUE,FALSE,FALSE,,,,,,,,,,,
INV-SO2026-000299-000299,SO2026-000299,1,4,2026-01-21,2026-02-28,2026-01-22,2026-01-22,Mirakl-Kohls,Mirakl Kohls,,,USD,191.00,207.57,207.57,191.00,0.00,0,0.00,0,0.00,16.57,0.00,,,,,207.57,,0.00,,,,,,,,,,,,,,,,,,,,,10013,10576,10013-2026-000299,,,,,,,,Mirakl Kohls Shipping,,Mirakl Kohls Network,214 Silver Creek Rd,Dock 14,San Jose,CA,95115,Santa Clara,USA,ship-mirakl-kohls@example.com,(408) 555-2306,,,,,,,,,,,,,,,,,,2026-01-21,,F13031C-1742VNTGST-31-STD,,,,EA,,,,,,,4,4,0,0,,34.00,34.00,136.00,136.00,0,0,0,FALSE,TRUE,FALSE,FALSE,,,,,,,,,,,
INV-SO2026-000299-000299,SO2026-000299,1,4,2026-01-21,2026-02-28,2026-01-22,2026-01-22,Mirakl-Kohls,Mirakl Kohls,,,USD,191.00,207.57,207.57,191.00,0.00,0,0.00,0,0.00,16.57,0.00,,,,,207.57,,0.00,,,,,,,,,,,,,,,,,,,,,10013,10576,10013-2026-000299,,,,,,,,Mirakl Kohls Shipping,,Mirakl Kohls Network,214 Silver Creek Rd,Dock 14,San Jose,CA,95115,Santa Clara,USA,ship-mirakl-kohls@example.com,(408) 555-2306,,,,,,,,,,,,,,,,,,2026-01-21,,CAMILA-06-BLACK-5,,,,EA,,,,,,,2,2,0,0,,8.00,8.00,16.00,16.00,0,0,0,FALSE,TRUE,FALSE,FALSE,,,,,,,,,,,
INV-SO2026-000299-000299,SO2026-000299,1,4,2026-01-21,2026-02-28,2026-01-22,2026-01-22,Mirakl-Kohls,Mirakl Kohls,,,USD,191.00,207.57,207.57,191.00,0.00,0,0.00,0,0.00,16.57,0.00,,,,,207.57,,0.00,,,,,,,,,,,,,,,,,,,,,10013,10576,10013-2026-000299,,,,,,,,Mirakl Kohls Shipping,,Mirakl Kohls Network,214 Silver Creek Rd,Dock 14,San Jose,CA,95115,Santa Clara,USA,ship-mirakl-kohls@example.com,(408) 555-2306,,,,,,,,,,,,,,,,,,2026-01-21,,FA16105WV-MIDNIGHTBLUE-M-STD,,,,EA,,,,,,,1,1,0,0,,39.00,39.00,39.00,39.00,0,0,0,FALSE,TRUE,FALSE,FALSE,,,,,,,,,,,
INV-SO2026-000300-000300,SO2026-000300,1,4,2026-02-19,2026-02-28,2026-02-21,2026-02-19,Macys,Macys,,,USD,156.00,162.19,162.19,156.00,0.00,0,0.00,0,0.00,6.19,0.00,,,,,162.19,,0.00,,,,,,,,,,,,,,,,,,,,,30005,10574,30005-2026-000300,,,,,,,,Macys Shipping,,Macys Stores,215 King St,Dock 15,San Francisco,CA,94107,San Francisco,USA,ship-macys@example.com,(415) 555-2406,,,,,,,,,,,,,,,,,,2026-02-19,,FA16023WV-MIDNIGHTCAMO-M-STD,,,,EA,,,,,,,4,4,0,0,,39.00,39.00,156.00,156.00,0,0,0,FALSE,TRUE,FALSE,FALSE,,,,,,,,,,,
INV-SO2026-000301-000301,SO2026-000301,1,4,2026-01-29,2026-02-28,2026-01-29,2026-01-30,Mirakl-Kohls,Mirakl Kohls,,,USD,355.00,356.61,356.61,355.00,0.00,0,0.00,0,0.00,1.61,0.00,,,,,356.61,,0.00,,,,,,,,,,,,,,,,,,,,,10013,10576,10013-2026-000301,,,,,,,,Mirakl Kohls Shipping,,Mirakl Kohls Network,214 Silver Creek Rd,Dock 14,San Jose,CA,95115,Santa Clara,USA,ship-mirakl-kohls@example.com,(408) 555-2306,,,,,,,,,,,,,,,,,,2026-01-29,,CORA-01-CAME-8,,,,EA,,,,,,,4,4,0,0,,10.75,10.75,43.00,43.00,0,0,0,FALSE,TRUE,FALSE,FALSE,,,,,,,,,,,
INV-SO2026-000301-000301,SO2026-000301,1,4,2026-01-29,2026-02-28,2026-01-29,2026-01-30,Mirakl-Kohls,Mirakl Kohls,,,USD,355.00,356.61,356.61,355.00,0.00,0,0.00,0,0.00,1.61,0.00,,,,,356.61,,0.00,,,,,,,,,,,,,,,,,,,,,10013,10576,10013-2026-000301,,,,,,,,Mirakl Kohls Shipping,,Mirakl Kohls Network,214 Silver Creek Rd,Dock 14,San Jose,CA,95115,Santa Clara,USA,ship-mirakl-kohls@example.com,(408) 555-2306,,,,,,,,,,,,,,,,,,2026-01-29,,FB3601737-3219UNFORGV-26-STD,,,,EA,,,,,,,4,4,0,0,,39.00,39.00,156.00,156.00,0,0,0,FALSE,TRUE,FALSE,FALSE,,,,,,,,,,,
INV-SO2026-000301-000301,SO2026-000301,1,4,2026-01-29,2026-02-28,2026-01-29,2026-01-30,Mirakl-Kohls,Mirakl Kohls,,,USD,355.00,356.61,356.61,355.00,0.00,0,0.00,0,0.00,1.61,0.00,,,,,356.61,,0.00,,,,,,,,,,,,,,,,,,,,,10013,10576,10013-2026-000301,,,,,,,,Mirakl Kohls Shipping,,Mirakl Kohls Network,214 Silver Creek Rd,Dock 14,San Jose,CA,95115,Santa Clara,USA,ship-mirakl-kohls@example.com,(408) 555-2306,,,,,,,,,,,,,,,,,,2026-01-29,,FA16023WV-MIDNIGHTCAMO,,,,EA,,,,,,,4,4,0,0,,39.00,39.00,156.00,156.00,0,0,0,FALSE,TRUE,FALSE,FALSE,,,,,,,,,,,
INV-SO2026-000302-000302,SO2026-000302,1,4,2026-01-03,2026-02-17,2026-01-04,2026-01-03,Shopify,Shopify,,,USD,328.00,329.33,329.33,328.00,0.00,0,0.00,0,0.00,1.33,0.00,,,,,329.33,,0.00,,,,,,,,,,,,,,,,,,,,,20001,10580,20001-2026-000302,,,,,,,,Shopify Shipping,,Shopify Commerce,217 Barranca Pkwy,Dock 17,Irvine,CA,92609,Orange,USA,ship-shopify@example.com,(949) 555-2606,,,,,,,,,,,,,,,,,,2026-01-03,,AUSTIN-06-NUDE-9,,,,EA,,,,,,,4,4,0,0,,10.00,10.00,40.00,40.00,0,0,0,FALSE,TRUE,FALSE,FALSE,,,,,,,,,,,
INV-SO2026-000302-000302,SO2026-000302,1,4,2026-01-03,2026-02-17,2026-01-04,2026-01-03,Shopify,Shopify,,,USD,328.00,329.33,329.33,328.00,0.00,0,0.00,0,0.00,1.33,0.00,,,,,329.33,,0.00,,,,,,,,,,,,,,,,,,,,,20001,10580,20001-2026-000302,,,,,,,,Shopify Shipping,,Shopify Commerce,217 Barranca Pkwy,Dock 17,Irvine,CA,92609,Orange,USA,ship-shopify@example.com,(949) 555-2606,,,,,,,,,,,,,,,,,,2026-01-03,,CORA-01-CAME-S,,,,EA,,,,,,,2,2,0,0,,129.00,129.00,258.00,258.00,0,0,0,FALSE,TRUE,FALSE,FALSE,,,,,,,,,,,
INV-SO2026-000302-000302,SO2026-000302,1,4,2026-01-03,2026-02-17,2026-01-04,2026-01-03,Shopify,Shopify,,,USD,328.00,329.33,329.33,328.00,0.00,0,0.00,0,0.00,1.33,0.00,,,,,329.33,,0.00,,,,,,,,,,,,,,,,,,,,,20001,10580,20001-2026-000302,,,,,,,,Shopify Shipping,,Shopify Commerce,217 Barranca Pkwy,Dock 17,Irvine,CA,92609,Orange,USA,ship-shopify@example.com,(949) 555-2606,,,,,,,,,,,,,,,,,,2026-01-03,,AUSTIN-06-CAMEL-5,,,,EA,,,,,,,3,3,0,0,,10.00,10.00,30.00,30.00,0,0,0,FALSE,TRUE,FALSE,FALSE,,,,,,,,,,,
INV-SO2026-000303-000303,SO2026-000303,1,4,2026-02-08,2026-02-28,2026-02-09,2026-02-13,Mirakl-HudsonsB,Mirakl HudsonsB,,,USD,65.00,77.23,77.23,65.00,0.00,0,0.00,0,0.00,12.23,0.00,,,,,77.23,,0.00,,,,,,,,,,,,,,,,,,,,,10005,10577,10005-2026-000303,,,,,,,,Mirakl HudsonsB Shipping,,Mirakl HudsonsB Network,212 Quail Hill Pkwy,Dock 12,Irvine,CA,92607,Orange,USA,ship-mirakl-hudsonsb@example.com,(949) 555-2106,,,,,,,,,,,,,,,,,,2026-02-08,,AVIANA-06-PINK-12,,,,EA,,,,,,,4,4,0,0,,16.25,16.25,65.00,65.00,0,0,0,FALSE,TRUE,FALSE,FALSE,,,,,,,,,,,
INV-SO2026-000304-000304,SO2026-000304,1,4,2026-01-31,2026-02-28,2026-02-01,2026-02-04,Macys,Macys,,,USD,146.75,147.97,147.97,146.75,0.00,0,0.00,0,0.00,1.22,0.00,,,,,147.97,,0.00,,,,,,,,,,,,,,,,,,,,,30005,10574,30005-2026-000304,,,,,,,,Macys Shipping,,Macys Stores,215 King St,Dock 15,San Francisco,CA,94107,San Francisco,USA,ship-macys@example.com,(415) 555-2406,,,,,,,,,,,,,,,,,,2026-01-31,,AVIANA-06-BEIGE-6.5,,,,EA,,,,,,,3,3,0,0,,16.25,16.25,48.75,48.75,0,0,0,FALSE,TRUE,FALSE,FALSE,,,,,,,,,,,
INV-SO2026-000304-000304,SO2026-000304,1,4,2026-01-31,2026-02-28,2026-02-01,2026-02-04,Macys,Macys,,,USD,146.75,147.97,147.97,146.75,0.00,0,0.00,0,0.00,1.22,0.00,,,,,147.97,,0.00,,,,,,,,,,,,,,,,,,,,,30005,10574,30005-2026-000304,,,,,,,,Macys Shipping,,Macys Stores,215 King St,Dock 15,San Francisco,CA,94107,San Francisco,USA,ship-macys@example.com,(415) 555-2406,,,,,,,,,,,,,,,,,,2026-01-31,,FD9801506P,,,,EA,,,,,,,2,2,0,0,,49.00,49.00,98.00,98.00,0,0,0,FALSE,TRUE,FALSE,FALSE,,,,,,,,,,,
INV-SO2026-000305-000305,SO2026-000305,1,4,2026-01-31,2026-02-28,2026-02-01,2026-02-02,eBay,eBay,,,USD,48.00,48.00,48.00,48.00,0.00,0,0.00,0,0.00,0.00,0.00,,,,,48.00,,0.00,,,,,,,,,,,,,,,,,,,,,10004,10570,10004-2026-000305,,,,,,,,eBay Shipping,,eBay Commerce,204 Fulfillment Ave,Dock 4,San Jose,CA,95111,Santa Clara,USA,ship-ebay@example.com,(408) 555-1306,,,,,,,,,,,,,,,,,,2026-01-31,,AUSTIN-06-WHITE-8.5,,,,EA,,,,,,,4,4,0,0,,10.00,10.00,40.00,40.00,0,0,0,FALSE,TRUE,FALSE,FALSE,,,,,,,,,,,
INV-SO2026-000305-000305,SO2026-000305,1,4,2026-01-31,2026-02-28,2026-02-01,2026-02-02,eBay,eBay,,,USD,48.00,48.00,48.00,48.00,0.00,0,0.00,0,0.00,0.00,0.00,,,,,48.00,,0.00,,,,,,,,,,,,,,,,,,,,,10004,10570,10004-2026-000305,,,,,,,,eBay Shipping,,eBay Commerce,204 Fulfillment Ave,Dock 4,San Jose,CA,95111,Santa Clara,USA,ship-ebay@example.com,(408) 555-1306,,,,,,,,,,,,,,,,,,2026-01-31,,CAMILA-06-BLACK-6.5,,,,EA,,,,,,,1,1,0,0,,8.00,8.00,8.00,8.00,0,0,0,FALSE,TRUE,FALSE,FALSE,,,,,,,,,,,
INV-SO2026-000306-000306,SO2026-000306,1,4,2026-01-07,2026-02-28,2026-01-08,2026-01-10,Mirakl-HudsonsB,Mirakl HudsonsB,,,USD,34.00,51.80,51.80,34.00,0.00,0,0.00,0,0.00,17.80,0.00,,,,,51.80,,0.00,,,,,,,,,,,,,,,,,,,,,10005,10577,10005-2026-000306,,,,,,,,Mirakl HudsonsB Shipping,,Mirakl HudsonsB Network,212 Quail Hill Pkwy,Dock 12,Irvine,CA,92607,Orange,USA,ship-mirakl-hudsonsb@example.com,(949) 555-2106,,,,,,,,,,,,,,,,,,2026-01-07,,F13031C-1742VNTGCO-26-STD,,,,EA,,,,,,,1,1,0,0,,34.00,34.00,34.00,34.00,0,0,0,FALSE,TRUE,FALSE,FALSE,,,,,,,,,,,
INV-SO2026-000307-000307,SO2026-000307,1,4,2026-01-16,2026-02-28,2026-01-17,2026-01-20,Etsy-VS,Etsy VS,,,USD,316.50,322.41,322.41,316.50,0.00,0,0.00,0,0.00,5.91,0.00,,,,,322.41,,0.00,,,,,,,,,,,,,,,,,,,,,10008,10572,10008-2026-000307,,,,,,,,Etsy VS Shipping,,Etsy VS Marketplace,206 Pacific Hwy,Dock 6,Los Angeles,CA,90004,Los Angeles,USA,ship-etsy-vs@example.com,(213) 555-1506,,,,,,,,,,,,,,,,,,2026-01-16,,ADELINE-03-TAUPE-9,,,,EA,,,,,,,3,3,0,0,,18.50,18.50,55.50,55.50,0,0,0,FALSE,TRUE,FALSE,FALSE,,,,,,,,,,,
INV-SO2026-000307-000307,SO2026-000307,1,4,2026-01-16,2026-02-28,2026-01-17,2026-01-20,Etsy-VS,Etsy VS,,,USD,316.50,322.41,322.41,316.50,0.00,0,0.00,0,0.00,5.91,0.00,,,,,322.41,,0.00,,,,,,,,,,,,,,,,,,,,,10008,10572,10008-2026-000307,,,,,,,,Etsy VS Shipping,,Etsy VS Marketplace,206 Pacific Hwy,Dock 6,Los Angeles,CA,90004,Los Angeles,USA,ship-etsy-vs@example.com,(213) 555-1506,,,,,,,,,,,,,,,,,,2026-01-16,,ADELINE-03-GOLD-B12,,,,EA,,,,,,,1,1,0,0,,222.00,222.00,222.00,222.00,0,0,0,FALSE,TRUE,FALSE,FALSE,,,,,,,,,,,
INV-SO2026-000307-000307,SO2026-000307,1,4,2026-01-16,2026-02-28,2026-01-17,2026-01-20,Etsy-VS,Etsy VS,,,USD,316.50,322.41,322.41,316.50,0.00,0,0.00,0,0.00,5.91,0.00,,,,,322.41,,0.00,,,,,,,,,,,,,,,,,,,,,10008,10572,10008-2026-000307,,,,,,,,Etsy VS Shipping,,Etsy VS Marketplace,206 Pacific Hwy,Dock 6,Los Angeles,CA,90004,Los Angeles,USA,ship-etsy-vs@example.com,(213) 555-1506,,,,,,,,,,,,,,,,,,2026-01-16,,FA16023WV-SLATE-L-STD,,,,EA,,,,,,,1,1,0,0,,39.00,39.00,39.00,39.00,0,0,0,FALSE,TRUE,FALSE,FALSE,,,,,,,,,,,
INV-SO2026-000308-000308,SO2026-000308,1,4,2026-02-20,2026-02-28,2026-02-20,2026-02-24,AMZ-eCom,AMZ eCom,,,USD,222.00,224.93,224.93,222.00,0.00,0,0.00,0,0.00,2.93,0.00,,,,,224.93,,0.00,,,,,,,,,,,,,,,,,,,,,10001,10565,10001-2026-000308,,,,,,,,AMZ eCom Shipping,,AMZ eCom Retail,201 Harbor Ave,Dock 1,Los Angeles,CA,90002,Los Angeles,USA,ship-amz-ecom@example.com,(213) 555-1006,,,,,,,,,,,,,,,,,,2026-02-20,,ADELINE-03-BLUE-B12,,,,EA,,,,,,,1,1,0,0,,222.00,222.00,222.00,222.00,0,0,0,FALSE,TRUE,FALSE,FALSE,,,,,,,,,,,
INV-SO2026-000309-000309,SO2026-000309,1,4,2026-01-07,2026-02-28,2026-01-08,2026-01-07,Mirakl-HudsonsB,Mirakl HudsonsB,,,USD,120.00,135.42,135.42,120.00,0.00,0,0.00,0,0.00,15.42,0.00,,,,,135.42,,0.00,,,,,,,,,,,,,,,,,,,,,10005,10577,10005-2026-000309,,,,,,,,Mirakl HudsonsB Shipping,,Mirakl HudsonsB Network,212 Quail Hill Pkwy,Dock 12,Irvine,CA,92607,Orange,USA,ship-mirakl-hudsonsb@example.com,(949) 555-2106,,,,,,,,,,,,,,,,,,2026-01-07,,AUSTIN-06-WHITE-A12,,,,EA,,,,,,,1,1,0,0,,120.00,120.00,120.00,120.00,0,0,0,FALSE,TRUE,FALSE,FALSE,,,,,,,,,,,
INV-SO2026-000310-000310,SO2026-000310,1,4,2026-01-14,2026-02-13,2026-01-14,2026-01-15,Magento,Magento,,,USD,265.75,281.82,281.82,265.75,0.00,0,0.00,0,0.00,16.07,0.00,,,,,281.82,,0.00,,,,,,,,,,,,,,,,,,,,,20003,10581,20003-2026-000310,,,,,,,,Magento Shipping,,Magento Platform,216 Century Blvd,Dock 16,Los Angeles,CA,90008,Los Angeles,USA,ship-magento@example.com,(213) 555-2506,,,,,,,,,,,,,,,,,,2026-01-14,,ASTRID-01-GREY-9,,,,EA,,,,,,,1,1,0,0,,20.75,20.75,20.75,20.75,0,0,0,FALSE,TRUE,FALSE,FALSE,,,,,,,,,,,
INV-SO2026-000310-000310,SO2026-000310,1,4,2026-01-14,2026-02-13,2026-01-14,2026-01-15,Magento,Magento,,,USD,265.75,281.82,281.82,265.75,0.00,0,0.00,0,0.00,16.07,0.00,,,,,281.82,,0.00,,,,,,,,,,,,,,,,,,,,,20003,10581,20003-2026-000310,,,,,,,,Magento Shipping,,Magento Platform,216 Century Blvd,Dock 16,Los Angeles,CA,90008,Los Angeles,USA,ship-magento@example.com,(213) 555-2506,,,,,,,,,,,,,,,,,,2026-01-14,,ADELINE-02-PINK,,,,EA,,,,,,,1,1,0,0,,171.00,171.00,171.00,171.00,0,0,0,FALSE,TRUE,FALSE,FALSE,,,,,,,,,,,
INV-SO2026-000310-000310,SO2026-000310,1,4,2026-01-14,2026-02-13,2026-01-14,2026-01-15,Magento,Magento,,,USD,265.75,281.82,281.82,265.75,0.00,0,0.00,0,0.00,16.07,0.00,,,,,281.82,,0.00,,,,,,,,,,,,,,,,,,,,,20003,10581,20003-2026-000310,,,,,,,,Magento Shipping,,Magento Platform,216 Century Blvd,Dock 16,Los Angeles,CA,90008,Los Angeles,USA,ship-magento@example.com,(213) 555-2506,,,,,,,,,,,,,,,,,,2026-01-14,,ADELINE-03-BROWN-5,,,,EA,,,,,,,4,4,0,0,,18.50,18.50,74.00,74.00,0,0,0,FALSE,TRUE,FALSE,FALSE,,,,,,,,,,,
INV-SO2026-000311-000311,SO2026-000311,1,4,2026-01-10,2026-02-24,2026-01-10,2026-01-12,Walmart-eComm,Walmart eComm,,,USD,51.50,53.09,53.09,51.50,0.00,0,0.00,0,0.00,1.59,0.00,,,,,53.09,,0.00,,,,,,,,,,,,,,,,,,,,,10002,10566,10002-2026-000311,,,,,,,,Walmart eComm Shipping,,Walmart eComm Retail,220 Townsend St,Dock 20,San Francisco,CA,94109,San Francisco,USA,ship-walmart-ecomm@example.com,(415) 555-2906,,,,,,,,,,,,,,,,,,2026-01-10,,AUSTIN-06-WHITE-7,,,,EA,,,,,,,2,2,0,0,,10.00,10.00,20.00,20.00,0,0,0,FALSE,TRUE,FALSE,FALSE,,,,,,,,,,,
INV-SO2026-000311-000311,SO2026-000311,1,4,2026-01-10,2026-02-24,2026-01-10,2026-01-12,Walmart-eComm,Walmart eComm,,,USD,51.50,53.09,53.09,51.50,0.00,0,0.00,0,0.00,1.59,0.00,,,,,53.09,,0.00,,,,,,,,,,,,,,,,,,,,,10002,10566,10002-2026-000311,,,,,,,,Walmart eComm Shipping,,Walmart eComm Retail,220 Townsend St,Dock 20,San Francisco,CA,94109,San Francisco,USA,ship-walmart-ecomm@example.com,(415) 555-2906,,,,,,,,,,,,,,,,,,2026-01-10,,CORA-01-YLW-9.5,,,,EA,,,,,,,2,2,0,0,,10.75,10.75,21.50,21.50,0,0,0,FALSE,TRUE,FALSE,FALSE,,,,,,,,,,,
INV-SO2026-000311-000311,SO2026-000311,1,4,2026-01-10,2026-02-24,2026-01-10,2026-01-12,Walmart-eComm,Walmart eComm,,,USD,51.50,53.09,53.09,51.50,0.00,0,0.00,0,0.00,1.59,0.00,,,,,53.09,,0.00,,,,,,,,,,,,,,,,,,,,,10002,10566,10002-2026-000311,,,,,,,,Walmart eComm Shipping,,Walmart eComm Retail,220 Townsend St,Dock 20,San Francisco,CA,94109,San Francisco,USA,ship-walmart-ecomm@example.com,(415) 555-2906,,,,,,,,,,,,,,,,,,2026-01-10,,AUSTIN-06-BLUSH-5.5,,,,EA,,,,,,,1,1,0,0,,10.00,10.00,10.00,10.00,0,0,0,FALSE,TRUE,FALSE,FALSE,,,,,,,,,,,
INV-SO2026-000312-000312,SO2026-000312,1,4,2026-02-10,2026-02-28,2026-02-12,2026-02-11,Shopify,Shopify,,,USD,152.00,152.00,152.00,152.00,0.00,0,0.00,0,0.00,0.00,0.00,,,,,152.00,,0.00,,,,,,,,,,,,,,,,,,,,,20001,10580,20001-2026-000312,,,,,,,,Shopify Shipping,,Shopify Commerce,217 Barranca Pkwy,Dock 17,Irvine,CA,92609,Orange,USA,ship-shopify@example.com,(949) 555-2606,,,,,,,,,,,,,,,,,,2026-02-10,,CAMILA-06-LILAC-10,,,,EA,,,,,,,4,4,0,0,,8.00,8.00,32.00,32.00,0,0,0,FALSE,TRUE,FALSE,FALSE,,,,,,,,,,,
INV-SO2026-000312-000312,SO2026-000312,1,4,2026-02-10,2026-02-28,2026-02-12,2026-02-11,Shopify,Shopify,,,USD,152.00,152.00,152.00,152.00,0.00,0,0.00,0,0.00,0.00,0.00,,,,,152.00,,0.00,,,,,,,,,,,,,,,,,,,,,20001,10580,20001-2026-000312,,,,,,,,Shopify Shipping,,Shopify Commerce,217 Barranca Pkwy,Dock 17,Irvine,CA,92609,Orange,USA,ship-shopify@example.com,(949) 555-2606,,,,,,,,,,,,,,,,,,2026-02-10,,AUSTIN-06-WHITE-B12,,,,EA,,,,,,,1,1,0,0,,120.00,120.00,120.00,120.00,0,0,0,FALSE,TRUE,FALSE,FALSE,,,,,,,,,,,
INV-SO2026-000313-000313,SO2026-000313,1,4,2026-02-11,2026-02-28,2026-02-12,2026-02-15,Etsy-LS,Etsy LS,,,USD,81.25,81.25,81.25,81.25,0.00,0,0.00,0,0.00,0.00,0.00,,,,,81.25,,0.00,,,,,,,,,,,,,,,,,,,,,10008,10571,10008-2026-000313,,,,,,,,Etsy LS Shipping,,Etsy LS Marketplace,205 Mission St,Dock 5,San Francisco,CA,94103,San Francisco,USA,ship-etsy-ls@example.com,(415) 555-1406,,,,,,,,,,,,,,,,,,2026-02-11,,AVIANA-06-BEIGE-6,,,,EA,,,,,,,3,3,0,0,,16.25,16.25,48.75,48.75,0,0,0,FALSE,TRUE,FALSE,FALSE,,,,,,,,,,,
INV-SO2026-000313-000313,SO2026-000313,1,4,2026-02-11,2026-02-28,2026-02-12,2026-02-15,Etsy-LS,Etsy LS,,,USD,81.25,81.25,81.25,81.25,0.00,0,0.00,0,0.00,0.00,0.00,,,,,81.25,,0.00,,,,,,,,,,,,,,,,,,,,,10008,10571,10008-2026-000313,,,,,,,,Etsy LS Shipping,,Etsy LS Marketplace,205 Mission St,Dock 5,San Francisco,CA,94103,San Francisco,USA,ship-etsy-ls@example.com,(415) 555-1406,,,,,,,,,,,,,,,,,,2026-02-11,,AVIANA-06-PINK-8.5,,,,EA,,,,,,,2,2,0,0,,16.25,16.25,32.50,32.50,0,0,0,FALSE,TRUE,FALSE,FALSE,,,,,,,,,,,
INV-SO2026-000314-000314,SO2026-000314,1,4,2026-01-06,2026-02-28,2026-01-08,2026-01-08,Mirakl-HudsonsB,Mirakl HudsonsB,,,USD,167.00,182.32,182.32,167.00,0.00,0,0.00,0,0.00,15.32,0.00,,,,,182.32,,0.00,,,,,,,,,,,,,,,,,,,,,10005,10577,10005-2026-000314,,,,,,,,Mirakl HudsonsB Shipping,,Mirakl HudsonsB Network,212 Quail Hill Pkwy,Dock 12,Irvine,CA,92607,Orange,USA,ship-mirakl-hudsonsb@example.com,(949) 555-2106,,,,,,,,,,,,,,,,,,2026-01-06,,FD9801506P-BLACKBROWN-2X-STD,,,,EA,,,,,,,3,3,0,0,,49.00,49.00,147.00,147.00,0,0,0,FALSE,TRUE,FALSE,FALSE,,,,,,,,,,,
INV-SO2026-000314-000314,SO2026-000314,1,4,2026-01-06,2026-02-28,2026-01-08,2026-01-08,Mirakl-HudsonsB,Mirakl HudsonsB,,,USD,167.00,182.32,182.32,167.00,0.00,0,0.00,0,0.00,15.32,0.00,,,,,182.32,,0.00,,,,,,,,,,,,,,,,,,,,,10005,10577,10005-2026-000314,,,,,,,,Mirakl HudsonsB Shipping,,Mirakl HudsonsB Network,212 Quail Hill Pkwy,Dock 12,Irvine,CA,92607,Orange,USA,ship-mirakl-hudsonsb@example.com,(949) 555-2106,,,,,,,,,,,,,,,,,,2026-01-06,,AUSTIN-06-CAMEL-6,,,,EA,,,,,,,2,2,0,0,,10.00,10.00,20.00,20.00,0,0,0,FALSE,TRUE,FALSE,FALSE,,,,,,,,,,,
INV-SO2026-000315-000315,SO2026-000315,1,4,2026-02-20,2026-02-28,2026-02-21,2026-02-20,Magento,Magento,,,USD,138.00,153.39,153.39,138.00,0.00,0,0.00,0,0.00,15.39,0.00,,,,,153.39,,0.00,,,,,,,,,,,,,,,,,,,,,20003,10581,20003-2026-000315,,,,,,,,Magento Shipping,,Magento Platform,216 Century Blvd,Dock 16,Los Angeles,CA,90008,Los Angeles,USA,ship-magento@example.com,(213) 555-2506,,,,,,,,,,,,,,,,,,2026-02-20,,ADELINE-02-NUDE-A12,,,,EA,,,,,,,1,1,0,0,,138.00,138.00,138.00,138.00,0,0,0,FALSE,TRUE,FALSE,FALSE,,,,,,,,,,,
INV-SO2026-000316-000316,SO2026-000316,1,4,2026-02-25,2026-02-28,2026-02-25,2026-02-26,AMZ-eCom,AMZ eCom,,,USD,371.00,386.45,386.45,371.00,0.00,0,0.00,0,0.00,15.45,0.00,,,,,386.45,,0.00,,,,,,,,,,,,,,,,,,,,,10001,10565,10001-2026-000316,,,,,,,,AMZ eCom Shipping,,AMZ eCom Retail,201 Harbor Ave,Dock 1,Los Angeles,CA,90002,Los Angeles,USA,ship-amz-ecom@example.com,(213) 555-1006,,,,,,,,,,,,,,,,,,2026-02-25,,CAMILA-06-BLACK-B12,,,,EA,,,,,,,3,3,0,0,,96.00,96.00,288.00,288.00,0,0,0,FALSE,TRUE,FALSE,FALSE,,,,,,,,,,,
INV-SO2026-000316-000316,SO2026-000316,1,4,2026-02-25,2026-02-28,2026-02-25,2026-02-26,AMZ-eCom,AMZ eCom,,,USD,371.00,386.45,386.45,371.00,0.00,0,0.00,0,0.00,15.45,0.00,,,,,386.45,,0.00,,,,,,,,,,,,,,,,,,,,,10001,10565,10001-2026-000316,,,,,,,,AMZ eCom Shipping,,AMZ eCom Retail,201 Harbor Ave,Dock 1,Los Angeles,CA,90002,Los Angeles,USA,ship-amz-ecom@example.com,(213) 555-1006,,,,,,,,,,,,,,,,,,2026-02-25,,ASTRID-01-BLUSH-9.5,,,,EA,,,,,,,4,4,0,0,,20.75,20.75,83.00,83.00,0,0,0,FALSE,TRUE,FALSE,FALSE,,,,,,,,,,,
INV-SO2026-000317-000317,SO2026-000317,1,4,2026-02-23,2026-02-28,2026-02-24,2026-02-24,Squarespace,Squarespace,,,USD,78.50,92.03,92.03,78.50,0.00,0,0.00,0,0.00,13.53,0.00,,,,,92.03,,0.00,,,,,,,,,,,,,,,,,,,,,20006,10582,20006-2026-000317,,,,,,,,Squarespace Shipping,,Squarespace Digital,218 Camino Del Rio,Dock 18,San Diego,CA,92108,San Diego,USA,ship-squarespace@example.com,(619) 555-2706,,,,,,,,,,,,,,,,,,2026-02-23,,ASTRID-01-NUDE-5.5,,,,EA,,,,,,,3,3,0,0,,20.75,20.75,62.25,62.25,0,0,0,FALSE,TRUE,FALSE,FALSE,,,,,,,,,,,
INV-SO2026-000317-000317,SO2026-000317,1,4,2026-02-23,2026-02-28,2026-02-24,2026-02-24,Squarespace,Squarespace,,,USD,78.50,92.03,92.03,78.50,0.00,0,0.00,0,0.00,13.53,0.00,,,,,92.03,,0.00,,,,,,,,,,,,,,,,,,,,,20006,10582,20006-2026-000317,,,,,,,,Squarespace Shipping,,Squarespace Digital,218 Camino Del Rio,Dock 18,San Diego,CA,92108,San Diego,USA,ship-squarespace@example.com,(619) 555-2706,,,,,,,,,,,,,,,,,,2026-02-23,,AVIANA-06-WHITE-8,,,,EA,,,,,,,1,1,0,0,,16.25,16.25,16.25,16.25,0,0,0,FALSE,TRUE,FALSE,FALSE,,,,,,,,,,,
INV-SO2026-000318-000318,SO2026-000318,1,4,2026-01-18,2026-02-17,2026-01-18,2026-01-22,Magento,Magento,,,USD,414.25,423.26,423.26,414.25,0.00,0,0.00,0,0.00,9.01,0.00,,,,,423.26,,0.00,,,,,,,,,,,,,,,,,,,,,20003,10581,20003-2026-000318,,,,,,,,Magento Shipping,,Magento Platform,216 Century Blvd,Dock 16,Los Angeles,CA,90008,Los Angeles,USA,ship-magento@example.com,(213) 555-2506,,,,,,,,,,,,,,,,,,2026-01-18,,ASTRID-01-BLACK-10,,,,EA,,,,,,,3,3,0,0,,20.75,20.75,62.25,62.25,0,0,0,FALSE,TRUE,FALSE,FALSE,,,,,,,,,,,
INV-SO2026-000318-000318,SO2026-000318,1,4,2026-01-18,2026-02-17,2026-01-18,2026-01-22,Magento,Magento,,,USD,414.25,423.26,423.26,414.25,0.00,0,0.00,0,0.00,9.01,0.00,,,,,423.26,,0.00,,,,,,,,,,,,,,,,,,,,,20003,10581,20003-2026-000318,,,,,,,,Magento Shipping,,Magento Platform,216 Century Blvd,Dock 16,Los Angeles,CA,90008,Los Angeles,USA,ship-magento@example.com,(213) 555-2506,,,,,,,,,,,,,,,,,,2026-01-18,,AUSTIN-06-BLACK-6.5,,,,EA,,,,,,,1,1,0,0,,10.00,10.00,10.00,10.00,0,0,0,FALSE,TRUE,FALSE,FALSE,,,,,,,,,,,
INV-SO2026-000318-000318,SO2026-000318,1,4,2026-01-18,2026-02-17,2026-01-18,2026-01-22,Magento,Magento,,,USD,414.25,423.26,423.26,414.25,0.00,0,0.00,0,0.00,9.01,0.00,,,,,423.26,,0.00,,,,,,,,,,,,,,,,,,,,,20003,10581,20003-2026-000318,,,,,,,,Magento Shipping,,Magento Platform,216 Century Blvd,Dock 16,Los Angeles,CA,90008,Los Angeles,USA,ship-magento@example.com,(213) 555-2506,,,,,,,,,,,,,,,,,,2026-01-18,,ADELINE-02,,,,EA,,,,,,,2,2,0,0,,171.00,171.00,342.00,342.00,0,0,0,FALSE,TRUE,FALSE,FALSE,,,,,,,,,,,
INV-SO2026-000319-000319,SO2026-000319,1,4,2026-01-30,2026-02-28,2026-01-31,2026-02-01,Mirakl-HudsonsB,Mirakl HudsonsB,,,USD,197.00,198.27,198.27,197.00,0.00,0,0.00,0,0.00,1.27,0.00,,,,,198.27,,0.00,,,,,,,,,,,,,,,,,,,,,10005,10577,10005-2026-000319,,,,,,,,Mirakl HudsonsB Shipping,,Mirakl HudsonsB Network,212 Quail Hill Pkwy,Dock 12,Irvine,CA,92607,Orange,USA,ship-mirakl-hudsonsb@example.com,(949) 555-2106,,,,,,,,,,,,,,,,,,2026-01-30,,ADELINE-03-BLUE-11,,,,EA,,,,,,,2,2,0,0,,18.50,18.50,37.00,37.00,0,0,0,FALSE,TRUE,FALSE,FALSE,,,,,,,,,,,
INV-SO2026-000319-000319,SO2026-000319,1,4,2026-01-30,2026-02-28,2026-01-31,2026-02-01,Mirakl-HudsonsB,Mirakl HudsonsB,,,USD,197.00,198.27,198.27,197.00,0.00,0,0.00,0,0.00,1.27,0.00,,,,,198.27,,0.00,,,,,,,,,,,,,,,,,,,,,10005,10577,10005-2026-000319,,,,,,,,Mirakl HudsonsB Shipping,,Mirakl HudsonsB Network,212 Quail Hill Pkwy,Dock 12,Irvine,CA,92607,Orange,USA,ship-mirakl-hudsonsb@example.com,(949) 555-2106,,,,,,,,,,,,,,,,,,2026-01-30,,CORA-01-YLW-6.5,,,,EA,,,,,,,4,4,0,0,,10.75,10.75,43.00,43.00,0,0,0,FALSE,TRUE,FALSE,FALSE,,,,,,,,,,,
INV-SO2026-000319-000319,SO2026-000319,1,4,2026-01-30,2026-02-28,2026-01-31,2026-02-01,Mirakl-HudsonsB,Mirakl HudsonsB,,,USD,197.00,198.27,198.27,197.00,0.00,0,0.00,0,0.00,1.27,0.00,,,,,198.27,,0.00,,,,,,,,,,,,,,,,,,,,,10005,10577,10005-2026-000319,,,,,,,,Mirakl HudsonsB Shipping,,Mirakl HudsonsB Network,212 Quail Hill Pkwy,Dock 12,Irvine,CA,92607,Orange,USA,ship-mirakl-hudsonsb@example.com,(949) 555-2106,,,,,,,,,,,,,,,,,,2026-01-30,,FA16105WV-MIDNIGHTBLUE-L-STD,,,,EA,,,,,,,3,3,0,0,,39.00,39.00,117.00,117.00,0,0,0,FALSE,TRUE,FALSE,FALSE,,,,,,,,,,,
INV-SO2026-000320-000320,SO2026-000320,1,4,2026-02-01,2026-02-28,2026-02-02,2026-02-04,Veeqo-Amazon,Veeqo Amazon,,,USD,94.50,103.70,103.70,94.50,0.00,0,0.00,0,0.00,9.20,0.00,,,,,103.70,,0.00,,,,,,,,,,,,,,,,,,,,,10016,10579,10016-2026-000320,,,,,,,,Veeqo Amazon Shipping,,Veeqo Amazon Retail,202 Distribution Way,Dock 2,Irvine,CA,92603,Orange,USA,ship-veeqo-amazon@example.com,(949) 555-1106,,,,,,,,,,,,,,,,,,2026-02-01,,AVIANA-06-WHITE-9.5,,,,EA,,,,,,,2,2,0,0,,16.25,16.25,32.50,32.50,0,0,0,FALSE,TRUE,FALSE,FALSE,,,,,,,,,,,
INV-SO2026-000320-000320,SO2026-000320,1,4,2026-02-01,2026-02-28,2026-02-02,2026-02-04,Veeqo-Amazon,Veeqo Amazon,,,USD,94.50,103.70,103.70,94.50,0.00,0,0.00,0,0.00,9.20,0.00,,,,,103.70,,0.00,,,,,,,,,,,,,,,,,,,,,10016,10579,10016-2026-000320,,,,,,,,Veeqo Amazon Shipping,,Veeqo Amazon Retail,202 Distribution Way,Dock 2,Irvine,CA,92603,Orange,USA,ship-veeqo-amazon@example.com,(949) 555-1106,,,,,,,,,,,,,,,,,,2026-02-01,,ADELINE-02-NUDE-8.5,,,,EA,,,,,,,2,2,0,0,,11.50,11.50,23.00,23.00,0,0,0,FALSE,TRUE,FALSE,FALSE,,,,,,,,,,,
INV-SO2026-000320-000320,SO2026-000320,1,4,2026-02-01,2026-02-28,2026-02-02,2026-02-04,Veeqo-Amazon,Veeqo Amazon,,,USD,94.50,103.70,103.70,94.50,0.00,0,0.00,0,0.00,9.20,0.00,,,,,103.70,,0.00,,,,,,,,,,,,,,,,,,,,,10016,10579,10016-2026-000320,,,,,,,,Veeqo Amazon Shipping,,Veeqo Amazon Retail,202 Distribution Way,Dock 2,Irvine,CA,92603,Orange,USA,ship-veeqo-amazon@example.com,(949) 555-1106,,,,,,,,,,,,,,,,,,2026-02-01,,FB3601737-3219UNFORGV-27-STD,,,,EA,,,,,,,1,1,0,0,,39.00,39.00,39.00,39.00,0,0,0,FALSE,TRUE,FALSE,FALSE,,,,,,,,,,,
INV-SO2026-000321-000321,SO2026-000321,1,4,2026-02-03,2026-02-28,2026-02-03,2026-02-03,Macys,Macys,,,USD,354.00,354.00,354.00,354.00,0.00,0,0.00,0,0.00,0.00,0.00,,,,,354.00,,0.00,,,,,,,,,,,,,,,,,,,,,30005,10574,30005-2026-000321,,,,,,,,Macys Shipping,,Macys Stores,215 King St,Dock 15,San Francisco,CA,94107,San Francisco,USA,ship-macys@example.com,(415) 555-2406,,,,,,,,,,,,,,,,,,2026-02-03,,ADELINE-03,,,,EA,,,,,,,2,2,0,0,,177.00,177.00,354.00,354.00,0,0,0,FALSE,TRUE,FALSE,FALSE,,,,,,,,,,,
INV-SO2026-000322-000322,SO2026-000322,1,4,2026-02-17,2026-02-28,2026-02-18,2026-02-17,Walmart-eComm,Walmart eComm,,,USD,238.00,247.37,247.37,238.00,0.00,0,0.00,0,0.00,9.37,0.00,,,,,247.37,,0.00,,,,,,,,,,,,,,,,,,,,,10002,10566,10002-2026-000322,,,,,,,,Walmart eComm Shipping,,Walmart eComm Retail,220 Townsend St,Dock 20,San Francisco,CA,94109,San Francisco,USA,ship-walmart-ecomm@example.com,(415) 555-2906,,,,,,,,,,,,,,,,,,2026-02-17,,FA13512DM-1847DPOCN-27-32,,,,EA,,,,,,,4,4,0,0,,34.00,34.00,136.00,136.00,0,0,0,FALSE,TRUE,FALSE,FALSE,,,,,,,,,,,
INV-SO2026-000322-000322,SO2026-000322,1,4,2026-02-17,2026-02-28,2026-02-18,2026-02-17,Walmart-eComm,Walmart eComm,,,USD,238.00,247.37,247.37,238.00,0.00,0,0.00,0,0.00,9.37,0.00,,,,,247.37,,0.00,,,,,,,,,,,,,,,,,,,,,10002,10566,10002-2026-000322,,,,,,,,Walmart eComm Shipping,,Walmart eComm Retail,220 Townsend St,Dock 20,San Francisco,CA,94109,San Francisco,USA,ship-walmart-ecomm@example.com,(415) 555-2906,,,,,,,,,,,,,,,,,,2026-02-17,,FA13501DM-1464KINGSC-30-30,,,,EA,,,,,,,1,1,0,0,,34.00,34.00,34.00,34.00,0,0,0,FALSE,TRUE,FALSE,FALSE,,,,,,,,,,,
INV-SO2026-000322-000322,SO2026-000322,1,4,2026-02-17,2026-02-28,2026-02-18,2026-02-17,Walmart-eComm,Walmart eComm,,,USD,238.00,247.37,247.37,238.00,0.00,0,0.00,0,0.00,9.37,0.00,,,,,247.37,,0.00,,,,,,,,,,,,,,,,,,,,,10002,10566,10002-2026-000322,,,,,,,,Walmart eComm Shipping,,Walmart eComm Retail,220 Townsend St,Dock 20,San Francisco,CA,94109,San Francisco,USA,ship-walmart-ecomm@example.com,(415) 555-2906,,,,,,,,,,,,,,,,,,2026-02-17,,FA13501DM-RINSEWSFT-27-32,,,,EA,,,,,,,2,2,0,0,,34.00,34.00,68.00,68.00,0,0,0,FALSE,TRUE,FALSE,FALSE,,,,,,,,,,,
INV-SO2026-000323-000323,SO2026-000323,1,4,2026-01-25,2026-02-28,2026-01-27,2026-01-30,Mirakl-HudsonsB,Mirakl HudsonsB,,,USD,428.50,445.59,445.59,428.50,0.00,0,0.00,0,0.00,17.09,0.00,,,,,445.59,,0.00,,,,,,,,,,,,,,,,,,,,,10005,10577,10005-2026-000323,,,,,,,,Mirakl HudsonsB Shipping,,Mirakl HudsonsB Network,212 Quail Hill Pkwy,Dock 12,Irvine,CA,92607,Orange,USA,ship-mirakl-hudsonsb@example.com,(949) 555-2106,,,,,,,,,,,,,,,,,,2026-01-25,,CORA-01-TAUP-A12,,,,EA,,,,,,,3,3,0,0,,129.00,129.00,387.00,387.00,0,0,0,FALSE,TRUE,FALSE,FALSE,,,,,,,,,,,
INV-SO2026-000323-000323,SO2026-000323,1,4,2026-01-25,2026-02-28,2026-01-27,2026-01-30,Mirakl-HudsonsB,Mirakl HudsonsB,,,USD,428.50,445.59,445.59,428.50,0.00,0,0.00,0,0.00,17.09,0.00,,,,,445.59,,0.00,,,,,,,,,,,,,,,,,,,,,10005,10577,10005-2026-000323,,,,,,,,Mirakl HudsonsB Shipping,,Mirakl HudsonsB Network,212 Quail Hill Pkwy,Dock 12,Irvine,CA,92607,Orange,USA,ship-mirakl-hudsonsb@example.com,(949) 555-2106,,,,,,,,,,,,,,,,,,2026-01-25,,ADELINE-02-PINK-9,,,,EA,,,,,,,1,1,0,0,,11.50,11.50,11.50,11.50,0,0,0,FALSE,TRUE,FALSE,FALSE,,,,,,,,,,,
INV-SO2026-000323-000323,SO2026-000323,1,4,2026-01-25,2026-02-28,2026-01-27,2026-01-30,Mirakl-HudsonsB,Mirakl HudsonsB,,,USD,428.50,445.59,445.59,428.50,0.00,0,0.00,0,0.00,17.09,0.00,,,,,445.59,,0.00,,,,,,,,,,,,,,,,,,,,,10005,10577,10005-2026-000323,,,,,,,,Mirakl HudsonsB Shipping,,Mirakl HudsonsB Network,212 Quail Hill Pkwy,Dock 12,Irvine,CA,92607,Orange,USA,ship-mirakl-hudsonsb@example.com,(949) 555-2106,,,,,,,,,,,,,,,,,,2026-01-25,,AUSTIN-06-BLUSH-6,,,,EA,,,,,,,3,3,0,0,,10.00,10.00,30.00,30.00,0,0,0,FALSE,TRUE,FALSE,FALSE,,,,,,,,,,,
INV-SO2026-000324-000324,SO2026-000324,1,4,2026-02-06,2026-02-28,2026-02-08,2026-02-10,Mirakl-Kohls,Mirakl Kohls,,,USD,48.75,48.75,48.75,48.75,0.00,0,0.00,0,0.00,0.00,0.00,,,,,48.75,,0.00,,,,,,,,,,,,,,,,,,,,,10013,10576,10013-2026-000324,,,,,,,,Mirakl Kohls Shipping,,Mirakl Kohls Network,214 Silver Creek Rd,Dock 14,San Jose,CA,95115,Santa Clara,USA,ship-mirakl-kohls@example.com,(408) 555-2306,,,,,,,,,,,,,,,,,,2026-02-06,,AVIANA-06-WHITE-6,,,,EA,,,,,,,3,3,0,0,,16.25,16.25,48.75,48.75,0,0,0,FALSE,TRUE,FALSE,FALSE,,,,,,,,,,,
INV-SO2026-000325-000325,SO2026-000325,1,4,2026-01-20,2026-02-28,2026-01-21,2026-01-20,Shopify,Shopify,,,USD,200.00,206.43,206.43,200.00,0.00,0,0.00,0,0.00,6.43,0.00,,,,,206.43,,0.00,,,,,,,,,,,,,,,,,,,,,20001,10580,20001-2026-000325,,,,,,,,Shopify Shipping,,Shopify Commerce,217 Barranca Pkwy,Dock 17,Irvine,CA,92609,Orange,USA,ship-shopify@example.com,(949) 555-2606,,,,,,,,,,,,,,,,,,2026-01-20,,ADELINE-02-WHITE-5,,,,EA,,,,,,,2,2,0,0,,11.50,11.50,23.00,23.00,0,0,0,FALSE,TRUE,FALSE,FALSE,,,,,,,,,,,
INV-SO2026-000325-000325,SO2026-000325,1,4,2026-01-20,2026-02-28,2026-01-21,2026-01-20,Shopify,Shopify,,,USD,200.00,206.43,206.43,200.00,0.00,0,0.00,0,0.00,6.43,0.00,,,,,206.43,,0.00,,,,,,,,,,,,,,,,,,,,,20001,10580,20001-2026-000325,,,,,,,,Shopify Shipping,,Shopify Commerce,217 Barranca Pkwy,Dock 17,Irvine,CA,92609,Orange,USA,ship-shopify@example.com,(949) 555-2606,,,,,,,,,,,,,,,,,,2026-01-20,,ADELINE-03-BROWN,,,,EA,,,,,,,1,1,0,0,,177.00,177.00,177.00,177.00,0,0,0,FALSE,TRUE,FALSE,FALSE,,,,,,,,,,,
INV-SO2026-000326-000326,SO2026-000326,1,4,2026-01-30,2026-02-28,2026-01-30,2026-02-01,Mirakl-Kohls,Mirakl Kohls,,,USD,53.75,53.75,53.75,53.75,0.00,0,0.00,0,0.00,0.00,0.00,,,,,53.75,,0.00,,,,,,,,,,,,,,,,,,,,,10013,10576,10013-2026-000326,,,,,,,,Mirakl Kohls Shipping,,Mirakl Kohls Network,214 Silver Creek Rd,Dock 14,San Jose,CA,95115,Santa Clara,USA,ship-mirakl-kohls@example.com,(408) 555-2306,,,,,,,,,,,,,,,,,,2026-01-30,,CORA-01-TAUP-12,,,,EA,,,,,,,1,1,0,0,,10.75,10.75,10.75,10.75,0,0,0,FALSE,TRUE,FALSE,FALSE,,,,,,,,,,,
INV-SO2026-000326-000326,SO2026-000326,1,4,2026-01-30,2026-02-28,2026-01-30,2026-02-01,Mirakl-Kohls,Mirakl Kohls,,,USD,53.75,53.75,53.75,53.75,0.00,0,0.00,0,0.00,0.00,0.00,,,,,53.75,,0.00,,,,,,,,,,,,,,,,,,,,,10013,10576,10013-2026-000326,,,,,,,,Mirakl Kohls Shipping,,Mirakl Kohls Network,214 Silver Creek Rd,Dock 14,San Jose,CA,95115,Santa Clara,USA,ship-mirakl-kohls@example.com,(408) 555-2306,,,,,,,,,,,,,,,,,,2026-01-30,,CORA-01-YLW-12,,,,EA,,,,,,,4,4,0,0,,10.75,10.75,43.00,43.00,0,0,0,FALSE,TRUE,FALSE,FALSE,,,,,,,,,,,
INV-SO2026-000327-000327,SO2026-000327,1,4,2026-01-27,2026-02-28,2026-01-27,2026-01-31,Mirakl-HudsonsB,Mirakl HudsonsB,,,USD,109.00,117.71,117.71,109.00,0.00,0,0.00,0,0.00,8.71,0.00,,,,,117.71,,0.00,,,,,,,,,,,,,,,,,,,,,10005,10577,10005-2026-000327,,,,,,,,Mirakl HudsonsB Shipping,,Mirakl HudsonsB Network,212 Quail Hill Pkwy,Dock 12,Irvine,CA,92607,Orange,USA,ship-mirakl-hudsonsb@example.com,(949) 555-2106,,,,,,,,,,,,,,,,,,2026-01-27,,173451-1183CITIZEN-5-STD,,,,EA,,,,,,,3,3,0,0,,24.00,24.00,72.00,72.00,0,0,0,FALSE,TRUE,FALSE,FALSE,,,,,,,,,,,
INV-SO2026-000327-000327,SO2026-000327,1,4,2026-01-27,2026-02-28,2026-01-27,2026-01-31,Mirakl-HudsonsB,Mirakl HudsonsB,,,USD,109.00,117.71,117.71,109.00,0.00,0,0.00,0,0.00,8.71,0.00,,,,,117.71,,0.00,,,,,,,,,,,,,,,,,,,,,10005,10577,10005-2026-000327,,,,,,,,Mirakl HudsonsB Shipping,,Mirakl HudsonsB Network,212 Quail Hill Pkwy,Dock 12,Irvine,CA,92607,Orange,USA,ship-mirakl-hudsonsb@example.com,(949) 555-2106,,,,,,,,,,,,,,,,,,2026-01-27,,ADELINE-03-GOLD-8.5,,,,EA,,,,,,,2,2,0,0,,18.50,18.50,37.00,37.00,0,0,0,FALSE,TRUE,FALSE,FALSE,,,,,,,,,,,
INV-SO2026-000328-000328,SO2026-000328,1,4,2026-02-06,2026-02-28,2026-02-07,2026-02-09,AMZ-eCom,AMZ eCom,,,USD,148.00,153.49,153.49,148.00,0.00,0,0.00,0,0.00,5.49,0.00,,,,,153.49,,0.00,,,,,,,,,,,,,,,,,,,,,10001,10565,10001-2026-000328,,,,,,,,AMZ eCom Shipping,,AMZ eCom Retail,201 Harbor Ave,Dock 1,Los Angeles,CA,90002,Los Angeles,USA,ship-amz-ecom@example.com,(213) 555-1006,,,,,,,,,,,,,,,,,,2026-02-06,,CAMILA-06-LILAC-6,,,,EA,,,,,,,4,4,0,0,,8.00,8.00,32.00,32.00,0,0,0,FALSE,TRUE,FALSE,FALSE,,,,,,,,,,,
INV-SO2026-000328-000328,SO2026-000328,1,4,2026-02-06,2026-02-28,2026-02-07,2026-02-09,AMZ-eCom,AMZ eCom,,,USD,148.00,153.49,153.49,148.00,0.00,0,0.00,0,0.00,5.49,0.00,,,,,153.49,,0.00,,,,,,,,,,,,,,,,,,,,,10001,10565,10001-2026-000328,,,,,,,,AMZ eCom Shipping,,AMZ eCom Retail,201 Harbor Ave,Dock 1,Los Angeles,CA,90002,Los Angeles,USA,ship-amz-ecom@example.com,(213) 555-1006,,,,,,,,,,,,,,,,,,2026-02-06,,173451-1183CITIZEN-15-34,,,,EA,,,,,,,2,2,0,0,,24.00,24.00,48.00,48.00,0,0,0,FALSE,TRUE,FALSE,FALSE,,,,,,,,,,,
INV-SO2026-000328-000328,SO2026-000328,1,4,2026-02-06,2026-02-28,2026-02-07,2026-02-09,AMZ-eCom,AMZ eCom,,,USD,148.00,153.49,153.49,148.00,0.00,0,0.00,0,0.00,5.49,0.00,,,,,153.49,,0.00,,,,,,,,,,,,,,,,,,,,,10001,10565,10001-2026-000328,,,,,,,,AMZ eCom Shipping,,AMZ eCom Retail,201 Harbor Ave,Dock 1,Los Angeles,CA,90002,Los Angeles,USA,ship-amz-ecom@example.com,(213) 555-1006,,,,,,,,,,,,,,,,,,2026-02-06,,FA13501DM-1464KINGSC-27-30,,,,EA,,,,,,,2,2,0,0,,34.00,34.00,68.00,68.00,0,0,0,FALSE,TRUE,FALSE,FALSE,,,,,,,,,,,
INV-SO2026-000329-000329,SO2026-000329,1,4,2026-02-21,2026-02-28,2026-02-21,2026-02-25,Mirakl-HudsonsB,Mirakl HudsonsB,,,USD,65.00,70.44,70.44,65.00,0.00,0,0.00,0,0.00,5.44,0.00,,,,,70.44,,0.00,,,,,,,,,,,,,,,,,,,,,10005,10577,10005-2026-000329,,,,,,,,Mirakl HudsonsB Shipping,,Mirakl HudsonsB Network,212 Quail Hill Pkwy,Dock 12,Irvine,CA,92607,Orange,USA,ship-mirakl-hudsonsb@example.com,(949) 555-2106,,,,,,,,,,,,,,,,,,2026-02-21,,AVIANA-06-WHITE-12,,,,EA,,,,,,,4,4,0,0,,16.25,16.25,65.00,65.00,0,0,0,FALSE,TRUE,FALSE,FALSE,,,,,,,,,,,
INV-SO2026-000330-000330,SO2026-000330,1,4,2026-01-18,2026-02-17,2026-01-18,2026-01-19,Magento,Magento,,,USD,48.75,62.17,62.17,48.75,0.00,0,0.00,0,0.00,13.42,0.00,,,,,62.17,,0.00,,,,,,,,,,,,,,,,,,,,,20003,10581,20003-2026-000330,,,,,,,,Magento Shipping,,Magento Platform,216 Century Blvd,Dock 16,Los Angeles,CA,90008,Los Angeles,USA,ship-magento@example.com,(213) 555-2506,,,,,,,,,,,,,,,,,,2026-01-18,,AVIANA-06-PINK-6,,,,EA,,,,,,,3,3,0,0,,16.25,16.25,48.75,48.75,0,0,0,FALSE,TRUE,FALSE,FALSE,,,,,,,,,,,
INV-SO2026-000331-000331,SO2026-000331,1,4,2026-01-14,2026-02-13,2026-01-15,2026-01-18,Magento,Magento,,,USD,288.00,290.23,290.23,288.00,0.00,0,0.00,0,0.00,2.23,0.00,,,,,290.23,,0.00,,,,,,,,,,,,,,,,,,,,,20003,10581,20003-2026-000331,,,,,,,,Magento Shipping,,Magento Platform,216 Century Blvd,Dock 16,Los Angeles,CA,90008,Los Angeles,USA,ship-magento@example.com,(213) 555-2506,,,,,,,,,,,,,,,,,,2026-01-14,,CAMILA-06-LILAC-A12,,,,EA,,,,,,,3,3,0,0,,96.00,96.00,288.00,288.00,0,0,0,FALSE,TRUE,FALSE,FALSE,,,,,,,,,,,
INV-SO2026-000332-000332,SO2026-000332,1,4,2026-02-17,2026-02-28,2026-02-17,2026-02-18,Etsy-VS,Etsy VS,,,USD,400.25,401.81,401.81,400.25,0.00,0,0.00,0,0.00,1.56,0.00,,,,,401.81,,0.00,,,,,,,,,,,,,,,,,,,,,10008,10572,10008-2026-000332,,,,,,,,Etsy VS Shipping,,Etsy VS Marketplace,206 Pacific Hwy,Dock 6,Los Angeles,CA,90004,Los Angeles,USA,ship-etsy-vs@example.com,(213) 555-1506,,,,,,,,,,,,,,,,,,2026-02-17,,AVIANA-06-WHITE-6.5,,,,EA,,,,,,,1,1,0,0,,16.25,16.25,16.25,16.25,0,0,0,FALSE,TRUE,FALSE,FALSE,,,,,,,,,,,
INV-SO2026-000332-000332,SO2026-000332,1,4,2026-02-17,2026-02-28,2026-02-17,2026-02-18,Etsy-VS,Etsy VS,,,USD,400.25,401.81,401.81,400.25,0.00,0,0.00,0,0.00,1.56,0.00,,,,,401.81,,0.00,,,,,,,,,,,,,,,,,,,,,10008,10572,10008-2026-000332,,,,,,,,Etsy VS Shipping,,Etsy VS Marketplace,206 Pacific Hwy,Dock 6,Los Angeles,CA,90004,Los Angeles,USA,ship-etsy-vs@example.com,(213) 555-1506,,,,,,,,,,,,,,,,,,2026-02-17,,CAMILA-06-TAUPE-S,,,,EA,,,,,,,4,4,0,0,,96.00,96.00,384.00,384.00,0,0,0,FALSE,TRUE,FALSE,FALSE,,,,,,,,,,,
INV-SO2026-000333-000333,SO2026-000333,1,4,2026-02-06,2026-02-28,2026-02-08,2026-02-09,Shopify,Shopify,,,USD,216.25,224.51,224.51,216.25,0.00,0,0.00,0,0.00,8.26,0.00,,,,,224.51,,0.00,,,,,,,,,,,,,,,,,,,,,20001,10580,20001-2026-000333,,,,,,,,Shopify Shipping,,Shopify Commerce,217 Barranca Pkwy,Dock 17,Irvine,CA,92609,Orange,USA,ship-shopify@example.com,(949) 555-2606,,,,,,,,,,,,,,,,,,2026-02-06,,ADELINE-02-BLACK-S,,,,EA,,,,,,,1,1,0,0,,138.00,138.00,138.00,138.00,0,0,0,FALSE,TRUE,FALSE,FALSE,,,,,,,,,,,
INV-SO2026-000333-000333,SO2026-000333,1,4,2026-02-06,2026-02-28,2026-02-08,2026-02-09,Shopify,Shopify,,,USD,216.25,224.51,224.51,216.25,0.00,0,0.00,0,0.00,8.26,0.00,,,,,224.51,,0.00,,,,,,,,,,,,,,,,,,,,,20001,10580,20001-2026-000333,,,,,,,,Shopify Shipping,,Shopify Commerce,217 Barranca Pkwy,Dock 17,Irvine,CA,92609,Orange,USA,ship-shopify@example.com,(949) 555-2606,,,,,,,,,,,,,,,,,,2026-02-06,,CAMILA-06-NUDE-8,,,,EA,,,,,,,2,2,0,0,,8.00,8.00,16.00,16.00,0,0,0,FALSE,TRUE,FALSE,FALSE,,,,,,,,,,,
INV-SO2026-000333-000333,SO2026-000333,1,4,2026-02-06,2026-02-28,2026-02-08,2026-02-09,Shopify,Shopify,,,USD,216.25,224.51,224.51,216.25,0.00,0,0.00,0,0.00,8.26,0.00,,,,,224.51,,0.00,,,,,,,,,,,,,,,,,,,,,20001,10580,20001-2026-000333,,,,,,,,Shopify Shipping,,Shopify Commerce,217 Barranca Pkwy,Dock 17,Irvine,CA,92609,Orange,USA,ship-shopify@example.com,(949) 555-2606,,,,,,,,,,,,,,,,,,2026-02-06,,ASTRID-01-BLUSH-5,,,,EA,,,,,,,3,3,0,0,,20.75,20.75,62.25,62.25,0,0,0,FALSE,TRUE,FALSE,FALSE,,,,,,,,,,,
INV-SO2026-000334-000334,SO2026-000334,1,4,2026-02-02,2026-02-28,2026-02-02,2026-02-03,Veeqo-Amazon,Veeqo Amazon,,,USD,91.00,91.00,91.00,91.00,0.00,0,0.00,0,0.00,0.00,0.00,,,,,91.00,,0.00,,,,,,,,,,,,,,,,,,,,,10016,10579,10016-2026-000334,,,,,,,,Veeqo Amazon Shipping,,Veeqo Amazon Retail,202 Distribution Way,Dock 2,Irvine,CA,92603,Orange,USA,ship-veeqo-amazon@example.com,(949) 555-1106,,,,,,,,,,,,,,,,,,2026-02-02,,173451-1183CITIZEN-25-34,,,,EA,,,,,,,2,2,0,0,,24.00,24.00,48.00,48.00,0,0,0,FALSE,TRUE,FALSE,FALSE,,,,,,,,,,,
INV-SO2026-000334-000334,SO2026-000334,1,4,2026-02-02,2026-02-28,2026-02-02,2026-02-03,Veeqo-Amazon,Veeqo Amazon,,,USD,91.00,91.00,91.00,91.00,0.00,0,0.00,0,0.00,0.00,0.00,,,,,91.00,,0.00,,,,,,,,,,,,,,,,,,,,,10016,10579,10016-2026-000334,,,,,,,,Veeqo Amazon Shipping,,Veeqo Amazon Retail,202 Distribution Way,Dock 2,Irvine,CA,92603,Orange,USA,ship-veeqo-amazon@example.com,(949) 555-1106,,,,,,,,,,,,,,,,,,2026-02-02,,CORA-01-FUCH-5.5,,,,EA,,,,,,,4,4,0,0,,10.75,10.75,43.00,43.00,0,0,0,FALSE,TRUE,FALSE,FALSE,,,,,,,,,,,
INV-SO2026-000335-000335,SO2026-000335,1,4,2026-02-13,2026-02-28,2026-02-14,2026-02-14,eBay,eBay,,,USD,160.00,165.47,165.47,160.00,0.00,0,0.00,0,0.00,5.47,0.00,,,,,165.47,,0.00,,,,,,,,,,,,,,,,,,,,,10004,10570,10004-2026-000335,,,,,,,,eBay Shipping,,eBay Commerce,204 Fulfillment Ave,Dock 4,San Jose,CA,95111,Santa Clara,USA,ship-ebay@example.com,(408) 555-1306,,,,,,,,,,,,,,,,,,2026-02-13,,FA16023WV-SLATE-XL-STD,,,,EA,,,,,,,3,3,0,0,,39.00,39.00,117.00,117.00,0,0,0,FALSE,TRUE,FALSE,FALSE,,,,,,,,,,,
INV-SO2026-000335-000335,SO2026-000335,1,4,2026-02-13,2026-02-28,2026-02-14,2026-02-14,eBay,eBay,,,USD,160.00,165.47,165.47,160.00,0.00,0,0.00,0,0.00,5.47,0.00,,,,,165.47,,0.00,,,,,,,,,,,,,,,,,,,,,10004,10570,10004-2026-000335,,,,,,,,eBay Shipping,,eBay Commerce,204 Fulfillment Ave,Dock 4,San Jose,CA,95111,Santa Clara,USA,ship-ebay@example.com,(408) 555-1306,,,,,,,,,,,,,,,,,,2026-02-13,,CORA-01-TAUP-8.5,,,,EA,,,,,,,4,4,0,0,,10.75,10.75,43.00,43.00,0,0,0,FALSE,TRUE,FALSE,FALSE,,,,,,,,,,,
INV-SO2026-000336-000336,SO2026-000336,1,4,2026-01-12,2026-02-26,2026-01-14,2026-01-17,Etsy-LS,Etsy LS,,,USD,40.00,56.85,56.85,40.00,0.00,0,0.00,0,0.00,16.85,0.00,,,,,56.85,,0.00,,,,,,,,,,,,,,,,,,,,,10008,10571,10008-2026-000336,,,,,,,,Etsy LS Shipping,,Etsy LS Marketplace,205 Mission St,Dock 5,San Francisco,CA,94103,San Francisco,USA,ship-etsy-ls@example.com,(415) 555-1406,,,,,,,,,,,,,,,,,,2026-01-12,,AUSTIN-06-BLUSH-8.5,,,,EA,,,,,,,4,4,0,0,,10.00,10.00,40.00,40.00,0,0,0,FALSE,TRUE,FALSE,FALSE,,,,,,,,,,,
INV-SO2026-000337-000337,SO2026-000337,1,4,2026-02-20,2026-02-28,2026-02-21,2026-02-22,eBay,eBay,,,USD,78.00,85.04,85.04,78.00,0.00,0,0.00,0,0.00,7.04,0.00,,,,,85.04,,0.00,,,,,,,,,,,,,,,,,,,,,10004,10570,10004-2026-000337,,,,,,,,eBay Shipping,,eBay Commerce,204 Fulfillment Ave,Dock 4,San Jose,CA,95111,Santa Clara,USA,ship-ebay@example.com,(408) 555-1306,,,,,,,,,,,,,,,,,,2026-02-20,,FA16105WV,,,,EA,,,,,,,2,2,0,0,,39.00,39.00,78.00,78.00,0,0,0,FALSE,TRUE,FALSE,FALSE,,,,,,,,,,,
INV-SO2026-000338-000338,SO2026-000338,1,4,2026-02-09,2026-02-28,2026-02-11,2026-02-09,Magento,Magento,,,USD,111.00,121.14,121.14,111.00,0.00,0,0.00,0,0.00,10.14,0.00,,,,,121.14,,0.00,,,,,,,,,,,,,,,,,,,,,20003,10581,20003-2026-000338,,,,,,,,Magento Shipping,,Magento Platform,216 Century Blvd,Dock 16,Los Angeles,CA,90008,Los Angeles,USA,ship-magento@example.com,(213) 555-2506,,,,,,,,,,,,,,,,,,2026-02-09,,AVIANA-06-BLACK-7.5,,,,EA,,,,,,,3,3,0,0,,16.25,16.25,48.75,48.75,0,0,0,FALSE,TRUE,FALSE,FALSE,,,,,,,,,,,
INV-SO2026-000338-000338,SO2026-000338,1,4,2026-02-09,2026-02-28,2026-02-11,2026-02-09,Magento,Magento,,,USD,111.00,121.14,121.14,111.00,0.00,0,0.00,0,0.00,10.14,0.00,,,,,121.14,,0.00,,,,,,,,,,,,,,,,,,,,,20003,10581,20003-2026-000338,,,,,,,,Magento Shipping,,Magento Platform,216 Century Blvd,Dock 16,Los Angeles,CA,90008,Los Angeles,USA,ship-magento@example.com,(213) 555-2506,,,,,,,,,,,,,,,,,,2026-02-09,,ASTRID-01-NUDE-6.5,,,,EA,,,,,,,3,3,0,0,,20.75,20.75,62.25,62.25,0,0,0,FALSE,TRUE,FALSE,FALSE,,,,,,,,,,,
INV-SO2026-000339-000339,SO2026-000339,1,4,2026-02-10,2026-02-28,2026-02-10,2026-02-13,Etsy-VS,Etsy VS,,,USD,32.00,49.38,49.38,32.00,0.00,0,0.00,0,0.00,17.38,0.00,,,,,49.38,,0.00,,,,,,,,,,,,,,,,,,,,,10008,10572,10008-2026-000339,,,,,,,,Etsy VS Shipping,,Etsy VS Marketplace,206 Pacific Hwy,Dock 6,Los Angeles,CA,90004,Los Angeles,USA,ship-etsy-vs@example.com,(213) 555-1506,,,,,,,,,,,,,,,,,,2026-02-10,,CAMILA-06-BLACK-9,,,,EA,,,,,,,4,4,0,0,,8.00,8.00,32.00,32.00,0,0,0,FALSE,TRUE,FALSE,FALSE,,,,,,,,,,,
INV-SO2026-000340-000340,SO2026-000340,1,4,2026-02-22,2026-02-28,2026-02-24,2026-02-24,Etsy-VS,Etsy VS,,,USD,190.00,203.88,203.88,190.00,0.00,0,0.00,0,0.00,13.88,0.00,,,,,203.88,,0.00,,,,,,,,,,,,,,,,,,,,,10008,10572,10008-2026-000340,,,,,,,,Etsy VS Shipping,,Etsy VS Marketplace,206 Pacific Hwy,Dock 6,Los Angeles,CA,90004,Los Angeles,USA,ship-etsy-vs@example.com,(213) 555-1506,,,,,,,,,,,,,,,,,,2026-02-22,,ADELINE-02-NUDE-B12,,,,EA,,,,,,,1,1,0,0,,138.00,138.00,138.00,138.00,0,0,0,FALSE,TRUE,FALSE,FALSE,,,,,,,,,,,
INV-SO2026-000340-000340,SO2026-000340,1,4,2026-02-22,2026-02-28,2026-02-24,2026-02-24,Etsy-VS,Etsy VS,,,USD,190.00,203.88,203.88,190.00,0.00,0,0.00,0,0.00,13.88,0.00,,,,,203.88,,0.00,,,,,,,,,,,,,,,,,,,,,10008,10572,10008-2026-000340,,,,,,,,Etsy VS Shipping,,Etsy VS Marketplace,206 Pacific Hwy,Dock 6,Los Angeles,CA,90004,Los Angeles,USA,ship-etsy-vs@example.com,(213) 555-1506,,,,,,,,,,,,,,,,,,2026-02-22,,AUSTIN-06-BLACK-12,,,,EA,,,,,,,2,2,0,0,,10.00,10.00,20.00,20.00,0,0,0,FALSE,TRUE,FALSE,FALSE,,,,,,,,,,,
INV-SO2026-000340-000340,SO2026-000340,1,4,2026-02-22,2026-02-28,2026-02-24,2026-02-24,Etsy-VS,Etsy VS,,,USD,190.00,203.88,203.88,190.00,0.00,0,0.00,0,0.00,13.88,0.00,,,,,203.88,,0.00,,,,,,,,,,,,,,,,,,,,,10008,10572,10008-2026-000340,,,,,,,,Etsy VS Shipping,,Etsy VS Marketplace,206 Pacific Hwy,Dock 6,Los Angeles,CA,90004,Los Angeles,USA,ship-etsy-vs@example.com,(213) 555-1506,,,,,,,,,,,,,,,,,,2026-02-22,,CAMILA-06-BLACK-10,,,,EA,,,,,,,4,4,0,0,,8.00,8.00,32.00,32.00,0,0,0,FALSE,TRUE,FALSE,FALSE,,,,,,,,,,,
INV-SO2026-000341-000341,SO2026-000341,1,4,2026-01-12,2026-02-26,2026-01-13,2026-01-13,Etsy-LS,Etsy LS,,,USD,444.00,447.11,447.11,444.00,0.00,0,0.00,0,0.00,3.11,0.00,,,,,447.11,,0.00,,,,,,,,,,,,,,,,,,,,,10008,10571,10008-2026-000341,,,,,,,,Etsy LS Shipping,,Etsy LS Marketplace,205 Mission St,Dock 5,San Francisco,CA,94103,San Francisco,USA,ship-etsy-ls@example.com,(415) 555-1406,,,,,,,,,,,,,,,,,,2026-01-12,,ADELINE-03-BROWN-S,,,,EA,,,,,,,1,1,0,0,,222.00,222.00,222.00,222.00,0,0,0,FALSE,TRUE,FALSE,FALSE,,,,,,,,,,,
INV-SO2026-000341-000341,SO2026-000341,1,4,2026-01-12,2026-02-26,2026-01-13,2026-01-13,Etsy-LS,Etsy LS,,,USD,444.00,447.11,447.11,444.00,0.00,0,0.00,0,0.00,3.11,0.00,,,,,447.11,,0.00,,,,,,,,,,,,,,,,,,,,,10008,10571,10008-2026-000341,,,,,,,,Etsy LS Shipping,,Etsy LS Marketplace,205 Mission St,Dock 5,San Francisco,CA,94103,San Francisco,USA,ship-etsy-ls@example.com,(415) 555-1406,,,,,,,,,,,,,,,,,,2026-01-12,,ADELINE-03-GOLD-S,,,,EA,,,,,,,1,1,0,0,,222.00,222.00,222.00,222.00,0,0,0,FALSE,TRUE,FALSE,FALSE,,,,,,,,,,,
INV-SO2026-000342-000342,SO2026-000342,1,4,2026-02-24,2026-02-28,2026-02-26,2026-02-27,eBay,eBay,,,USD,414.00,426.40,426.40,414.00,0.00,0,0.00,0,0.00,12.40,0.00,,,,,426.40,,0.00,,,,,,,,,,,,,,,,,,,,,10004,10570,10004-2026-000342,,,,,,,,eBay Shipping,,eBay Commerce,204 Fulfillment Ave,Dock 4,San Jose,CA,95111,Santa Clara,USA,ship-ebay@example.com,(408) 555-1306,,,,,,,,,,,,,,,,,,2026-02-24,,CORA-01-LEOP-B12,,,,EA,,,,,,,2,2,0,0,,129.00,129.00,258.00,258.00,0,0,0,FALSE,TRUE,FALSE,FALSE,,,,,,,,,,,
INV-SO2026-000342-000342,SO2026-000342,1,4,2026-02-24,2026-02-28,2026-02-26,2026-02-27,eBay,eBay,,,USD,414.00,426.40,426.40,414.00,0.00,0,0.00,0,0.00,12.40,0.00,,,,,426.40,,0.00,,,,,,,,,,,,,,,,,,,,,10004,10570,10004-2026-000342,,,,,,,,eBay Shipping,,eBay Commerce,204 Fulfillment Ave,Dock 4,San Jose,CA,95111,Santa Clara,USA,ship-ebay@example.com,(408) 555-1306,,,,,,,,,,,,,,,,,,2026-02-24,,FA16105WV-MIDNIGHTCAMO-XL-STD,,,,EA,,,,,,,4,4,0,0,,39.00,39.00,156.00,156.00,0,0,0,FALSE,TRUE,FALSE,FALSE,,,,,,,,,,,
INV-SO2026-000343-000343,SO2026-000343,1,4,2026-02-03,2026-02-28,2026-02-04,2026-02-06,eBay,eBay,,,USD,75.50,81.06,81.06,75.50,0.00,0,0.00,0,0.00,5.56,0.00,,,,,81.06,,0.00,,,,,,,,,,,,,,,,,,,,,10004,10570,10004-2026-000343,,,,,,,,eBay Shipping,,eBay Commerce,204 Fulfillment Ave,Dock 4,San Jose,CA,95111,Santa Clara,USA,ship-ebay@example.com,(408) 555-1306,,,,,,,,,,,,,,,,,,2026-02-03,,CORA-01-BLK-6.5,,,,EA,,,,,,,4,4,0,0,,10.75,10.75,43.00,43.00,0,0,0,FALSE,TRUE,FALSE,FALSE,,,,,,,,,,,
INV-SO2026-000343-000343,SO2026-000343,1,4,2026-02-03,2026-02-28,2026-02-04,2026-02-06,eBay,eBay,,,USD,75.50,81.06,81.06,75.50,0.00,0,0.00,0,0.00,5.56,0.00,,,,,81.06,,0.00,,,,,,,,,,,,,,,,,,,,,10004,10570,10004-2026-000343,,,,,,,,eBay Shipping,,eBay Commerce,204 Fulfillment Ave,Dock 4,San Jose,CA,95111,Santa Clara,USA,ship-ebay@example.com,(408) 555-1306,,,,,,,,,,,,,,,,,,2026-02-03,,AVIANA-06-WHITE-8.5,,,,EA,,,,,,,2,2,0,0,,16.25,16.25,32.50,32.50,0,0,0,FALSE,TRUE,FALSE,FALSE,,,,,,,,,,,
INV-SO2026-000344-000344,SO2026-000344,1,4,2026-01-06,2026-02-28,2026-01-06,2026-01-08,Mirakl-HudsonsB,Mirakl HudsonsB,,,USD,40.00,48.52,48.52,40.00,0.00,0,0.00,0,0.00,8.52,0.00,,,,,48.52,,0.00,,,,,,,,,,,,,,,,,,,,,10005,10577,10005-2026-000344,,,,,,,,Mirakl HudsonsB Shipping,,Mirakl HudsonsB Network,212 Quail Hill Pkwy,Dock 12,Irvine,CA,92607,Orange,USA,ship-mirakl-hudsonsb@example.com,(949) 555-2106,,,,,,,,,,,,,,,,,,2026-01-06,,AUSTIN-06-BLACK-7.5,,,,EA,,,,,,,4,4,0,0,,10.00,10.00,40.00,40.00,0,0,0,FALSE,TRUE,FALSE,FALSE,,,,,,,,,,,
INV-SO2026-000345-000345,SO2026-000345,1,4,2026-01-30,2026-02-28,2026-01-31,2026-01-31,eBay,eBay,,,USD,154.75,169.65,169.65,154.75,0.00,0,0.00,0,0.00,14.90,0.00,,,,,169.65,,0.00,,,,,,,,,,,,,,,,,,,,,10004,10570,10004-2026-000345,,,,,,,,eBay Shipping,,eBay Commerce,204 Fulfillment Ave,Dock 4,San Jose,CA,95111,Santa Clara,USA,ship-ebay@example.com,(408) 555-1306,,,,,,,,,,,,,,,,,,2026-01-30,,CORA-01-BLK-8,,,,EA,,,,,,,1,1,0,0,,10.75,10.75,10.75,10.75,0,0,0,FALSE,TRUE,FALSE,FALSE,,,,,,,,,,,
INV-SO2026-000345-000345,SO2026-000345,1,4,2026-01-30,2026-02-28,2026-01-31,2026-01-31,eBay,eBay,,,USD,154.75,169.65,169.65,154.75,0.00,0,0.00,0,0.00,14.90,0.00,,,,,169.65,,0.00,,,,,,,,,,,,,,,,,,,,,10004,10570,10004-2026-000345,,,,,,,,eBay Shipping,,eBay Commerce,204 Fulfillment Ave,Dock 4,San Jose,CA,95111,Santa Clara,USA,ship-ebay@example.com,(408) 555-1306,,,,,,,,,,,,,,,,,,2026-01-30,,FA13501DM-1464KINGSC-31-30,,,,EA,,,,,,,4,4,0,0,,34.00,34.00,136.00,136.00,0,0,0,FALSE,TRUE,FALSE,FALSE,,,,,,,,,,,
INV-SO2026-000345-000345,SO2026-000345,1,4,2026-01-30,2026-02-28,2026-01-31,2026-01-31,eBay,eBay,,,USD,154.75,169.65,169.65,154.75,0.00,0,0.00,0,0.00,14.90,0.00,,,,,169.65,,0.00,,,,,,,,,,,,,,,,,,,,,10004,10570,10004-2026-000345,,,,,,,,eBay Shipping,,eBay Commerce,204 Fulfillment Ave,Dock 4,San Jose,CA,95111,Santa Clara,USA,ship-ebay@example.com,(408) 555-1306,,,,,,,,,,,,,,,,,,2026-01-30,,CAMILA-06-GREEN-5.5,,,,EA,,,,,,,1,1,0,0,,8.00,8.00,8.00,8.00,0,0,0,FALSE,TRUE,FALSE,FALSE,,,,,,,,,,,
INV-SO2026-000346-000346,SO2026-000346,1,4,2026-01-23,2026-02-28,2026-01-24,2026-01-23,Walmart-eComm,Walmart eComm,,,USD,99.50,116.35,116.35,99.50,0.00,0,0.00,0,0.00,16.85,0.00,,,,,116.35,,0.00,,,,,,,,,,,,,,,,,,,,,10002,10566,10002-2026-000346,,,,,,,,Walmart eComm Shipping,,Walmart eComm Retail,220 Townsend St,Dock 20,San Francisco,CA,94109,San Francisco,USA,ship-walmart-ecomm@example.com,(415) 555-2906,,,,,,,,,,,,,,,,,,2026-01-23,,AVIANA-06-BEIGE-12,,,,EA,,,,,,,3,3,0,0,,16.25,16.25,48.75,48.75,0,0,0,FALSE,TRUE,FALSE,FALSE,,,,,,,,,,,
INV-SO2026-000346-000346,SO2026-000346,1,4,2026-01-23,2026-02-28,2026-01-24,2026-01-23,Walmart-eComm,Walmart eComm,,,USD,99.50,116.35,116.35,99.50,0.00,0,0.00,0,0.00,16.85,0.00,,,,,116.35,,0.00,,,,,,,,,,,,,,,,,,,,,10002,10566,10002-2026-000346,,,,,,,,Walmart eComm Shipping,,Walmart eComm Retail,220 Townsend St,Dock 20,San Francisco,CA,94109,San Francisco,USA,ship-walmart-ecomm@example.com,(415) 555-2906,,,,,,,,,,,,,,,,,,2026-01-23,,ADELINE-02-CAMEL-9.5,,,,EA,,,,,,,3,3,0,0,,11.50,11.50,34.50,34.50,0,0,0,FALSE,TRUE,FALSE,FALSE,,,,,,,,,,,
INV-SO2026-000346-000346,SO2026-000346,1,4,2026-01-23,2026-02-28,2026-01-24,2026-01-23,Walmart-eComm,Walmart eComm,,,USD,99.50,116.35,116.35,99.50,0.00,0,0.00,0,0.00,16.85,0.00,,,,,116.35,,0.00,,,,,,,,,,,,,,,,,,,,,10002,10566,10002-2026-000346,,,,,,,,Walmart eComm Shipping,,Walmart eComm Retail,220 Townsend St,Dock 20,San Francisco,CA,94109,San Francisco,USA,ship-walmart-ecomm@example.com,(415) 555-2906,,,,,,,,,,,,,,,,,,2026-01-23,,AVIANA-06-PINK-6.5,,,,EA,,,,,,,1,1,0,0,,16.25,16.25,16.25,16.25,0,0,0,FALSE,TRUE,FALSE,FALSE,,,,,,,,,,,
INV-SO2026-000347-000347,SO2026-000347,1,4,2026-02-17,2026-02-28,2026-02-18,2026-02-22,Veeqo-Amazon,Veeqo Amazon,,,USD,74.00,91.46,91.46,74.00,0.00,0,0.00,0,0.00,17.46,0.00,,,,,91.46,,0.00,,,,,,,,,,,,,,,,,,,,,10016,10579,10016-2026-000347,,,,,,,,Veeqo Amazon Shipping,,Veeqo Amazon Retail,202 Distribution Way,Dock 2,Irvine,CA,92603,Orange,USA,ship-veeqo-amazon@example.com,(949) 555-1106,,,,,,,,,,,,,,,,,,2026-02-17,,ADELINE-03-TAUPE-9.5,,,,EA,,,,,,,4,4,0,0,,18.50,18.50,74.00,74.00,0,0,0,FALSE,TRUE,FALSE,FALSE,,,,,,,,,,,
INV-SO2026-000348-000348,SO2026-000348,1,4,2026-02-25,2026-02-28,2026-02-26,2026-02-28,Mirakl-Kohls,Mirakl Kohls,,,USD,190.00,200.03,200.03,190.00,0.00,0,0.00,0,0.00,10.03,0.00,,,,,200.03,,0.00,,,,,,,,,,,,,,,,,,,,,10013,10576,10013-2026-000348,,,,,,,,Mirakl Kohls Shipping,,Mirakl Kohls Network,214 Silver Creek Rd,Dock 14,San Jose,CA,95115,Santa Clara,USA,ship-mirakl-kohls@example.com,(408) 555-2306,,,,,,,,,,,,,,,,,,2026-02-25,,CORA-01-BLK-9.5,,,,EA,,,,,,,2,2,0,0,,10.75,10.75,21.50,21.50,0,0,0,FALSE,TRUE,FALSE,FALSE,,,,,,,,,,,
INV-SO2026-000348-000348,SO2026-000348,1,4,2026-02-25,2026-02-28,2026-02-26,2026-02-28,Mirakl-Kohls,Mirakl Kohls,,,USD,190.00,200.03,200.03,190.00,0.00,0,0.00,0,0.00,10.03,0.00,,,,,200.03,,0.00,,,,,,,,,,,,,,,,,,,,,10013,10576,10013-2026-000348,,,,,,,,Mirakl Kohls Shipping,,Mirakl Kohls Network,214 Silver Creek Rd,Dock 14,San Jose,CA,95115,Santa Clara,USA,ship-mirakl-kohls@example.com,(408) 555-2306,,,,,,,,,,,,,,,,,,2026-02-25,,FD3601033-3022FROZENPD-L-STD,,,,EA,,,,,,,3,3,0,0,,49.00,49.00,147.00,147.00,0,0,0,FALSE,TRUE,FALSE,FALSE,,,,,,,,,,,
INV-SO2026-000348-000348,SO2026-000348,1,4,2026-02-25,2026-02-28,2026-02-26,2026-02-28,Mirakl-Kohls,Mirakl Kohls,,,USD,190.00,200.03,200.03,190.00,0.00,0,0.00,0,0.00,10.03,0.00,,,,,200.03,,0.00,,,,,,,,,,,,,,,,,,,,,10013,10576,10013-2026-000348,,,,,,,,Mirakl Kohls Shipping,,Mirakl Kohls Network,214 Silver Creek Rd,Dock 14,San Jose,CA,95115,Santa Clara,USA,ship-mirakl-kohls@example.com,(408) 555-2306,,,,,,,,,,,,,,,,,,2026-02-25,,CORA-01-BLK-5,,,,EA,,,,,,,2,2,0,0,,10.75,10.75,21.50,21.50,0,0,0,FALSE,TRUE,FALSE,FALSE,,,,,,,,,,,
INV-SO2026-000349-000349,SO2026-000349,1,4,2026-02-16,2026-02-28,2026-02-17,2026-02-19,Mirakl-Kohls,Mirakl Kohls,,,USD,37.00,47.73,47.73,37.00,0.00,0,0.00,0,0.00,10.73,0.00,,,,,47.73,,0.00,,,,,,,,,,,,,,,,,,,,,10013,10576,10013-2026-000349,,,,,,,,Mirakl Kohls Shipping,,Mirakl Kohls Network,214 Silver Creek Rd,Dock 14,San Jose,CA,95115,Santa Clara,USA,ship-mirakl-kohls@example.com,(408) 555-2306,,,,,,,,,,,,,,,,,,2026-02-16,,ADELINE-03-TAUPE-8.5,,,,EA,,,,,,,2,2,0,0,,18.50,18.50,37.00,37.00,0,0,0,FALSE,TRUE,FALSE,FALSE,,,,,,,,,,,
INV-SO2026-000350-000350,SO2026-000350,1,4,2026-01-08,2026-02-07,2026-01-08,2026-01-11,JCPenney,JCPenney,,,USD,54.50,65.25,65.25,54.50,0.00,0,0.00,0,0.00,10.75,0.00,,,,,65.25,,0.00,,,,,,,,,,,,,,,,,,,,,30007,10575,30007-2026-000350,,,,,,,,JCPenney Shipping,,JCPenney Stores,213 Gateway Rd,Dock 13,San Diego,CA,92106,San Diego,USA,ship-jcpenney@example.com,(619) 555-2206,,,,,,,,,,,,,,,,,,2026-01-08,,ADELINE-02-PINK-6.5,,,,EA,,,,,,,3,3,0,0,,11.50,11.50,34.50,34.50,0,0,0,FALSE,TRUE,FALSE,FALSE,,,,,,,,,,,
INV-SO2026-000350-000350,SO2026-000350,1,4,2026-01-08,2026-02-07,2026-01-08,2026-01-11,JCPenney,JCPenney,,,USD,54.50,65.25,65.25,54.50,0.00,0,0.00,0,0.00,10.75,0.00,,,,,65.25,,0.00,,,,,,,,,,,,,,,,,,,,,30007,10575,30007-2026-000350,,,,,,,,JCPenney Shipping,,JCPenney Stores,213 Gateway Rd,Dock 13,San Diego,CA,92106,San Diego,USA,ship-jcpenney@example.com,(619) 555-2206,,,,,,,,,,,,,,,,,,2026-01-08,,AUSTIN-06-BLUSH-7,,,,EA,,,,,,,2,2,0,0,,10.00,10.00,20.00,20.00,0,0,0,FALSE,TRUE,FALSE,FALSE,,,,,,,,,,,
INV-SO2026-000351-000351,SO2026-000351,1,4,2026-01-17,2026-02-16,2026-01-17,2026-01-21,eBay,eBay,,,USD,435.50,436.30,436.30,435.50,0.00,0,0.00,0,0.00,0.80,0.00,,,,,436.30,,0.00,,,,,,,,,,,,,,,,,,,,,10004,10570,10004-2026-000351,,,,,,,,eBay Shipping,,eBay Commerce,204 Fulfillment Ave,Dock 4,San Jose,CA,95111,Santa Clara,USA,ship-ebay@example.com,(408) 555-1306,,,,,,,,,,,,,,,,,,2026-01-17,,ADELINE-02-BLACK-A12,,,,EA,,,,,,,3,3,0,0,,138.00,138.00,414.00,414.00,0,0,0,FALSE,TRUE,FALSE,FALSE,,,,,,,,,,,
INV-SO2026-000351-000351,SO2026-000351,1,4,2026-01-17,2026-02-16,2026-01-17,2026-01-21,eBay,eBay,,,USD,435.50,436.30,436.30,435.50,0.00,0,0.00,0,0.00,0.80,0.00,,,,,436.30,,0.00,,,,,,,,,,,,,,,,,,,,,10004,10570,10004-2026-000351,,,,,,,,eBay Shipping,,eBay Commerce,204 Fulfillment Ave,Dock 4,San Jose,CA,95111,Santa Clara,USA,ship-ebay@example.com,(408) 555-1306,,,,,,,,,,,,,,,,,,2026-01-17,,CORA-01-YLW-5.5,,,,EA,,,,,,,2,2,0,0,,10.75,10.75,21.50,21.50,0,0,0,FALSE,TRUE,FALSE,FALSE,,,,,,,,,,,
INV-SO2026-000352-000352,SO2026-000352,1,4,2026-02-02,2026-02-28,2026-02-03,2026-02-06,Mirakl-HudsonsB,Mirakl HudsonsB,,,USD,34.00,49.55,49.55,34.00,0.00,0,0.00,0,0.00,15.55,0.00,,,,,49.55,,0.00,,,,,,,,,,,,,,,,,,,,,10005,10577,10005-2026-000352,,,,,,,,Mirakl HudsonsB Shipping,,Mirakl HudsonsB Network,212 Quail Hill Pkwy,Dock 12,Irvine,CA,92607,Orange,USA,ship-mirakl-hudsonsb@example.com,(949) 555-2106,,,,,,,,,,,,,,,,,,2026-02-02,,FA13501DM-1608BLAU2-29-30,,,,EA,,,,,,,1,1,0,0,,34.00,34.00,34.00,34.00,0,0,0,FALSE,TRUE,FALSE,FALSE,,,,,,,,,,,
INV-SO2026-000353-000353,SO2026-000353,1,4,2026-01-15,2026-02-28,2026-01-17,2026-01-15,Etsy-VS,Etsy VS,,,USD,189.50,202.63,202.63,189.50,0.00,0,0.00,0,0.00,13.13,0.00,,,,,202.63,,0.00,,,,,,,,,,,,,,,,,,,,,10008,10572,10008-2026-000353,,,,,,,,Etsy VS Shipping,,Etsy VS Marketplace,206 Pacific Hwy,Dock 6,Los Angeles,CA,90004,Los Angeles,USA,ship-etsy-vs@example.com,(213) 555-1506,,,,,,,,,,,,,,,,,,2026-01-15,,ASTRID-01-GREY-9.5,,,,EA,,,,,,,2,2,0,0,,20.75,20.75,41.50,41.50,0,0,0,FALSE,TRUE,FALSE,FALSE,,,,,,,,,,,
INV-SO2026-000353-000353,SO2026-000353,1,4,2026-01-15,2026-02-28,2026-01-17,2026-01-15,Etsy-VS,Etsy VS,,,USD,189.50,202.63,202.63,189.50,0.00,0,0.00,0,0.00,13.13,0.00,,,,,202.63,,0.00,,,,,,,,,,,,,,,,,,,,,10008,10572,10008-2026-000353,,,,,,,,Etsy VS Shipping,,Etsy VS Marketplace,206 Pacific Hwy,Dock 6,Los Angeles,CA,90004,Los Angeles,USA,ship-etsy-vs@example.com,(213) 555-1506,,,,,,,,,,,,,,,,,,2026-01-15,,ADELINE-03-BLUE-6.5,,,,EA,,,,,,,4,4,0,0,,18.50,18.50,74.00,74.00,0,0,0,FALSE,TRUE,FALSE,FALSE,,,,,,,,,,,
INV-SO2026-000353-000353,SO2026-000353,1,4,2026-01-15,2026-02-28,2026-01-17,2026-01-15,Etsy-VS,Etsy VS,,,USD,189.50,202.63,202.63,189.50,0.00,0,0.00,0,0.00,13.13,0.00,,,,,202.63,,0.00,,,,,,,,,,,,,,,,,,,,,10008,10572,10008-2026-000353,,,,,,,,Etsy VS Shipping,,Etsy VS Marketplace,206 Pacific Hwy,Dock 6,Los Angeles,CA,90004,Los Angeles,USA,ship-etsy-vs@example.com,(213) 555-1506,,,,,,,,,,,,,,,,,,2026-01-15,,ADELINE-03-GOLD-10,,,,EA,,,,,,,4,4,0,0,,18.50,18.50,74.00,74.00,0,0,0,FALSE,TRUE,FALSE,FALSE,,,,,,,,,,,
INV-SO2026-000354-000354,SO2026-000354,1,4,2026-02-18,2026-02-28,2026-02-18,2026-02-22,Mirakl-Kohls,Mirakl Kohls,,,USD,68.00,73.51,73.51,68.00,0.00,0,0.00,0,0.00,5.51,0.00,,,,,73.51,,0.00,,,,,,,,,,,,,,,,,,,,,10013,10576,10013-2026-000354,,,,,,,,Mirakl Kohls Shipping,,Mirakl Kohls Network,214 Silver Creek Rd,Dock 14,San Jose,CA,95115,Santa Clara,USA,ship-mirakl-kohls@example.com,(408) 555-2306,,,,,,,,,,,,,,,,,,2026-02-18,,FA13512DM-1847DPOCN-26-32,,,,EA,,,,,,,2,2,0,0,,34.00,34.00,68.00,68.00,0,0,0,FALSE,TRUE,FALSE,FALSE,,,,,,,,,,,
INV-SO2026-000355-000355,SO2026-000355,1,4,2026-01-11,2026-02-28,2026-01-12,2026-01-14,Etsy-VS,Etsy VS,,,USD,138.00,143.22,143.22,138.00,0.00,0,0.00,0,0.00,5.22,0.00,,,,,143.22,,0.00,,,,,,,,,,,,,,,,,,,,,10008,10572,10008-2026-000355,,,,,,,,Etsy VS Shipping,,Etsy VS Marketplace,206 Pacific Hwy,Dock 6,Los Angeles,CA,90004,Los Angeles,USA,ship-etsy-vs@example.com,(213) 555-1506,,,,,,,,,,,,,,,,,,2026-01-11,,FD9801506P-CHERRY,,,,EA,,,,,,,2,2,0,0,,49.00,49.00,98.00,98.00,0,0,0,FALSE,TRUE,FALSE,FALSE,,,,,,,,,,,
INV-SO2026-000355-000355,SO2026-000355,1,4,2026-01-11,2026-02-28,2026-01-12,2026-01-14,Etsy-VS,Etsy VS,,,USD,138.00,143.22,143.22,138.00,0.00,0,0.00,0,0.00,5.22,0.00,,,,,143.22,,0.00,,,,,,,,,,,,,,,,,,,,,10008,10572,10008-2026-000355,,,,,,,,Etsy VS Shipping,,Etsy VS Marketplace,206 Pacific Hwy,Dock 6,Los Angeles,CA,90004,Los Angeles,USA,ship-etsy-vs@example.com,(213) 555-1506,,,,,,,,,,,,,,,,,,2026-01-11,,AUSTIN-06-BLACK-9.5,,,,EA,,,,,,,4,4,0,0,,10.00,10.00,40.00,40.00,0,0,0,FALSE,TRUE,FALSE,FALSE,,,,,,,,,,,
INV-SO2026-000356-000356,SO2026-000356,1,4,2026-02-18,2026-02-28,2026-02-20,2026-02-19,Macys,Macys,,,USD,428.00,437.95,437.95,428.00,0.00,0,0.00,0,0.00,9.95,0.00,,,,,437.95,,0.00,,,,,,,,,,,,,,,,,,,,,30005,10574,30005-2026-000356,,,,,,,,Macys Shipping,,Macys Stores,215 King St,Dock 15,San Francisco,CA,94107,San Francisco,USA,ship-macys@example.com,(415) 555-2406,,,,,,,,,,,,,,,,,,2026-02-18,,34478006-BLANCMANGE-2X-STD,,,,EA,,,,,,,1,1,0,0,,428.00,428.00,428.00,428.00,0,0,0,FALSE,TRUE,FALSE,FALSE,,,,,,,,,,,
INV-SO2026-000357-000357,SO2026-000357,1,4,2026-02-24,2026-02-28,2026-02-26,2026-02-25,Etsy-VS,Etsy VS,,,USD,284.25,290.98,290.98,284.25,0.00,0,0.00,0,0.00,6.73,0.00,,,,,290.98,,0.00,,,,,,,,,,,,,,,,,,,,,10008,10572,10008-2026-000357,,,,,,,,Etsy VS Shipping,,Etsy VS Marketplace,206 Pacific Hwy,Dock 6,Los Angeles,CA,90004,Los Angeles,USA,ship-etsy-vs@example.com,(213) 555-1506,,,,,,,,,,,,,,,,,,2026-02-24,,ADELINE-03-BLACK-A12,,,,EA,,,,,,,1,1,0,0,,222.00,222.00,222.00,222.00,0,0,0,FALSE,TRUE,FALSE,FALSE,,,,,,,,,,,
INV-SO2026-000357-000357,SO2026-000357,1,4,2026-02-24,2026-02-28,2026-02-26,2026-02-25,Etsy-VS,Etsy VS,,,USD,284.25,290.98,290.98,284.25,0.00,0,0.00,0,0.00,6.73,0.00,,,,,290.98,,0.00,,,,,,,,,,,,,,,,,,,,,10008,10572,10008-2026-000357,,,,,,,,Etsy VS Shipping,,Etsy VS Marketplace,206 Pacific Hwy,Dock 6,Los Angeles,CA,90004,Los Angeles,USA,ship-etsy-vs@example.com,(213) 555-1506,,,,,,,,,,,,,,,,,,2026-02-24,,ASTRID-01-BLUSH-5,,,,EA,,,,,,,3,3,0,0,,20.75,20.75,62.25,62.25,0,0,0,FALSE,TRUE,FALSE,FALSE,,,,,,,,,,,
INV-SO2026-000358-000358,SO2026-000358,1,4,2026-01-03,2026-02-02,2026-01-03,2026-01-03,eBay,eBay,,,USD,74.00,88.09,88.09,74.00,0.00,0,0.00,0,0.00,14.09,0.00,,,,,88.09,,0.00,,,,,,,,,,,,,,,,,,,,,10004,10570,10004-2026-000358,,,,,,,,eBay Shipping,,eBay Commerce,204 Fulfillment Ave,Dock 4,San Jose,CA,95111,Santa Clara,USA,ship-ebay@example.com,(408) 555-1306,,,,,,,,,,,,,,,,,,2026-01-03,,ADELINE-03-BROWN-5.5,,,,EA,,,,,,,4,4,0,0,,18.50,18.50,74.00,74.00,0,0,0,FALSE,TRUE,FALSE,FALSE,,,,,,,,,,,
INV-SO2026-000359-000359,SO2026-000359,1,4,2026-02-11,2026-02-28,2026-02-11,2026-02-11,Etsy-VS,Etsy VS,,,USD,445.75,447.26,447.26,445.75,0.00,0,0.00,0,0.00,1.51,0.00,,,,,447.26,,0.00,,,,,,,,,,,,,,,,,,,,,10008,10572,10008-2026-000359,,,,,,,,Etsy VS Shipping,,Etsy VS Marketplace,206 Pacific Hwy,Dock 6,Los Angeles,CA,90004,Los Angeles,USA,ship-etsy-vs@example.com,(213) 555-1506,,,,,,,,,,,,,,,,,,2026-02-11,,FD3601734-MEDBLEACH-M-STD,,,,EA,,,,,,,4,4,0,0,,98.00,98.00,392.00,392.00,0,0,0,FALSE,TRUE,FALSE,FALSE,,,,,,,,,,,
INV-SO2026-000359-000359,SO2026-000359,1,4,2026-02-11,2026-02-28,2026-02-11,2026-02-11,Etsy-VS,Etsy VS,,,USD,445.75,447.26,447.26,445.75,0.00,0,0.00,0,0.00,1.51,0.00,,,,,447.26,,0.00,,,,,,,,,,,,,,,,,,,,,10008,10572,10008-2026-000359,,,,,,,,Etsy VS Shipping,,Etsy VS Marketplace,206 Pacific Hwy,Dock 6,Los Angeles,CA,90004,Los Angeles,USA,ship-etsy-vs@example.com,(213) 555-1506,,,,,,,,,,,,,,,,,,2026-02-11,,CORA-01-YLW-10,,,,EA,,,,,,,2,2,0,0,,10.75,10.75,21.50,21.50,0,0,0,FALSE,TRUE,FALSE,FALSE,,,,,,,,,,,
INV-SO2026-000359-000359,SO2026-000359,1,4,2026-02-11,2026-02-28,2026-02-11,2026-02-11,Etsy-VS,Etsy VS,,,USD,445.75,447.26,447.26,445.75,0.00,0,0.00,0,0.00,1.51,0.00,,,,,447.26,,0.00,,,,,,,,,,,,,,,,,,,,,10008,10572,10008-2026-000359,,,,,,,,Etsy VS Shipping,,Etsy VS Marketplace,206 Pacific Hwy,Dock 6,Los Angeles,CA,90004,Los Angeles,USA,ship-etsy-vs@example.com,(213) 555-1506,,,,,,,,,,,,,,,,,,2026-02-11,,CORA-01-FUCH-9,,,,EA,,,,,,,3,3,0,0,,10.75,10.75,32.25,32.25,0,0,0,FALSE,TRUE,FALSE,FALSE,,,,,,,,,,,
INV-SO2026-000360-000360,SO2026-000360,1,4,2026-01-04,2026-02-03,2026-01-04,2026-01-07,JCPenney,JCPenney,,,USD,270.00,280.25,280.25,270.00,0.00,0,0.00,0,0.00,10.25,0.00,,,,,280.25,,0.00,,,,,,,,,,,,,,,,,,,,,30007,10575,30007-2026-000360,,,,,,,,JCPenney Shipping,,JCPenney Stores,213 Gateway Rd,Dock 13,San Diego,CA,92106,San Diego,USA,ship-jcpenney@example.com,(619) 555-2206,,,,,,,,,,,,,,,,,,2026-01-04,,CAMILA-06-GREEN-8.5,,,,EA,,,,,,,4,4,0,0,,8.00,8.00,32.00,32.00,0,0,0,FALSE,TRUE,FALSE,FALSE,,,,,,,,,,,
INV-SO2026-000360-000360,SO2026-000360,1,4,2026-01-04,2026-02-03,2026-01-04,2026-01-07,JCPenney,JCPenney,,,USD,270.00,280.25,280.25,270.00,0.00,0,0.00,0,0.00,10.25,0.00,,,,,280.25,,0.00,,,,,,,,,,,,,,,,,,,,,30007,10575,30007-2026-000360,,,,,,,,JCPenney Shipping,,JCPenney Stores,213 Gateway Rd,Dock 13,San Diego,CA,92106,San Diego,USA,ship-jcpenney@example.com,(619) 555-2206,,,,,,,,,,,,,,,,,,2026-01-04,,ADELINE-03-BROWN-B12,,,,EA,,,,,,,1,1,0,0,,222.00,222.00,222.00,222.00,0,0,0,FALSE,TRUE,FALSE,FALSE,,,,,,,,,,,
INV-SO2026-000360-000360,SO2026-000360,1,4,2026-01-04,2026-02-03,2026-01-04,2026-01-07,JCPenney,JCPenney,,,USD,270.00,280.25,280.25,270.00,0.00,0,0.00,0,0.00,10.25,0.00,,,,,280.25,,0.00,,,,,,,,,,,,,,,,,,,,,30007,10575,30007-2026-000360,,,,,,,,JCPenney Shipping,,JCPenney Stores,213 Gateway Rd,Dock 13,San Diego,CA,92106,San Diego,USA,ship-jcpenney@example.com,(619) 555-2206,,,,,,,,,,,,,,,,,,2026-01-04,,CAMILA-06-LILAC-5,,,,EA,,,,,,,2,2,0,0,,8.00,8.00,16.00,16.00,0,0,0,FALSE,TRUE,FALSE,FALSE,,,,,,,,,,,
INV-SO2026-000361-000361,SO2026-000361,1,4,2026-01-26,2026-02-28,2026-01-27,2026-01-27,Etsy-LS,Etsy LS,,,USD,48.75,58.23,58.23,48.75,0.00,0,0.00,0,0.00,9.48,0.00,,,,,58.23,,0.00,,,,,,,,,,,,,,,,,,,,,10008,10571,10008-2026-000361,,,,,,,,Etsy LS Shipping,,Etsy LS Marketplace,205 Mission St,Dock 5,San Francisco,CA,94103,San Francisco,USA,ship-etsy-ls@example.com,(415) 555-1406,,,,,,,,,,,,,,,,,,2026-01-26,,AVIANA-06-BEIGE-8.5,,,,EA,,,,,,,3,3,0,0,,16.25,16.25,48.75,48.75,0,0,0,FALSE,TRUE,FALSE,FALSE,,,,,,,,,,,
INV-SO2026-000362-000362,SO2026-000362,1,4,2026-02-25,2026-02-28,2026-02-27,2026-02-28,Macys,Macys,,,USD,73.00,73.00,73.00,73.00,0.00,0,0.00,0,0.00,0.00,0.00,,,,,73.00,,0.00,,,,,,,,,,,,,,,,,,,,,30005,10574,30005-2026-000362,,,,,,,,Macys Shipping,,Macys Stores,215 King St,Dock 15,San Francisco,CA,94107,San Francisco,USA,ship-macys@example.com,(415) 555-2406,,,,,,,,,,,,,,,,,,2026-02-25,,CAMILA-06-BLACK-7.5,,,,EA,,,,,,,1,1,0,0,,8.00,8.00,8.00,8.00,0,0,0,FALSE,TRUE,FALSE,FALSE,,,,,,,,,,,
INV-SO2026-000362-000362,SO2026-000362,1,4,2026-02-25,2026-02-28,2026-02-27,2026-02-28,Macys,Macys,,,USD,73.00,73.00,73.00,73.00,0.00,0,0.00,0,0.00,0.00,0.00,,,,,73.00,,0.00,,,,,,,,,,,,,,,,,,,,,30005,10574,30005-2026-000362,,,,,,,,Macys Shipping,,Macys Stores,215 King St,Dock 15,San Francisco,CA,94107,San Francisco,USA,ship-macys@example.com,(415) 555-2406,,,,,,,,,,,,,,,,,,2026-02-25,,AVIANA-06-BLACK-6.5,,,,EA,,,,,,,4,4,0,0,,16.25,16.25,65.00,65.00,0,0,0,FALSE,TRUE,FALSE,FALSE,,,,,,,,,,,
INV-SO2026-000363-000363,SO2026-000363,1,4,2026-02-07,2026-02-28,2026-02-09,2026-02-09,Etsy-LS,Etsy LS,,,USD,320.00,320.22,320.22,320.00,0.00,0,0.00,0,0.00,0.22,0.00,,,,,320.22,,0.00,,,,,,,,,,,,,,,,,,,,,10008,10571,10008-2026-000363,,,,,,,,Etsy LS Shipping,,Etsy LS Marketplace,205 Mission St,Dock 5,San Francisco,CA,94103,San Francisco,USA,ship-etsy-ls@example.com,(415) 555-1406,,,,,,,,,,,,,,,,,,2026-02-07,,ADELINE-03-BROWN-A12,,,,EA,,,,,,,1,1,0,0,,222.00,222.00,222.00,222.00,0,0,0,FALSE,TRUE,FALSE,FALSE,,,,,,,,,,,
INV-SO2026-000363-000363,SO2026-000363,1,4,2026-02-07,2026-02-28,2026-02-09,2026-02-09,Etsy-LS,Etsy LS,,,USD,320.00,320.22,320.22,320.00,0.00,0,0.00,0,0.00,0.22,0.00,,,,,320.22,,0.00,,,,,,,,,,,,,,,,,,,,,10008,10571,10008-2026-000363,,,,,,,,Etsy LS Shipping,,Etsy LS Marketplace,205 Mission St,Dock 5,San Francisco,CA,94103,San Francisco,USA,ship-etsy-ls@example.com,(415) 555-1406,,,,,,,,,,,,,,,,,,2026-02-07,,AUSTIN-06-CAMEL-7.5,,,,EA,,,,,,,3,3,0,0,,10.00,10.00,30.00,30.00,0,0,0,FALSE,TRUE,FALSE,FALSE,,,,,,,,,,,
INV-SO2026-000363-000363,SO2026-000363,1,4,2026-02-07,2026-02-28,2026-02-09,2026-02-09,Etsy-LS,Etsy LS,,,USD,320.00,320.22,320.22,320.00,0.00,0,0.00,0,0.00,0.22,0.00,,,,,320.22,,0.00,,,,,,,,,,,,,,,,,,,,,10008,10571,10008-2026-000363,,,,,,,,Etsy LS Shipping,,Etsy LS Marketplace,205 Mission St,Dock 5,San Francisco,CA,94103,San Francisco,USA,ship-etsy-ls@example.com,(415) 555-1406,,,,,,,,,,,,,,,,,,2026-02-07,,F13031C-1742VNTGBJ-24-STD,,,,EA,,,,,,,2,2,0,0,,34.00,34.00,68.00,68.00,0,0,0,FALSE,TRUE,FALSE,FALSE,,,,,,,,,,,
INV-SO2026-000364-000364,SO2026-000364,1,4,2026-01-02,2026-02-16,2026-01-02,2026-01-07,Shopify,Shopify,,,USD,89.50,102.63,102.63,89.50,0.00,0,0.00,0,0.00,13.13,0.00,,,,,102.63,,0.00,,,,,,,,,,,,,,,,,,,,,20001,10580,20001-2026-000364,,,,,,,,Shopify Shipping,,Shopify Commerce,217 Barranca Pkwy,Dock 17,Irvine,CA,92609,Orange,USA,ship-shopify@example.com,(949) 555-2606,,,,,,,,,,,,,,,,,,2026-01-02,,FA16023WV-SLATE,,,,EA,,,,,,,2,2,0,0,,39.00,39.00,78.00,78.00,0,0,0,FALSE,TRUE,FALSE,FALSE,,,,,,,,,,,
INV-SO2026-000364-000364,SO2026-000364,1,4,2026-01-02,2026-02-16,2026-01-02,2026-01-07,Shopify,Shopify,,,USD,89.50,102.63,102.63,89.50,0.00,0,0.00,0,0.00,13.13,0.00,,,,,102.63,,0.00,,,,,,,,,,,,,,,,,,,,,20001,10580,20001-2026-000364,,,,,,,,Shopify Shipping,,Shopify Commerce,217 Barranca Pkwy,Dock 17,Irvine,CA,92609,Orange,USA,ship-shopify@example.com,(949) 555-2606,,,,,,,,,,,,,,,,,,2026-01-02,,ADELINE-02-PINK-6,,,,EA,,,,,,,1,1,0,0,,11.50,11.50,11.50,11.50,0,0,0,FALSE,TRUE,FALSE,FALSE,,,,,,,,,,,
INV-SO2026-000365-000365,SO2026-000365,1,4,2026-01-19,2026-02-28,2026-01-21,2026-01-24,Etsy-VS,Etsy VS,,,USD,149.00,161.59,161.59,149.00,0.00,0,0.00,0,0.00,12.59,0.00,,,,,161.59,,0.00,,,,,,,,,,,,,,,,,,,,,10008,10572,10008-2026-000365,,,,,,,,Etsy VS Shipping,,Etsy VS Marketplace,206 Pacific Hwy,Dock 6,Los Angeles,CA,90004,Los Angeles,USA,ship-etsy-vs@example.com,(213) 555-1506,,,,,,,,,,,,,,,,,,2026-01-19,,CORA-01-BLK-A12,,,,EA,,,,,,,1,1,0,0,,129.00,129.00,129.00,129.00,0,0,0,FALSE,TRUE,FALSE,FALSE,,,,,,,,,,,
INV-SO2026-000365-000365,SO2026-000365,1,4,2026-01-19,2026-02-28,2026-01-21,2026-01-24,Etsy-VS,Etsy VS,,,USD,149.00,161.59,161.59,149.00,0.00,0,0.00,0,0.00,12.59,0.00,,,,,161.59,,0.00,,,,,,,,,,,,,,,,,,,,,10008,10572,10008-2026-000365,,,,,,,,Etsy VS Shipping,,Etsy VS Marketplace,206 Pacific Hwy,Dock 6,Los Angeles,CA,90004,Los Angeles,USA,ship-etsy-vs@example.com,(213) 555-1506,,,,,,,,,,,,,,,,,,2026-01-19,,AUSTIN-06-WHITE-5.5,,,,EA,,,,,,,2,2,0,0,,10.00,10.00,20.00,20.00,0,0,0,FALSE,TRUE,FALSE,FALSE,,,,,,,,,,,
INV-SO2026-000366-000366,SO2026-000366,1,4,2026-02-11,2026-02-28,2026-02-13,2026-02-15,Magento,Magento,,,USD,46.00,46.00,46.00,46.00,0.00,0,0.00,0,0.00,0.00,0.00,,,,,46.00,,0.00,,,,,,,,,,,,,,,,,,,,,20003,10581,20003-2026-000366,,,,,,,,Magento Shipping,,Magento Platform,216 Century Blvd,Dock 16,Los Angeles,CA,90008,Los Angeles,USA,ship-magento@example.com,(213) 555-2506,,,,,,,,,,,,,,,,,,2026-02-11,,ADELINE-02-WHITE-7,,,,EA,,,,,,,4,4,0,0,,11.50,11.50,46.00,46.00,0,0,0,FALSE,TRUE,FALSE,FALSE,,,,,,,,,,,
INV-SO2026-000367-000367,SO2026-000367,1,4,2026-02-13,2026-02-28,2026-02-15,2026-02-18,Mirakl-HudsonsB,Mirakl HudsonsB,,,USD,136.00,149.05,149.05,136.00,0.00,0,0.00,0,0.00,13.05,0.00,,,,,149.05,,0.00,,,,,,,,,,,,,,,,,,,,,10005,10577,10005-2026-000367,,,,,,,,Mirakl HudsonsB Shipping,,Mirakl HudsonsB Network,212 Quail Hill Pkwy,Dock 12,Irvine,CA,92607,Orange,USA,ship-mirakl-hudsonsb@example.com,(949) 555-2106,,,,,,,,,,,,,,,,,,2026-02-13,,FA13501DM-1608BLAU2-27-32,,,,EA,,,,,,,4,4,0,0,,34.00,34.00,136.00,136.00,0,0,0,FALSE,TRUE,FALSE,FALSE,,,,,,,,,,,
INV-SO2026-000368-000368,SO2026-000368,1,4,2026-01-25,2026-02-24,2026-01-27,2026-01-28,JCPenney,JCPenney,,,USD,87.00,101.69,101.69,87.00,0.00,0,0.00,0,0.00,14.69,0.00,,,,,101.69,,0.00,,,,,,,,,,,,,,,,,,,,,30007,10575,30007-2026-000368,,,,,,,,JCPenney Shipping,,JCPenney Stores,213 Gateway Rd,Dock 13,San Diego,CA,92106,San Diego,USA,ship-jcpenney@example.com,(619) 555-2206,,,,,,,,,,,,,,,,,,2026-01-25,,F13T007SS-CABERNET-XS-STD,,,,EA,,,,,,,3,3,0,0,,29.00,29.00,87.00,87.00,0,0,0,FALSE,TRUE,FALSE,FALSE,,,,,,,,,,,
INV-SO2026-000369-000369,SO2026-000369,1,4,2026-01-28,2026-02-28,2026-01-29,2026-01-31,Etsy-VS,Etsy VS,,,USD,180.00,187.27,187.27,180.00,0.00,0,0.00,0,0.00,7.27,0.00,,,,,187.27,,0.00,,,,,,,,,,,,,,,,,,,,,10008,10572,10008-2026-000369,,,,,,,,Etsy VS Shipping,,Etsy VS Marketplace,206 Pacific Hwy,Dock 6,Los Angeles,CA,90004,Los Angeles,USA,ship-etsy-vs@example.com,(213) 555-1506,,,,,,,,,,,,,,,,,,2026-01-28,,F13031C-1742VNTGBJ-28-STD,,,,EA,,,,,,,3,3,0,0,,34.00,34.00,102.00,102.00,0,0,0,FALSE,TRUE,FALSE,FALSE,,,,,,,,,,,
INV-SO2026-000369-000369,SO2026-000369,1,4,2026-01-28,2026-02-28,2026-01-29,2026-01-31,Etsy-VS,Etsy VS,,,USD,180.00,187.27,187.27,180.00,0.00,0,0.00,0,0.00,7.27,0.00,,,,,187.27,,0.00,,,,,,,,,,,,,,,,,,,,,10008,10572,10008-2026-000369,,,,,,,,Etsy VS Shipping,,Etsy VS Marketplace,206 Pacific Hwy,Dock 6,Los Angeles,CA,90004,Los Angeles,USA,ship-etsy-vs@example.com,(213) 555-1506,,,,,,,,,,,,,,,,,,2026-01-28,,FA16105WV-MIDNIGHTBLUE,,,,EA,,,,,,,2,2,0,0,,39.00,39.00,78.00,78.00,0,0,0,FALSE,TRUE,FALSE,FALSE,,,,,,,,,,,
INV-SO2026-000370-000370,SO2026-000370,1,4,2026-01-07,2026-02-06,2026-01-07,2026-01-09,AMZ-eCom,AMZ eCom,,,USD,117.00,119.39,119.39,117.00,0.00,0,0.00,0,0.00,2.39,0.00,,,,,119.39,,0.00,,,,,,,,,,,,,,,,,,,,,10001,10565,10001-2026-000370,,,,,,,,AMZ eCom Shipping,,AMZ eCom Retail,201 Harbor Ave,Dock 1,Los Angeles,CA,90002,Los Angeles,USA,ship-amz-ecom@example.com,(213) 555-1006,,,,,,,,,,,,,,,,,,2026-01-07,,FB3601737-3219UNFORGV-28-STD,,,,EA,,,,,,,3,3,0,0,,39.00,39.00,117.00,117.00,0,0,0,FALSE,TRUE,FALSE,FALSE,,,,,,,,,,,
INV-SO2026-000371-000371,SO2026-000371,1,4,2026-01-18,2026-02-28,2026-01-20,2026-01-21,Etsy-VS,Etsy VS,,,USD,222.00,232.43,232.43,222.00,0.00,0,0.00,0,0.00,10.43,0.00,,,,,232.43,,0.00,,,,,,,,,,,,,,,,,,,,,10008,10572,10008-2026-000371,,,,,,,,Etsy VS Shipping,,Etsy VS Marketplace,206 Pacific Hwy,Dock 6,Los Angeles,CA,90004,Los Angeles,USA,ship-etsy-vs@example.com,(213) 555-1506,,,,,,,,,,,,,,,,,,2026-01-18,,AUSTIN-06-WHITE-B12,,,,EA,,,,,,,1,1,0,0,,120.00,120.00,120.00,120.00,0,0,0,FALSE,TRUE,FALSE,FALSE,,,,,,,,,,,
INV-SO2026-000371-000371,SO2026-000371,1,4,2026-01-18,2026-02-28,2026-01-20,2026-01-21,Etsy-VS,Etsy VS,,,USD,222.00,232.43,232.43,222.00,0.00,0,0.00,0,0.00,10.43,0.00,,,,,232.43,,0.00,,,,,,,,,,,,,,,,,,,,,10008,10572,10008-2026-000371,,,,,,,,Etsy VS Shipping,,Etsy VS Marketplace,206 Pacific Hwy,Dock 6,Los Angeles,CA,90004,Los Angeles,USA,ship-etsy-vs@example.com,(213) 555-1506,,,,,,,,,,,,,,,,,,2026-01-18,,FA13512DM-1847DPOCN-28-32,,,,EA,,,,,,,3,3,0,0,,34.00,34.00,102.00,102.00,0,0,0,FALSE,TRUE,FALSE,FALSE,,,,,,,,,,,
INV-SO2026-000372-000372,SO2026-000372,1,4,2026-02-22,2026-02-28,2026-02-24,2026-02-26,AMZ-eCom,AMZ eCom,,,USD,268.00,272.51,272.51,268.00,0.00,0,0.00,0,0.00,4.51,0.00,,,,,272.51,,0.00,,,,,,,,,,,,,,,,,,,,,10001,10565,10001-2026-000372,,,,,,,,AMZ eCom Shipping,,AMZ eCom Retail,201 Harbor Ave,Dock 1,Los Angeles,CA,90002,Los Angeles,USA,ship-amz-ecom@example.com,(213) 555-1006,,,,,,,,,,,,,,,,,,2026-02-22,,ADELINE-03-TAUPE-A12,,,,EA,,,,,,,1,1,0,0,,222.00,222.00,222.00,222.00,0,0,0,FALSE,TRUE,FALSE,FALSE,,,,,,,,,,,
INV-SO2026-000372-000372,SO2026-000372,1,4,2026-02-22,2026-02-28,2026-02-24,2026-02-26,AMZ-eCom,AMZ eCom,,,USD,268.00,272.51,272.51,268.00,0.00,0,0.00,0,0.00,4.51,0.00,,,,,272.51,,0.00,,,,,,,,,,,,,,,,,,,,,10001,10565,10001-2026-000372,,,,,,,,AMZ eCom Shipping,,AMZ eCom Retail,201 Harbor Ave,Dock 1,Los Angeles,CA,90002,Los Angeles,USA,ship-amz-ecom@example.com,(213) 555-1006,,,,,,,,,,,,,,,,,,2026-02-22,,ADELINE-02-PINK-9.5,,,,EA,,,,,,,4,4,0,0,,11.50,11.50,46.00,46.00,0,0,0,FALSE,TRUE,FALSE,FALSE,,,,,,,,,,,
INV-SO2026-000373-000373,SO2026-000373,1,4,2026-02-04,2026-02-28,2026-02-05,2026-02-08,Macys,Macys,,,USD,290.00,307.60,307.60,290.00,0.00,0,0.00,0,0.00,17.60,0.00,,,,,307.60,,0.00,,,,,,,,,,,,,,,,,,,,,30005,10574,30005-2026-000373,,,,,,,,Macys Shipping,,Macys Stores,215 King St,Dock 15,San Francisco,CA,94107,San Francisco,USA,ship-macys@example.com,(415) 555-2406,,,,,,,,,,,,,,,,,,2026-02-04,,ADELINE-03-BLACK-S,,,,EA,,,,,,,1,1,0,0,,222.00,222.00,222.00,222.00,0,0,0,FALSE,TRUE,FALSE,FALSE,,,,,,,,,,,
INV-SO2026-000373-000373,SO2026-000373,1,4,2026-02-04,2026-02-28,2026-02-05,2026-02-08,Macys,Macys,,,USD,290.00,307.60,307.60,290.00,0.00,0,0.00,0,0.00,17.60,0.00,,,,,307.60,,0.00,,,,,,,,,,,,,,,,,,,,,30005,10574,30005-2026-000373,,,,,,,,Macys Shipping,,Macys Stores,215 King St,Dock 15,San Francisco,CA,94107,San Francisco,USA,ship-macys@example.com,(415) 555-2406,,,,,,,,,,,,,,,,,,2026-02-04,,FA13501DM-1608BLAU2-28-32,,,,EA,,,,,,,2,2,0,0,,34.00,34.00,68.00,68.00,0,0,0,FALSE,TRUE,FALSE,FALSE,,,,,,,,,,,
INV-SO2026-000374-000374,SO2026-000374,1,4,2026-01-02,2026-02-16,2026-01-03,2026-01-04,Walmart-eComm,Walmart eComm,,,USD,37.00,51.53,51.53,37.00,0.00,0,0.00,0,0.00,14.53,0.00,,,,,51.53,,0.00,,,,,,,,,,,,,,,,,,,,,10002,10566,10002-2026-000374,,,,,,,,Walmart eComm Shipping,,Walmart eComm Retail,220 Townsend St,Dock 20,San Francisco,CA,94109,San Francisco,USA,ship-walmart-ecomm@example.com,(415) 555-2906,,,,,,,,,,,,,,,,,,2026-01-02,,ADELINE-03-GOLD-6.5,,,,EA,,,,,,,2,2,0,0,,18.50,18.50,37.00,37.00,0,0,0,FALSE,TRUE,FALSE,FALSE,,,,,,,,,,,
INV-SO2026-000375-000375,SO2026-000375,1,4,2026-01-12,2026-02-26,2026-01-13,2026-01-12,Walmart-eComm,Walmart eComm,,,USD,168.75,175.86,175.86,168.75,0.00,0,0.00,0,0.00,7.11,0.00,,,,,175.86,,0.00,,,,,,,,,,,,,,,,,,,,,10002,10566,10002-2026-000375,,,,,,,,Walmart eComm Shipping,,Walmart eComm Retail,220 Townsend St,Dock 20,San Francisco,CA,94109,San Francisco,USA,ship-walmart-ecomm@example.com,(415) 555-2906,,,,,,,,,,,,,,,,,,2026-01-12,,AVIANA-06-PINK-12,,,,EA,,,,,,,3,3,0,0,,16.25,16.25,48.75,48.75,0,0,0,FALSE,TRUE,FALSE,FALSE,,,,,,,,,,,
INV-SO2026-000375-000375,SO2026-000375,1,4,2026-01-12,2026-02-26,2026-01-13,2026-01-12,Walmart-eComm,Walmart eComm,,,USD,168.75,175.86,175.86,168.75,0.00,0,0.00,0,0.00,7.11,0.00,,,,,175.86,,0.00,,,,,,,,,,,,,,,,,,,,,10002,10566,10002-2026-000375,,,,,,,,Walmart eComm Shipping,,Walmart eComm Retail,220 Townsend St,Dock 20,San Francisco,CA,94109,San Francisco,USA,ship-walmart-ecomm@example.com,(415) 555-2906,,,,,,,,,,,,,,,,,,2026-01-12,,AUSTIN-06-BLUSH-A12,,,,EA,,,,,,,1,1,0,0,,120.00,120.00,120.00,120.00,0,0,0,FALSE,TRUE,FALSE,FALSE,,,,,,,,,,,
INV-SO2026-000376-000376,SO2026-000376,1,4,2026-01-09,2026-02-08,2026-01-11,2026-01-11,JCPenney,JCPenney,,,USD,48.00,56.97,56.97,48.00,0.00,0,0.00,0,0.00,8.97,0.00,,,,,56.97,,0.00,,,,,,,,,,,,,,,,,,,,,30007,10575,30007-2026-000376,,,,,,,,JCPenney Shipping,,JCPenney Stores,213 Gateway Rd,Dock 13,San Diego,CA,92106,San Diego,USA,ship-jcpenney@example.com,(619) 555-2206,,,,,,,,,,,,,,,,,,2026-01-09,,173451-1183CITIZEN-23-STD,,,,EA,,,,,,,2,2,0,0,,24.00,24.00,48.00,48.00,0,0,0,FALSE,TRUE,FALSE,FALSE,,,,,,,,,,,
INV-SO2026-000377-000377,SO2026-000377,1,4,2026-01-31,2026-02-28,2026-02-02,2026-02-02,Walmart-eComm,Walmart eComm,,,USD,259.75,264.27,264.27,259.75,0.00,0,0.00,0,0.00,4.52,0.00,,,,,264.27,,0.00,,,,,,,,,,,,,,,,,,,,,10002,10566,10002-2026-000377,,,,,,,,Walmart eComm Shipping,,Walmart eComm Retail,220 Townsend St,Dock 20,San Francisco,CA,94109,San Francisco,USA,ship-walmart-ecomm@example.com,(415) 555-2906,,,,,,,,,,,,,,,,,,2026-01-31,,ASTRID-01-BLUSH-11,,,,EA,,,,,,,2,2,0,0,,20.75,20.75,41.50,41.50,0,0,0,FALSE,TRUE,FALSE,FALSE,,,,,,,,,,,
INV-SO2026-000377-000377,SO2026-000377,1,4,2026-01-31,2026-02-28,2026-02-02,2026-02-02,Walmart-eComm,Walmart eComm,,,USD,259.75,264.27,264.27,259.75,0.00,0,0.00,0,0.00,4.52,0.00,,,,,264.27,,0.00,,,,,,,,,,,,,,,,,,,,,10002,10566,10002-2026-000377,,,,,,,,Walmart eComm Shipping,,Walmart eComm Retail,220 Townsend St,Dock 20,San Francisco,CA,94109,San Francisco,USA,ship-walmart-ecomm@example.com,(415) 555-2906,,,,,,,,,,,,,,,,,,2026-01-31,,ASTRID-01-NUDE-9,,,,EA,,,,,,,3,3,0,0,,20.75,20.75,62.25,62.25,0,0,0,FALSE,TRUE,FALSE,FALSE,,,,,,,,,,,
INV-SO2026-000377-000377,SO2026-000377,1,4,2026-01-31,2026-02-28,2026-02-02,2026-02-02,Walmart-eComm,Walmart eComm,,,USD,259.75,264.27,264.27,259.75,0.00,0,0.00,0,0.00,4.52,0.00,,,,,264.27,,0.00,,,,,,,,,,,,,,,,,,,,,10002,10566,10002-2026-000377,,,,,,,,Walmart eComm Shipping,,Walmart eComm Retail,220 Townsend St,Dock 20,San Francisco,CA,94109,San Francisco,USA,ship-walmart-ecomm@example.com,(415) 555-2906,,,,,,,,,,,,,,,,,,2026-01-31,,FA16023WV-MIDNIGHTCAMO-XL-STD,,,,EA,,,,,,,4,4,0,0,,39.00,39.00,156.00,156.00,0,0,0,FALSE,TRUE,FALSE,FALSE,,,,,,,,,,,
INV-SO2026-000378-000378,SO2026-000378,1,4,2026-01-15,2026-02-28,2026-01-17,2026-01-15,Etsy-LS,Etsy LS,,,USD,145.25,156.38,156.38,145.25,0.00,0,0.00,0,0.00,11.13,0.00,,,,,156.38,,0.00,,,,,,,,,,,,,,,,,,,,,10008,10571,10008-2026-000378,,,,,,,,Etsy LS Shipping,,Etsy LS Marketplace,205 Mission St,Dock 5,San Francisco,CA,94103,San Francisco,USA,ship-etsy-ls@example.com,(415) 555-1406,,,,,,,,,,,,,,,,,,2026-01-15,,CORA-01-TAUP-S,,,,EA,,,,,,,1,1,0,0,,129.00,129.00,129.00,129.00,0,0,0,FALSE,TRUE,FALSE,FALSE,,,,,,,,,,,
INV-SO2026-000378-000378,SO2026-000378,1,4,2026-01-15,2026-02-28,2026-01-17,2026-01-15,Etsy-LS,Etsy LS,,,USD,145.25,156.38,156.38,145.25,0.00,0,0.00,0,0.00,11.13,0.00,,,,,156.38,,0.00,,,,,,,,,,,,,,,,,,,,,10008,10571,10008-2026-000378,,,,,,,,Etsy LS Shipping,,Etsy LS Marketplace,205 Mission St,Dock 5,San Francisco,CA,94103,San Francisco,USA,ship-etsy-ls@example.com,(415) 555-1406,,,,,,,,,,,,,,,,,,2026-01-15,,AVIANA-06-PINK-5.5,,,,EA,,,,,,,1,1,0,0,,16.25,16.25,16.25,16.25,0,0,0,FALSE,TRUE,FALSE,FALSE,,,,,,,,,,,
INV-SO2026-000379-000379,SO2026-000379,1,4,2026-01-03,2026-02-02,2026-01-04,2026-01-05,eBay,eBay,,,USD,318.00,321.05,321.05,318.00,0.00,0,0.00,0,0.00,3.05,0.00,,,,,321.05,,0.00,,,,,,,,,,,,,,,,,,,,,10004,10570,10004-2026-000379,,,,,,,,eBay Shipping,,eBay Commerce,204 Fulfillment Ave,Dock 4,San Jose,CA,95111,Santa Clara,USA,ship-ebay@example.com,(408) 555-1306,,,,,,,,,,,,,,,,,,2026-01-03,,CAMILA-06-TAUPE-B12,,,,EA,,,,,,,3,3,0,0,,96.00,96.00,288.00,288.00,0,0,0,FALSE,TRUE,FALSE,FALSE,,,,,,,,,,,
INV-SO2026-000379-000379,SO2026-000379,1,4,2026-01-03,2026-02-02,2026-01-04,2026-01-05,eBay,eBay,,,USD,318.00,321.05,321.05,318.00,0.00,0,0.00,0,0.00,3.05,0.00,,,,,321.05,,0.00,,,,,,,,,,,,,,,,,,,,,10004,10570,10004-2026-000379,,,,,,,,eBay Shipping,,eBay Commerce,204 Fulfillment Ave,Dock 4,San Jose,CA,95111,Santa Clara,USA,ship-ebay@example.com,(408) 555-1306,,,,,,,,,,,,,,,,,,2026-01-03,,AUSTIN-06-BLACK-9,,,,EA,,,,,,,3,3,0,0,,10.00,10.00,30.00,30.00,0,0,0,FALSE,TRUE,FALSE,FALSE,,,,,,,,,,,
INV-SO2026-000380-000380,SO2026-000380,1,4,2026-02-14,2026-02-28,2026-02-15,2026-02-16,Etsy-LS,Etsy LS,,,USD,43.00,49.23,49.23,43.00,0.00,0,0.00,0,0.00,6.23,0.00,,,,,49.23,,0.00,,,,,,,,,,,,,,,,,,,,,10008,10571,10008-2026-000380,,,,,,,,Etsy LS Shipping,,Etsy LS Marketplace,205 Mission St,Dock 5,San Francisco,CA,94103,San Francisco,USA,ship-etsy-ls@example.com,(415) 555-1406,,,,,,,,,,,,,,,,,,2026-02-14,,CORA-01-CAME-10,,,,EA,,,,,,,4,4,0,0,,10.75,10.75,43.00,43.00,0,0,0,FALSE,TRUE,FALSE,FALSE,,,,,,,,,,,
INV-SO2026-000381-000381,SO2026-000381,1,4,2026-01-31,2026-02-28,2026-02-02,2026-02-05,Etsy-VS,Etsy VS,,,USD,134.00,149.50,149.50,134.00,0.00,0,0.00,0,0.00,15.50,0.00,,,,,149.50,,0.00,,,,,,,,,,,,,,,,,,,,,10008,10572,10008-2026-000381,,,,,,,,Etsy VS Shipping,,Etsy VS Marketplace,206 Pacific Hwy,Dock 6,Los Angeles,CA,90004,Los Angeles,USA,ship-etsy-vs@example.com,(213) 555-1506,,,,,,,,,,,,,,,,,,2026-01-31,,F13031C-1742VNTGDM-24-STD,,,,EA,,,,,,,3,3,0,0,,34.00,34.00,102.00,102.00,0,0,0,FALSE,TRUE,FALSE,FALSE,,,,,,,,,,,
INV-SO2026-000381-000381,SO2026-000381,1,4,2026-01-31,2026-02-28,2026-02-02,2026-02-05,Etsy-VS,Etsy VS,,,USD,134.00,149.50,149.50,134.00,0.00,0,0.00,0,0.00,15.50,0.00,,,,,149.50,,0.00,,,,,,,,,,,,,,,,,,,,,10008,10572,10008-2026-000381,,,,,,,,Etsy VS Shipping,,Etsy VS Marketplace,206 Pacific Hwy,Dock 6,Los Angeles,CA,90004,Los Angeles,USA,ship-etsy-vs@example.com,(213) 555-1506,,,,,,,,,,,,,,,,,,2026-01-31,,CAMILA-06-TAUPE-9,,,,EA,,,,,,,4,4,0,0,,8.00,8.00,32.00,32.00,0,0,0,FALSE,TRUE,FALSE,FALSE,,,,,,,,,,,
INV-SO2026-000382-000382,SO2026-000382,1,4,2026-02-21,2026-02-28,2026-02-22,2026-02-21,Magento,Magento,,,USD,276.00,293.90,293.90,276.00,0.00,0,0.00,0,0.00,17.90,0.00,,,,,293.90,,0.00,,,,,,,,,,,,,,,,,,,,,20003,10581,20003-2026-000382,,,,,,,,Magento Shipping,,Magento Platform,216 Century Blvd,Dock 16,Los Angeles,CA,90008,Los Angeles,USA,ship-magento@example.com,(213) 555-2506,,,,,,,,,,,,,,,,,,2026-02-21,,ADELINE-02-CAMEL-S,,,,EA,,,,,,,2,2,0,0,,138.00,138.00,276.00,276.00,0,0,0,FALSE,TRUE,FALSE,FALSE,,,,,,,,,,,
INV-SO2026-000383-000383,SO2026-000383,1,4,2026-01-25,2026-02-24,2026-01-27,2026-01-25,JCPenney,JCPenney,,,USD,97.25,107.65,107.65,97.25,0.00,0,0.00,0,0.00,10.40,0.00,,,,,107.65,,0.00,,,,,,,,,,,,,,,,,,,,,30007,10575,30007-2026-000383,,,,,,,,JCPenney Shipping,,JCPenney Stores,213 Gateway Rd,Dock 13,San Diego,CA,92106,San Diego,USA,ship-jcpenney@example.com,(619) 555-2206,,,,,,,,,,,,,,,,,,2026-01-25,,AVIANA-06-PINK-6.5,,,,EA,,,,,,,1,1,0,0,,16.25,16.25,16.25,16.25,0,0,0,FALSE,TRUE,FALSE,FALSE,,,,,,,,,,,
INV-SO2026-000383-000383,SO2026-000383,1,4,2026-01-25,2026-02-24,2026-01-27,2026-01-25,JCPenney,JCPenney,,,USD,97.25,107.65,107.65,97.25,0.00,0,0.00,0,0.00,10.40,0.00,,,,,107.65,,0.00,,,,,,,,,,,,,,,,,,,,,30007,10575,30007-2026-000383,,,,,,,,JCPenney Shipping,,JCPenney Stores,213 Gateway Rd,Dock 13,San Diego,CA,92106,San Diego,USA,ship-jcpenney@example.com,(619) 555-2206,,,,,,,,,,,,,,,,,,2026-01-25,,AVIANA-06-PINK-8.5,,,,EA,,,,,,,4,4,0,0,,16.25,16.25,65.00,65.00,0,0,0,FALSE,TRUE,FALSE,FALSE,,,,,,,,,,,
INV-SO2026-000383-000383,SO2026-000383,1,4,2026-01-25,2026-02-24,2026-01-27,2026-01-25,JCPenney,JCPenney,,,USD,97.25,107.65,107.65,97.25,0.00,0,0.00,0,0.00,10.40,0.00,,,,,107.65,,0.00,,,,,,,,,,,,,,,,,,,,,30007,10575,30007-2026-000383,,,,,,,,JCPenney Shipping,,JCPenney Stores,213 Gateway Rd,Dock 13,San Diego,CA,92106,San Diego,USA,ship-jcpenney@example.com,(619) 555-2206,,,,,,,,,,,,,,,,,,2026-01-25,,CAMILA-06-LILAC-8.5,,,,EA,,,,,,,2,2,0,0,,8.00,8.00,16.00,16.00,0,0,0,FALSE,TRUE,FALSE,FALSE,,,,,,,,,,,
INV-SO2026-000384-000384,SO2026-000384,1,4,2026-01-13,2026-02-27,2026-01-14,2026-01-15,Walmart-eComm,Walmart eComm,,,USD,342.00,347.33,347.33,342.00,0.00,0,0.00,0,0.00,5.33,0.00,,,,,347.33,,0.00,,,,,,,,,,,,,,,,,,,,,10002,10566,10002-2026-000384,,,,,,,,Walmart eComm Shipping,,Walmart eComm Retail,220 Townsend St,Dock 20,San Francisco,CA,94109,San Francisco,USA,ship-walmart-ecomm@example.com,(415) 555-2906,,,,,,,,,,,,,,,,,,2026-01-13,,ADELINE-02-BLACK,,,,EA,,,,,,,2,2,0,0,,171.00,171.00,342.00,342.00,0,0,0,FALSE,TRUE,FALSE,FALSE,,,,,,,,,,,
INV-SO2026-000385-000385,SO2026-000385,1,4,2026-02-23,2026-02-28,2026-02-23,2026-02-24,Etsy-VS,Etsy VS,,,USD,354.00,366.39,366.39,354.00,0.00,0,0.00,0,0.00,12.39,0.00,,,,,366.39,,0.00,,,,,,,,,,,,,,,,,,,,,10008,10572,10008-2026-000385,,,,,,,,Etsy VS Shipping,,Etsy VS Marketplace,206 Pacific Hwy,Dock 6,Los Angeles,CA,90004,Los Angeles,USA,ship-etsy-vs@example.com,(213) 555-1506,,,,,,,,,,,,,,,,,,2026-02-23,,ADELINE-03-BLUE,,,,EA,,,,,,,2,2,0,0,,177.00,177.00,354.00,354.00,0,0,0,FALSE,TRUE,FALSE,FALSE,,,,,,,,,,,
INV-SO2026-000386-000386,SO2026-000386,1,4,2026-01-10,2026-02-09,2026-01-12,2026-01-12,eBay,eBay,,,USD,326.00,331.90,331.90,326.00,0.00,0,0.00,0,0.00,5.90,0.00,,,,,331.90,,0.00,,,,,,,,,,,,,,,,,,,,,10004,10570,10004-2026-000386,,,,,,,,eBay Shipping,,eBay Commerce,204 Fulfillment Ave,Dock 4,San Jose,CA,95111,Santa Clara,USA,ship-ebay@example.com,(408) 555-1306,,,,,,,,,,,,,,,,,,2026-01-10,,F13031C-1742VNTGDM-30-STD,,,,EA,,,,,,,2,2,0,0,,34.00,34.00,68.00,68.00,0,0,0,FALSE,TRUE,FALSE,FALSE,,,,,,,,,,,
INV-SO2026-000386-000386,SO2026-000386,1,4,2026-01-10,2026-02-09,2026-01-12,2026-01-12,eBay,eBay,,,USD,326.00,331.90,331.90,326.00,0.00,0,0.00,0,0.00,5.90,0.00,,,,,331.90,,0.00,,,,,,,,,,,,,,,,,,,,,10004,10570,10004-2026-000386,,,,,,,,eBay Shipping,,eBay Commerce,204 Fulfillment Ave,Dock 4,San Jose,CA,95111,Santa Clara,USA,ship-ebay@example.com,(408) 555-1306,,,,,,,,,,,,,,,,,,2026-01-10,,CORA-01-TAUP-B12,,,,EA,,,,,,,2,2,0,0,,129.00,129.00,258.00,258.00,0,0,0,FALSE,TRUE,FALSE,FALSE,,,,,,,,,,,
INV-SO2026-000387-000387,SO2026-000387,1,4,2026-02-20,2026-02-28,2026-02-22,2026-02-22,Etsy-VS,Etsy VS,,,USD,58.50,66.71,66.71,58.50,0.00,0,0.00,0,0.00,8.21,0.00,,,,,66.71,,0.00,,,,,,,,,,,,,,,,,,,,,10008,10572,10008-2026-000387,,,,,,,,Etsy VS Shipping,,Etsy VS Marketplace,206 Pacific Hwy,Dock 6,Los Angeles,CA,90004,Los Angeles,USA,ship-etsy-vs@example.com,(213) 555-1506,,,,,,,,,,,,,,,,,,2026-02-20,,AUSTIN-06-NUDE-11,,,,EA,,,,,,,4,4,0,0,,10.00,10.00,40.00,40.00,0,0,0,FALSE,TRUE,FALSE,FALSE,,,,,,,,,,,
INV-SO2026-000387-000387,SO2026-000387,1,4,2026-02-20,2026-02-28,2026-02-22,2026-02-22,Etsy-VS,Etsy VS,,,USD,58.50,66.71,66.71,58.50,0.00,0,0.00,0,0.00,8.21,0.00,,,,,66.71,,0.00,,,,,,,,,,,,,,,,,,,,,10008,10572,10008-2026-000387,,,,,,,,Etsy VS Shipping,,Etsy VS Marketplace,206 Pacific Hwy,Dock 6,Los Angeles,CA,90004,Los Angeles,USA,ship-etsy-vs@example.com,(213) 555-1506,,,,,,,,,,,,,,,,,,2026-02-20,,ADELINE-03-TAUPE-9.5,,,,EA,,,,,,,1,1,0,0,,18.50,18.50,18.50,18.50,0,0,0,FALSE,TRUE,FALSE,FALSE,,,,,,,,,,,
INV-SO2026-000388-000388,SO2026-000388,1,4,2026-02-13,2026-02-28,2026-02-15,2026-02-17,AMZ-eCom,AMZ eCom,,,USD,58.00,66.00,66.00,58.00,0.00,0,0.00,0,0.00,8.00,0.00,,,,,66.00,,0.00,,,,,,,,,,,,,,,,,,,,,10001,10565,10001-2026-000388,,,,,,,,AMZ eCom Shipping,,AMZ eCom Retail,201 Harbor Ave,Dock 1,Los Angeles,CA,90002,Los Angeles,USA,ship-amz-ecom@example.com,(213) 555-1006,,,,,,,,,,,,,,,,,,2026-02-13,,FA13512DM-1847DPOCN-32-32,,,,EA,,,,,,,1,1,0,0,,34.00,34.00,34.00,34.00,0,0,0,FALSE,TRUE,FALSE,FALSE,,,,,,,,,,,
INV-SO2026-000388-000388,SO2026-000388,1,4,2026-02-13,2026-02-28,2026-02-15,2026-02-17,AMZ-eCom,AMZ eCom,,,USD,58.00,66.00,66.00,58.00,0.00,0,0.00,0,0.00,8.00,0.00,,,,,66.00,,0.00,,,,,,,,,,,,,,,,,,,,,10001,10565,10001-2026-000388,,,,,,,,AMZ eCom Shipping,,AMZ eCom Retail,201 Harbor Ave,Dock 1,Los Angeles,CA,90002,Los Angeles,USA,ship-amz-ecom@example.com,(213) 555-1006,,,,,,,,,,,,,,,,,,2026-02-13,,CAMILA-06-GREEN-12,,,,EA,,,,,,,3,3,0,0,,8.00,8.00,24.00,24.00,0,0,0,FALSE,TRUE,FALSE,FALSE,,,,,,,,,,,
INV-SO2026-000389-000389,SO2026-000389,1,4,2026-01-09,2026-02-28,2026-01-11,2026-01-12,Squarespace,Squarespace,,,USD,68.00,71.63,71.63,68.00,0.00,0,0.00,0,0.00,3.63,0.00,,,,,71.63,,0.00,,,,,,,,,,,,,,,,,,,,,20006,10582,20006-2026-000389,,,,,,,,Squarespace Shipping,,Squarespace Digital,218 Camino Del Rio,Dock 18,San Diego,CA,92108,San Diego,USA,ship-squarespace@example.com,(619) 555-2706,,,,,,,,,,,,,,,,,,2026-01-09,,F13031C-1742VNTGST-31-STD,,,,EA,,,,,,,2,2,0,0,,34.00,34.00,68.00,68.00,0,0,0,FALSE,TRUE,FALSE,FALSE,,,,,,,,,,,
INV-SO2026-000390-000390,SO2026-000390,1,4,2026-02-17,2026-02-28,2026-02-17,2026-02-22,Mirakl-Kohls,Mirakl Kohls,,,USD,333.75,340.43,340.43,333.75,0.00,0,0.00,0,0.00,6.68,0.00,,,,,340.43,,0.00,,,,,,,,,,,,,,,,,,,,,10013,10576,10013-2026-000390,,,,,,,,Mirakl Kohls Shipping,,Mirakl Kohls Network,214 Silver Creek Rd,Dock 14,San Jose,CA,95115,Santa Clara,USA,ship-mirakl-kohls@example.com,(408) 555-2306,,,,,,,,,,,,,,,,,,2026-02-17,,AVIANA-06-BEIGE-9,,,,EA,,,,,,,3,3,0,0,,16.25,16.25,48.75,48.75,0,0,0,FALSE,TRUE,FALSE,FALSE,,,,,,,,,,,
INV-SO2026-000390-000390,SO2026-000390,1,4,2026-02-17,2026-02-28,2026-02-17,2026-02-22,Mirakl-Kohls,Mirakl Kohls,,,USD,333.75,340.43,340.43,333.75,0.00,0,0.00,0,0.00,6.68,0.00,,,,,340.43,,0.00,,,,,,,,,,,,,,,,,,,,,10013,10576,10013-2026-000390,,,,,,,,Mirakl Kohls Shipping,,Mirakl Kohls Network,214 Silver Creek Rd,Dock 14,San Jose,CA,95115,Santa Clara,USA,ship-mirakl-kohls@example.com,(408) 555-2306,,,,,,,,,,,,,,,,,,2026-02-17,,FD9801506P,,,,EA,,,,,,,3,3,0,0,,49.00,49.00,147.00,147.00,0,0,0,FALSE,TRUE,FALSE,FALSE,,,,,,,,,,,
INV-SO2026-000390-000390,SO2026-000390,1,4,2026-02-17,2026-02-28,2026-02-17,2026-02-22,Mirakl-Kohls,Mirakl Kohls,,,USD,333.75,340.43,340.43,333.75,0.00,0,0.00,0,0.00,6.68,0.00,,,,,340.43,,0.00,,,,,,,,,,,,,,,,,,,,,10013,10576,10013-2026-000390,,,,,,,,Mirakl Kohls Shipping,,Mirakl Kohls Network,214 Silver Creek Rd,Dock 14,San Jose,CA,95115,Santa Clara,USA,ship-mirakl-kohls@example.com,(408) 555-2306,,,,,,,,,,,,,,,,,,2026-02-17,,ADELINE-02-NUDE-B12,,,,EA,,,,,,,1,1,0,0,,138.00,138.00,138.00,138.00,0,0,0,FALSE,TRUE,FALSE,FALSE,,,,,,,,,,,
INV-SO2026-000391-000391,SO2026-000391,1,4,2026-01-29,2026-02-28,2026-01-30,2026-02-03,Walmart-eComm,Walmart eComm,,,USD,244.50,254.06,254.06,244.50,0.00,0,0.00,0,0.00,9.56,0.00,,,,,254.06,,0.00,,,,,,,,,,,,,,,,,,,,,10002,10566,10002-2026-000391,,,,,,,,Walmart eComm Shipping,,Walmart eComm Retail,220 Townsend St,Dock 20,San Francisco,CA,94109,San Francisco,USA,ship-walmart-ecomm@example.com,(415) 555-2906,,,,,,,,,,,,,,,,,,2026-01-29,,FD3601033-3022FROZENPD-M-STD,,,,EA,,,,,,,4,4,0,0,,49.00,49.00,196.00,196.00,0,0,0,FALSE,TRUE,FALSE,FALSE,,,,,,,,,,,
INV-SO2026-000391-000391,SO2026-000391,1,4,2026-01-29,2026-02-28,2026-01-30,2026-02-03,Walmart-eComm,Walmart eComm,,,USD,244.50,254.06,254.06,244.50,0.00,0,0.00,0,0.00,9.56,0.00,,,,,254.06,,0.00,,,,,,,,,,,,,,,,,,,,,10002,10566,10002-2026-000391,,,,,,,,Walmart eComm Shipping,,Walmart eComm Retail,220 Townsend St,Dock 20,San Francisco,CA,94109,San Francisco,USA,ship-walmart-ecomm@example.com,(415) 555-2906,,,,,,,,,,,,,,,,,,2026-01-29,,ADELINE-03-BLACK-11,,,,EA,,,,,,,2,2,0,0,,18.50,18.50,37.00,37.00,0,0,0,FALSE,TRUE,FALSE,FALSE,,,,,,,,,,,
INV-SO2026-000391-000391,SO2026-000391,1,4,2026-01-29,2026-02-28,2026-01-30,2026-02-03,Walmart-eComm,Walmart eComm,,,USD,244.50,254.06,254.06,244.50,0.00,0,0.00,0,0.00,9.56,0.00,,,,,254.06,,0.00,,,,,,,,,,,,,,,,,,,,,10002,10566,10002-2026-000391,,,,,,,,Walmart eComm Shipping,,Walmart eComm Retail,220 Townsend St,Dock 20,San Francisco,CA,94109,San Francisco,USA,ship-walmart-ecomm@example.com,(415) 555-2906,,,,,,,,,,,,,,,,,,2026-01-29,,ADELINE-02-CAMEL-9.5,,,,EA,,,,,,,1,1,0,0,,11.50,11.50,11.50,11.50,0,0,0,FALSE,TRUE,FALSE,FALSE,,,,,,,,,,,
INV-SO2026-000392-000392,SO2026-000392,1,4,2026-01-08,2026-02-28,2026-01-09,2026-01-12,Etsy-VS,Etsy VS,,,USD,264.00,266.88,266.88,264.00,0.00,0,0.00,0,0.00,2.88,0.00,,,,,266.88,,0.00,,,,,,,,,,,,,,,,,,,,,10008,10572,10008-2026-000392,,,,,,,,Etsy VS Shipping,,Etsy VS Marketplace,206 Pacific Hwy,Dock 6,Los Angeles,CA,90004,Los Angeles,USA,ship-etsy-vs@example.com,(213) 555-1506,,,,,,,,,,,,,,,,,,2026-01-08,,CAMILA-06-TAUPE-7,,,,EA,,,,,,,3,3,0,0,,8.00,8.00,24.00,24.00,0,0,0,FALSE,TRUE,FALSE,FALSE,,,,,,,,,,,
INV-SO2026-000392-000392,SO2026-000392,1,4,2026-01-08,2026-02-28,2026-01-09,2026-01-12,Etsy-VS,Etsy VS,,,USD,264.00,266.88,266.88,264.00,0.00,0,0.00,0,0.00,2.88,0.00,,,,,266.88,,0.00,,,,,,,,,,,,,,,,,,,,,10008,10572,10008-2026-000392,,,,,,,,Etsy VS Shipping,,Etsy VS Marketplace,206 Pacific Hwy,Dock 6,Los Angeles,CA,90004,Los Angeles,USA,ship-etsy-vs@example.com,(213) 555-1506,,,,,,,,,,,,,,,,,,2026-01-08,,AUSTIN-06-WHITE-S,,,,EA,,,,,,,2,2,0,0,,120.00,120.00,240.00,240.00,0,0,0,FALSE,TRUE,FALSE,FALSE,,,,,,,,,,,
INV-SO2026-000393-000393,SO2026-000393,1,4,2026-01-06,2026-02-28,2026-01-06,2026-01-11,Macys,Macys,,,USD,43.75,45.12,45.12,43.75,0.00,0,0.00,0,0.00,1.37,0.00,,,,,45.12,,0.00,,,,,,,,,,,,,,,,,,,,,30005,10574,30005-2026-000393,,,,,,,,Macys Shipping,,Macys Stores,215 King St,Dock 15,San Francisco,CA,94107,San Francisco,USA,ship-macys@example.com,(415) 555-2406,,,,,,,,,,,,,,,,,,2026-01-06,,ADELINE-02-CAMEL-5.5,,,,EA,,,,,,,1,1,0,0,,11.50,11.50,11.50,11.50,0,0,0,FALSE,TRUE,FALSE,FALSE,,,,,,,,,,,
INV-SO2026-000393-000393,SO2026-000393,1,4,2026-01-06,2026-02-28,2026-01-06,2026-01-11,Macys,Macys,,,USD,43.75,45.12,45.12,43.75,0.00,0,0.00,0,0.00,1.37,0.00,,,,,45.12,,0.00,,,,,,,,,,,,,,,,,,,,,30005,10574,30005-2026-000393,,,,,,,,Macys Shipping,,Macys Stores,215 King St,Dock 15,San Francisco,CA,94107,San Francisco,USA,ship-macys@example.com,(415) 555-2406,,,,,,,,,,,,,,,,,,2026-01-06,,CORA-01-BLK-7.5,,,,EA,,,,,,,3,3,0,0,,10.75,10.75,32.25,32.25,0,0,0,FALSE,TRUE,FALSE,FALSE,,,,,,,,,,,
INV-SO2026-000394-000394,SO2026-000394,1,4,2026-02-08,2026-02-28,2026-02-08,2026-02-10,Squarespace,Squarespace,,,USD,40.00,45.83,45.83,40.00,0.00,0,0.00,0,0.00,5.83,0.00,,,,,45.83,,0.00,,,,,,,,,,,,,,,,,,,,,20006,10582,20006-2026-000394,,,,,,,,Squarespace Shipping,,Squarespace Digital,218 Camino Del Rio,Dock 18,San Diego,CA,92108,San Diego,USA,ship-squarespace@example.com,(619) 555-2706,,,,,,,,,,,,,,,,,,2026-02-08,,AUSTIN-06-NUDE-8,,,,EA,,,,,,,4,4,0,0,,10.00,10.00,40.00,40.00,0,0,0,FALSE,TRUE,FALSE,FALSE,,,,,,,,,,,
INV-SO2026-000395-000395,SO2026-000395,1,4,2026-01-02,2026-02-01,2026-01-02,2026-01-03,eBay,eBay,,,USD,428.00,443.93,443.93,428.00,0.00,0,0.00,0,0.00,15.93,0.00,,,,,443.93,,0.00,,,,,,,,,,,,,,,,,,,,,10004,10570,10004-2026-000395,,,,,,,,eBay Shipping,,eBay Commerce,204 Fulfillment Ave,Dock 4,San Jose,CA,95111,Santa Clara,USA,ship-ebay@example.com,(408) 555-1306,,,,,,,,,,,,,,,,,,2026-01-02,,34478006-BLANCMANGE-1X-STD,,,,EA,,,,,,,1,1,0,0,,428.00,428.00,428.00,428.00,0,0,0,FALSE,TRUE,FALSE,FALSE,,,,,,,,,,,
INV-SO2026-000396-000396,SO2026-000396,1,4,2026-01-18,2026-02-28,2026-01-18,2026-01-18,Mirakl-Kohls,Mirakl Kohls,,,USD,170.25,170.36,170.36,170.25,0.00,0,0.00,0,0.00,0.11,0.00,,,,,170.36,,0.00,,,,,,,,,,,,,,,,,,,,,10013,10576,10013-2026-000396,,,,,,,,Mirakl Kohls Shipping,,Mirakl Kohls Network,214 Silver Creek Rd,Dock 14,San Jose,CA,95115,Santa Clara,USA,ship-mirakl-kohls@example.com,(408) 555-2306,,,,,,,,,,,,,,,,,,2026-01-18,,ADELINE-02-PINK-S,,,,EA,,,,,,,1,1,0,0,,138.00,138.00,138.00,138.00,0,0,0,FALSE,TRUE,FALSE,FALSE,,,,,,,,,,,
INV-SO2026-000396-000396,SO2026-000396,1,4,2026-01-18,2026-02-28,2026-01-18,2026-01-18,Mirakl-Kohls,Mirakl Kohls,,,USD,170.25,170.36,170.36,170.25,0.00,0,0.00,0,0.00,0.11,0.00,,,,,170.36,,0.00,,,,,,,,,,,,,,,,,,,,,10013,10576,10013-2026-000396,,,,,,,,Mirakl Kohls Shipping,,Mirakl Kohls Network,214 Silver Creek Rd,Dock 14,San Jose,CA,95115,Santa Clara,USA,ship-mirakl-kohls@example.com,(408) 555-2306,,,,,,,,,,,,,,,,,,2026-01-18,,CORA-01-LEOP-8.5,,,,EA,,,,,,,3,3,0,0,,10.75,10.75,32.25,32.25,0,0,0,FALSE,TRUE,FALSE,FALSE,,,,,,,,,,,
INV-SO2026-000397-000397,SO2026-000397,1,4,2026-01-06,2026-02-05,2026-01-07,2026-01-10,Magento,Magento,,,USD,68.00,79.60,79.60,68.00,0.00,0,0.00,0,0.00,11.60,0.00,,,,,79.60,,0.00,,,,,,,,,,,,,,,,,,,,,20003,10581,20003-2026-000397,,,,,,,,Magento Shipping,,Magento Platform,216 Century Blvd,Dock 16,Los Angeles,CA,90008,Los Angeles,USA,ship-magento@example.com,(213) 555-2506,,,,,,,,,,,,,,,,,,2026-01-06,,FA13501DM-1608BLAU2-26-32,,,,EA,,,,,,,2,2,0,0,,34.00,34.00,68.00,68.00,0,0,0,FALSE,TRUE,FALSE,FALSE,,,,,,,,,,,
INV-SO2026-000398-000398,SO2026-000398,1,4,2026-01-13,2026-02-12,2026-01-14,2026-01-15,Magento,Magento,,,USD,68.00,83.09,83.09,68.00,0.00,0,0.00,0,0.00,15.09,0.00,,,,,83.09,,0.00,,,,,,,,,,,,,,,,,,,,,20003,10581,20003-2026-000398,,,,,,,,Magento Shipping,,Magento Platform,216 Century Blvd,Dock 16,Los Angeles,CA,90008,Los Angeles,USA,ship-magento@example.com,(213) 555-2506,,,,,,,,,,,,,,,,,,2026-01-13,,FA13501DM-RINSEWSFT-27-30,,,,EA,,,,,,,2,2,0,0,,34.00,34.00,68.00,68.00,0,0,0,FALSE,TRUE,FALSE,FALSE,,,,,,,,,,,
INV-SO2026-000399-000399,SO2026-000399,1,4,2026-01-08,2026-02-07,2026-01-08,2026-01-09,JCPenney,JCPenney,,,USD,93.75,101.36,101.36,93.75,0.00,0,0.00,0,0.00,7.61,0.00,,,,,101.36,,0.00,,,,,,,,,,,,,,,,,,,,,30007,10575,30007-2026-000399,,,,,,,,JCPenney Shipping,,JCPenney Stores,213 Gateway Rd,Dock 13,San Diego,CA,92106,San Diego,USA,ship-jcpenney@example.com,(619) 555-2206,,,,,,,,,,,,,,,,,,2026-01-08,,CAMILA-06-GREEN-8.5,,,,EA,,,,,,,1,1,0,0,,8.00,8.00,8.00,8.00,0,0,0,FALSE,TRUE,FALSE,FALSE,,,,,,,,,,,
INV-SO2026-000399-000399,SO2026-000399,1,4,2026-01-08,2026-02-07,2026-01-08,2026-01-09,JCPenney,JCPenney,,,USD,93.75,101.36,101.36,93.75,0.00,0,0.00,0,0.00,7.61,0.00,,,,,101.36,,0.00,,,,,,,,,,,,,,,,,,,,,30007,10575,30007-2026-000399,,,,,,,,JCPenney Shipping,,JCPenney Stores,213 Gateway Rd,Dock 13,San Diego,CA,92106,San Diego,USA,ship-jcpenney@example.com,(619) 555-2206,,,,,,,,,,,,,,,,,,2026-01-08,,AVIANA-06-WHITE-6.5,,,,EA,,,,,,,4,4,0,0,,16.25,16.25,65.00,65.00,0,0,0,FALSE,TRUE,FALSE,FALSE,,,,,,,,,,,
INV-SO2026-000399-000399,SO2026-000399,1,4,2026-01-08,2026-02-07,2026-01-08,2026-01-09,JCPenney,JCPenney,,,USD,93.75,101.36,101.36,93.75,0.00,0,0.00,0,0.00,7.61,0.00,,,,,101.36,,0.00,,,,,,,,,,,,,,,,,,,,,30007,10575,30007-2026-000399,,,,,,,,JCPenney Shipping,,JCPenney Stores,213 Gateway Rd,Dock 13,San Diego,CA,92106,San Diego,USA,ship-jcpenney@example.com,(619) 555-2206,,,,,,,,,,,,,,,,,,2026-01-08,,ASTRID-01-BLACK-8,,,,EA,,,,,,,1,1,0,0,,20.75,20.75,20.75,20.75,0,0,0,FALSE,TRUE,FALSE,FALSE,,,,,,,,,,,
INV-SO2026-000400-000400,SO2026-000400,1,4,2026-01-10,2026-02-24,2026-01-11,2026-01-12,Walmart-eComm,Walmart eComm,,,USD,67.25,76.51,76.51,67.25,0.00,0,0.00,0,0.00,9.26,0.00,,,,,76.51,,0.00,,,,,,,,,,,,,,,,,,,,,10002,10566,10002-2026-000400,,,,,,,,Walmart eComm Shipping,,Walmart eComm Retail,220 Townsend St,Dock 20,San Francisco,CA,94109,San Francisco,USA,ship-walmart-ecomm@example.com,(415) 555-2906,,,,,,,,,,,,,,,,,,2026-01-10,,AVIANA-06-PINK-9,,,,EA,,,,,,,3,3,0,0,,16.25,16.25,48.75,48.75,0,0,0,FALSE,TRUE,FALSE,FALSE,,,,,,,,,,,
INV-SO2026-000400-000400,SO2026-000400,1,4,2026-01-10,2026-02-24,2026-01-11,2026-01-12,Walmart-eComm,Walmart eComm,,,USD,67.25,76.51,76.51,67.25,0.00,0,0.00,0,0.00,9.26,0.00,,,,,76.51,,0.00,,,,,,,,,,,,,,,,,,,,,10002,10566,10002-2026-000400,,,,,,,,Walmart eComm Shipping,,Walmart eComm Retail,220 Townsend St,Dock 20,San Francisco,CA,94109,San Francisco,USA,ship-walmart-ecomm@example.com,(415) 555-2906,,,,,,,,,,,,,,,,,,2026-01-10,,ADELINE-03-BROWN-7,,,,EA,,,,,,,1,1,0,0,,18.50,18.50,18.50,18.50,0,0,0,FALSE,TRUE,FALSE,FALSE,,,,,,,,,,,
INV-SO2026-000401-000401,SO2026-000401,1,4,2026-02-17,2026-02-28,2026-02-18,2026-02-20,Shopify,Shopify,,,USD,110.25,113.36,113.36,110.25,0.00,0,0.00,0,0.00,3.11,0.00,,,,,113.36,,0.00,,,,,,,,,,,,,,,,,,,,,20001,10580,20001-2026-000401,,,,,,,,Shopify Shipping,,Shopify Commerce,217 Barranca Pkwy,Dock 17,Irvine,CA,92609,Orange,USA,ship-shopify@example.com,(949) 555-2606,,,,,,,,,,,,,,,,,,2026-02-17,,ASTRID-01-BLUSH-8,,,,EA,,,,,,,3,3,0,0,,20.75,20.75,62.25,62.25,0,0,0,FALSE,TRUE,FALSE,FALSE,,,,,,,,,,,
INV-SO2026-000401-000401,SO2026-000401,1,4,2026-02-17,2026-02-28,2026-02-18,2026-02-20,Shopify,Shopify,,,USD,110.25,113.36,113.36,110.25,0.00,0,0.00,0,0.00,3.11,0.00,,,,,113.36,,0.00,,,,,,,,,,,,,,,,,,,,,20001,10580,20001-2026-000401,,,,,,,,Shopify Shipping,,Shopify Commerce,217 Barranca Pkwy,Dock 17,Irvine,CA,92609,Orange,USA,ship-shopify@example.com,(949) 555-2606,,,,,,,,,,,,,,,,,,2026-02-17,,173451-1183CITIZEN-9-STD,,,,EA,,,,,,,2,2,0,0,,24.00,24.00,48.00,48.00,0,0,0,FALSE,TRUE,FALSE,FALSE,,,,,,,,,,,
INV-SO2026-000402-000402,SO2026-000402,1,4,2026-02-22,2026-02-28,2026-02-24,2026-02-25,eBay,eBay,,,USD,103.75,103.75,103.75,103.75,0.00,0,0.00,0,0.00,0.00,0.00,,,,,103.75,,0.00,,,,,,,,,,,,,,,,,,,,,10004,10570,10004-2026-000402,,,,,,,,eBay Shipping,,eBay Commerce,204 Fulfillment Ave,Dock 4,San Jose,CA,95111,Santa Clara,USA,ship-ebay@example.com,(408) 555-1306,,,,,,,,,,,,,,,,,,2026-02-22,,ASTRID-01-GREY-6.5,,,,EA,,,,,,,4,4,0,0,,20.75,20.75,83.00,83.00,0,0,0,FALSE,TRUE,FALSE,FALSE,,,,,,,,,,,
INV-SO2026-000402-000402,SO2026-000402,1,4,2026-02-22,2026-02-28,2026-02-24,2026-02-25,eBay,eBay,,,USD,103.75,103.75,103.75,103.75,0.00,0,0.00,0,0.00,0.00,0.00,,,,,103.75,,0.00,,,,,,,,,,,,,,,,,,,,,10004,10570,10004-2026-000402,,,,,,,,eBay Shipping,,eBay Commerce,204 Fulfillment Ave,Dock 4,San Jose,CA,95111,Santa Clara,USA,ship-ebay@example.com,(408) 555-1306,,,,,,,,,,,,,,,,,,2026-02-22,,ASTRID-01-NUDE-12,,,,EA,,,,,,,1,1,0,0,,20.75,20.75,20.75,20.75,0,0,0,FALSE,TRUE,FALSE,FALSE,,,,,,,,,,,
INV-SO2026-000403-000403,SO2026-000403,1,4,2026-01-09,2026-02-28,2026-01-11,2026-01-09,Squarespace,Squarespace,,,USD,42.50,48.94,48.94,42.50,0.00,0,0.00,0,0.00,6.44,0.00,,,,,48.94,,0.00,,,,,,,,,,,,,,,,,,,,,20006,10582,20006-2026-000403,,,,,,,,Squarespace Shipping,,Squarespace Digital,218 Camino Del Rio,Dock 18,San Diego,CA,92108,San Diego,USA,ship-squarespace@example.com,(619) 555-2706,,,,,,,,,,,,,,,,,,2026-01-09,,ADELINE-03-BLUE-12,,,,EA,,,,,,,1,1,0,0,,18.50,18.50,18.50,18.50,0,0,0,FALSE,TRUE,FALSE,FALSE,,,,,,,,,,,
INV-SO2026-000403-000403,SO2026-000403,1,4,2026-01-09,2026-02-28,2026-01-11,2026-01-09,Squarespace,Squarespace,,,USD,42.50,48.94,48.94,42.50,0.00,0,0.00,0,0.00,6.44,0.00,,,,,48.94,,0.00,,,,,,,,,,,,,,,,,,,,,20006,10582,20006-2026-000403,,,,,,,,Squarespace Shipping,,Squarespace Digital,218 Camino Del Rio,Dock 18,San Diego,CA,92108,San Diego,USA,ship-squarespace@example.com,(619) 555-2706,,,,,,,,,,,,,,,,,,2026-01-09,,173451-1183CITIZEN,,,,EA,,,,,,,1,1,0,0,,24.00,24.00,24.00,24.00,0,0,0,FALSE,TRUE,FALSE,FALSE,,,,,,,,,,,
INV-SO2026-000404-000404,SO2026-000404,1,4,2026-02-27,2026-02-28,2026-02-27,2026-02-28,Squarespace,Squarespace,,,USD,133.00,146.83,146.83,133.00,0.00,0,0.00,0,0.00,13.83,0.00,,,,,146.83,,0.00,,,,,,,,,,,,,,,,,,,,,20006,10582,20006-2026-000404,,,,,,,,Squarespace Shipping,,Squarespace Digital,218 Camino Del Rio,Dock 18,San Diego,CA,92108,San Diego,USA,ship-squarespace@example.com,(619) 555-2706,,,,,,,,,,,,,,,,,,2026-02-27,,FA16105WV-MIDNIGHTBLUE-S-STD,,,,EA,,,,,,,3,3,0,0,,39.00,39.00,117.00,117.00,0,0,0,FALSE,TRUE,FALSE,FALSE,,,,,,,,,,,
INV-SO2026-000404-000404,SO2026-000404,1,4,2026-02-27,2026-02-28,2026-02-27,2026-02-28,Squarespace,Squarespace,,,USD,133.00,146.83,146.83,133.00,0.00,0,0.00,0,0.00,13.83,0.00,,,,,146.83,,0.00,,,,,,,,,,,,,,,,,,,,,20006,10582,20006-2026-000404,,,,,,,,Squarespace Shipping,,Squarespace Digital,218 Camino Del Rio,Dock 18,San Diego,CA,92108,San Diego,USA,ship-squarespace@example.com,(619) 555-2706,,,,,,,,,,,,,,,,,,2026-02-27,,CAMILA-06-LILAC-9.5,,,,EA,,,,,,,2,2,0,0,,8.00,8.00,16.00,16.00,0,0,0,FALSE,TRUE,FALSE,FALSE,,,,,,,,,,,
INV-SO2026-000405-000405,SO2026-000405,1,4,2026-01-06,2026-02-20,2026-01-06,2026-01-07,Shopify,Shopify,,,USD,78.00,82.94,82.94,78.00,0.00,0,0.00,0,0.00,4.94,0.00,,,,,82.94,,0.00,,,,,,,,,,,,,,,,,,,,,20001,10580,20001-2026-000405,,,,,,,,Shopify Shipping,,Shopify Commerce,217 Barranca Pkwy,Dock 17,Irvine,CA,92609,Orange,USA,ship-shopify@example.com,(949) 555-2606,,,,,,,,,,,,,,,,,,2026-01-06,,FA16023WV-MIDNIGHTBLUE-XS-STD,,,,EA,,,,,,,2,2,0,0,,39.00,39.00,78.00,78.00,0,0,0,FALSE,TRUE,FALSE,FALSE,,,,,,,,,,,
INV-SO2026-000406-000406,SO2026-000406,1,4,2026-01-18,2026-02-28,2026-01-20,2026-01-19,Walmart-eComm,Walmart eComm,,,USD,70.00,71.50,71.50,70.00,0.00,0,0.00,0,0.00,1.50,0.00,,,,,71.50,,0.00,,,,,,,,,,,,,,,,,,,,,10002,10566,10002-2026-000406,,,,,,,,Walmart eComm Shipping,,Walmart eComm Retail,220 Townsend St,Dock 20,San Francisco,CA,94109,San Francisco,USA,ship-walmart-ecomm@example.com,(415) 555-2906,,,,,,,,,,,,,,,,,,2026-01-18,,AUSTIN-06-WHITE-9,,,,EA,,,,,,,3,3,0,0,,10.00,10.00,30.00,30.00,0,0,0,FALSE,TRUE,FALSE,FALSE,,,,,,,,,,,
INV-SO2026-000406-000406,SO2026-000406,1,4,2026-01-18,2026-02-28,2026-01-20,2026-01-19,Walmart-eComm,Walmart eComm,,,USD,70.00,71.50,71.50,70.00,0.00,0,0.00,0,0.00,1.50,0.00,,,,,71.50,,0.00,,,,,,,,,,,,,,,,,,,,,10002,10566,10002-2026-000406,,,,,,,,Walmart eComm Shipping,,Walmart eComm Retail,220 Townsend St,Dock 20,San Francisco,CA,94109,San Francisco,USA,ship-walmart-ecomm@example.com,(415) 555-2906,,,,,,,,,,,,,,,,,,2026-01-18,,AUSTIN-06-BLACK-8.5,,,,EA,,,,,,,4,4,0,0,,10.00,10.00,40.00,40.00,0,0,0,FALSE,TRUE,FALSE,FALSE,,,,,,,,,,,
INV-SO2026-000407-000407,SO2026-000407,1,4,2026-01-19,2026-02-18,2026-01-20,2026-01-21,Magento,Magento,,,USD,122.50,125.20,125.20,122.50,0.00,0,0.00,0,0.00,2.70,0.00,,,,,125.20,,0.00,,,,,,,,,,,,,,,,,,,,,20003,10581,20003-2026-000407,,,,,,,,Magento Shipping,,Magento Platform,216 Century Blvd,Dock 16,Los Angeles,CA,90008,Los Angeles,USA,ship-magento@example.com,(213) 555-2506,,,,,,,,,,,,,,,,,,2026-01-19,,ADELINE-02-NUDE-7,,,,EA,,,,,,,3,3,0,0,,11.50,11.50,34.50,34.50,0,0,0,FALSE,TRUE,FALSE,FALSE,,,,,,,,,,,
INV-SO2026-000407-000407,SO2026-000407,1,4,2026-01-19,2026-02-18,2026-01-20,2026-01-21,Magento,Magento,,,USD,122.50,125.20,125.20,122.50,0.00,0,0.00,0,0.00,2.70,0.00,,,,,125.20,,0.00,,,,,,,,,,,,,,,,,,,,,20003,10581,20003-2026-000407,,,,,,,,Magento Shipping,,Magento Platform,216 Century Blvd,Dock 16,Los Angeles,CA,90008,Los Angeles,USA,ship-magento@example.com,(213) 555-2506,,,,,,,,,,,,,,,,,,2026-01-19,,AVIANA-06-BLACK-8,,,,EA,,,,,,,4,4,0,0,,16.25,16.25,65.00,65.00,0,0,0,FALSE,TRUE,FALSE,FALSE,,,,,,,,,,,
INV-SO2026-000407-000407,SO2026-000407,1,4,2026-01-19,2026-02-18,2026-01-20,2026-01-21,Magento,Magento,,,USD,122.50,125.20,125.20,122.50,0.00,0,0.00,0,0.00,2.70,0.00,,,,,125.20,,0.00,,,,,,,,,,,,,,,,,,,,,20003,10581,20003-2026-000407,,,,,,,,Magento Shipping,,Magento Platform,216 Century Blvd,Dock 16,Los Angeles,CA,90008,Los Angeles,USA,ship-magento@example.com,(213) 555-2506,,,,,,,,,,,,,,,,,,2026-01-19,,ADELINE-02-WHITE-8.5,,,,EA,,,,,,,2,2,0,0,,11.50,11.50,23.00,23.00,0,0,0,FALSE,TRUE,FALSE,FALSE,,,,,,,,,,,
INV-SO2026-000408-000408,SO2026-000408,1,4,2026-02-06,2026-02-28,2026-02-06,2026-02-10,Squarespace,Squarespace,,,USD,174.00,186.59,186.59,174.00,0.00,0,0.00,0,0.00,12.59,0.00,,,,,186.59,,0.00,,,,,,,,,,,,,,,,,,,,,20006,10582,20006-2026-000408,,,,,,,,Squarespace Shipping,,Squarespace Digital,218 Camino Del Rio,Dock 18,San Diego,CA,92108,San Diego,USA,ship-squarespace@example.com,(619) 555-2706,,,,,,,,,,,,,,,,,,2026-02-06,,AUSTIN-06-CAMEL-10,,,,EA,,,,,,,3,3,0,0,,10.00,10.00,30.00,30.00,0,0,0,FALSE,TRUE,FALSE,FALSE,,,,,,,,,,,
INV-SO2026-000408-000408,SO2026-000408,1,4,2026-02-06,2026-02-28,2026-02-06,2026-02-10,Squarespace,Squarespace,,,USD,174.00,186.59,186.59,174.00,0.00,0,0.00,0,0.00,12.59,0.00,,,,,186.59,,0.00,,,,,,,,,,,,,,,,,,,,,20006,10582,20006-2026-000408,,,,,,,,Squarespace Shipping,,Squarespace Digital,218 Camino Del Rio,Dock 18,San Diego,CA,92108,San Diego,USA,ship-squarespace@example.com,(619) 555-2706,,,,,,,,,,,,,,,,,,2026-02-06,,AUSTIN-06-CAMEL-A12,,,,EA,,,,,,,1,1,0,0,,120.00,120.00,120.00,120.00,0,0,0,FALSE,TRUE,FALSE,FALSE,,,,,,,,,,,
INV-SO2026-000408-000408,SO2026-000408,1,4,2026-02-06,2026-02-28,2026-02-06,2026-02-10,Squarespace,Squarespace,,,USD,174.00,186.59,186.59,174.00,0.00,0,0.00,0,0.00,12.59,0.00,,,,,186.59,,0.00,,,,,,,,,,,,,,,,,,,,,20006,10582,20006-2026-000408,,,,,,,,Squarespace Shipping,,Squarespace Digital,218 Camino Del Rio,Dock 18,San Diego,CA,92108,San Diego,USA,ship-squarespace@example.com,(619) 555-2706,,,,,,,,,,,,,,,,,,2026-02-06,,CAMILA-06-LILAC-10,,,,EA,,,,,,,3,3,0,0,,8.00,8.00,24.00,24.00,0,0,0,FALSE,TRUE,FALSE,FALSE,,,,,,,,,,,
INV-SO2026-000409-000409,SO2026-000409,1,4,2026-01-01,2026-02-15,2026-01-01,2026-01-04,Etsy-LS,Etsy LS,,,USD,70.25,74.41,74.41,70.25,0.00,0,0.00,0,0.00,4.16,0.00,,,,,74.41,,0.00,,,,,,,,,,,,,,,,,,,,,10008,10571,10008-2026-000409,,,,,,,,Etsy LS Shipping,,Etsy LS Marketplace,205 Mission St,Dock 5,San Francisco,CA,94103,San Francisco,USA,ship-etsy-ls@example.com,(415) 555-1406,,,,,,,,,,,,,,,,,,2026-01-01,,CORA-01-CAME-7.5,,,,EA,,,,,,,2,2,0,0,,10.75,10.75,21.50,21.50,0,0,0,FALSE,TRUE,FALSE,FALSE,,,,,,,,,,,
INV-SO2026-000409-000409,SO2026-000409,1,4,2026-01-01,2026-02-15,2026-01-01,2026-01-04,Etsy-LS,Etsy LS,,,USD,70.25,74.41,74.41,70.25,0.00,0,0.00,0,0.00,4.16,0.00,,,,,74.41,,0.00,,,,,,,,,,,,,,,,,,,,,10008,10571,10008-2026-000409,,,,,,,,Etsy LS Shipping,,Etsy LS Marketplace,205 Mission St,Dock 5,San Francisco,CA,94103,San Francisco,USA,ship-etsy-ls@example.com,(415) 555-1406,,,,,,,,,,,,,,,,,,2026-01-01,,AVIANA-06-BLACK-5,,,,EA,,,,,,,3,3,0,0,,16.25,16.25,48.75,48.75,0,0,0,FALSE,TRUE,FALSE,FALSE,,,,,,,,,,,
INV-SO2026-000410-000410,SO2026-000410,1,4,2026-02-11,2026-02-28,2026-02-11,2026-02-13,Macys,Macys,,,USD,230.00,230.00,230.00,230.00,0.00,0,0.00,0,0.00,0.00,0.00,,,,,230.00,,0.00,,,,,,,,,,,,,,,,,,,,,30005,10574,30005-2026-000410,,,,,,,,Macys Shipping,,Macys Stores,215 King St,Dock 15,San Francisco,CA,94107,San Francisco,USA,ship-macys@example.com,(415) 555-2406,,,,,,,,,,,,,,,,,,2026-02-11,,F13031C-1742VNTGBJ-25-STD,,,,EA,,,,,,,1,1,0,0,,34.00,34.00,34.00,34.00,0,0,0,FALSE,TRUE,FALSE,FALSE,,,,,,,,,,,
INV-SO2026-000410-000410,SO2026-000410,1,4,2026-02-11,2026-02-28,2026-02-11,2026-02-13,Macys,Macys,,,USD,230.00,230.00,230.00,230.00,0.00,0,0.00,0,0.00,0.00,0.00,,,,,230.00,,0.00,,,,,,,,,,,,,,,,,,,,,30005,10574,30005-2026-000410,,,,,,,,Macys Shipping,,Macys Stores,215 King St,Dock 15,San Francisco,CA,94107,San Francisco,USA,ship-macys@example.com,(415) 555-2406,,,,,,,,,,,,,,,,,,2026-02-11,,FD3601033,,,,EA,,,,,,,4,4,0,0,,49.00,49.00,196.00,196.00,0,0,0,FALSE,TRUE,FALSE,FALSE,,,,,,,,,,,
INV-SO2026-000411-000411,SO2026-000411,1,4,2026-01-15,2026-02-28,2026-01-17,2026-01-19,Mirakl-Kohls,Mirakl Kohls,,,USD,80.00,92.76,92.76,80.00,0.00,0,0.00,0,0.00,12.76,0.00,,,,,92.76,,0.00,,,,,,,,,,,,,,,,,,,,,10013,10576,10013-2026-000411,,,,,,,,Mirakl Kohls Shipping,,Mirakl Kohls Network,214 Silver Creek Rd,Dock 14,San Jose,CA,95115,Santa Clara,USA,ship-mirakl-kohls@example.com,(408) 555-2306,,,,,,,,,,,,,,,,,,2026-01-15,,F13031C-1742VNTGDM-31-STD,,,,EA,,,,,,,1,1,0,0,,34.00,34.00,34.00,34.00,0,0,0,FALSE,TRUE,FALSE,FALSE,,,,,,,,,,,
INV-SO2026-000411-000411,SO2026-000411,1,4,2026-01-15,2026-02-28,2026-01-17,2026-01-19,Mirakl-Kohls,Mirakl Kohls,,,USD,80.00,92.76,92.76,80.00,0.00,0,0.00,0,0.00,12.76,0.00,,,,,92.76,,0.00,,,,,,,,,,,,,,,,,,,,,10013,10576,10013-2026-000411,,,,,,,,Mirakl Kohls Shipping,,Mirakl Kohls Network,214 Silver Creek Rd,Dock 14,San Jose,CA,95115,Santa Clara,USA,ship-mirakl-kohls@example.com,(408) 555-2306,,,,,,,,,,,,,,,,,,2026-01-15,,ADELINE-02-WHITE-8,,,,EA,,,,,,,4,4,0,0,,11.50,11.50,46.00,46.00,0,0,0,FALSE,TRUE,FALSE,FALSE,,,,,,,,,,,
INV-SO2026-000412-000412,SO2026-000412,1,4,2026-01-31,2026-02-28,2026-02-01,2026-02-04,Walmart-eComm,Walmart eComm,,,USD,136.00,149.41,149.41,136.00,0.00,0,0.00,0,0.00,13.41,0.00,,,,,149.41,,0.00,,,,,,,,,,,,,,,,,,,,,10002,10566,10002-2026-000412,,,,,,,,Walmart eComm Shipping,,Walmart eComm Retail,220 Townsend St,Dock 20,San Francisco,CA,94109,San Francisco,USA,ship-walmart-ecomm@example.com,(415) 555-2906,,,,,,,,,,,,,,,,,,2026-01-31,,F13031C-1742VNTGDM-28-STD,,,,EA,,,,,,,4,4,0,0,,34.00,34.00,136.00,136.00,0,0,0,FALSE,TRUE,FALSE,FALSE,,,,,,,,,,,
INV-SO2026-000413-000413,SO2026-000413,1,4,2026-02-24,2026-02-28,2026-02-24,2026-02-26,Mirakl-Kohls,Mirakl Kohls,,,USD,171.00,171.06,171.06,171.00,0.00,0,0.00,0,0.00,0.06,0.00,,,,,171.06,,0.00,,,,,,,,,,,,,,,,,,,,,10013,10576,10013-2026-000413,,,,,,,,Mirakl Kohls Shipping,,Mirakl Kohls Network,214 Silver Creek Rd,Dock 14,San Jose,CA,95115,Santa Clara,USA,ship-mirakl-kohls@example.com,(408) 555-2306,,,,,,,,,,,,,,,,,,2026-02-24,,ADELINE-02-NUDE,,,,EA,,,,,,,1,1,0,0,,171.00,171.00,171.00,171.00,0,0,0,FALSE,TRUE,FALSE,FALSE,,,,,,,,,,,
INV-SO2026-000414-000414,SO2026-000414,1,4,2026-02-14,2026-02-28,2026-02-15,2026-02-16,Walmart-eComm,Walmart eComm,,,USD,354.00,365.00,365.00,354.00,0.00,0,0.00,0,0.00,11.00,0.00,,,,,365.00,,0.00,,,,,,,,,,,,,,,,,,,,,10002,10566,10002-2026-000414,,,,,,,,Walmart eComm Shipping,,Walmart eComm Retail,220 Townsend St,Dock 20,San Francisco,CA,94109,San Francisco,USA,ship-walmart-ecomm@example.com,(415) 555-2906,,,,,,,,,,,,,,,,,,2026-02-14,,ADELINE-03-BLUE,,,,EA,,,,,,,2,2,0,0,,177.00,177.00,354.00,354.00,0,0,0,FALSE,TRUE,FALSE,FALSE,,,,,,,,,,,
INV-SO2026-000415-000415,SO2026-000415,1,4,2026-02-23,2026-02-28,2026-02-23,2026-02-26,Mirakl-HudsonsB,Mirakl HudsonsB,,,USD,34.00,48.24,48.24,34.00,0.00,0,0.00,0,0.00,14.24,0.00,,,,,48.24,,0.00,,,,,,,,,,,,,,,,,,,,,10005,10577,10005-2026-000415,,,,,,,,Mirakl HudsonsB Shipping,,Mirakl HudsonsB Network,212 Quail Hill Pkwy,Dock 12,Irvine,CA,92607,Orange,USA,ship-mirakl-hudsonsb@example.com,(949) 555-2106,,,,,,,,,,,,,,,,,,2026-02-23,,F13031C-1742VNTGBJ-27-STD,,,,EA,,,,,,,1,1,0,0,,34.00,34.00,34.00,34.00,0,0,0,FALSE,TRUE,FALSE,FALSE,,,,,,,,,,,
INV-SO2026-000416-000416,SO2026-000416,1,4,2026-01-10,2026-02-09,2026-01-10,2026-01-12,Magento,Magento,,,USD,117.00,119.42,119.42,117.00,0.00,0,0.00,0,0.00,2.42,0.00,,,,,119.42,,0.00,,,,,,,,,,,,,,,,,,,,,20003,10581,20003-2026-000416,,,,,,,,Magento Shipping,,Magento Platform,216 Century Blvd,Dock 16,Los Angeles,CA,90008,Los Angeles,USA,ship-magento@example.com,(213) 555-2506,,,,,,,,,,,,,,,,,,2026-01-10,,FA16105WV,,,,EA,,,,,,,3,3,0,0,,39.00,39.00,117.00,117.00,0,0,0,FALSE,TRUE,FALSE,FALSE,,,,,,,,,,,
INV-SO2026-000417-000417,SO2026-000417,1,4,2026-01-10,2026-02-24,2026-01-10,2026-01-13,Shopify,Shopify,,,USD,86.00,98.78,98.78,86.00,0.00,0,0.00,0,0.00,12.78,0.00,,,,,98.78,,0.00,,,,,,,,,,,,,,,,,,,,,20001,10580,20001-2026-000417,,,,,,,,Shopify Shipping,,Shopify Commerce,217 Barranca Pkwy,Dock 17,Irvine,CA,92609,Orange,USA,ship-shopify@example.com,(949) 555-2606,,,,,,,,,,,,,,,,,,2026-01-10,,AUSTIN-06-BLUSH-7.5,,,,EA,,,,,,,4,4,0,0,,10.00,10.00,40.00,40.00,0,0,0,FALSE,TRUE,FALSE,FALSE,,,,,,,,,,,
INV-SO2026-000417-000417,SO2026-000417,1,4,2026-01-10,2026-02-24,2026-01-10,2026-01-13,Shopify,Shopify,,,USD,86.00,98.78,98.78,86.00,0.00,0,0.00,0,0.00,12.78,0.00,,,,,98.78,,0.00,,,,,,,,,,,,,,,,,,,,,20001,10580,20001-2026-000417,,,,,,,,Shopify Shipping,,Shopify Commerce,217 Barranca Pkwy,Dock 17,Irvine,CA,92609,Orange,USA,ship-shopify@example.com,(949) 555-2606,,,,,,,,,,,,,,,,,,2026-01-10,,ADELINE-02-PINK-12,,,,EA,,,,,,,4,4,0,0,,11.50,11.50,46.00,46.00,0,0,0,FALSE,TRUE,FALSE,FALSE,,,,,,,,,,,
INV-SO2026-000418-000418,SO2026-000418,1,4,2026-01-18,2026-02-28,2026-01-20,2026-01-18,Shopify,Shopify,,,USD,360.00,360.77,360.77,360.00,0.00,0,0.00,0,0.00,0.77,0.00,,,,,360.77,,0.00,,,,,,,,,,,,,,,,,,,,,20001,10580,20001-2026-000418,,,,,,,,Shopify Shipping,,Shopify Commerce,217 Barranca Pkwy,Dock 17,Irvine,CA,92609,Orange,USA,ship-shopify@example.com,(949) 555-2606,,,,,,,,,,,,,,,,,,2026-01-18,,AUSTIN-06-WHITE-A12,,,,EA,,,,,,,3,3,0,0,,120.00,120.00,360.00,360.00,0,0,0,FALSE,TRUE,FALSE,FALSE,,,,,,,,,,,
INV-SO2026-000419-000419,SO2026-000419,1,4,2026-02-07,2026-02-28,2026-02-08,2026-02-11,Macys,Macys,,,USD,388.00,398.10,398.10,388.00,0.00,0,0.00,0,0.00,10.10,0.00,,,,,398.10,,0.00,,,,,,,,,,,,,,,,,,,,,30005,10574,30005-2026-000419,,,,,,,,Macys Shipping,,Macys Stores,215 King St,Dock 15,San Francisco,CA,94107,San Francisco,USA,ship-macys@example.com,(415) 555-2406,,,,,,,,,,,,,,,,,,2026-02-07,,FA16105WV-MIDNIGHTCAMO-L-STD,,,,EA,,,,,,,3,3,0,0,,39.00,39.00,117.00,117.00,0,0,0,FALSE,TRUE,FALSE,FALSE,,,,,,,,,,,
INV-SO2026-000419-000419,SO2026-000419,1,4,2026-02-07,2026-02-28,2026-02-08,2026-02-11,Macys,Macys,,,USD,388.00,398.10,398.10,388.00,0.00,0,0.00,0,0.00,10.10,0.00,,,,,398.10,,0.00,,,,,,,,,,,,,,,,,,,,,30005,10574,30005-2026-000419,,,,,,,,Macys Shipping,,Macys Stores,215 King St,Dock 15,San Francisco,CA,94107,San Francisco,USA,ship-macys@example.com,(415) 555-2406,,,,,,,,,,,,,,,,,,2026-02-07,,FD9801506P-GINGER-1X-STD,,,,EA,,,,,,,1,1,0,0,,49.00,49.00,49.00,49.00,0,0,0,FALSE,TRUE,FALSE,FALSE,,,,,,,,,,,
INV-SO2026-000419-000419,SO2026-000419,1,4,2026-02-07,2026-02-28,2026-02-08,2026-02-11,Macys,Macys,,,USD,388.00,398.10,398.10,388.00,0.00,0,0.00,0,0.00,10.10,0.00,,,,,398.10,,0.00,,,,,,,,,,,,,,,,,,,,,30005,10574,30005-2026-000419,,,,,,,,Macys Shipping,,Macys Stores,215 King St,Dock 15,San Francisco,CA,94107,San Francisco,USA,ship-macys@example.com,(415) 555-2406,,,,,,,,,,,,,,,,,,2026-02-07,,ADELINE-03-BLACK-B12,,,,EA,,,,,,,1,1,0,0,,222.00,222.00,222.00,222.00,0,0,0,FALSE,TRUE,FALSE,FALSE,,,,,,,,,,,
INV-SO2026-000420-000420,SO2026-000420,1,4,2026-01-22,2026-02-28,2026-01-22,2026-01-24,Etsy-VS,Etsy VS,,,USD,51.50,51.50,51.50,51.50,0.00,0,0.00,0,0.00,0.00,0.00,,,,,51.50,,0.00,,,,,,,,,,,,,,,,,,,,,10008,10572,10008-2026-000420,,,,,,,,Etsy VS Shipping,,Etsy VS Marketplace,206 Pacific Hwy,Dock 6,Los Angeles,CA,90004,Los Angeles,USA,ship-etsy-vs@example.com,(213) 555-1506,,,,,,,,,,,,,,,,,,2026-01-22,,ADELINE-02-WHITE-10,,,,EA,,,,,,,1,1,0,0,,11.50,11.50,11.50,11.50,0,0,0,FALSE,TRUE,FALSE,FALSE,,,,,,,,,,,
INV-SO2026-000420-000420,SO2026-000420,1,4,2026-01-22,2026-02-28,2026-01-22,2026-01-24,Etsy-VS,Etsy VS,,,USD,51.50,51.50,51.50,51.50,0.00,0,0.00,0,0.00,0.00,0.00,,,,,51.50,,0.00,,,,,,,,,,,,,,,,,,,,,10008,10572,10008-2026-000420,,,,,,,,Etsy VS Shipping,,Etsy VS Marketplace,206 Pacific Hwy,Dock 6,Los Angeles,CA,90004,Los Angeles,USA,ship-etsy-vs@example.com,(213) 555-1506,,,,,,,,,,,,,,,,,,2026-01-22,,173451-1183CITIZEN-21-34,,,,EA,,,,,,,1,1,0,0,,24.00,24.00,24.00,24.00,0,0,0,FALSE,TRUE,FALSE,FALSE,,,,,,,,,,,
INV-SO2026-000420-000420,SO2026-000420,1,4,2026-01-22,2026-02-28,2026-01-22,2026-01-24,Etsy-VS,Etsy VS,,,USD,51.50,51.50,51.50,51.50,0.00,0,0.00,0,0.00,0.00,0.00,,,,,51.50,,0.00,,,,,,,,,,,,,,,,,,,,,10008,10572,10008-2026-000420,,,,,,,,Etsy VS Shipping,,Etsy VS Marketplace,206 Pacific Hwy,Dock 6,Los Angeles,CA,90004,Los Angeles,USA,ship-etsy-vs@example.com,(213) 555-1506,,,,,,,,,,,,,,,,,,2026-01-22,,CAMILA-06-BLACK-12,,,,EA,,,,,,,2,2,0,0,,8.00,8.00,16.00,16.00,0,0,0,FALSE,TRUE,FALSE,FALSE,,,,,,,,,,,
INV-SO2026-000421-000421,SO2026-000421,1,4,2026-01-09,2026-02-08,2026-01-11,2026-01-11,JCPenney,JCPenney,,,USD,102.00,114.94,114.94,102.00,0.00,0,0.00,0,0.00,12.94,0.00,,,,,114.94,,0.00,,,,,,,,,,,,,,,,,,,,,30007,10575,30007-2026-000421,,,,,,,,JCPenney Shipping,,JCPenney Stores,213 Gateway Rd,Dock 13,San Diego,CA,92106,San Diego,USA,ship-jcpenney@example.com,(619) 555-2206,,,,,,,,,,,,,,,,,,2026-01-09,,F13031C-1742VNTGCO-27-STD,,,,EA,,,,,,,3,3,0,0,,34.00,34.00,102.00,102.00,0,0,0,FALSE,TRUE,FALSE,FALSE,,,,,,,,,,,
INV-SO2026-000422-000422,SO2026-000422,1,4,2026-01-22,2026-02-28,2026-01-24,2026-01-23,Macys,Macys,,,USD,424.00,433.32,433.32,424.00,0.00,0,0.00,0,0.00,9.32,0.00,,,,,433.32,,0.00,,,,,,,,,,,,,,,,,,,,,30005,10574,30005-2026-000422,,,,,,,,Macys Shipping,,Macys Stores,215 King St,Dock 15,San Francisco,CA,94107,San Francisco,USA,ship-macys@example.com,(415) 555-2406,,,,,,,,,,,,,,,,,,2026-01-22,,ASTRID-01-BLUSH-7,,,,EA,,,,,,,1,1,0,0,,20.75,20.75,20.75,20.75,0,0,0,FALSE,TRUE,FALSE,FALSE,,,,,,,,,,,
INV-SO2026-000422-000422,SO2026-000422,1,4,2026-01-22,2026-02-28,2026-01-24,2026-01-23,Macys,Macys,,,USD,424.00,433.32,433.32,424.00,0.00,0,0.00,0,0.00,9.32,0.00,,,,,433.32,,0.00,,,,,,,,,,,,,,,,,,,,,30005,10574,30005-2026-000422,,,,,,,,Macys Shipping,,Macys Stores,215 King St,Dock 15,San Francisco,CA,94107,San Francisco,USA,ship-macys@example.com,(415) 555-2406,,,,,,,,,,,,,,,,,,2026-01-22,,AVIANA-06-WHITE-8.5,,,,EA,,,,,,,1,1,0,0,,16.25,16.25,16.25,16.25,0,0,0,FALSE,TRUE,FALSE,FALSE,,,,,,,,,,,
INV-SO2026-000422-000422,SO2026-000422,1,4,2026-01-22,2026-02-28,2026-01-24,2026-01-23,Macys,Macys,,,USD,424.00,433.32,433.32,424.00,0.00,0,0.00,0,0.00,9.32,0.00,,,,,433.32,,0.00,,,,,,,,,,,,,,,,,,,,,30005,10574,30005-2026-000422,,,,,,,,Macys Shipping,,Macys Stores,215 King St,Dock 15,San Francisco,CA,94107,San Francisco,USA,ship-macys@example.com,(415) 555-2406,,,,,,,,,,,,,,,,,,2026-01-22,,CORA-01-FUCH-S,,,,EA,,,,,,,3,3,0,0,,129.00,129.00,387.00,387.00,0,0,0,FALSE,TRUE,FALSE,FALSE,,,,,,,,,,,
INV-SO2026-000423-000423,SO2026-000423,1,4,2026-01-17,2026-02-28,2026-01-17,2026-01-17,Mirakl-Kohls,Mirakl Kohls,,,USD,298.00,311.80,311.80,298.00,0.00,0,0.00,0,0.00,13.80,0.00,,,,,311.80,,0.00,,,,,,,,,,,,,,,,,,,,,10013,10576,10013-2026-000423,,,,,,,,Mirakl Kohls Shipping,,Mirakl Kohls Network,214 Silver Creek Rd,Dock 14,San Jose,CA,95115,Santa Clara,USA,ship-mirakl-kohls@example.com,(408) 555-2306,,,,,,,,,,,,,,,,,,2026-01-17,,CORA-01-FUCH-A12,,,,EA,,,,,,,2,2,0,0,,129.00,129.00,258.00,258.00,0,0,0,FALSE,TRUE,FALSE,FALSE,,,,,,,,,,,
INV-SO2026-000423-000423,SO2026-000423,1,4,2026-01-17,2026-02-28,2026-01-17,2026-01-17,Mirakl-Kohls,Mirakl Kohls,,,USD,298.00,311.80,311.80,298.00,0.00,0,0.00,0,0.00,13.80,0.00,,,,,311.80,,0.00,,,,,,,,,,,,,,,,,,,,,10013,10576,10013-2026-000423,,,,,,,,Mirakl Kohls Shipping,,Mirakl Kohls Network,214 Silver Creek Rd,Dock 14,San Jose,CA,95115,Santa Clara,USA,ship-mirakl-kohls@example.com,(408) 555-2306,,,,,,,,,,,,,,,,,,2026-01-17,,AUSTIN-06-NUDE-9.5,,,,EA,,,,,,,4,4,0,0,,10.00,10.00,40.00,40.00,0,0,0,FALSE,TRUE,FALSE,FALSE,,,,,,,,,,,
INV-SO2026-000424-000424,SO2026-000424,1,4,2026-01-19,2026-02-28,2026-01-20,2026-01-22,Mirakl-HudsonsB,Mirakl HudsonsB,,,USD,137.00,148.67,148.67,137.00,0.00,0,0.00,0,0.00,11.67,0.00,,,,,148.67,,0.00,,,,,,,,,,,,,,,,,,,,,10005,10577,10005-2026-000424,,,,,,,,Mirakl HudsonsB Shipping,,Mirakl HudsonsB Network,212 Quail Hill Pkwy,Dock 12,Irvine,CA,92607,Orange,USA,ship-mirakl-hudsonsb@example.com,(949) 555-2106,,,,,,,,,,,,,,,,,,2026-01-19,,AUSTIN-06-CAMEL-5,,,,EA,,,,,,,2,2,0,0,,10.00,10.00,20.00,20.00,0,0,0,FALSE,TRUE,FALSE,FALSE,,,,,,,,,,,
INV-SO2026-000424-000424,SO2026-000424,1,4,2026-01-19,2026-02-28,2026-01-20,2026-01-22,Mirakl-HudsonsB,Mirakl HudsonsB,,,USD,137.00,148.67,148.67,137.00,0.00,0,0.00,0,0.00,11.67,0.00,,,,,148.67,,0.00,,,,,,,,,,,,,,,,,,,,,10005,10577,10005-2026-000424,,,,,,,,Mirakl HudsonsB Shipping,,Mirakl HudsonsB Network,212 Quail Hill Pkwy,Dock 12,Irvine,CA,92607,Orange,USA,ship-mirakl-hudsonsb@example.com,(949) 555-2106,,,,,,,,,,,,,,,,,,2026-01-19,,FB3601737-3219UNFORGV,,,,EA,,,,,,,3,3,0,0,,39.00,39.00,117.00,117.00,0,0,0,FALSE,TRUE,FALSE,FALSE,,,,,,,,,,,
INV-SO2026-000425-000425,SO2026-000425,1,4,2026-01-31,2026-02-28,2026-02-02,2026-02-03,Mirakl-Kohls,Mirakl Kohls,,,USD,102.00,109.29,109.29,102.00,0.00,0,0.00,0,0.00,7.29,0.00,,,,,109.29,,0.00,,,,,,,,,,,,,,,,,,,,,10013,10576,10013-2026-000425,,,,,,,,Mirakl Kohls Shipping,,Mirakl Kohls Network,214 Silver Creek Rd,Dock 14,San Jose,CA,95115,Santa Clara,USA,ship-mirakl-kohls@example.com,(408) 555-2306,,,,,,,,,,,,,,,,,,2026-01-31,,FA13501DM-1608BLAU2-29-32,,,,EA,,,,,,,3,3,0,0,,34.00,34.00,102.00,102.00,0,0,0,FALSE,TRUE,FALSE,FALSE,,,,,,,,,,,
INV-SO2026-000426-000426,SO2026-000426,1,4,2026-02-16,2026-02-28,2026-02-18,2026-02-18,Macys,Macys,,,USD,60.00,69.59,69.59,60.00,0.00,0,0.00,0,0.00,9.59,0.00,,,,,69.59,,0.00,,,,,,,,,,,,,,,,,,,,,30005,10574,30005-2026-000426,,,,,,,,Macys Shipping,,Macys Stores,215 King St,Dock 15,San Francisco,CA,94107,San Francisco,USA,ship-macys@example.com,(415) 555-2406,,,,,,,,,,,,,,,,,,2026-02-16,,ADELINE-03-BLACK-6,,,,EA,,,,,,,1,1,0,0,,18.50,18.50,18.50,18.50,0,0,0,FALSE,TRUE,FALSE,FALSE,,,,,,,,,,,
INV-SO2026-000426-000426,SO2026-000426,1,4,2026-02-16,2026-02-28,2026-02-18,2026-02-18,Macys,Macys,,,USD,60.00,69.59,69.59,60.00,0.00,0,0.00,0,0.00,9.59,0.00,,,,,69.59,,0.00,,,,,,,,,,,,,,,,,,,,,30005,10574,30005-2026-000426,,,,,,,,Macys Shipping,,Macys Stores,215 King St,Dock 15,San Francisco,CA,94107,San Francisco,USA,ship-macys@example.com,(415) 555-2406,,,,,,,,,,,,,,,,,,2026-02-16,,ASTRID-01-GREY-9,,,,EA,,,,,,,2,2,0,0,,20.75,20.75,41.50,41.50,0,0,0,FALSE,TRUE,FALSE,FALSE,,,,,,,,,,,
INV-SO2026-000427-000427,SO2026-000427,1,4,2026-01-09,2026-02-23,2026-01-10,2026-01-09,Shopify,Shopify,,,USD,215.50,224.46,224.46,215.50,0.00,0,0.00,0,0.00,8.96,0.00,,,,,224.46,,0.00,,,,,,,,,,,,,,,,,,,,,20001,10580,20001-2026-000427,,,,,,,,Shopify Shipping,,Shopify Commerce,217 Barranca Pkwy,Dock 17,Irvine,CA,92609,Orange,USA,ship-shopify@example.com,(949) 555-2606,,,,,,,,,,,,,,,,,,2026-01-09,,ADELINE-02-NUDE-10,,,,EA,,,,,,,1,1,0,0,,11.50,11.50,11.50,11.50,0,0,0,FALSE,TRUE,FALSE,FALSE,,,,,,,,,,,
INV-SO2026-000427-000427,SO2026-000427,1,4,2026-01-09,2026-02-23,2026-01-10,2026-01-09,Shopify,Shopify,,,USD,215.50,224.46,224.46,215.50,0.00,0,0.00,0,0.00,8.96,0.00,,,,,224.46,,0.00,,,,,,,,,,,,,,,,,,,,,20001,10580,20001-2026-000427,,,,,,,,Shopify Shipping,,Shopify Commerce,217 Barranca Pkwy,Dock 17,Irvine,CA,92609,Orange,USA,ship-shopify@example.com,(949) 555-2606,,,,,,,,,,,,,,,,,,2026-01-09,,FA16023WV-MIDNIGHTBLUE-M-STD,,,,EA,,,,,,,4,4,0,0,,39.00,39.00,156.00,156.00,0,0,0,FALSE,TRUE,FALSE,FALSE,,,,,,,,,,,
INV-SO2026-000427-000427,SO2026-000427,1,4,2026-01-09,2026-02-23,2026-01-10,2026-01-09,Shopify,Shopify,,,USD,215.50,224.46,224.46,215.50,0.00,0,0.00,0,0.00,8.96,0.00,,,,,224.46,,0.00,,,,,,,,,,,,,,,,,,,,,20001,10580,20001-2026-000427,,,,,,,,Shopify Shipping,,Shopify Commerce,217 Barranca Pkwy,Dock 17,Irvine,CA,92609,Orange,USA,ship-shopify@example.com,(949) 555-2606,,,,,,,,,,,,,,,,,,2026-01-09,,173451-1183CITIZEN-17-STD,,,,EA,,,,,,,2,2,0,0,,24.00,24.00,48.00,48.00,0,0,0,FALSE,TRUE,FALSE,FALSE,,,,,,,,,,,
INV-SO2026-000428-000428,SO2026-000428,1,4,2026-02-15,2026-02-28,2026-02-15,2026-02-18,Etsy-LS,Etsy LS,,,USD,188.00,189.10,189.10,188.00,0.00,0,0.00,0,0.00,1.10,0.00,,,,,189.10,,0.00,,,,,,,,,,,,,,,,,,,,,10008,10571,10008-2026-000428,,,,,,,,Etsy LS Shipping,,Etsy LS Marketplace,205 Mission St,Dock 5,San Francisco,CA,94103,San Francisco,USA,ship-etsy-ls@example.com,(415) 555-1406,,,,,,,,,,,,,,,,,,2026-02-15,,FA16023WV-SMOKELEOPARD-S-STD,,,,EA,,,,,,,1,1,0,0,,40.00,40.00,40.00,40.00,0,0,0,FALSE,TRUE,FALSE,FALSE,,,,,,,,,,,
INV-SO2026-000428-000428,SO2026-000428,1,4,2026-02-15,2026-02-28,2026-02-15,2026-02-18,Etsy-LS,Etsy LS,,,USD,188.00,189.10,189.10,188.00,0.00,0,0.00,0,0.00,1.10,0.00,,,,,189.10,,0.00,,,,,,,,,,,,,,,,,,,,,10008,10571,10008-2026-000428,,,,,,,,Etsy LS Shipping,,Etsy LS Marketplace,205 Mission St,Dock 5,San Francisco,CA,94103,San Francisco,USA,ship-etsy-ls@example.com,(415) 555-1406,,,,,,,,,,,,,,,,,,2026-02-15,,ASTRID-01-NUDE-7.5,,,,EA,,,,,,,4,4,0,0,,20.75,20.75,83.00,83.00,0,0,0,FALSE,TRUE,FALSE,FALSE,,,,,,,,,,,
INV-SO2026-000428-000428,SO2026-000428,1,4,2026-02-15,2026-02-28,2026-02-15,2026-02-18,Etsy-LS,Etsy LS,,,USD,188.00,189.10,189.10,188.00,0.00,0,0.00,0,0.00,1.10,0.00,,,,,189.10,,0.00,,,,,,,,,,,,,,,,,,,,,10008,10571,10008-2026-000428,,,,,,,,Etsy LS Shipping,,Etsy LS Marketplace,205 Mission St,Dock 5,San Francisco,CA,94103,San Francisco,USA,ship-etsy-ls@example.com,(415) 555-1406,,,,,,,,,,,,,,,,,,2026-02-15,,AVIANA-06-BLACK-9,,,,EA,,,,,,,4,4,0,0,,16.25,16.25,65.00,65.00,0,0,0,FALSE,TRUE,FALSE,FALSE,,,,,,,,,,,
INV-SO2026-000429-000429,SO2026-000429,1,4,2026-02-20,2026-02-28,2026-02-21,2026-02-21,Mirakl-HudsonsB,Mirakl HudsonsB,,,USD,108.50,120.25,120.25,108.50,0.00,0,0.00,0,0.00,11.75,0.00,,,,,120.25,,0.00,,,,,,,,,,,,,,,,,,,,,10005,10577,10005-2026-000429,,,,,,,,Mirakl HudsonsB Shipping,,Mirakl HudsonsB Network,212 Quail Hill Pkwy,Dock 12,Irvine,CA,92607,Orange,USA,ship-mirakl-hudsonsb@example.com,(949) 555-2106,,,,,,,,,,,,,,,,,,2026-02-20,,CORA-01-FUCH-6,,,,EA,,,,,,,2,2,0,0,,10.75,10.75,21.50,21.50,0,0,0,FALSE,TRUE,FALSE,FALSE,,,,,,,,,,,
INV-SO2026-000429-000429,SO2026-000429,1,4,2026-02-20,2026-02-28,2026-02-21,2026-02-21,Mirakl-HudsonsB,Mirakl HudsonsB,,,USD,108.50,120.25,120.25,108.50,0.00,0,0.00,0,0.00,11.75,0.00,,,,,120.25,,0.00,,,,,,,,,,,,,,,,,,,,,10005,10577,10005-2026-000429,,,,,,,,Mirakl HudsonsB Shipping,,Mirakl HudsonsB Network,212 Quail Hill Pkwy,Dock 12,Irvine,CA,92607,Orange,USA,ship-mirakl-hudsonsb@example.com,(949) 555-2106,,,,,,,,,,,,,,,,,,2026-02-20,,F13T007SS-CABERNET-M-STD,,,,EA,,,,,,,3,3,0,0,,29.00,29.00,87.00,87.00,0,0,0,FALSE,TRUE,FALSE,FALSE,,,,,,,,,,,
INV-SO2026-000430-000430,SO2026-000430,1,4,2026-02-22,2026-02-28,2026-02-22,2026-02-22,Walmart-eComm,Walmart eComm,,,USD,61.00,61.00,61.00,61.00,0.00,0,0.00,0,0.00,0.00,0.00,,,,,61.00,,0.00,,,,,,,,,,,,,,,,,,,,,10002,10566,10002-2026-000430,,,,,,,,Walmart eComm Shipping,,Walmart eComm Retail,220 Townsend St,Dock 20,San Francisco,CA,94109,San Francisco,USA,ship-walmart-ecomm@example.com,(415) 555-2906,,,,,,,,,,,,,,,,,,2026-02-22,,CAMILA-06-NUDE-5,,,,EA,,,,,,,1,1,0,0,,8.00,8.00,8.00,8.00,0,0,0,FALSE,TRUE,FALSE,FALSE,,,,,,,,,,,
INV-SO2026-000430-000430,SO2026-000430,1,4,2026-02-22,2026-02-28,2026-02-22,2026-02-22,Walmart-eComm,Walmart eComm,,,USD,61.00,61.00,61.00,61.00,0.00,0,0.00,0,0.00,0.00,0.00,,,,,61.00,,0.00,,,,,,,,,,,,,,,,,,,,,10002,10566,10002-2026-000430,,,,,,,,Walmart eComm Shipping,,Walmart eComm Retail,220 Townsend St,Dock 20,San Francisco,CA,94109,San Francisco,USA,ship-walmart-ecomm@example.com,(415) 555-2906,,,,,,,,,,,,,,,,,,2026-02-22,,ADELINE-02-NUDE-5,,,,EA,,,,,,,2,2,0,0,,11.50,11.50,23.00,23.00,0,0,0,FALSE,TRUE,FALSE,FALSE,,,,,,,,,,,
INV-SO2026-000430-000430,SO2026-000430,1,4,2026-02-22,2026-02-28,2026-02-22,2026-02-22,Walmart-eComm,Walmart eComm,,,USD,61.00,61.00,61.00,61.00,0.00,0,0.00,0,0.00,0.00,0.00,,,,,61.00,,0.00,,,,,,,,,,,,,,,,,,,,,10002,10566,10002-2026-000430,,,,,,,,Walmart eComm Shipping,,Walmart eComm Retail,220 Townsend St,Dock 20,San Francisco,CA,94109,San Francisco,USA,ship-walmart-ecomm@example.com,(415) 555-2906,,,,,,,,,,,,,,,,,,2026-02-22,,AUSTIN-06-CAMEL-6,,,,EA,,,,,,,3,3,0,0,,10.00,10.00,30.00,30.00,0,0,0,FALSE,TRUE,FALSE,FALSE,,,,,,,,,,,
INV-SO2026-000431-000431,SO2026-000431,1,4,2026-02-02,2026-02-28,2026-02-03,2026-02-02,Walmart-eComm,Walmart eComm,,,USD,180.50,184.67,184.67,180.50,0.00,0,0.00,0,0.00,4.17,0.00,,,,,184.67,,0.00,,,,,,,,,,,,,,,,,,,,,10002,10566,10002-2026-000431,,,,,,,,Walmart eComm Shipping,,Walmart eComm Retail,220 Townsend St,Dock 20,San Francisco,CA,94109,San Francisco,USA,ship-walmart-ecomm@example.com,(415) 555-2906,,,,,,,,,,,,,,,,,,2026-02-02,,F13T007SS-CABERNET-S-STD,,,,EA,,,,,,,3,3,0,0,,29.00,29.00,87.00,87.00,0,0,0,FALSE,TRUE,FALSE,FALSE,,,,,,,,,,,
INV-SO2026-000431-000431,SO2026-000431,1,4,2026-02-02,2026-02-28,2026-02-03,2026-02-02,Walmart-eComm,Walmart eComm,,,USD,180.50,184.67,184.67,180.50,0.00,0,0.00,0,0.00,4.17,0.00,,,,,184.67,,0.00,,,,,,,,,,,,,,,,,,,,,10002,10566,10002-2026-000431,,,,,,,,Walmart eComm Shipping,,Walmart eComm Retail,220 Townsend St,Dock 20,San Francisco,CA,94109,San Francisco,USA,ship-walmart-ecomm@example.com,(415) 555-2906,,,,,,,,,,,,,,,,,,2026-02-02,,173451-1183CITIZEN-11-34,,,,EA,,,,,,,3,3,0,0,,24.00,24.00,72.00,72.00,0,0,0,FALSE,TRUE,FALSE,FALSE,,,,,,,,,,,
INV-SO2026-000431-000431,SO2026-000431,1,4,2026-02-02,2026-02-28,2026-02-03,2026-02-02,Walmart-eComm,Walmart eComm,,,USD,180.50,184.67,184.67,180.50,0.00,0,0.00,0,0.00,4.17,0.00,,,,,184.67,,0.00,,,,,,,,,,,,,,,,,,,,,10002,10566,10002-2026-000431,,,,,,,,Walmart eComm Shipping,,Walmart eComm Retail,220 Townsend St,Dock 20,San Francisco,CA,94109,San Francisco,USA,ship-walmart-ecomm@example.com,(415) 555-2906,,,,,,,,,,,,,,,,,,2026-02-02,,CORA-01-LEOP-11,,,,EA,,,,,,,2,2,0,0,,10.75,10.75,21.50,21.50,0,0,0,FALSE,TRUE,FALSE,FALSE,,,,,,,,,,,
INV-SO2026-000432-000432,SO2026-000432,1,4,2026-02-02,2026-02-28,2026-02-02,2026-02-02,AMZ-eCom,AMZ eCom,,,USD,56.50,62.20,62.20,56.50,0.00,0,0.00,0,0.00,5.70,0.00,,,,,62.20,,0.00,,,,,,,,,,,,,,,,,,,,,10001,10565,10001-2026-000432,,,,,,,,AMZ eCom Shipping,,AMZ eCom Retail,201 Harbor Ave,Dock 1,Los Angeles,CA,90002,Los Angeles,USA,ship-amz-ecom@example.com,(213) 555-1006,,,,,,,,,,,,,,,,,,2026-02-02,,AVIANA-06-WHITE-10,,,,EA,,,,,,,2,2,0,0,,16.25,16.25,32.50,32.50,0,0,0,FALSE,TRUE,FALSE,FALSE,,,,,,,,,,,
INV-SO2026-000432-000432,SO2026-000432,1,4,2026-02-02,2026-02-28,2026-02-02,2026-02-02,AMZ-eCom,AMZ eCom,,,USD,56.50,62.20,62.20,56.50,0.00,0,0.00,0,0.00,5.70,0.00,,,,,62.20,,0.00,,,,,,,,,,,,,,,,,,,,,10001,10565,10001-2026-000432,,,,,,,,AMZ eCom Shipping,,AMZ eCom Retail,201 Harbor Ave,Dock 1,Los Angeles,CA,90002,Los Angeles,USA,ship-amz-ecom@example.com,(213) 555-1006,,,,,,,,,,,,,,,,,,2026-02-02,,CAMILA-06-LILAC-8,,,,EA,,,,,,,3,3,0,0,,8.00,8.00,24.00,24.00,0,0,0,FALSE,TRUE,FALSE,FALSE,,,,,,,,,,,
INV-SO2026-000433-000433,SO2026-000433,1,4,2026-01-27,2026-02-28,2026-01-27,2026-02-01,Shopify,Shopify,,,USD,152.50,169.92,169.92,152.50,0.00,0,0.00,0,0.00,17.42,0.00,,,,,169.92,,0.00,,,,,,,,,,,,,,,,,,,,,20001,10580,20001-2026-000433,,,,,,,,Shopify Shipping,,Shopify Commerce,217 Barranca Pkwy,Dock 17,Irvine,CA,92609,Orange,USA,ship-shopify@example.com,(949) 555-2606,,,,,,,,,,,,,,,,,,2026-01-27,,ADELINE-03-BLUE-6,,,,EA,,,,,,,2,2,0,0,,18.50,18.50,37.00,37.00,0,0,0,FALSE,TRUE,FALSE,FALSE,,,,,,,,,,,
INV-SO2026-000433-000433,SO2026-000433,1,4,2026-01-27,2026-02-28,2026-01-27,2026-02-01,Shopify,Shopify,,,USD,152.50,169.92,169.92,152.50,0.00,0,0.00,0,0.00,17.42,0.00,,,,,169.92,,0.00,,,,,,,,,,,,,,,,,,,,,20001,10580,20001-2026-000433,,,,,,,,Shopify Shipping,,Shopify Commerce,217 Barranca Pkwy,Dock 17,Irvine,CA,92609,Orange,USA,ship-shopify@example.com,(949) 555-2606,,,,,,,,,,,,,,,,,,2026-01-27,,ADELINE-03-GOLD-5.5,,,,EA,,,,,,,4,4,0,0,,18.50,18.50,74.00,74.00,0,0,0,FALSE,TRUE,FALSE,FALSE,,,,,,,,,,,
INV-SO2026-000433-000433,SO2026-000433,1,4,2026-01-27,2026-02-28,2026-01-27,2026-02-01,Shopify,Shopify,,,USD,152.50,169.92,169.92,152.50,0.00,0,0.00,0,0.00,17.42,0.00,,,,,169.92,,0.00,,,,,,,,,,,,,,,,,,,,,20001,10580,20001-2026-000433,,,,,,,,Shopify Shipping,,Shopify Commerce,217 Barranca Pkwy,Dock 17,Irvine,CA,92609,Orange,USA,ship-shopify@example.com,(949) 555-2606,,,,,,,,,,,,,,,,,,2026-01-27,,ASTRID-01-NUDE-6,,,,EA,,,,,,,2,2,0,0,,20.75,20.75,41.50,41.50,0,0,0,FALSE,TRUE,FALSE,FALSE,,,,,,,,,,,
INV-SO2026-000434-000434,SO2026-000434,1,4,2026-02-28,2026-02-28,2026-02-28,2026-02-28,Squarespace,Squarespace,,,USD,100.25,100.25,100.25,100.25,0.00,0,0.00,0,0.00,0.00,0.00,,,,,100.25,,0.00,,,,,,,,,,,,,,,,,,,,,20006,10582,20006-2026-000434,,,,,,,,Squarespace Shipping,,Squarespace Digital,218 Camino Del Rio,Dock 18,San Diego,CA,92108,San Diego,USA,ship-squarespace@example.com,(619) 555-2706,,,,,,,,,,,,,,,,,,2026-02-28,,FA13501DM-RINSEWSFT-28-32,,,,EA,,,,,,,2,2,0,0,,34.00,34.00,68.00,68.00,0,0,0,FALSE,TRUE,FALSE,FALSE,,,,,,,,,,,
INV-SO2026-000434-000434,SO2026-000434,1,4,2026-02-28,2026-02-28,2026-02-28,2026-02-28,Squarespace,Squarespace,,,USD,100.25,100.25,100.25,100.25,0.00,0,0.00,0,0.00,0.00,0.00,,,,,100.25,,0.00,,,,,,,,,,,,,,,,,,,,,20006,10582,20006-2026-000434,,,,,,,,Squarespace Shipping,,Squarespace Digital,218 Camino Del Rio,Dock 18,San Diego,CA,92108,San Diego,USA,ship-squarespace@example.com,(619) 555-2706,,,,,,,,,,,,,,,,,,2026-02-28,,CORA-01-CAME-9.5,,,,EA,,,,,,,3,3,0,0,,10.75,10.75,32.25,32.25,0,0,0,FALSE,TRUE,FALSE,FALSE,,,,,,,,,,,
INV-SO2026-000435-000435,SO2026-000435,1,4,2026-01-01,2026-02-15,2026-01-02,2026-01-02,Etsy-LS,Etsy LS,,,USD,234.75,237.48,237.48,234.75,0.00,0,0.00,0,0.00,2.73,0.00,,,,,237.48,,0.00,,,,,,,,,,,,,,,,,,,,,10008,10571,10008-2026-000435,,,,,,,,Etsy LS Shipping,,Etsy LS Marketplace,205 Mission St,Dock 5,San Francisco,CA,94103,San Francisco,USA,ship-etsy-ls@example.com,(415) 555-1406,,,,,,,,,,,,,,,,,,2026-01-01,,FA13512DM-1847DPOCN-29-32,,,,EA,,,,,,,2,2,0,0,,34.00,34.00,68.00,68.00,0,0,0,FALSE,TRUE,FALSE,FALSE,,,,,,,,,,,
INV-SO2026-000435-000435,SO2026-000435,1,4,2026-01-01,2026-02-15,2026-01-02,2026-01-02,Etsy-LS,Etsy LS,,,USD,234.75,237.48,237.48,234.75,0.00,0,0.00,0,0.00,2.73,0.00,,,,,237.48,,0.00,,,,,,,,,,,,,,,,,,,,,10008,10571,10008-2026-000435,,,,,,,,Etsy LS Shipping,,Etsy LS Marketplace,205 Mission St,Dock 5,San Francisco,CA,94103,San Francisco,USA,ship-etsy-ls@example.com,(415) 555-1406,,,,,,,,,,,,,,,,,,2026-01-01,,CORA-01-BLK-12,,,,EA,,,,,,,1,1,0,0,,10.75,10.75,10.75,10.75,0,0,0,FALSE,TRUE,FALSE,FALSE,,,,,,,,,,,
INV-SO2026-000435-000435,SO2026-000435,1,4,2026-01-01,2026-02-15,2026-01-02,2026-01-02,Etsy-LS,Etsy LS,,,USD,234.75,237.48,237.48,234.75,0.00,0,0.00,0,0.00,2.73,0.00,,,,,237.48,,0.00,,,,,,,,,,,,,,,,,,,,,10008,10571,10008-2026-000435,,,,,,,,Etsy LS Shipping,,Etsy LS Marketplace,205 Mission St,Dock 5,San Francisco,CA,94103,San Francisco,USA,ship-etsy-ls@example.com,(415) 555-1406,,,,,,,,,,,,,,,,,,2026-01-01,,FA16023WV-SMOKEYROSE-L-STD,,,,EA,,,,,,,4,4,0,0,,39.00,39.00,156.00,156.00,0,0,0,FALSE,TRUE,FALSE,FALSE,,,,,,,,,,,
INV-SO2026-000436-000436,SO2026-000436,1,4,2026-02-06,2026-02-28,2026-02-07,2026-02-08,Shopify,Shopify,,,USD,414.00,423.92,423.92,414.00,0.00,0,0.00,0,0.00,9.92,0.00,,,,,423.92,,0.00,,,,,,,,,,,,,,,,,,,,,20001,10580,20001-2026-000436,,,,,,,,Shopify Shipping,,Shopify Commerce,217 Barranca Pkwy,Dock 17,Irvine,CA,92609,Orange,USA,ship-shopify@example.com,(949) 555-2606,,,,,,,,,,,,,,,,,,2026-02-06,,ADELINE-02-PINK-B12,,,,EA,,,,,,,3,3,0,0,,138.00,138.00,414.00,414.00,0,0,0,FALSE,TRUE,FALSE,FALSE,,,,,,,,,,,
INV-SO2026-000437-000437,SO2026-000437,1,4,2026-02-10,2026-02-28,2026-02-11,2026-02-12,eBay,eBay,,,USD,398.00,411.28,411.28,398.00,0.00,0,0.00,0,0.00,13.28,0.00,,,,,411.28,,0.00,,,,,,,,,,,,,,,,,,,,,10004,10570,10004-2026-000437,,,,,,,,eBay Shipping,,eBay Commerce,204 Fulfillment Ave,Dock 4,San Jose,CA,95111,Santa Clara,USA,ship-ebay@example.com,(408) 555-1306,,,,,,,,,,,,,,,,,,2026-02-10,,ADELINE-03-TAUPE-B12,,,,EA,,,,,,,1,1,0,0,,222.00,222.00,222.00,222.00,0,0,0,FALSE,TRUE,FALSE,FALSE,,,,,,,,,,,
INV-SO2026-000437-000437,SO2026-000437,1,4,2026-02-10,2026-02-28,2026-02-11,2026-02-12,eBay,eBay,,,USD,398.00,411.28,411.28,398.00,0.00,0,0.00,0,0.00,13.28,0.00,,,,,411.28,,0.00,,,,,,,,,,,,,,,,,,,,,10004,10570,10004-2026-000437,,,,,,,,eBay Shipping,,eBay Commerce,204 Fulfillment Ave,Dock 4,San Jose,CA,95111,Santa Clara,USA,ship-ebay@example.com,(408) 555-1306,,,,,,,,,,,,,,,,,,2026-02-10,,CAMILA-06-LILAC-7.5,,,,EA,,,,,,,2,2,0,0,,8.00,8.00,16.00,16.00,0,0,0,FALSE,TRUE,FALSE,FALSE,,,,,,,,,,,
INV-SO2026-000437-000437,SO2026-000437,1,4,2026-02-10,2026-02-28,2026-02-11,2026-02-12,eBay,eBay,,,USD,398.00,411.28,411.28,398.00,0.00,0,0.00,0,0.00,13.28,0.00,,,,,411.28,,0.00,,,,,,,,,,,,,,,,,,,,,10004,10570,10004-2026-000437,,,,,,,,eBay Shipping,,eBay Commerce,204 Fulfillment Ave,Dock 4,San Jose,CA,95111,Santa Clara,USA,ship-ebay@example.com,(408) 555-1306,,,,,,,,,,,,,,,,,,2026-02-10,,FA16023WV-SMOKELEOPARD,,,,EA,,,,,,,4,4,0,0,,40.00,40.00,160.00,160.00,0,0,0,FALSE,TRUE,FALSE,FALSE,,,,,,,,,,,
INV-SO2026-000438-000438,SO2026-000438,1,4,2026-02-05,2026-02-28,2026-02-07,2026-02-06,Mirakl-HudsonsB,Mirakl HudsonsB,,,USD,91.00,91.00,91.00,91.00,0.00,0,0.00,0,0.00,0.00,0.00,,,,,91.00,,0.00,,,,,,,,,,,,,,,,,,,,,10005,10577,10005-2026-000438,,,,,,,,Mirakl HudsonsB Shipping,,Mirakl HudsonsB Network,212 Quail Hill Pkwy,Dock 12,Irvine,CA,92607,Orange,USA,ship-mirakl-hudsonsb@example.com,(949) 555-2106,,,,,,,,,,,,,,,,,,2026-02-05,,ASTRID-01-BLUSH-12,,,,EA,,,,,,,4,4,0,0,,20.75,20.75,83.00,83.00,0,0,0,FALSE,TRUE,FALSE,FALSE,,,,,,,,,,,
INV-SO2026-000438-000438,SO2026-000438,1,4,2026-02-05,2026-02-28,2026-02-07,2026-02-06,Mirakl-HudsonsB,Mirakl HudsonsB,,,USD,91.00,91.00,91.00,91.00,0.00,0,0.00,0,0.00,0.00,0.00,,,,,91.00,,0.00,,,,,,,,,,,,,,,,,,,,,10005,10577,10005-2026-000438,,,,,,,,Mirakl HudsonsB Shipping,,Mirakl HudsonsB Network,212 Quail Hill Pkwy,Dock 12,Irvine,CA,92607,Orange,USA,ship-mirakl-hudsonsb@example.com,(949) 555-2106,,,,,,,,,,,,,,,,,,2026-02-05,,CAMILA-06-NUDE-6,,,,EA,,,,,,,1,1,0,0,,8.00,8.00,8.00,8.00,0,0,0,FALSE,TRUE,FALSE,FALSE,,,,,,,,,,,
INV-SO2026-000439-000439,SO2026-000439,1,4,2026-01-17,2026-02-16,2026-01-17,2026-01-21,eBay,eBay,,,USD,380.00,389.26,389.26,380.00,0.00,0,0.00,0,0.00,9.26,0.00,,,,,389.26,,0.00,,,,,,,,,,,,,,,,,,,,,10004,10570,10004-2026-000439,,,,,,,,eBay Shipping,,eBay Commerce,204 Fulfillment Ave,Dock 4,San Jose,CA,95111,Santa Clara,USA,ship-ebay@example.com,(408) 555-1306,,,,,,,,,,,,,,,,,,2026-01-17,,AUSTIN-06-BLACK-A12,,,,EA,,,,,,,3,3,0,0,,120.00,120.00,360.00,360.00,0,0,0,FALSE,TRUE,FALSE,FALSE,,,,,,,,,,,
INV-SO2026-000439-000439,SO2026-000439,1,4,2026-01-17,2026-02-16,2026-01-17,2026-01-21,eBay,eBay,,,USD,380.00,389.26,389.26,380.00,0.00,0,0.00,0,0.00,9.26,0.00,,,,,389.26,,0.00,,,,,,,,,,,,,,,,,,,,,10004,10570,10004-2026-000439,,,,,,,,eBay Shipping,,eBay Commerce,204 Fulfillment Ave,Dock 4,San Jose,CA,95111,Santa Clara,USA,ship-ebay@example.com,(408) 555-1306,,,,,,,,,,,,,,,,,,2026-01-17,,AUSTIN-06-CAMEL-6.5,,,,EA,,,,,,,2,2,0,0,,10.00,10.00,20.00,20.00,0,0,0,FALSE,TRUE,FALSE,FALSE,,,,,,,,,,,
INV-SO2026-000440-000440,SO2026-000440,1,4,2026-01-04,2026-02-28,2026-01-04,2026-01-07,Mirakl-HudsonsB,Mirakl HudsonsB,,,USD,256.00,256.00,256.00,256.00,0.00,0,0.00,0,0.00,0.00,0.00,,,,,256.00,,0.00,,,,,,,,,,,,,,,,,,,,,10005,10577,10005-2026-000440,,,,,,,,Mirakl HudsonsB Shipping,,Mirakl HudsonsB Network,212 Quail Hill Pkwy,Dock 12,Irvine,CA,92607,Orange,USA,ship-mirakl-hudsonsb@example.com,(949) 555-2106,,,,,,,,,,,,,,,,,,2026-01-04,,ADELINE-02-NUDE-A12,,,,EA,,,,,,,1,1,0,0,,138.00,138.00,138.00,138.00,0,0,0,FALSE,TRUE,FALSE,FALSE,,,,,,,,,,,
INV-SO2026-000440-000440,SO2026-000440,1,4,2026-01-04,2026-02-28,2026-01-04,2026-01-07,Mirakl-HudsonsB,Mirakl HudsonsB,,,USD,256.00,256.00,256.00,256.00,0.00,0,0.00,0,0.00,0.00,0.00,,,,,256.00,,0.00,,,,,,,,,,,,,,,,,,,,,10005,10577,10005-2026-000440,,,,,,,,Mirakl HudsonsB Shipping,,Mirakl HudsonsB Network,212 Quail Hill Pkwy,Dock 12,Irvine,CA,92607,Orange,USA,ship-mirakl-hudsonsb@example.com,(949) 555-2106,,,,,,,,,,,,,,,,,,2026-01-04,,FA13501DM-1608BLAU2-26-32,,,,EA,,,,,,,3,3,0,0,,34.00,34.00,102.00,102.00,0,0,0,FALSE,TRUE,FALSE,FALSE,,,,,,,,,,,
INV-SO2026-000440-000440,SO2026-000440,1,4,2026-01-04,2026-02-28,2026-01-04,2026-01-07,Mirakl-HudsonsB,Mirakl HudsonsB,,,USD,256.00,256.00,256.00,256.00,0.00,0,0.00,0,0.00,0.00,0.00,,,,,256.00,,0.00,,,,,,,,,,,,,,,,,,,,,10005,10577,10005-2026-000440,,,,,,,,Mirakl HudsonsB Shipping,,Mirakl HudsonsB Network,212 Quail Hill Pkwy,Dock 12,Irvine,CA,92607,Orange,USA,ship-mirakl-hudsonsb@example.com,(949) 555-2106,,,,,,,,,,,,,,,,,,2026-01-04,,CAMILA-06-TAUPE-6,,,,EA,,,,,,,2,2,0,0,,8.00,8.00,16.00,16.00,0,0,0,FALSE,TRUE,FALSE,FALSE,,,,,,,,,,,
INV-SO2026-000441-000441,SO2026-000441,1,4,2026-02-20,2026-02-28,2026-02-21,2026-02-23,JCPenney,JCPenney,,,USD,342.00,358.18,358.18,342.00,0.00,0,0.00,0,0.00,16.18,0.00,,,,,358.18,,0.00,,,,,,,,,,,,,,,,,,,,,30007,10575,30007-2026-000441,,,,,,,,JCPenney Shipping,,JCPenney Stores,213 Gateway Rd,Dock 13,San Diego,CA,92106,San Diego,USA,ship-jcpenney@example.com,(619) 555-2206,,,,,,,,,,,,,,,,,,2026-02-20,,ADELINE-02-PINK,,,,EA,,,,,,,2,2,0,0,,171.00,171.00,342.00,342.00,0,0,0,FALSE,TRUE,FALSE,FALSE,,,,,,,,,,,
INV-SO2026-000442-000442,SO2026-000442,1,4,2026-02-16,2026-02-28,2026-02-16,2026-02-19,Etsy-LS,Etsy LS,,,USD,78.00,89.73,89.73,78.00,0.00,0,0.00,0,0.00,11.73,0.00,,,,,89.73,,0.00,,,,,,,,,,,,,,,,,,,,,10008,10571,10008-2026-000442,,,,,,,,Etsy LS Shipping,,Etsy LS Marketplace,205 Mission St,Dock 5,San Francisco,CA,94103,San Francisco,USA,ship-etsy-ls@example.com,(415) 555-1406,,,,,,,,,,,,,,,,,,2026-02-16,,FA16023WV-MIDNIGHTBLUE-S-STD,,,,EA,,,,,,,2,2,0,0,,39.00,39.00,78.00,78.00,0,0,0,FALSE,TRUE,FALSE,FALSE,,,,,,,,,,,
INV-SO2026-000443-000443,SO2026-000443,1,4,2026-01-23,2026-02-28,2026-01-23,2026-01-24,Mirakl-HudsonsB,Mirakl HudsonsB,,,USD,102.00,104.71,104.71,102.00,0.00,0,0.00,0,0.00,2.71,0.00,,,,,104.71,,0.00,,,,,,,,,,,,,,,,,,,,,10005,10577,10005-2026-000443,,,,,,,,Mirakl HudsonsB Shipping,,Mirakl HudsonsB Network,212 Quail Hill Pkwy,Dock 12,Irvine,CA,92607,Orange,USA,ship-mirakl-hudsonsb@example.com,(949) 555-2106,,,,,,,,,,,,,,,,,,2026-01-23,,FA13501DM-RINSEWSFT-26-30,,,,EA,,,,,,,3,3,0,0,,34.00,34.00,102.00,102.00,0,0,0,FALSE,TRUE,FALSE,FALSE,,,,,,,,,,,
INV-SO2026-000444-000444,SO2026-000444,1,4,2026-01-18,2026-02-28,2026-01-19,2026-01-21,Shopify,Shopify,,,USD,136.00,146.58,146.58,136.00,0.00,0,0.00,0,0.00,10.58,0.00,,,,,146.58,,0.00,,,,,,,,,,,,,,,,,,,,,20001,10580,20001-2026-000444,,,,,,,,Shopify Shipping,,Shopify Commerce,217 Barranca Pkwy,Dock 17,Irvine,CA,92609,Orange,USA,ship-shopify@example.com,(949) 555-2606,,,,,,,,,,,,,,,,,,2026-01-18,,FA13501DM-1464KINGSC-32-30,,,,EA,,,,,,,4,4,0,0,,34.00,34.00,136.00,136.00,0,0,0,FALSE,TRUE,FALSE,FALSE,,,,,,,,,,,
INV-SO2026-000445-000445,SO2026-000445,1,4,2026-01-19,2026-02-28,2026-01-19,2026-01-22,Etsy-VS,Etsy VS,,,USD,80.00,87.15,87.15,80.00,0.00,0,0.00,0,0.00,7.15,0.00,,,,,87.15,,0.00,,,,,,,,,,,,,,,,,,,,,10008,10572,10008-2026-000445,,,,,,,,Etsy VS Shipping,,Etsy VS Marketplace,206 Pacific Hwy,Dock 6,Los Angeles,CA,90004,Los Angeles,USA,ship-etsy-vs@example.com,(213) 555-1506,,,,,,,,,,,,,,,,,,2026-01-19,,FA16023WV-SMOKELEOPARD-XL-STD,,,,EA,,,,,,,2,2,0,0,,40.00,40.00,80.00,80.00,0,0,0,FALSE,TRUE,FALSE,FALSE,,,,,,,,,,,
INV-SO2026-000446-000446,SO2026-000446,1,4,2026-02-08,2026-02-28,2026-02-08,2026-02-12,AMZ-eCom,AMZ eCom,,,USD,98.50,98.78,98.78,98.50,0.00,0,0.00,0,0.00,0.28,0.00,,,,,98.78,,0.00,,,,,,,,,,,,,,,,,,,,,10001,10565,10001-2026-000446,,,,,,,,AMZ eCom Shipping,,AMZ eCom Retail,201 Harbor Ave,Dock 1,Los Angeles,CA,90002,Los Angeles,USA,ship-amz-ecom@example.com,(213) 555-1006,,,,,,,,,,,,,,,,,,2026-02-08,,CORA-01-FUCH-10,,,,EA,,,,,,,4,4,0,0,,10.75,10.75,43.00,43.00,0,0,0,FALSE,TRUE,FALSE,FALSE,,,,,,,,,,,
INV-SO2026-000446-000446,SO2026-000446,1,4,2026-02-08,2026-02-28,2026-02-08,2026-02-12,AMZ-eCom,AMZ eCom,,,USD,98.50,98.78,98.78,98.50,0.00,0,0.00,0,0.00,0.28,0.00,,,,,98.78,,0.00,,,,,,,,,,,,,,,,,,,,,10001,10565,10001-2026-000446,,,,,,,,AMZ eCom Shipping,,AMZ eCom Retail,201 Harbor Ave,Dock 1,Los Angeles,CA,90002,Los Angeles,USA,ship-amz-ecom@example.com,(213) 555-1006,,,,,,,,,,,,,,,,,,2026-02-08,,ADELINE-03-TAUPE-5,,,,EA,,,,,,,3,3,0,0,,18.50,18.50,55.50,55.50,0,0,0,FALSE,TRUE,FALSE,FALSE,,,,,,,,,,,
INV-SO2026-000447-000447,SO2026-000447,1,4,2026-01-15,2026-02-28,2026-01-16,2026-01-17,Squarespace,Squarespace,,,USD,86.25,100.77,100.77,86.25,0.00,0,0.00,0,0.00,14.52,0.00,,,,,100.77,,0.00,,,,,,,,,,,,,,,,,,,,,20006,10582,20006-2026-000447,,,,,,,,Squarespace Shipping,,Squarespace Digital,218 Camino Del Rio,Dock 18,San Diego,CA,92108,San Diego,USA,ship-squarespace@example.com,(619) 555-2706,,,,,,,,,,,,,,,,,,2026-01-15,,CORA-01-YLW-8,,,,EA,,,,,,,1,1,0,0,,10.75,10.75,10.75,10.75,0,0,0,FALSE,TRUE,FALSE,FALSE,,,,,,,,,,,
INV-SO2026-000447-000447,SO2026-000447,1,4,2026-01-15,2026-02-28,2026-01-16,2026-01-17,Squarespace,Squarespace,,,USD,86.25,100.77,100.77,86.25,0.00,0,0.00,0,0.00,14.52,0.00,,,,,100.77,,0.00,,,,,,,,,,,,,,,,,,,,,20006,10582,20006-2026-000447,,,,,,,,Squarespace Shipping,,Squarespace Digital,218 Camino Del Rio,Dock 18,San Diego,CA,92108,San Diego,USA,ship-squarespace@example.com,(619) 555-2706,,,,,,,,,,,,,,,,,,2026-01-15,,ASTRID-01-BLUSH-5.5,,,,EA,,,,,,,2,2,0,0,,20.75,20.75,41.50,41.50,0,0,0,FALSE,TRUE,FALSE,FALSE,,,,,,,,,,,
INV-SO2026-000447-000447,SO2026-000447,1,4,2026-01-15,2026-02-28,2026-01-16,2026-01-17,Squarespace,Squarespace,,,USD,86.25,100.77,100.77,86.25,0.00,0,0.00,0,0.00,14.52,0.00,,,,,100.77,,0.00,,,,,,,,,,,,,,,,,,,,,20006,10582,20006-2026-000447,,,,,,,,Squarespace Shipping,,Squarespace Digital,218 Camino Del Rio,Dock 18,San Diego,CA,92108,San Diego,USA,ship-squarespace@example.com,(619) 555-2706,,,,,,,,,,,,,,,,,,2026-01-15,,FA13501DM-1608BLAU2-32-30,,,,EA,,,,,,,1,1,0,0,,34.00,34.00,34.00,34.00,0,0,0,FALSE,TRUE,FALSE,FALSE,,,,,,,,,,,
INV-SO2026-000448-000448,SO2026-000448,1,4,2026-02-05,2026-02-28,2026-02-07,2026-02-09,Etsy-LS,Etsy LS,,,USD,78.75,91.18,91.18,78.75,0.00,0,0.00,0,0.00,12.43,0.00,,,,,91.18,,0.00,,,,,,,,,,,,,,,,,,,,,10008,10571,10008-2026-000448,,,,,,,,Etsy LS Shipping,,Etsy LS Marketplace,205 Mission St,Dock 5,San Francisco,CA,94103,San Francisco,USA,ship-etsy-ls@example.com,(415) 555-1406,,,,,,,,,,,,,,,,,,2026-02-05,,CORA-01-TAUP-9.5,,,,EA,,,,,,,1,1,0,0,,10.75,10.75,10.75,10.75,0,0,0,FALSE,TRUE,FALSE,FALSE,,,,,,,,,,,
INV-SO2026-000448-000448,SO2026-000448,1,4,2026-02-05,2026-02-28,2026-02-07,2026-02-09,Etsy-LS,Etsy LS,,,USD,78.75,91.18,91.18,78.75,0.00,0,0.00,0,0.00,12.43,0.00,,,,,91.18,,0.00,,,,,,,,,,,,,,,,,,,,,10008,10571,10008-2026-000448,,,,,,,,Etsy LS Shipping,,Etsy LS Marketplace,205 Mission St,Dock 5,San Francisco,CA,94103,San Francisco,USA,ship-etsy-ls@example.com,(415) 555-1406,,,,,,,,,,,,,,,,,,2026-02-05,,FA13512DM-1847DPOCN-26-30,,,,EA,,,,,,,2,2,0,0,,34.00,34.00,68.00,68.00,0,0,0,FALSE,TRUE,FALSE,FALSE,,,,,,,,,,,
INV-SO2026-000449-000449,SO2026-000449,1,4,2026-01-05,2026-02-28,2026-01-06,2026-01-07,Etsy-VS,Etsy VS,,,USD,221.00,229.47,229.47,221.00,0.00,0,0.00,0,0.00,8.47,0.00,,,,,229.47,,0.00,,,,,,,,,,,,,,,,,,,,,10008,10572,10008-2026-000449,,,,,,,,Etsy VS Shipping,,Etsy VS Marketplace,206 Pacific Hwy,Dock 6,Los Angeles,CA,90004,Los Angeles,USA,ship-etsy-vs@example.com,(213) 555-1506,,,,,,,,,,,,,,,,,,2026-01-05,,ADELINE-03-BROWN-5,,,,EA,,,,,,,4,4,0,0,,18.50,18.50,74.00,74.00,0,0,0,FALSE,TRUE,FALSE,FALSE,,,,,,,,,,,
INV-SO2026-000449-000449,SO2026-000449,1,4,2026-01-05,2026-02-28,2026-01-06,2026-01-07,Etsy-VS,Etsy VS,,,USD,221.00,229.47,229.47,221.00,0.00,0,0.00,0,0.00,8.47,0.00,,,,,229.47,,0.00,,,,,,,,,,,,,,,,,,,,,10008,10572,10008-2026-000449,,,,,,,,Etsy VS Shipping,,Etsy VS Marketplace,206 Pacific Hwy,Dock 6,Los Angeles,CA,90004,Los Angeles,USA,ship-etsy-vs@example.com,(213) 555-1506,,,,,,,,,,,,,,,,,,2026-01-05,,FD9801506P-GINGER-3X-STD,,,,EA,,,,,,,3,3,0,0,,49.00,49.00,147.00,147.00,0,0,0,FALSE,TRUE,FALSE,FALSE,,,,,,,,,,,
INV-SO2026-000450-000450,SO2026-000450,1,4,2026-02-02,2026-02-28,2026-02-04,2026-02-07,Etsy-VS,Etsy VS,,,USD,139.00,139.00,139.00,139.00,0.00,0,0.00,0,0.00,0.00,0.00,,,,,139.00,,0.00,,,,,,,,,,,,,,,,,,,,,10008,10572,10008-2026-000450,,,,,,,,Etsy VS Shipping,,Etsy VS Marketplace,206 Pacific Hwy,Dock 6,Los Angeles,CA,90004,Los Angeles,USA,ship-etsy-vs@example.com,(213) 555-1506,,,,,,,,,,,,,,,,,,2026-02-02,,ADELINE-03-BROWN-9,,,,EA,,,,,,,4,4,0,0,,18.50,18.50,74.00,74.00,0,0,0,FALSE,TRUE,FALSE,FALSE,,,,,,,,,,,
INV-SO2026-000450-000450,SO2026-000450,1,4,2026-02-02,2026-02-28,2026-02-04,2026-02-07,Etsy-VS,Etsy VS,,,USD,139.00,139.00,139.00,139.00,0.00,0,0.00,0,0.00,0.00,0.00,,,,,139.00,,0.00,,,,,,,,,,,,,,,,,,,,,10008,10572,10008-2026-000450,,,,,,,,Etsy VS Shipping,,Etsy VS Marketplace,206 Pacific Hwy,Dock 6,Los Angeles,CA,90004,Los Angeles,USA,ship-etsy-vs@example.com,(213) 555-1506,,,,,,,,,,,,,,,,,,2026-02-02,,AVIANA-06-WHITE-7,,,,EA,,,,,,,3,3,0,0,,16.25,16.25,48.75,48.75,0,0,0,FALSE,TRUE,FALSE,FALSE,,,,,,,,,,,
INV-SO2026-000450-000450,SO2026-000450,1,4,2026-02-02,2026-02-28,2026-02-04,2026-02-07,Etsy-VS,Etsy VS,,,USD,139.00,139.00,139.00,139.00,0.00,0,0.00,0,0.00,0.00,0.00,,,,,139.00,,0.00,,,,,,,,,,,,,,,,,,,,,10008,10572,10008-2026-000450,,,,,,,,Etsy VS Shipping,,Etsy VS Marketplace,206 Pacific Hwy,Dock 6,Los Angeles,CA,90004,Los Angeles,USA,ship-etsy-vs@example.com,(213) 555-1506,,,,,,,,,,,,,,,,,,2026-02-02,,AVIANA-06-BLACK-11,,,,EA,,,,,,,1,1,0,0,,16.25,16.25,16.25,16.25,0,0,0,FALSE,TRUE,FALSE,FALSE,,,,,,,,,,,
