PoNum,PoType,PoStatus,PoDate,EtaShipDate,EtaArrivalDate,CancelDate,VendorCode,VendorName,Currency,SubTotalAmount,TotalAmount,TaxRate,TaxAmount,TaxableAmount,NonTaxableAmount,ShippingCarrier,ShippingClass,ChannelNum,ChannelAccountNum,ChannelOrderID,SecondaryChannelOrderID,ShippingAccount,RefNum,CustomerPoNum,CustomerCode,CustomerName,OrderNumber,InvoiceNumber,ShipToName,ShipToCompany,ShipToAddressLine1,ShipToAddressLine2,ShipToCity,ShipToState,ShipToPostalCode,ShipToCounty,ShipToCountry,ShipToEmail,ShipToDaytimePhone,BillToName,BillToCompany,BillToAttention,BillToAddressLine1,BillToAddressLine2,BillToCity,BillToState,BillToStateFullName,BillToPostalCode,BillToPostalCodeExt,BillToCounty,BillToCountry,BillToEmail,BillToDaytimePhone,BillToNightPhone,Notes,Container,Seq,WarehouseCode,SKU,Description,ItemTotalAmount,PoQty,Price,ItemNotes,UPC,EAN,MPN,ExternalBarcode,VendorSku
PO2023000001,0,1,2023-01-16,2023-01-30,2023-02-01,2023-03-05,GOLDEN-SA,,USD,227.50,227.50,0,0.00,227.50,0.00,,,,,,,,,,,,,,,,,,,,,,,,,,,,,,,,,,,,,,,,,,1,01,AVIANA-06-WHITE-5,FUR SLIPPER,227.50,14,16.25,,,,,,AVIANA-06-WHITE-5
PO2023000002,0,1,2023-01-12,2023-01-18,2023-02-01,2023-03-03,PACIFIC-CM,,USD,987.50,987.50,0,0.00,987.50,0.00,,,,,,,,,,,,,,,,,,,,,,,,,,,,,,,,,,,,,,,,,,1,01,F13031C-1742VNTGDM-29-STD,Cayden Vintage Beujolias Corduroy Skinny Jeans,680.00,20,34.00,,809666255003,,,,F13031C-1742VNTGDM-29-STD
PO2023000002,0,1,2023-01-12,2023-01-18,2023-02-01,2023-03-03,PACIFIC-CM,,USD,987.50,987.50,0,0.00,987.50,0.00,,,,,,,,,,,,,,,,,,,,,,,,,,,,,,,,,,,,,,,,,,2,01,CORA-01-TAUP-6,CROSS FRONT SANDAL,21.50,2,10.75,,,,,,CORA-01-TAUP-6
PO2023000002,0,1,2023-01-12,2023-01-18,2023-02-01,2023-03-03,PACIFIC-CM,,USD,987.50,987.50,0,0.00,987.50,0.00,,,,,,,,,,,,,,,,,,,,,,,,,,,,,,,,,,,,,,,,,,3,01,173451-1183CITIZEN-25-STD,Susan Stretch Denim Skinny Jeans Medium Blue 5 Pocket Wash,192.00,8,24.00,,809666377989,,,,173451-1183CITIZEN-25-STD
PO2023000002,0,1,2023-01-12,2023-01-18,2023-02-01,2023-03-03,PACIFIC-CM,,USD,987.50,987.50,0,0.00,987.50,0.00,,,,,,,,,,,,,,,,,,,,,,,,,,,,,,,,,,,,,,,,,,4,01,F13031C-1742VNTGBJ-32-STD,Cayden Vintage Beujolias Corduroy Skinny Jeans,34.00,1,34.00,,809666254853,,,,F13031C-1742VNTGBJ-32-STD
PO2023000002,0,1,2023-01-12,2023-01-18,2023-02-01,2023-03-03,PACIFIC-CM,,USD,987.50,987.50,0,0.00,987.50,0.00,,,,,,,,,,,,,,,,,,,,,,,,,,,,,,,,,,,,,,,,,,5,01,AUSTIN-06-BLUSH-6,SNEAKER,60.00,6,10.00,,,,,,AUSTIN-06-BLUSH-6
PO2023000003,0,1,2023-01-24,2023-02-09,2023-02-15,2023-02-28,SILICON-GC,,USD,329.75,329.75,0,0.00,329.75,0.00,,,,,,,,,,,,,,,,,,,,,,,,,,,,,,,,,,,,,,,,,,1,01,CORA-01-BLK-6,CROSS FRONT SANDAL,161.25,15,10.75,,,,,,CORA-01-BLK-6
PO2023000003,0,1,2023-01-24,2023-02-09,2023-02-15,2023-02-28,SILICON-GC,,USD,329.75,329.75,0,0.00,329.75,0.00,,,,,,,,,,,,,,,,,,,,,,,,,,,,,,,,,,,,,,,,,,2,01,F13031C-1742VNTGCO-27-STD,Cayden Vintage Beujolias Corduroy Skinny Jeans,136.00,4,34.00,,809666254891,,,,F13031C-1742VNTGCO-27-STD
PO2023000003,0,1,2023-01-24,2023-02-09,2023-02-15,2023-02-28,SILICON-GC,,USD,329.75,329.75,0,0.00,329.75,0.00,,,,,,,,,,,,,,,,,,,,,,,,,,,,,,,,,,,,,,,,,,3,01,AVIANA-06-WHITE-6.5,FUR SLIPPER,32.50,2,16.25,,,,,,AVIANA-06-WHITE-6.5
PO2023000004,0,1,2023-01-12,2023-01-18,2023-01-26,2023-02-20,BAY-FW,,USD,2475.25,2475.25,0,0.00,2475.25,0.00,,,,,,,,,,,,,,,,,,,,,,,,,,,,,,,,,,,,,,,,,,1,01,FD9801506P-BLACK-2X-STD,Natalia Solid Button-Up Wrap Lantern Sleeve Dress,490.00,10,49.00,,809666395297,,,,FD9801506P-BLACK-2X-STD
PO2023000004,0,1,2023-01-12,2023-01-18,2023-01-26,2023-02-20,BAY-FW,,USD,2475.25,2475.25,0,0.00,2475.25,0.00,,,,,,,,,,,,,,,,,,,,,,,,,,,,,,,,,,,,,,,,,,2,01,ADELINE-02-BLACK-8,WOVEN SLIDE SANDAL,92.00,8,11.50,,,,,,ADELINE-02-BLACK-8
PO2023000004,0,1,2023-01-12,2023-01-18,2023-01-26,2023-02-20,BAY-FW,,USD,2475.25,2475.25,0,0.00,2475.25,0.00,,,,,,,,,,,,,,,,,,,,,,,,,,,,,,,,,,,,,,,,,,3,01,FA13501DM-1464KINGSC-27-30,Maya Basic Dark Handsand Wash Midrise Skinny Jeans,170.00,5,34.00,,8.09667E+11,,,,FA13501DM-1464KINGSC-27-30
PO2023000004,0,1,2023-01-12,2023-01-18,2023-01-26,2023-02-20,BAY-FW,,USD,2475.25,2475.25,0,0.00,2475.25,0.00,,,,,,,,,,,,,,,,,,,,,,,,,,,,,,,,,,,,,,,,,,4,01,AVIANA-06-PINK-10,FUR SLIPPER,16.25,1,16.25,,,,,,AVIANA-06-PINK-10
PO2023000004,0,1,2023-01-12,2023-01-18,2023-01-26,2023-02-20,BAY-FW,,USD,2475.25,2475.25,0,0.00,2475.25,0.00,,,,,,,,,,,,,,,,,,,,,,,,,,,,,,,,,,,,,,,,,,5,01,CORA-01-TAUP-S,CROSS FRONT SANDAL,258.00,2,129.00,,,,,,CORA-01-TAUP-S
PO2023000004,0,1,2023-01-12,2023-01-18,2023-01-26,2023-02-20,BAY-FW,,USD,2475.25,2475.25,0,0.00,2475.25,0.00,,,,,,,,,,,,,,,,,,,,,,,,,,,,,,,,,,,,,,,,,,6,01,FA16105WV-MIDNIGHTBLUE-M-STD,Patricia Woven Chiffon Midnight Blue Palazzo Pant W Elastic Waist,585.00,15,39.00,,809666795547,,,,FA16105WV-MIDNIGHTBLUE-M-STD
PO2023000004,0,1,2023-01-12,2023-01-18,2023-01-26,2023-02-20,BAY-FW,,USD,2475.25,2475.25,0,0.00,2475.25,0.00,,,,,,,,,,,,,,,,,,,,,,,,,,,,,,,,,,,,,,,,,,7,01,CAMILA-06-BLACK-B12,COSS FRONT SLIP ON SLIDES,864.00,9,96.00,,,,,,CAMILA-06-BLACK-B12
PO2023000005,0,1,2023-01-29,2023-02-07,2023-02-10,2023-02-26,OAKLAND-UA,,USD,185.00,185.00,0,0.00,185.00,0.00,,,,,,,,,,,,,,,,,,,,,,,,,,,,,,,,,,,,,,,,,,1,01,ADELINE-03-TAUPE-8.5,BUCKLE FRONT FLAT SANDALS,185.00,10,18.50,,,,,,ADELINE-03-TAUPE-8.5
PO2023000006,0,1,2023-02-21,2023-03-09,2023-03-24,2023-03-29,IRVINE-ES,,USD,1628.90,1628.90,0,0.00,1628.90,0.00,,,,,,,,,,,,,,,,,,,,,,,,,,,,,,,,,,,,,,,,,,1,01,AVIANA-06-PINK-S,FUR SLIPPER,1160.25,13,89.25,,,,,,AVIANA-06-PINK-S
PO2023000006,0,1,2023-02-21,2023-03-09,2023-03-24,2023-03-29,IRVINE-ES,,USD,1628.90,1628.90,0,0.00,1628.90,0.00,,,,,,,,,,,,,,,,,,,,,,,,,,,,,,,,,,,,,,,,,,2,01,ADELINE-02-PINK-6.5,WOVEN SLIDE SANDAL,126.50,11,11.50,,,,,,ADELINE-02-PINK-6.5
PO2023000006,0,1,2023-02-21,2023-03-09,2023-03-24,2023-03-29,IRVINE-ES,,USD,1628.90,1628.90,0,0.00,1628.90,0.00,,,,,,,,,,,,,,,,,,,,,,,,,,,,,,,,,,,,,,,,,,3,01,CAMILA-06-NUDE-9.5,COSS FRONT SLIP ON SLIDES,104.00,13,8.00,,,,,,CAMILA-06-NUDE-9.5
PO2023000006,0,1,2023-02-21,2023-03-09,2023-03-24,2023-03-29,IRVINE-ES,,USD,1628.90,1628.90,0,0.00,1628.90,0.00,,,,,,,,,,,,,,,,,,,,,,,,,,,,,,,,,,,,,,,,,,4,01,ASTRID-01-GREY-B12,SLIP ON SNEAKER,238.15,5,47.63,,,,,,ASTRID-01-GREY-B12
PO2023000007,0,1,2023-02-03,2023-02-15,2023-02-25,2023-03-12,ANAHEIM-PF,,USD,2464.77,2464.77,0,0.00,2464.77,0.00,,,,,,,,,,,,,,,,,,,,,,,,,,,,,,,,,,,,,,,,,,1,01,CAMILA-06-GREEN-A12,COSS FRONT SLIP ON SLIDES,1248.00,13,96.00,,,,,,CAMILA-06-GREEN-A12
PO2023000007,0,1,2023-02-03,2023-02-15,2023-02-25,2023-03-12,ANAHEIM-PF,,USD,2464.77,2464.77,0,0.00,2464.77,0.00,,,,,,,,,,,,,,,,,,,,,,,,,,,,,,,,,,,,,,,,,,2,01,ASTRID-01-GREY-A12,SLIP ON SNEAKER,653.52,14,46.68,,,,,,ASTRID-01-GREY-A12
PO2023000007,0,1,2023-02-03,2023-02-15,2023-02-25,2023-03-12,ANAHEIM-PF,,USD,2464.77,2464.77,0,0.00,2464.77,0.00,,,,,,,,,,,,,,,,,,,,,,,,,,,,,,,,,,,,,,,,,,3,01,ADELINE-03-BROWN-7.5,BUCKLE FRONT FLAT SANDALS,92.50,5,18.50,,,,,,ADELINE-03-BROWN-7.5
PO2023000007,0,1,2023-02-03,2023-02-15,2023-02-25,2023-03-12,ANAHEIM-PF,,USD,2464.77,2464.77,0,0.00,2464.77,0.00,,,,,,,,,,,,,,,,,,,,,,,,,,,,,,,,,,,,,,,,,,4,01,ASTRID-01-BLACK-6,SLIP ON SNEAKER,62.25,3,20.75,,,,,,ASTRID-01-BLACK-6
PO2023000007,0,1,2023-02-03,2023-02-15,2023-02-25,2023-03-12,ANAHEIM-PF,,USD,2464.77,2464.77,0,0.00,2464.77,0.00,,,,,,,,,,,,,,,,,,,,,,,,,,,,,,,,,,,,,,,,,,5,01,CORA-01-CAME-6,CROSS FRONT SANDAL,107.50,10,10.75,,,,,,CORA-01-CAME-6
PO2023000007,0,1,2023-02-03,2023-02-15,2023-02-25,2023-03-12,ANAHEIM-PF,,USD,2464.77,2464.77,0,0.00,2464.77,0.00,,,,,,,,,,,,,,,,,,,,,,,,,,,,,,,,,,,,,,,,,,6,01,CORA-01-LEOP-12,CROSS FRONT SANDAL,204.25,19,10.75,,,,,,CORA-01-LEOP-12
PO2023000007,0,1,2023-02-03,2023-02-15,2023-02-25,2023-03-12,ANAHEIM-PF,,USD,2464.77,2464.77,0,0.00,2464.77,0.00,,,,,,,,,,,,,,,,,,,,,,,,,,,,,,,,,,,,,,,,,,7,01,CORA-01-BLK-9.5,CROSS FRONT SANDAL,96.75,9,10.75,,,,,,CORA-01-BLK-9.5
PO2023000008,0,1,2023-02-10,2023-02-20,2023-03-02,2023-04-11,PASADENA-SB,,USD,711.25,711.25,0,0.00,711.25,0.00,,,,,,,,,,,,,,,,,,,,,,,,,,,,,,,,,,,,,,,,,,1,01,CAMILA-06-LILAC-8,COSS FRONT SLIP ON SLIDES,24.00,3,8.00,,,,,,CAMILA-06-LILAC-8
PO2023000008,0,1,2023-02-10,2023-02-20,2023-03-02,2023-04-11,PASADENA-SB,,USD,711.25,711.25,0,0.00,711.25,0.00,,,,,,,,,,,,,,,,,,,,,,,,,,,,,,,,,,,,,,,,,,2,01,CORA-01-CAME-8,CROSS FRONT SANDAL,182.75,17,10.75,,,,,,CORA-01-CAME-8
PO2023000008,0,1,2023-02-10,2023-02-20,2023-03-02,2023-04-11,PASADENA-SB,,USD,711.25,711.25,0,0.00,711.25,0.00,,,,,,,,,,,,,,,,,,,,,,,,,,,,,,,,,,,,,,,,,,3,01,F13031C-1742VNTGST-31-STD,Cayden Vintage Beujolias Corduroy Skinny Jeans,34.00,1,34.00,,809666255119,,,,F13031C-1742VNTGST-31-STD
PO2023000008,0,1,2023-02-10,2023-02-20,2023-03-02,2023-04-11,PASADENA-SB,,USD,711.25,711.25,0,0.00,711.25,0.00,,,,,,,,,,,,,,,,,,,,,,,,,,,,,,,,,,,,,,,,,,4,01,ADELINE-03-BROWN-12,BUCKLE FRONT FLAT SANDALS,240.50,13,18.50,,,,,,ADELINE-03-BROWN-12
PO2023000008,0,1,2023-02-10,2023-02-20,2023-03-02,2023-04-11,PASADENA-SB,,USD,711.25,711.25,0,0.00,711.25,0.00,,,,,,,,,,,,,,,,,,,,,,,,,,,,,,,,,,,,,,,,,,5,01,ADELINE-02-CAMEL-5.5,WOVEN SLIDE SANDAL,230.00,20,11.50,,,,,,ADELINE-02-CAMEL-5.5
PO2023000009,0,1,2023-03-12,2023-03-25,2023-03-31,2023-04-17,GOLDEN-SA,,USD,1225.50,1225.50,0,0.00,1225.50,0.00,,,,,,,,,,,,,,,,,,,,,,,,,,,,,,,,,,,,,,,,,,1,01,AUSTIN-06-WHITE-5,SNEAKER,180.00,18,10.00,,,,,,AUSTIN-06-WHITE-5
PO2023000009,0,1,2023-03-12,2023-03-25,2023-03-31,2023-04-17,GOLDEN-SA,,USD,1225.50,1225.50,0,0.00,1225.50,0.00,,,,,,,,,,,,,,,,,,,,,,,,,,,,,,,,,,,,,,,,,,2,01,FB3601737-3219UNFORGV-26-STD,Light Hand-Sanded Denim Stretch High-Waist Slit Hem Jeans,390.00,10,39.00,,809666434361,,,,FB3601737-3219UNFORGV-26-STD
PO2023000009,0,1,2023-03-12,2023-03-25,2023-03-31,2023-04-17,GOLDEN-SA,,USD,1225.50,1225.50,0,0.00,1225.50,0.00,,,,,,,,,,,,,,,,,,,,,,,,,,,,,,,,,,,,,,,,,,3,01,ADELINE-03-TAUPE-6.5,BUCKLE FRONT FLAT SANDALS,203.50,11,18.50,,,,,,ADELINE-03-TAUPE-6.5
PO2023000009,0,1,2023-03-12,2023-03-25,2023-03-31,2023-04-17,GOLDEN-SA,,USD,1225.50,1225.50,0,0.00,1225.50,0.00,,,,,,,,,,,,,,,,,,,,,,,,,,,,,,,,,,,,,,,,,,4,01,CAMILA-06-NUDE-11,COSS FRONT SLIP ON SLIDES,120.00,15,8.00,,,,,,CAMILA-06-NUDE-11
PO2023000009,0,1,2023-03-12,2023-03-25,2023-03-31,2023-04-17,GOLDEN-SA,,USD,1225.50,1225.50,0,0.00,1225.50,0.00,,,,,,,,,,,,,,,,,,,,,,,,,,,,,,,,,,,,,,,,,,5,01,ASTRID-01-GREY-11,SLIP ON SNEAKER,332.00,16,20.75,,,,,,ASTRID-01-GREY-11
PO2023000010,0,1,2023-03-18,2023-04-06,2023-04-09,2023-05-05,PACIFIC-CM,,USD,1437.59,1437.59,0,0.00,1437.59,0.00,,,,,,,,,,,,,,,,,,,,,,,,,,,,,,,,,,,,,,,,,,1,01,AVIANA-06-BLACK-S,FUR SLIPPER,1049.07,17,61.71,,,,,,AVIANA-06-BLACK-S
PO2023000010,0,1,2023-03-18,2023-04-06,2023-04-09,2023-05-05,PACIFIC-CM,,USD,1437.59,1437.59,0,0.00,1437.59,0.00,,,,,,,,,,,,,,,,,,,,,,,,,,,,,,,,,,,,,,,,,,2,01,ASTRID-01-BLACK-S,SLIP ON SNEAKER,236.52,2,118.26,,,,,,ASTRID-01-BLACK-S
PO2023000010,0,1,2023-03-18,2023-04-06,2023-04-09,2023-05-05,PACIFIC-CM,,USD,1437.59,1437.59,0,0.00,1437.59,0.00,,,,,,,,,,,,,,,,,,,,,,,,,,,,,,,,,,,,,,,,,,3,01,CAMILA-06-NUDE-5.5,COSS FRONT SLIP ON SLIDES,152.00,19,8.00,,,,,,CAMILA-06-NUDE-5.5
PO2023000011,0,1,2023-03-20,2023-03-30,2023-04-10,2023-04-18,SILICON-GC,,USD,598.25,598.25,0,0.00,598.25,0.00,,,,,,,,,,,,,,,,,,,,,,,,,,,,,,,,,,,,,,,,,,1,01,ADELINE-02-WHITE-9,WOVEN SLIDE SANDAL,46.00,4,11.50,,,,,,ADELINE-02-WHITE-9
PO2023000011,0,1,2023-03-20,2023-03-30,2023-04-10,2023-04-18,SILICON-GC,,USD,598.25,598.25,0,0.00,598.25,0.00,,,,,,,,,,,,,,,,,,,,,,,,,,,,,,,,,,,,,,,,,,2,01,ADELINE-02-BLACK-6.5,WOVEN SLIDE SANDAL,92.00,8,11.50,,,,,,ADELINE-02-BLACK-6.5
PO2023000011,0,1,2023-03-20,2023-03-30,2023-04-10,2023-04-18,SILICON-GC,,USD,598.25,598.25,0,0.00,598.25,0.00,,,,,,,,,,,,,,,,,,,,,,,,,,,,,,,,,,,,,,,,,,3,01,ADELINE-03-BLACK-6.5,BUCKLE FRONT FLAT SANDALS,277.50,15,18.50,,,,,,ADELINE-03-BLACK-6.5
PO2023000011,0,1,2023-03-20,2023-03-30,2023-04-10,2023-04-18,SILICON-GC,,USD,598.25,598.25,0,0.00,598.25,0.00,,,,,,,,,,,,,,,,,,,,,,,,,,,,,,,,,,,,,,,,,,4,01,CORA-01-CAME-7,CROSS FRONT SANDAL,182.75,17,10.75,,,,,,CORA-01-CAME-7
PO2023000012,0,1,2023-03-03,2023-03-15,2023-03-28,2023-03-28,BAY-FW,,USD,1363.00,1363.00,0,0.00,1363.00,0.00,,,,,,,,,,,,,,,,,,,,,,,,,,,,,,,,,,,,,,,,,,1,01,CORA-01-LEOP-9.5,CROSS FRONT SANDAL,21.50,2,10.75,,,,,,CORA-01-LEOP-9.5
PO2023000012,0,1,2023-03-03,2023-03-15,2023-03-28,2023-03-28,BAY-FW,,USD,1363.00,1363.00,0,0.00,1363.00,0.00,,,,,,,,,,,,,,,,,,,,,,,,,,,,,,,,,,,,,,,,,,2,01,CORA-01-BLK-7.5,CROSS FRONT SANDAL,129.00,12,10.75,,,,,,CORA-01-BLK-7.5
PO2023000012,0,1,2023-03-03,2023-03-15,2023-03-28,2023-03-28,BAY-FW,,USD,1363.00,1363.00,0,0.00,1363.00,0.00,,,,,,,,,,,,,,,,,,,,,,,,,,,,,,,,,,,,,,,,,,3,01,FA13512DM-1847DPOCN-26-30,Angie Stud Bling Pocket Low Rise Skinny Jeans,374.00,11,34.00,,8.09667E+11,,,,FA13512DM-1847DPOCN-26-30
PO2023000012,0,1,2023-03-03,2023-03-15,2023-03-28,2023-03-28,BAY-FW,,USD,1363.00,1363.00,0,0.00,1363.00,0.00,,,,,,,,,,,,,,,,,,,,,,,,,,,,,,,,,,,,,,,,,,4,01,CORA-01-BLK-10,CROSS FRONT SANDAL,107.50,10,10.75,,,,,,CORA-01-BLK-10
PO2023000012,0,1,2023-03-03,2023-03-15,2023-03-28,2023-03-28,BAY-FW,,USD,1363.00,1363.00,0,0.00,1363.00,0.00,,,,,,,,,,,,,,,,,,,,,,,,,,,,,,,,,,,,,,,,,,5,01,CORA-01-YLW-A12,CROSS FRONT SANDAL,645.00,5,129.00,,,,,,CORA-01-YLW-A12
PO2023000012,0,1,2023-03-03,2023-03-15,2023-03-28,2023-03-28,BAY-FW,,USD,1363.00,1363.00,0,0.00,1363.00,0.00,,,,,,,,,,,,,,,,,,,,,,,,,,,,,,,,,,,,,,,,,,6,01,CORA-01-YLW-8.5,CROSS FRONT SANDAL,86.00,8,10.75,,,,,,CORA-01-YLW-8.5
PO2023000013,0,1,2023-03-02,2023-03-19,2023-03-31,2023-03-31,OAKLAND-UA,,USD,1146.50,1146.50,0,0.00,1146.50,0.00,,,,,,,,,,,,,,,,,,,,,,,,,,,,,,,,,,,,,,,,,,1,01,FD9801506P-CHERRY-3X-STD,Natalia Solid Button-Up Wrap Lantern Sleeve Dress,294.00,6,49.00,,809666395334,,,,FD9801506P-CHERRY-3X-STD
PO2023000013,0,1,2023-03-02,2023-03-19,2023-03-31,2023-03-31,OAKLAND-UA,,USD,1146.50,1146.50,0,0.00,1146.50,0.00,,,,,,,,,,,,,,,,,,,,,,,,,,,,,,,,,,,,,,,,,,2,01,AUSTIN-06-CAMEL-8.5,SNEAKER,120.00,12,10.00,,,,,,AUSTIN-06-CAMEL-8.5
PO2023000013,0,1,2023-03-02,2023-03-19,2023-03-31,2023-03-31,OAKLAND-UA,,USD,1146.50,1146.50,0,0.00,1146.50,0.00,,,,,,,,,,,,,,,,,,,,,,,,,,,,,,,,,,,,,,,,,,3,01,CORA-01-LEOP-7,CROSS FRONT SANDAL,193.50,18,10.75,,,,,,CORA-01-LEOP-7
PO2023000013,0,1,2023-03-02,2023-03-19,2023-03-31,2023-03-31,OAKLAND-UA,,USD,1146.50,1146.50,0,0.00,1146.50,0.00,,,,,,,,,,,,,,,,,,,,,,,,,,,,,,,,,,,,,,,,,,4,01,FD3601033-3022FROZENPD-S-STD,Jay-Low Tencel Denim Shirtdress - Chiffon Collar and Tie Sleeve,539.00,11,49.00,,809666343809,,,,FD3601033-3022FROZENPD-S-STD
PO2023000014,0,1,2023-04-19,2023-05-05,2023-05-17,2023-06-09,IRVINE-ES,,USD,601.00,601.00,0,0.00,601.00,0.00,,,,,,,,,,,,,,,,,,,,,,,,,,,,,,,,,,,,,,,,,,1,01,F13031C-1742VNTGDM-24-STD,Cayden Vintage Beujolias Corduroy Skinny Jeans,272.00,8,34.00,,809666254952,,,,F13031C-1742VNTGDM-24-STD
PO2023000014,0,1,2023-04-19,2023-05-05,2023-05-17,2023-06-09,IRVINE-ES,,USD,601.00,601.00,0,0.00,601.00,0.00,,,,,,,,,,,,,,,,,,,,,,,,,,,,,,,,,,,,,,,,,,2,01,ASTRID-01-GREY-8.5,SLIP ON SNEAKER,249.00,12,20.75,,,,,,ASTRID-01-GREY-8.5
PO2023000014,0,1,2023-04-19,2023-05-05,2023-05-17,2023-06-09,IRVINE-ES,,USD,601.00,601.00,0,0.00,601.00,0.00,,,,,,,,,,,,,,,,,,,,,,,,,,,,,,,,,,,,,,,,,,3,01,AUSTIN-06-BLUSH-8,SNEAKER,80.00,8,10.00,,,,,,AUSTIN-06-BLUSH-8
PO2023000015,0,1,2023-04-01,2023-04-09,2023-04-11,2023-05-26,ANAHEIM-PF,,USD,947.50,947.50,0,0.00,947.50,0.00,,,,,,,,,,,,,,,,,,,,,,,,,,,,,,,,,,,,,,,,,,1,01,FA13512DM-1847DPOCN-27-30,Angie Stud Bling Pocket Low Rise Skinny Jeans,408.00,12,34.00,,8.09667E+11,,,,FA13512DM-1847DPOCN-27-30
PO2023000015,0,1,2023-04-01,2023-04-09,2023-04-11,2023-05-26,ANAHEIM-PF,,USD,947.50,947.50,0,0.00,947.50,0.00,,,,,,,,,,,,,,,,,,,,,,,,,,,,,,,,,,,,,,,,,,2,01,CAMILA-06-TAUPE-9.5,COSS FRONT SLIP ON SLIDES,48.00,6,8.00,,,,,,CAMILA-06-TAUPE-9.5
PO2023000015,0,1,2023-04-01,2023-04-09,2023-04-11,2023-05-26,ANAHEIM-PF,,USD,947.50,947.50,0,0.00,947.50,0.00,,,,,,,,,,,,,,,,,,,,,,,,,,,,,,,,,,,,,,,,,,3,01,FA16023WV-MIDNIGHTCAMO-XL-STD,GGT wrap kimono maxi dress,273.00,7,39.00,,809666795783,,,,FA16023WV-MIDNIGHTCAMO-XL-STD
PO2023000015,0,1,2023-04-01,2023-04-09,2023-04-11,2023-05-26,ANAHEIM-PF,,USD,947.50,947.50,0,0.00,947.50,0.00,,,,,,,,,,,,,,,,,,,,,,,,,,,,,,,,,,,,,,,,,,4,01,ADELINE-02-BLACK-7.5,WOVEN SLIDE SANDAL,218.50,19,11.50,,,,,,ADELINE-02-BLACK-7.5
PO2023000016,0,1,2023-04-30,2023-05-05,2023-05-12,2023-06-20,PASADENA-SB,,USD,334.25,334.25,0,0.00,334.25,0.00,,,,,,,,,,,,,,,,,,,,,,,,,,,,,,,,,,,,,,,,,,1,01,CAMILA-06-BLACK-6.5,COSS FRONT SLIP ON SLIDES,96.00,12,8.00,,,,,,CAMILA-06-BLACK-6.5
PO2023000016,0,1,2023-04-30,2023-05-05,2023-05-12,2023-06-20,PASADENA-SB,,USD,334.25,334.25,0,0.00,334.25,0.00,,,,,,,,,,,,,,,,,,,,,,,,,,,,,,,,,,,,,,,,,,2,01,AUSTIN-06-BLUSH-9,SNEAKER,10.00,1,10.00,,,,,,AUSTIN-06-BLUSH-9
PO2023000016,0,1,2023-04-30,2023-05-05,2023-05-12,2023-06-20,PASADENA-SB,,USD,334.25,334.25,0,0.00,334.25,0.00,,,,,,,,,,,,,,,,,,,,,,,,,,,,,,,,,,,,,,,,,,3,01,ASTRID-01-BLUSH-9,SLIP ON SNEAKER,41.50,2,20.75,,,,,,ASTRID-01-BLUSH-9
PO2023000016,0,1,2023-04-30,2023-05-05,2023-05-12,2023-06-20,PASADENA-SB,,USD,334.25,334.25,0,0.00,334.25,0.00,,,,,,,,,,,,,,,,,,,,,,,,,,,,,,,,,,,,,,,,,,4,01,AVIANA-06-PINK-9,FUR SLIPPER,178.75,11,16.25,,,,,,AVIANA-06-PINK-9
PO2023000016,0,1,2023-04-30,2023-05-05,2023-05-12,2023-06-20,PASADENA-SB,,USD,334.25,334.25,0,0.00,334.25,0.00,,,,,,,,,,,,,,,,,,,,,,,,,,,,,,,,,,,,,,,,,,5,01,CAMILA-06-GREEN-7.5,COSS FRONT SLIP ON SLIDES,8.00,1,8.00,,,,,,CAMILA-06-GREEN-7.5
PO2023000017,0,1,2023-04-14,2023-04-26,2023-05-05,2023-05-28,GOLDEN-SA,,USD,384.00,384.00,0,0.00,384.00,0.00,,,,,,,,,,,,,,,,,,,,,,,,,,,,,,,,,,,,,,,,,,1,01,173451-1183CITIZEN-11-STD,Susan Stretch Denim Skinny Jeans Medium Blue 5 Pocket Wash,384.00,16,24.00,,809666377910,,,,173451-1183CITIZEN-11-STD
PO2023000018,0,1,2023-05-23,2023-06-01,2023-06-03,2023-07-22,PACIFIC-CM,,USD,2496.12,2496.12,0,0.00,2496.12,0.00,,,,,,,,,,,,,,,,,,,,,,,,,,,,,,,,,,,,,,,,,,1,01,FA16023WV-MIDNIGHTCAMO-L-STD,GGT wrap kimono maxi dress,234.00,6,39.00,,809666795776,,,,FA16023WV-MIDNIGHTCAMO-L-STD
PO2023000018,0,1,2023-05-23,2023-06-01,2023-06-03,2023-07-22,PACIFIC-CM,,USD,2496.12,2496.12,0,0.00,2496.12,0.00,,,,,,,,,,,,,,,,,,,,,,,,,,,,,,,,,,,,,,,,,,2,01,FA13512DM-1847DPOCN-32-30,Angie Stud Bling Pocket Low Rise Skinny Jeans,34.00,1,34.00,,8.09667E+11,,,,FA13512DM-1847DPOCN-32-30
PO2023000018,0,1,2023-05-23,2023-06-01,2023-06-03,2023-07-22,PACIFIC-CM,,USD,2496.12,2496.12,0,0.00,2496.12,0.00,,,,,,,,,,,,,,,,,,,,,,,,,,,,,,,,,,,,,,,,,,3,01,ASTRID-01-NUDE-A12,SLIP ON SNEAKER,1565.12,16,97.82,,,,,,ASTRID-01-NUDE-A12
PO2023000018,0,1,2023-05-23,2023-06-01,2023-06-03,2023-07-22,PACIFIC-CM,,USD,2496.12,2496.12,0,0.00,2496.12,0.00,,,,,,,,,,,,,,,,,,,,,,,,,,,,,,,,,,,,,,,,,,4,01,FD3601033-3022FROZENPD-XL-STD,Jay-Low Tencel Denim Shirtdress - Chiffon Collar and Tie Sleeve,441.00,9,49.00,,809666343830,,,,FD3601033-3022FROZENPD-XL-STD
PO2023000018,0,1,2023-05-23,2023-06-01,2023-06-03,2023-07-22,PACIFIC-CM,,USD,2496.12,2496.12,0,0.00,2496.12,0.00,,,,,,,,,,,,,,,,,,,,,,,,,,,,,,,,,,,,,,,,,,5,01,ADELINE-03-BLACK-5.5,BUCKLE FRONT FLAT SANDALS,222.00,12,18.50,,,,,,ADELINE-03-BLACK-5.5
PO2023000019,0,1,2023-05-11,2023-05-28,2023-06-04,2023-07-09,SILICON-GC,,USD,1075.50,1075.50,0,0.00,1075.50,0.00,,,,,,,,,,,,,,,,,,,,,,,,,,,,,,,,,,,,,,,,,,1,01,ADELINE-02-NUDE-5.5,WOVEN SLIDE SANDAL,218.50,19,11.50,,,,,,ADELINE-02-NUDE-5.5
PO2023000019,0,1,2023-05-11,2023-05-28,2023-06-04,2023-07-09,SILICON-GC,,USD,1075.50,1075.50,0,0.00,1075.50,0.00,,,,,,,,,,,,,,,,,,,,,,,,,,,,,,,,,,,,,,,,,,2,01,FD9801506P-GINGER-3X-STD,Natalia Solid Button-Up Wrap Lantern Sleeve Dress,147.00,3,49.00,,809666395365,,,,FD9801506P-GINGER-3X-STD
PO2023000019,0,1,2023-05-11,2023-05-28,2023-06-04,2023-07-09,SILICON-GC,,USD,1075.50,1075.50,0,0.00,1075.50,0.00,,,,,,,,,,,,,,,,,,,,,,,,,,,,,,,,,,,,,,,,,,3,01,CAMILA-06-TAUPE-8,COSS FRONT SLIP ON SLIDES,48.00,6,8.00,,,,,,CAMILA-06-TAUPE-8
PO2023000019,0,1,2023-05-11,2023-05-28,2023-06-04,2023-07-09,SILICON-GC,,USD,1075.50,1075.50,0,0.00,1075.50,0.00,,,,,,,,,,,,,,,,,,,,,,,,,,,,,,,,,,,,,,,,,,4,01,AUSTIN-06-NUDE-8.5,SNEAKER,130.00,13,10.00,,,,,,AUSTIN-06-NUDE-8.5
PO2023000019,0,1,2023-05-11,2023-05-28,2023-06-04,2023-07-09,SILICON-GC,,USD,1075.50,1075.50,0,0.00,1075.50,0.00,,,,,,,,,,,,,,,,,,,,,,,,,,,,,,,,,,,,,,,,,,5,01,FA13501DM-1608BLAU2-29-30,Maya Basic Dark Handsand Wash Midrise Skinny Jeans,476.00,14,34.00,,8.09667E+11,,,,FA13501DM-1608BLAU2-29-30
PO2023000019,0,1,2023-05-11,2023-05-28,2023-06-04,2023-07-09,SILICON-GC,,USD,1075.50,1075.50,0,0.00,1075.50,0.00,,,,,,,,,,,,,,,,,,,,,,,,,,,,,,,,,,,,,,,,,,6,01,CAMILA-06-TAUPE-10,COSS FRONT SLIP ON SLIDES,56.00,7,8.00,,,,,,CAMILA-06-TAUPE-10
PO2023000020,0,1,2023-05-11,2023-05-31,2023-06-13,2023-06-18,BAY-FW,,USD,412.75,412.75,0,0.00,412.75,0.00,,,,,,,,,,,,,,,,,,,,,,,,,,,,,,,,,,,,,,,,,,1,01,AUSTIN-06-BLUSH-9.5,SNEAKER,40.00,4,10.00,,,,,,AUSTIN-06-BLUSH-9.5
PO2023000020,0,1,2023-05-11,2023-05-31,2023-06-13,2023-06-18,BAY-FW,,USD,412.75,412.75,0,0.00,412.75,0.00,,,,,,,,,,,,,,,,,,,,,,,,,,,,,,,,,,,,,,,,,,2,01,CORA-01-TAUP-10,CROSS FRONT SANDAL,139.75,13,10.75,,,,,,CORA-01-TAUP-10
PO2023000020,0,1,2023-05-11,2023-05-31,2023-06-13,2023-06-18,BAY-FW,,USD,412.75,412.75,0,0.00,412.75,0.00,,,,,,,,,,,,,,,,,,,,,,,,,,,,,,,,,,,,,,,,,,3,01,ADELINE-02-PINK-9.5,WOVEN SLIDE SANDAL,103.50,9,11.50,,,,,,ADELINE-02-PINK-9.5
PO2023000020,0,1,2023-05-11,2023-05-31,2023-06-13,2023-06-18,BAY-FW,,USD,412.75,412.75,0,0.00,412.75,0.00,,,,,,,,,,,,,,,,,,,,,,,,,,,,,,,,,,,,,,,,,,4,01,ADELINE-03-TAUPE-7.5,BUCKLE FRONT FLAT SANDALS,129.50,7,18.50,,,,,,ADELINE-03-TAUPE-7.5
PO2023000021,0,1,2023-05-29,2023-06-15,2023-06-22,2023-07-23,OAKLAND-UA,,USD,2425.50,2425.50,0,0.00,2425.50,0.00,,,,,,,,,,,,,,,,,,,,,,,,,,,,,,,,,,,,,,,,,,1,01,CAMILA-06-BLACK-A12,COSS FRONT SLIP ON SLIDES,1056.00,11,96.00,,,,,,CAMILA-06-BLACK-A12
PO2023000021,0,1,2023-05-29,2023-06-15,2023-06-22,2023-07-23,OAKLAND-UA,,USD,2425.50,2425.50,0,0.00,2425.50,0.00,,,,,,,,,,,,,,,,,,,,,,,,,,,,,,,,,,,,,,,,,,2,01,FD3601734-MEDBLEACH-L-STD,Ally Women's Full Sleeve Denim Shirt Dress,784.00,8,98.00,,809666438444,,,,FD3601734-MEDBLEACH-L-STD
PO2023000021,0,1,2023-05-29,2023-06-15,2023-06-22,2023-07-23,OAKLAND-UA,,USD,2425.50,2425.50,0,0.00,2425.50,0.00,,,,,,,,,,,,,,,,,,,,,,,,,,,,,,,,,,,,,,,,,,3,01,FA16023WV-SLATE-L-STD,GGT wrap kimono maxi dress,351.00,9,39.00,,809666901115,,,,FA16023WV-SLATE-L-STD
PO2023000021,0,1,2023-05-29,2023-06-15,2023-06-22,2023-07-23,OAKLAND-UA,,USD,2425.50,2425.50,0,0.00,2425.50,0.00,,,,,,,,,,,,,,,,,,,,,,,,,,,,,,,,,,,,,,,,,,4,01,CORA-01-CAME-5.5,CROSS FRONT SANDAL,64.50,6,10.75,,,,,,CORA-01-CAME-5.5
PO2023000021,0,1,2023-05-29,2023-06-15,2023-06-22,2023-07-23,OAKLAND-UA,,USD,2425.50,2425.50,0,0.00,2425.50,0.00,,,,,,,,,,,,,,,,,,,,,,,,,,,,,,,,,,,,,,,,,,5,01,AUSTIN-06-BLACK-6,SNEAKER,170.00,17,10.00,,,,,,AUSTIN-06-BLACK-6
PO2023000022,0,1,2023-05-12,2023-05-31,2023-06-07,2023-06-24,IRVINE-ES,,USD,1232.50,1232.50,0,0.00,1232.50,0.00,,,,,,,,,,,,,,,,,,,,,,,,,,,,,,,,,,,,,,,,,,1,01,FA13501DM-1464KINGSC-28-32,Maya Basic Dark Handsand Wash Midrise Skinny Jeans,646.00,19,34.00,,8.09667E+11,,,,FA13501DM-1464KINGSC-28-32
PO2023000022,0,1,2023-05-12,2023-05-31,2023-06-07,2023-06-24,IRVINE-ES,,USD,1232.50,1232.50,0,0.00,1232.50,0.00,,,,,,,,,,,,,,,,,,,,,,,,,,,,,,,,,,,,,,,,,,2,01,ADELINE-02-WHITE-10,WOVEN SLIDE SANDAL,161.00,14,11.50,,,,,,ADELINE-02-WHITE-10
PO2023000022,0,1,2023-05-12,2023-05-31,2023-06-07,2023-06-24,IRVINE-ES,,USD,1232.50,1232.50,0,0.00,1232.50,0.00,,,,,,,,,,,,,,,,,,,,,,,,,,,,,,,,,,,,,,,,,,3,01,AUSTIN-06-CAMEL-6.5,SNEAKER,110.00,11,10.00,,,,,,AUSTIN-06-CAMEL-6.5
PO2023000022,0,1,2023-05-12,2023-05-31,2023-06-07,2023-06-24,IRVINE-ES,,USD,1232.50,1232.50,0,0.00,1232.50,0.00,,,,,,,,,,,,,,,,,,,,,,,,,,,,,,,,,,,,,,,,,,4,01,ADELINE-02-PINK-9,WOVEN SLIDE SANDAL,195.50,17,11.50,,,,,,ADELINE-02-PINK-9
PO2023000022,0,1,2023-05-12,2023-05-31,2023-06-07,2023-06-24,IRVINE-ES,,USD,1232.50,1232.50,0,0.00,1232.50,0.00,,,,,,,,,,,,,,,,,,,,,,,,,,,,,,,,,,,,,,,,,,5,01,CAMILA-06-LILAC-5.5,COSS FRONT SLIP ON SLIDES,72.00,9,8.00,,,,,,CAMILA-06-LILAC-5.5
PO2023000022,0,1,2023-05-12,2023-05-31,2023-06-07,2023-06-24,IRVINE-ES,,USD,1232.50,1232.50,0,0.00,1232.50,0.00,,,,,,,,,,,,,,,,,,,,,,,,,,,,,,,,,,,,,,,,,,6,01,CAMILA-06-NUDE-10,COSS FRONT SLIP ON SLIDES,48.00,6,8.00,,,,,,CAMILA-06-NUDE-10
PO2023000023,0,1,2023-06-28,2023-07-13,2023-07-19,2023-07-27,ANAHEIM-PF,,USD,140.00,140.00,0,0.00,140.00,0.00,,,,,,,,,,,,,,,,,,,,,,,,,,,,,,,,,,,,,,,,,,1,01,CAMILA-06-LILAC-6.5,COSS FRONT SLIP ON SLIDES,96.00,12,8.00,,,,,,CAMILA-06-LILAC-6.5
PO2023000023,0,1,2023-06-28,2023-07-13,2023-07-19,2023-07-27,ANAHEIM-PF,,USD,140.00,140.00,0,0.00,140.00,0.00,,,,,,,,,,,,,,,,,,,,,,,,,,,,,,,,,,,,,,,,,,2,01,CAMILA-06-LILAC-5,COSS FRONT SLIP ON SLIDES,24.00,3,8.00,,,,,,CAMILA-06-LILAC-5
PO2023000023,0,1,2023-06-28,2023-07-13,2023-07-19,2023-07-27,ANAHEIM-PF,,USD,140.00,140.00,0,0.00,140.00,0.00,,,,,,,,,,,,,,,,,,,,,,,,,,,,,,,,,,,,,,,,,,3,01,AUSTIN-06-BLUSH-6.5,SNEAKER,20.00,2,10.00,,,,,,AUSTIN-06-BLUSH-6.5
PO2023000024,0,1,2023-06-12,2023-06-18,2023-06-23,2023-08-06,PASADENA-SB,,USD,867.75,867.75,0,0.00,867.75,0.00,,,,,,,,,,,,,,,,,,,,,,,,,,,,,,,,,,,,,,,,,,1,01,AVIANA-06-WHITE-10,FUR SLIPPER,325.00,20,16.25,,,,,,AVIANA-06-WHITE-10
PO2023000024,0,1,2023-06-12,2023-06-18,2023-06-23,2023-08-06,PASADENA-SB,,USD,867.75,867.75,0,0.00,867.75,0.00,,,,,,,,,,,,,,,,,,,,,,,,,,,,,,,,,,,,,,,,,,2,01,FA13501DM-RINSEWSFT-29-30,Maya Basic Dark Handsand Wash Midrise Skinny Jeans,306.00,9,34.00,,8.09667E+11,,,,FA13501DM-RINSEWSFT-29-30
PO2023000024,0,1,2023-06-12,2023-06-18,2023-06-23,2023-08-06,PASADENA-SB,,USD,867.75,867.75,0,0.00,867.75,0.00,,,,,,,,,,,,,,,,,,,,,,,,,,,,,,,,,,,,,,,,,,3,01,CORA-01-YLW-11,CROSS FRONT SANDAL,96.75,9,10.75,,,,,,CORA-01-YLW-11
PO2023000024,0,1,2023-06-12,2023-06-18,2023-06-23,2023-08-06,PASADENA-SB,,USD,867.75,867.75,0,0.00,867.75,0.00,,,,,,,,,,,,,,,,,,,,,,,,,,,,,,,,,,,,,,,,,,4,01,AUSTIN-06-BLUSH-5,SNEAKER,140.00,14,10.00,,,,,,AUSTIN-06-BLUSH-5
PO2023000025,0,1,2023-06-26,2023-07-08,2023-07-13,2023-07-30,GOLDEN-SA,,USD,664.75,664.75,0,0.00,664.75,0.00,,,,,,,,,,,,,,,,,,,,,,,,,,,,,,,,,,,,,,,,,,1,01,CORA-01-YLW-5,CROSS FRONT SANDAL,118.25,11,10.75,,,,,,CORA-01-YLW-5
PO2023000025,0,1,2023-06-26,2023-07-08,2023-07-13,2023-07-30,GOLDEN-SA,,USD,664.75,664.75,0,0.00,664.75,0.00,,,,,,,,,,,,,,,,,,,,,,,,,,,,,,,,,,,,,,,,,,2,01,ADELINE-02-PINK-8.5,WOVEN SLIDE SANDAL,172.50,15,11.50,,,,,,ADELINE-02-PINK-8.5
PO2023000025,0,1,2023-06-26,2023-07-08,2023-07-13,2023-07-30,GOLDEN-SA,,USD,664.75,664.75,0,0.00,664.75,0.00,,,,,,,,,,,,,,,,,,,,,,,,,,,,,,,,,,,,,,,,,,3,01,FA13501DM-1464KINGSC-27-32,Maya Basic Dark Handsand Wash Midrise Skinny Jeans,374.00,11,34.00,,8.09667E+11,,,,FA13501DM-1464KINGSC-27-32
PO2023000026,0,1,2023-06-09,2023-06-27,2023-07-04,2023-07-30,PACIFIC-CM,,USD,121.00,121.00,0,0.00,121.00,0.00,,,,,,,,,,,,,,,,,,,,,,,,,,,,,,,,,,,,,,,,,,1,01,FD9801506P-GINGER-2X-STD,Natalia Solid Button-Up Wrap Lantern Sleeve Dress,98.00,2,49.00,,809666395358,,,,FD9801506P-GINGER-2X-STD
PO2023000026,0,1,2023-06-09,2023-06-27,2023-07-04,2023-07-30,PACIFIC-CM,,USD,121.00,121.00,0,0.00,121.00,0.00,,,,,,,,,,,,,,,,,,,,,,,,,,,,,,,,,,,,,,,,,,2,01,ADELINE-02-WHITE-5,WOVEN SLIDE SANDAL,23.00,2,11.50,,,,,,ADELINE-02-WHITE-5
PO2023000027,0,1,2023-07-24,2023-08-12,2023-08-27,2023-08-26,SILICON-GC,,USD,2399.50,2399.50,0,0.00,2399.50,0.00,,,,,,,,,,,,,,,,,,,,,,,,,,,,,,,,,,,,,,,,,,1,01,ASTRID-01-BLACK-5,SLIP ON SNEAKER,41.50,2,20.75,,,,,,ASTRID-01-BLACK-5
PO2023000027,0,1,2023-07-24,2023-08-12,2023-08-27,2023-08-26,SILICON-GC,,USD,2399.50,2399.50,0,0.00,2399.50,0.00,,,,,,,,,,,,,,,,,,,,,,,,,,,,,,,,,,,,,,,,,,2,01,173451-1183CITIZEN-19-34,Susan Stretch Denim Skinny Jeans Medium Blue 5 Pocket Wash,336.00,14,24.00,,809666377828,,,,173451-1183CITIZEN-19-34
PO2023000027,0,1,2023-07-24,2023-08-12,2023-08-27,2023-08-26,SILICON-GC,,USD,2399.50,2399.50,0,0.00,2399.50,0.00,,,,,,,,,,,,,,,,,,,,,,,,,,,,,,,,,,,,,,,,,,3,01,CAMILA-06-GREEN-5.5,COSS FRONT SLIP ON SLIDES,16.00,2,8.00,,,,,,CAMILA-06-GREEN-5.5
PO2023000027,0,1,2023-07-24,2023-08-12,2023-08-27,2023-08-26,SILICON-GC,,USD,2399.50,2399.50,0,0.00,2399.50,0.00,,,,,,,,,,,,,,,,,,,,,,,,,,,,,,,,,,,,,,,,,,4,01,AUSTIN-06-WHITE-9,SNEAKER,120.00,12,10.00,,,,,,AUSTIN-06-WHITE-9
PO2023000027,0,1,2023-07-24,2023-08-12,2023-08-27,2023-08-26,SILICON-GC,,USD,2399.50,2399.50,0,0.00,2399.50,0.00,,,,,,,,,,,,,,,,,,,,,,,,,,,,,,,,,,,,,,,,,,5,01,ADELINE-02-BLACK-9,WOVEN SLIDE SANDAL,126.50,11,11.50,,,,,,ADELINE-02-BLACK-9
PO2023000027,0,1,2023-07-24,2023-08-12,2023-08-27,2023-08-26,SILICON-GC,,USD,2399.50,2399.50,0,0.00,2399.50,0.00,,,,,,,,,,,,,,,,,,,,,,,,,,,,,,,,,,,,,,,,,,6,01,ADELINE-02-CAMEL-6.5,WOVEN SLIDE SANDAL,103.50,9,11.50,,,,,,ADELINE-02-CAMEL-6.5
PO2023000027,0,1,2023-07-24,2023-08-12,2023-08-27,2023-08-26,SILICON-GC,,USD,2399.50,2399.50,0,0.00,2399.50,0.00,,,,,,,,,,,,,,,,,,,,,,,,,,,,,,,,,,,,,,,,,,7,01,ADELINE-02-NUDE-B12,WOVEN SLIDE SANDAL,1656.00,12,138.00,,,,,,ADELINE-02-NUDE-B12
PO2023000028,0,1,2023-07-26,2023-08-12,2023-08-26,2023-09-07,BAY-FW,,USD,668.50,668.50,0,0.00,668.50,0.00,,,,,,,,,,,,,,,,,,,,,,,,,,,,,,,,,,,,,,,,,,1,01,ADELINE-03-TAUPE-6,BUCKLE FRONT FLAT SANDALS,296.00,16,18.50,,,,,,ADELINE-03-TAUPE-6
PO2023000028,0,1,2023-07-26,2023-08-12,2023-08-26,2023-09-07,BAY-FW,,USD,668.50,668.50,0,0.00,668.50,0.00,,,,,,,,,,,,,,,,,,,,,,,,,,,,,,,,,,,,,,,,,,2,01,AUSTIN-06-CAMEL-9.5,SNEAKER,200.00,20,10.00,,,,,,AUSTIN-06-CAMEL-9.5
PO2023000028,0,1,2023-07-26,2023-08-12,2023-08-26,2023-09-07,BAY-FW,,USD,668.50,668.50,0,0.00,668.50,0.00,,,,,,,,,,,,,,,,,,,,,,,,,,,,,,,,,,,,,,,,,,3,01,ADELINE-02-BLACK-11,WOVEN SLIDE SANDAL,80.50,7,11.50,,,,,,ADELINE-02-BLACK-11
PO2023000028,0,1,2023-07-26,2023-08-12,2023-08-26,2023-09-07,BAY-FW,,USD,668.50,668.50,0,0.00,668.50,0.00,,,,,,,,,,,,,,,,,,,,,,,,,,,,,,,,,,,,,,,,,,4,01,CAMILA-06-TAUPE-12,COSS FRONT SLIP ON SLIDES,24.00,3,8.00,,,,,,CAMILA-06-TAUPE-12
PO2023000028,0,1,2023-07-26,2023-08-12,2023-08-26,2023-09-07,BAY-FW,,USD,668.50,668.50,0,0.00,668.50,0.00,,,,,,,,,,,,,,,,,,,,,,,,,,,,,,,,,,,,,,,,,,5,01,FA13501DM-1608BLAU2-27-32,Maya Basic Dark Handsand Wash Midrise Skinny Jeans,68.00,2,34.00,,8.09667E+11,,,,FA13501DM-1608BLAU2-27-32
PO2023000029,0,1,2023-07-21,2023-07-29,2023-08-01,2023-09-16,OAKLAND-UA,,USD,1821.35,1821.35,0,0.00,1821.35,0.00,,,,,,,,,,,,,,,,,,,,,,,,,,,,,,,,,,,,,,,,,,1,01,FA13501DM-1608BLAU2-27-30,Maya Basic Dark Handsand Wash Midrise Skinny Jeans,374.00,11,34.00,,8.09667E+11,,,,FA13501DM-1608BLAU2-27-30
PO2023000029,0,1,2023-07-21,2023-07-29,2023-08-01,2023-09-16,OAKLAND-UA,,USD,1821.35,1821.35,0,0.00,1821.35,0.00,,,,,,,,,,,,,,,,,,,,,,,,,,,,,,,,,,,,,,,,,,2,01,CORA-01-TAUP-6.5,CROSS FRONT SANDAL,118.25,11,10.75,,,,,,CORA-01-TAUP-6.5
PO2023000029,0,1,2023-07-21,2023-07-29,2023-08-01,2023-09-16,OAKLAND-UA,,USD,1821.35,1821.35,0,0.00,1821.35,0.00,,,,,,,,,,,,,,,,,,,,,,,,,,,,,,,,,,,,,,,,,,3,01,ADELINE-03-TAUPE-11,BUCKLE FRONT FLAT SANDALS,314.50,17,18.50,,,,,,ADELINE-03-TAUPE-11
PO2023000029,0,1,2023-07-21,2023-07-29,2023-08-01,2023-09-16,OAKLAND-UA,,USD,1821.35,1821.35,0,0.00,1821.35,0.00,,,,,,,,,,,,,,,,,,,,,,,,,,,,,,,,,,,,,,,,,,4,01,AVIANA-06-BLACK-A12,FUR SLIPPER,621.60,7,88.80,,,,,,AVIANA-06-BLACK-A12
PO2023000029,0,1,2023-07-21,2023-07-29,2023-08-01,2023-09-16,OAKLAND-UA,,USD,1821.35,1821.35,0,0.00,1821.35,0.00,,,,,,,,,,,,,,,,,,,,,,,,,,,,,,,,,,,,,,,,,,5,01,FA16105WV-MIDNIGHTBLUE-S-STD,Patricia Woven Chiffon Midnight Blue Palazzo Pant W Elastic Waist,273.00,7,39.00,,809666795530,,,,FA16105WV-MIDNIGHTBLUE-S-STD
PO2023000029,0,1,2023-07-21,2023-07-29,2023-08-01,2023-09-16,OAKLAND-UA,,USD,1821.35,1821.35,0,0.00,1821.35,0.00,,,,,,,,,,,,,,,,,,,,,,,,,,,,,,,,,,,,,,,,,,6,01,AUSTIN-06-BLUSH-7,SNEAKER,120.00,12,10.00,,,,,,AUSTIN-06-BLUSH-7
PO2023000030,0,1,2023-08-16,2023-08-29,2023-09-02,2023-10-03,IRVINE-ES,,USD,503.00,503.00,0,0.00,503.00,0.00,,,,,,,,,,,,,,,,,,,,,,,,,,,,,,,,,,,,,,,,,,1,01,AUSTIN-06-BLUSH-A12,SNEAKER,480.00,4,120.00,,,,,,AUSTIN-06-BLUSH-A12
PO2023000030,0,1,2023-08-16,2023-08-29,2023-09-02,2023-10-03,IRVINE-ES,,USD,503.00,503.00,0,0.00,503.00,0.00,,,,,,,,,,,,,,,,,,,,,,,,,,,,,,,,,,,,,,,,,,2,01,ADELINE-02-WHITE-7.5,WOVEN SLIDE SANDAL,23.00,2,11.50,,,,,,ADELINE-02-WHITE-7.5
PO2023000031,0,1,2023-08-23,2023-09-03,2023-09-08,2023-10-01,ANAHEIM-PF,,USD,60.00,60.00,0,0.00,60.00,0.00,,,,,,,,,,,,,,,,,,,,,,,,,,,,,,,,,,,,,,,,,,1,01,AUSTIN-06-CAMEL-12,SNEAKER,60.00,6,10.00,,,,,,AUSTIN-06-CAMEL-12
PO2023000032,0,1,2023-08-24,2023-09-10,2023-09-16,2023-09-21,PASADENA-SB,,USD,2451.00,2451.00,0,0.00,2451.00,0.00,,,,,,,,,,,,,,,,,,,,,,,,,,,,,,,,,,,,,,,,,,1,01,CORA-01-CAME-B12,CROSS FRONT SANDAL,2451.00,19,129.00,,,,,,CORA-01-CAME-B12
PO2023000033,0,1,2023-08-09,2023-08-25,2023-09-08,2023-09-24,GOLDEN-SA,,USD,576.00,576.00,0,0.00,576.00,0.00,,,,,,,,,,,,,,,,,,,,,,,,,,,,,,,,,,,,,,,,,,1,01,CAMILA-06-NUDE-S,COSS FRONT SLIP ON SLIDES,576.00,6,96.00,,,,,,CAMILA-06-NUDE-S
PO2023000034,0,1,2023-08-18,2023-08-24,2023-08-28,2023-09-24,PACIFIC-CM,,USD,1140.75,1140.75,0,0.00,1140.75,0.00,,,,,,,,,,,,,,,,,,,,,,,,,,,,,,,,,,,,,,,,,,1,01,AUSTIN-06-NUDE-6,SNEAKER,100.00,10,10.00,,,,,,AUSTIN-06-NUDE-6
PO2023000034,0,1,2023-08-18,2023-08-24,2023-08-28,2023-09-24,PACIFIC-CM,,USD,1140.75,1140.75,0,0.00,1140.75,0.00,,,,,,,,,,,,,,,,,,,,,,,,,,,,,,,,,,,,,,,,,,2,01,F13031C-1742VNTGCO-25-STD,Cayden Vintage Beujolias Corduroy Skinny Jeans,170.00,5,34.00,,809666254877,,,,F13031C-1742VNTGCO-25-STD
PO2023000034,0,1,2023-08-18,2023-08-24,2023-08-28,2023-09-24,PACIFIC-CM,,USD,1140.75,1140.75,0,0.00,1140.75,0.00,,,,,,,,,,,,,,,,,,,,,,,,,,,,,,,,,,,,,,,,,,3,01,ADELINE-02-PINK-7,WOVEN SLIDE SANDAL,230.00,20,11.50,,,,,,ADELINE-02-PINK-7
PO2023000034,0,1,2023-08-18,2023-08-24,2023-08-28,2023-09-24,PACIFIC-CM,,USD,1140.75,1140.75,0,0.00,1140.75,0.00,,,,,,,,,,,,,,,,,,,,,,,,,,,,,,,,,,,,,,,,,,4,01,AUSTIN-06-WHITE-6.5,SNEAKER,150.00,15,10.00,,,,,,AUSTIN-06-WHITE-6.5
PO2023000034,0,1,2023-08-18,2023-08-24,2023-08-28,2023-09-24,PACIFIC-CM,,USD,1140.75,1140.75,0,0.00,1140.75,0.00,,,,,,,,,,,,,,,,,,,,,,,,,,,,,,,,,,,,,,,,,,5,01,FB3601737-3219UNFORGV-30-STD,Light Hand-Sanded Denim Stretch High-Waist Slit Hem Jeans,312.00,8,39.00,,809666434408,,,,FB3601737-3219UNFORGV-30-STD
PO2023000034,0,1,2023-08-18,2023-08-24,2023-08-28,2023-09-24,PACIFIC-CM,,USD,1140.75,1140.75,0,0.00,1140.75,0.00,,,,,,,,,,,,,,,,,,,,,,,,,,,,,,,,,,,,,,,,,,6,01,AVIANA-06-PINK-7,FUR SLIPPER,178.75,11,16.25,,,,,,AVIANA-06-PINK-7
PO2023000035,0,1,2023-09-23,2023-10-12,2023-10-25,2023-11-10,SILICON-GC,,USD,136.00,136.00,0,0.00,136.00,0.00,,,,,,,,,,,,,,,,,,,,,,,,,,,,,,,,,,,,,,,,,,1,01,CAMILA-06-BLACK-10,COSS FRONT SLIP ON SLIDES,136.00,17,8.00,,,,,,CAMILA-06-BLACK-10
PO2023000036,0,1,2023-09-05,2023-09-15,2023-09-18,2023-10-03,BAY-FW,,USD,107.50,107.50,0,0.00,107.50,0.00,,,,,,,,,,,,,,,,,,,,,,,,,,,,,,,,,,,,,,,,,,1,01,CORA-01-YLW-6,CROSS FRONT SANDAL,107.50,10,10.75,,,,,,CORA-01-YLW-6
PO2023000037,0,1,2023-09-29,2023-10-13,2023-10-25,2023-11-28,OAKLAND-UA,,USD,762.50,762.50,0,0.00,762.50,0.00,,,,,,,,,,,,,,,,,,,,,,,,,,,,,,,,,,,,,,,,,,1,01,ASTRID-01-NUDE-5.5,SLIP ON SNEAKER,249.00,12,20.75,,,,,,ASTRID-01-NUDE-5.5
PO2023000037,0,1,2023-09-29,2023-10-13,2023-10-25,2023-11-28,OAKLAND-UA,,USD,762.50,762.50,0,0.00,762.50,0.00,,,,,,,,,,,,,,,,,,,,,,,,,,,,,,,,,,,,,,,,,,2,01,CORA-01-FUCH-5,CROSS FRONT SANDAL,43.00,4,10.75,,,,,,CORA-01-FUCH-5
PO2023000037,0,1,2023-09-29,2023-10-13,2023-10-25,2023-11-28,OAKLAND-UA,,USD,762.50,762.50,0,0.00,762.50,0.00,,,,,,,,,,,,,,,,,,,,,,,,,,,,,,,,,,,,,,,,,,3,01,ASTRID-01-GREY-6,SLIP ON SNEAKER,332.00,16,20.75,,,,,,ASTRID-01-GREY-6
PO2023000037,0,1,2023-09-29,2023-10-13,2023-10-25,2023-11-28,OAKLAND-UA,,USD,762.50,762.50,0,0.00,762.50,0.00,,,,,,,,,,,,,,,,,,,,,,,,,,,,,,,,,,,,,,,,,,4,01,ADELINE-03-GOLD-10,BUCKLE FRONT FLAT SANDALS,18.50,1,18.50,,,,,,ADELINE-03-GOLD-10
PO2023000037,0,1,2023-09-29,2023-10-13,2023-10-25,2023-11-28,OAKLAND-UA,,USD,762.50,762.50,0,0.00,762.50,0.00,,,,,,,,,,,,,,,,,,,,,,,,,,,,,,,,,,,,,,,,,,5,01,AUSTIN-06-BLACK-B12,SNEAKER,120.00,1,120.00,,,,,,AUSTIN-06-BLACK-B12
PO2023000038,0,1,2023-09-01,2023-09-08,2023-09-14,2023-09-28,IRVINE-ES,,USD,2495.00,2495.00,0,0.00,2495.00,0.00,,,,,,,,,,,,,,,,,,,,,,,,,,,,,,,,,,,,,,,,,,1,01,AVIANA-06-PINK-11,FUR SLIPPER,16.25,1,16.25,,,,,,AVIANA-06-PINK-11
PO2023000038,0,1,2023-09-01,2023-09-08,2023-09-14,2023-09-28,IRVINE-ES,,USD,2495.00,2495.00,0,0.00,2495.00,0.00,,,,,,,,,,,,,,,,,,,,,,,,,,,,,,,,,,,,,,,,,,2,01,ADELINE-03-BLUE-12,BUCKLE FRONT FLAT SANDALS,203.50,11,18.50,,,,,,ADELINE-03-BLUE-12
PO2023000038,0,1,2023-09-01,2023-09-08,2023-09-14,2023-09-28,IRVINE-ES,,USD,2495.00,2495.00,0,0.00,2495.00,0.00,,,,,,,,,,,,,,,,,,,,,,,,,,,,,,,,,,,,,,,,,,3,01,CAMILA-06-BLACK-9.5,COSS FRONT SLIP ON SLIDES,56.00,7,8.00,,,,,,CAMILA-06-BLACK-9.5
PO2023000038,0,1,2023-09-01,2023-09-08,2023-09-14,2023-09-28,IRVINE-ES,,USD,2495.00,2495.00,0,0.00,2495.00,0.00,,,,,,,,,,,,,,,,,,,,,,,,,,,,,,,,,,,,,,,,,,4,01,CORA-01-TAUP-8.5,CROSS FRONT SANDAL,118.25,11,10.75,,,,,,CORA-01-TAUP-8.5
PO2023000038,0,1,2023-09-01,2023-09-08,2023-09-14,2023-09-28,IRVINE-ES,,USD,2495.00,2495.00,0,0.00,2495.00,0.00,,,,,,,,,,,,,,,,,,,,,,,,,,,,,,,,,,,,,,,,,,5,01,ADELINE-03-BLACK-A12,BUCKLE FRONT FLAT SANDALS,1554.00,7,222.00,,,,,,ADELINE-03-BLACK-A12
PO2023000038,0,1,2023-09-01,2023-09-08,2023-09-14,2023-09-28,IRVINE-ES,,USD,2495.00,2495.00,0,0.00,2495.00,0.00,,,,,,,,,,,,,,,,,,,,,,,,,,,,,,,,,,,,,,,,,,6,01,F13031C-1742VNTGDM-28-STD,Cayden Vintage Beujolias Corduroy Skinny Jeans,340.00,10,34.00,,809666254990,,,,F13031C-1742VNTGDM-28-STD
PO2023000038,0,1,2023-09-01,2023-09-08,2023-09-14,2023-09-28,IRVINE-ES,,USD,2495.00,2495.00,0,0.00,2495.00,0.00,,,,,,,,,,,,,,,,,,,,,,,,,,,,,,,,,,,,,,,,,,7,01,ADELINE-02-PINK-5,WOVEN SLIDE SANDAL,207.00,18,11.50,,,,,,ADELINE-02-PINK-5
PO2023000039,0,1,2023-09-14,2023-10-03,2023-10-15,2023-10-11,ANAHEIM-PF,,USD,526.00,526.00,0,0.00,526.00,0.00,,,,,,,,,,,,,,,,,,,,,,,,,,,,,,,,,,,,,,,,,,1,01,ASTRID-01-GREY-5.5,SLIP ON SNEAKER,415.00,20,20.75,,,,,,ASTRID-01-GREY-5.5
PO2023000039,0,1,2023-09-14,2023-10-03,2023-10-15,2023-10-11,ANAHEIM-PF,,USD,526.00,526.00,0,0.00,526.00,0.00,,,,,,,,,,,,,,,,,,,,,,,,,,,,,,,,,,,,,,,,,,2,01,ADELINE-03-BLUE-6,BUCKLE FRONT FLAT SANDALS,111.00,6,18.50,,,,,,ADELINE-03-BLUE-6
PO2023000040,0,1,2023-10-13,2023-10-23,2023-10-26,2023-11-14,PASADENA-SB,,USD,810.00,810.00,0,0.00,810.00,0.00,,,,,,,,,,,,,,,,,,,,,,,,,,,,,,,,,,,,,,,,,,1,01,173451-1183CITIZEN-5-34,Susan Stretch Denim Skinny Jeans Medium Blue 5 Pocket Wash,72.00,3,24.00,,809666377750,,,,173451-1183CITIZEN-5-34
PO2023000040,0,1,2023-10-13,2023-10-23,2023-10-26,2023-11-14,PASADENA-SB,,USD,810.00,810.00,0,0.00,810.00,0.00,,,,,,,,,,,,,,,,,,,,,,,,,,,,,,,,,,,,,,,,,,2,01,ADELINE-03-BLACK-8.5,BUCKLE FRONT FLAT SANDALS,296.00,16,18.50,,,,,,ADELINE-03-BLACK-8.5
PO2023000040,0,1,2023-10-13,2023-10-23,2023-10-26,2023-11-14,PASADENA-SB,,USD,810.00,810.00,0,0.00,810.00,0.00,,,,,,,,,,,,,,,,,,,,,,,,,,,,,,,,,,,,,,,,,,3,01,FA13501DM-RINSEWSFT-28-30,Maya Basic Dark Handsand Wash Midrise Skinny Jeans,442.00,13,34.00,,8.09667E+11,,,,FA13501DM-RINSEWSFT-28-30
PO2023000041,0,1,2023-10-08,2023-10-21,2023-10-29,2023-11-19,GOLDEN-SA,,USD,2315.25,2315.25,0,0.00,2315.25,0.00,,,,,,,,,,,,,,,,,,,,,,,,,,,,,,,,,,,,,,,,,,1,01,FA16023WV-MIDNIGHTCAMO-M-STD,GGT wrap kimono maxi dress,663.00,17,39.00,,809666795769,,,,FA16023WV-MIDNIGHTCAMO-M-STD
PO2023000041,0,1,2023-10-08,2023-10-21,2023-10-29,2023-11-19,GOLDEN-SA,,USD,2315.25,2315.25,0,0.00,2315.25,0.00,,,,,,,,,,,,,,,,,,,,,,,,,,,,,,,,,,,,,,,,,,2,01,ASTRID-01-BLACK-7.5,SLIP ON SNEAKER,228.25,11,20.75,,,,,,ASTRID-01-BLACK-7.5
PO2023000041,0,1,2023-10-08,2023-10-21,2023-10-29,2023-11-19,GOLDEN-SA,,USD,2315.25,2315.25,0,0.00,2315.25,0.00,,,,,,,,,,,,,,,,,,,,,,,,,,,,,,,,,,,,,,,,,,3,01,CORA-01-BLK-9,CROSS FRONT SANDAL,10.75,1,10.75,,,,,,CORA-01-BLK-9
PO2023000041,0,1,2023-10-08,2023-10-21,2023-10-29,2023-11-19,GOLDEN-SA,,USD,2315.25,2315.25,0,0.00,2315.25,0.00,,,,,,,,,,,,,,,,,,,,,,,,,,,,,,,,,,,,,,,,,,4,01,ADELINE-03-BROWN-S,BUCKLE FRONT FLAT SANDALS,1332.00,6,222.00,,,,,,ADELINE-03-BROWN-S
PO2023000041,0,1,2023-10-08,2023-10-21,2023-10-29,2023-11-19,GOLDEN-SA,,USD,2315.25,2315.25,0,0.00,2315.25,0.00,,,,,,,,,,,,,,,,,,,,,,,,,,,,,,,,,,,,,,,,,,5,01,AVIANA-06-WHITE-5.5,FUR SLIPPER,81.25,5,16.25,,,,,,AVIANA-06-WHITE-5.5
PO2023000042,0,1,2023-10-16,2023-10-24,2023-11-08,2023-11-19,PACIFIC-CM,,USD,2140.00,2140.00,0,0.00,2140.00,0.00,,,,,,,,,,,,,,,,,,,,,,,,,,,,,,,,,,,,,,,,,,1,01,34478006-BLACK-1X-STD,Supersoft longline mongolian cashmere cardigan,2140.00,5,428.00,,809666398434,,,,34478006-BLACK-1X-STD
PO2023000043,0,1,2023-10-05,2023-10-16,2023-10-30,2023-11-07,SILICON-GC,,USD,243.75,243.75,0,0.00,243.75,0.00,,,,,,,,,,,,,,,,,,,,,,,,,,,,,,,,,,,,,,,,,,1,01,AVIANA-06-PINK-8.5,FUR SLIPPER,243.75,15,16.25,,,,,,AVIANA-06-PINK-8.5
PO2023000044,0,1,2023-10-06,2023-10-21,2023-10-28,2023-11-22,BAY-FW,,USD,140.00,140.00,0,0.00,140.00,0.00,,,,,,,,,,,,,,,,,,,,,,,,,,,,,,,,,,,,,,,,,,1,01,AUSTIN-06-BLACK-5,SNEAKER,140.00,14,10.00,,,,,,AUSTIN-06-BLACK-5
PO2023000045,0,1,2023-11-15,2023-11-29,2023-12-13,2023-12-19,OAKLAND-UA,,USD,2439.00,2439.00,0,0.00,2439.00,0.00,,,,,,,,,,,,,,,,,,,,,,,,,,,,,,,,,,,,,,,,,,1,01,AUSTIN-06-BLACK-S,SNEAKER,1080.00,9,120.00,,,,,,AUSTIN-06-BLACK-S
PO2023000045,0,1,2023-11-15,2023-11-29,2023-12-13,2023-12-19,OAKLAND-UA,,USD,2439.00,2439.00,0,0.00,2439.00,0.00,,,,,,,,,,,,,,,,,,,,,,,,,,,,,,,,,,,,,,,,,,2,01,F13T007SS-CABERNET-XS-STD,S&P V-neck Sleeveless Peplum Blouse Front Hook-and-eye Closu,87.00,3,29.00,,8.09666E+11,,,,F13T007SS-CABERNET-XS-STD
PO2023000045,0,1,2023-11-15,2023-11-29,2023-12-13,2023-12-19,OAKLAND-UA,,USD,2439.00,2439.00,0,0.00,2439.00,0.00,,,,,,,,,,,,,,,,,,,,,,,,,,,,,,,,,,,,,,,,,,3,01,ADELINE-02-WHITE-5.5,WOVEN SLIDE SANDAL,138.00,12,11.50,,,,,,ADELINE-02-WHITE-5.5
PO2023000045,0,1,2023-11-15,2023-11-29,2023-12-13,2023-12-19,OAKLAND-UA,,USD,2439.00,2439.00,0,0.00,2439.00,0.00,,,,,,,,,,,,,,,,,,,,,,,,,,,,,,,,,,,,,,,,,,4,01,173451-1183CITIZEN-9-STD,Susan Stretch Denim Skinny Jeans Medium Blue 5 Pocket Wash,216.00,9,24.00,,809666377903,,,,173451-1183CITIZEN-9-STD
PO2023000045,0,1,2023-11-15,2023-11-29,2023-12-13,2023-12-19,OAKLAND-UA,,USD,2439.00,2439.00,0,0.00,2439.00,0.00,,,,,,,,,,,,,,,,,,,,,,,,,,,,,,,,,,,,,,,,,,5,01,FD3601033-3022FROZENPD-M-STD,Jay-Low Tencel Denim Shirtdress - Chiffon Collar and Tie Sleeve,686.00,14,49.00,,809666343816,,,,FD3601033-3022FROZENPD-M-STD
PO2023000045,0,1,2023-11-15,2023-11-29,2023-12-13,2023-12-19,OAKLAND-UA,,USD,2439.00,2439.00,0,0.00,2439.00,0.00,,,,,,,,,,,,,,,,,,,,,,,,,,,,,,,,,,,,,,,,,,6,01,CAMILA-06-LILAC-11,COSS FRONT SLIP ON SLIDES,112.00,14,8.00,,,,,,CAMILA-06-LILAC-11
PO2023000045,0,1,2023-11-15,2023-11-29,2023-12-13,2023-12-19,OAKLAND-UA,,USD,2439.00,2439.00,0,0.00,2439.00,0.00,,,,,,,,,,,,,,,,,,,,,,,,,,,,,,,,,,,,,,,,,,7,01,173451-1183CITIZEN-3-34,Susan Stretch Denim Skinny Jeans Medium Blue 5 Pocket Wash,120.00,5,24.00,,809666377743,,,,173451-1183CITIZEN-3-34
PO2023000046,0,1,2023-11-25,2023-12-12,2023-12-14,2023-12-22,IRVINE-ES,,USD,2452.50,2452.50,0,0.00,2452.50,0.00,,,,,,,,,,,,,,,,,,,,,,,,,,,,,,,,,,,,,,,,,,1,01,AUSTIN-06-BLUSH-7.5,SNEAKER,70.00,7,10.00,,,,,,AUSTIN-06-BLUSH-7.5
PO2023000046,0,1,2023-11-25,2023-12-12,2023-12-14,2023-12-22,IRVINE-ES,,USD,2452.50,2452.50,0,0.00,2452.50,0.00,,,,,,,,,,,,,,,,,,,,,,,,,,,,,,,,,,,,,,,,,,2,01,ADELINE-02-NUDE-A12,WOVEN SLIDE SANDAL,2208.00,16,138.00,,,,,,ADELINE-02-NUDE-A12
PO2023000046,0,1,2023-11-25,2023-12-12,2023-12-14,2023-12-22,IRVINE-ES,,USD,2452.50,2452.50,0,0.00,2452.50,0.00,,,,,,,,,,,,,,,,,,,,,,,,,,,,,,,,,,,,,,,,,,3,01,AUSTIN-06-CAMEL-5.5,SNEAKER,110.00,11,10.00,,,,,,AUSTIN-06-CAMEL-5.5
PO2023000046,0,1,2023-11-25,2023-12-12,2023-12-14,2023-12-22,IRVINE-ES,,USD,2452.50,2452.50,0,0.00,2452.50,0.00,,,,,,,,,,,,,,,,,,,,,,,,,,,,,,,,,,,,,,,,,,4,01,CORA-01-YLW-9,CROSS FRONT SANDAL,64.50,6,10.75,,,,,,CORA-01-YLW-9
PO2023000047,0,1,2023-11-15,2023-11-21,2023-11-24,2023-12-11,ANAHEIM-PF,,USD,621.25,621.25,0,0.00,621.25,0.00,,,,,,,,,,,,,,,,,,,,,,,,,,,,,,,,,,,,,,,,,,1,01,ADELINE-03-BROWN-9,BUCKLE FRONT FLAT SANDALS,259.00,14,18.50,,,,,,ADELINE-03-BROWN-9
PO2023000047,0,1,2023-11-15,2023-11-21,2023-11-24,2023-12-11,ANAHEIM-PF,,USD,621.25,621.25,0,0.00,621.25,0.00,,,,,,,,,,,,,,,,,,,,,,,,,,,,,,,,,,,,,,,,,,2,01,CAMILA-06-TAUPE-7.5,COSS FRONT SLIP ON SLIDES,120.00,15,8.00,,,,,,CAMILA-06-TAUPE-7.5
PO2023000047,0,1,2023-11-15,2023-11-21,2023-11-24,2023-12-11,ANAHEIM-PF,,USD,621.25,621.25,0,0.00,621.25,0.00,,,,,,,,,,,,,,,,,,,,,,,,,,,,,,,,,,,,,,,,,,3,01,CORA-01-BLK-11,CROSS FRONT SANDAL,193.50,18,10.75,,,,,,CORA-01-BLK-11
PO2023000047,0,1,2023-11-15,2023-11-21,2023-11-24,2023-12-11,ANAHEIM-PF,,USD,621.25,621.25,0,0.00,621.25,0.00,,,,,,,,,,,,,,,,,,,,,,,,,,,,,,,,,,,,,,,,,,4,01,AVIANA-06-BLACK-11,FUR SLIPPER,48.75,3,16.25,,,,,,AVIANA-06-BLACK-11
PO2023000048,0,1,2023-11-04,2023-11-21,2023-12-05,2023-12-30,PASADENA-SB,,USD,1061.75,1061.75,0,0.00,1061.75,0.00,,,,,,,,,,,,,,,,,,,,,,,,,,,,,,,,,,,,,,,,,,1,01,AVIANA-06-PINK-9.5,FUR SLIPPER,260.00,16,16.25,,,,,,AVIANA-06-PINK-9.5
PO2023000048,0,1,2023-11-04,2023-11-21,2023-12-05,2023-12-30,PASADENA-SB,,USD,1061.75,1061.75,0,0.00,1061.75,0.00,,,,,,,,,,,,,,,,,,,,,,,,,,,,,,,,,,,,,,,,,,2,01,F13031C-1742VNTGBJ-28-STD,Cayden Vintage Beujolias Corduroy Skinny Jeans,136.00,4,34.00,,809666254815,,,,F13031C-1742VNTGBJ-28-STD
PO2023000048,0,1,2023-11-04,2023-11-21,2023-12-05,2023-12-30,PASADENA-SB,,USD,1061.75,1061.75,0,0.00,1061.75,0.00,,,,,,,,,,,,,,,,,,,,,,,,,,,,,,,,,,,,,,,,,,3,01,ADELINE-03-TAUPE-12,BUCKLE FRONT FLAT SANDALS,259.00,14,18.50,,,,,,ADELINE-03-TAUPE-12
PO2023000048,0,1,2023-11-04,2023-11-21,2023-12-05,2023-12-30,PASADENA-SB,,USD,1061.75,1061.75,0,0.00,1061.75,0.00,,,,,,,,,,,,,,,,,,,,,,,,,,,,,,,,,,,,,,,,,,4,01,AUSTIN-06-NUDE-11,SNEAKER,90.00,9,10.00,,,,,,AUSTIN-06-NUDE-11
PO2023000048,0,1,2023-11-04,2023-11-21,2023-12-05,2023-12-30,PASADENA-SB,,USD,1061.75,1061.75,0,0.00,1061.75,0.00,,,,,,,,,,,,,,,,,,,,,,,,,,,,,,,,,,,,,,,,,,5,01,CAMILA-06-TAUPE-9,COSS FRONT SLIP ON SLIDES,48.00,6,8.00,,,,,,CAMILA-06-TAUPE-9
PO2023000048,0,1,2023-11-04,2023-11-21,2023-12-05,2023-12-30,PASADENA-SB,,USD,1061.75,1061.75,0,0.00,1061.75,0.00,,,,,,,,,,,,,,,,,,,,,,,,,,,,,,,,,,,,,,,,,,6,01,CORA-01-LEOP-9,CROSS FRONT SANDAL,43.00,4,10.75,,,,,,CORA-01-LEOP-9
PO2023000048,0,1,2023-11-04,2023-11-21,2023-12-05,2023-12-30,PASADENA-SB,,USD,1061.75,1061.75,0,0.00,1061.75,0.00,,,,,,,,,,,,,,,,,,,,,,,,,,,,,,,,,,,,,,,,,,7,01,ASTRID-01-NUDE-7,SLIP ON SNEAKER,145.25,7,20.75,,,,,,ASTRID-01-NUDE-7
PO2023000048,0,1,2023-11-04,2023-11-21,2023-12-05,2023-12-30,PASADENA-SB,,USD,1061.75,1061.75,0,0.00,1061.75,0.00,,,,,,,,,,,,,,,,,,,,,,,,,,,,,,,,,,,,,,,,,,8,01,ADELINE-02-WHITE-12,WOVEN SLIDE SANDAL,80.50,7,11.50,,,,,,ADELINE-02-WHITE-12
PO2023000049,0,1,2023-11-25,2023-12-15,2023-12-21,2024-01-16,GOLDEN-SA,,USD,892.50,892.50,0,0.00,892.50,0.00,,,,,,,,,,,,,,,,,,,,,,,,,,,,,,,,,,,,,,,,,,1,01,CORA-01-BLK-8,CROSS FRONT SANDAL,64.50,6,10.75,,,,,,CORA-01-BLK-8
PO2023000049,0,1,2023-11-25,2023-12-15,2023-12-21,2024-01-16,GOLDEN-SA,,USD,892.50,892.50,0,0.00,892.50,0.00,,,,,,,,,,,,,,,,,,,,,,,,,,,,,,,,,,,,,,,,,,2,01,FD9801506P-GINGER-1X-STD,Natalia Solid Button-Up Wrap Lantern Sleeve Dress,98.00,2,49.00,,809666395341,,,,FD9801506P-GINGER-1X-STD
PO2023000049,0,1,2023-11-25,2023-12-15,2023-12-21,2024-01-16,GOLDEN-SA,,USD,892.50,892.50,0,0.00,892.50,0.00,,,,,,,,,,,,,,,,,,,,,,,,,,,,,,,,,,,,,,,,,,3,01,AUSTIN-06-NUDE-7,SNEAKER,170.00,17,10.00,,,,,,AUSTIN-06-NUDE-7
PO2023000049,0,1,2023-11-25,2023-12-15,2023-12-21,2024-01-16,GOLDEN-SA,,USD,892.50,892.50,0,0.00,892.50,0.00,,,,,,,,,,,,,,,,,,,,,,,,,,,,,,,,,,,,,,,,,,4,01,173451-1183CITIZEN-11-34,Susan Stretch Denim Skinny Jeans Medium Blue 5 Pocket Wash,480.00,20,24.00,,809666377781,,,,173451-1183CITIZEN-11-34
PO2023000049,0,1,2023-11-25,2023-12-15,2023-12-21,2024-01-16,GOLDEN-SA,,USD,892.50,892.50,0,0.00,892.50,0.00,,,,,,,,,,,,,,,,,,,,,,,,,,,,,,,,,,,,,,,,,,5,01,CAMILA-06-TAUPE-5.5,COSS FRONT SLIP ON SLIDES,80.00,10,8.00,,,,,,CAMILA-06-TAUPE-5.5
PO2023000050,0,1,2023-12-20,2023-12-27,2024-01-09,2024-02-05,PACIFIC-CM,,USD,691.00,691.00,0,0.00,691.00,0.00,,,,,,,,,,,,,,,,,,,,,,,,,,,,,,,,,,,,,,,,,,1,01,AVIANA-06-WHITE-12,FUR SLIPPER,276.25,17,16.25,,,,,,AVIANA-06-WHITE-12
PO2023000050,0,1,2023-12-20,2023-12-27,2024-01-09,2024-02-05,PACIFIC-CM,,USD,691.00,691.00,0,0.00,691.00,0.00,,,,,,,,,,,,,,,,,,,,,,,,,,,,,,,,,,,,,,,,,,2,01,CORA-01-BLK-5,CROSS FRONT SANDAL,21.50,2,10.75,,,,,,CORA-01-BLK-5
PO2023000050,0,1,2023-12-20,2023-12-27,2024-01-09,2024-02-05,PACIFIC-CM,,USD,691.00,691.00,0,0.00,691.00,0.00,,,,,,,,,,,,,,,,,,,,,,,,,,,,,,,,,,,,,,,,,,3,01,AVIANA-06-BEIGE-7.5,FUR SLIPPER,243.75,15,16.25,,,,,,AVIANA-06-BEIGE-7.5
PO2023000050,0,1,2023-12-20,2023-12-27,2024-01-09,2024-02-05,PACIFIC-CM,,USD,691.00,691.00,0,0.00,691.00,0.00,,,,,,,,,,,,,,,,,,,,,,,,,,,,,,,,,,,,,,,,,,4,01,ADELINE-02-CAMEL-8.5,WOVEN SLIDE SANDAL,149.50,13,11.50,,,,,,ADELINE-02-CAMEL-8.5
PO2023000051,0,1,2023-12-09,2023-12-17,2023-12-20,2024-01-27,SILICON-GC,,USD,110.00,110.00,0,0.00,110.00,0.00,,,,,,,,,,,,,,,,,,,,,,,,,,,,,,,,,,,,,,,,,,1,01,AUSTIN-06-BLACK-7,SNEAKER,110.00,11,10.00,,,,,,AUSTIN-06-BLACK-7
PO2023000052,0,1,2023-12-30,2024-01-07,2024-01-10,2024-02-19,BAY-FW,,USD,767.26,767.26,0,0.00,767.26,0.00,,,,,,,,,,,,,,,,,,,,,,,,,,,,,,,,,,,,,,,,,,1,01,ASTRID-01-BLACK-A12,SLIP ON SNEAKER,239.76,6,39.96,,,,,,ASTRID-01-BLACK-A12
PO2023000052,0,1,2023-12-30,2024-01-07,2024-01-10,2024-02-19,BAY-FW,,USD,767.26,767.26,0,0.00,767.26,0.00,,,,,,,,,,,,,,,,,,,,,,,,,,,,,,,,,,,,,,,,,,2,01,F13031C-1742VNTGST-24-STD,Cayden Vintage Beujolias Corduroy Skinny Jeans,408.00,12,34.00,,809666255041,,,,F13031C-1742VNTGST-24-STD
PO2023000052,0,1,2023-12-30,2024-01-07,2024-01-10,2024-02-19,BAY-FW,,USD,767.26,767.26,0,0.00,767.26,0.00,,,,,,,,,,,,,,,,,,,,,,,,,,,,,,,,,,,,,,,,,,3,01,ADELINE-02-PINK-11,WOVEN SLIDE SANDAL,103.50,9,11.50,,,,,,ADELINE-02-PINK-11
PO2023000052,0,1,2023-12-30,2024-01-07,2024-01-10,2024-02-19,BAY-FW,,USD,767.26,767.26,0,0.00,767.26,0.00,,,,,,,,,,,,,,,,,,,,,,,,,,,,,,,,,,,,,,,,,,4,01,CAMILA-06-TAUPE-6.5,COSS FRONT SLIP ON SLIDES,16.00,2,8.00,,,,,,CAMILA-06-TAUPE-6.5
PO2024000053,0,1,2024-01-29,2024-02-06,2024-02-17,2024-03-04,OAKLAND-UA,,USD,834.91,834.91,0,0.00,834.91,0.00,,,,,,,,,,,,,,,,,,,,,,,,,,,,,,,,,,,,,,,,,,1,01,AVIANA-06-BEIGE-5,FUR SLIPPER,243.75,15,16.25,,,,,,AVIANA-06-BEIGE-5
PO2024000053,0,1,2024-01-29,2024-02-06,2024-02-17,2024-03-04,OAKLAND-UA,,USD,834.91,834.91,0,0.00,834.91,0.00,,,,,,,,,,,,,,,,,,,,,,,,,,,,,,,,,,,,,,,,,,2,01,ASTRID-01-NUDE-12,SLIP ON SNEAKER,124.50,6,20.75,,,,,,ASTRID-01-NUDE-12
PO2024000053,0,1,2024-01-29,2024-02-06,2024-02-17,2024-03-04,OAKLAND-UA,,USD,834.91,834.91,0,0.00,834.91,0.00,,,,,,,,,,,,,,,,,,,,,,,,,,,,,,,,,,,,,,,,,,3,01,ADELINE-03-BROWN-11,BUCKLE FRONT FLAT SANDALS,92.50,5,18.50,,,,,,ADELINE-03-BROWN-11
PO2024000053,0,1,2024-01-29,2024-02-06,2024-02-17,2024-03-04,OAKLAND-UA,,USD,834.91,834.91,0,0.00,834.91,0.00,,,,,,,,,,,,,,,,,,,,,,,,,,,,,,,,,,,,,,,,,,4,01,ASTRID-01-BLACK-B12,SLIP ON SNEAKER,374.16,12,31.18,,,,,,ASTRID-01-BLACK-B12
PO2024000054,0,1,2024-01-27,2024-02-14,2024-02-22,2024-03-25,IRVINE-ES,,USD,2256.00,2256.00,0,0.00,2256.00,0.00,,,,,,,,,,,,,,,,,,,,,,,,,,,,,,,,,,,,,,,,,,1,01,FA13501DM-1608BLAU2-32-32,Maya Basic Dark Handsand Wash Midrise Skinny Jeans,476.00,14,34.00,,8.09667E+11,,,,FA13501DM-1608BLAU2-32-32
PO2024000054,0,1,2024-01-27,2024-02-14,2024-02-22,2024-03-25,IRVINE-ES,,USD,2256.00,2256.00,0,0.00,2256.00,0.00,,,,,,,,,,,,,,,,,,,,,,,,,,,,,,,,,,,,,,,,,,2,01,AUSTIN-06-CAMEL-8,SNEAKER,40.00,4,10.00,,,,,,AUSTIN-06-CAMEL-8
PO2024000054,0,1,2024-01-27,2024-02-14,2024-02-22,2024-03-25,IRVINE-ES,,USD,2256.00,2256.00,0,0.00,2256.00,0.00,,,,,,,,,,,,,,,,,,,,,,,,,,,,,,,,,,,,,,,,,,3,01,ASTRID-01-GREY-S,SLIP ON SNEAKER,1740.00,20,87.00,,,,,,ASTRID-01-GREY-S
PO2024000055,0,1,2024-01-15,2024-01-28,2024-02-09,2024-02-29,ANAHEIM-PF,,USD,16.00,16.00,0,0.00,16.00,0.00,,,,,,,,,,,,,,,,,,,,,,,,,,,,,,,,,,,,,,,,,,1,01,CAMILA-06-NUDE-9,COSS FRONT SLIP ON SLIDES,16.00,2,8.00,,,,,,CAMILA-06-NUDE-9
PO2024000056,0,1,2024-01-26,2024-02-08,2024-02-15,2024-03-26,PASADENA-SB,,USD,1360.62,1360.62,0,0.00,1360.62,0.00,,,,,,,,,,,,,,,,,,,,,,,,,,,,,,,,,,,,,,,,,,1,01,AVIANA-06-BEIGE-B12,FUR SLIPPER,445.12,13,34.24,,,,,,AVIANA-06-BEIGE-B12
PO2024000056,0,1,2024-01-26,2024-02-08,2024-02-15,2024-03-26,PASADENA-SB,,USD,1360.62,1360.62,0,0.00,1360.62,0.00,,,,,,,,,,,,,,,,,,,,,,,,,,,,,,,,,,,,,,,,,,2,01,AUSTIN-06-CAMEL-7,SNEAKER,150.00,15,10.00,,,,,,AUSTIN-06-CAMEL-7
PO2024000056,0,1,2024-01-26,2024-02-08,2024-02-15,2024-03-26,PASADENA-SB,,USD,1360.62,1360.62,0,0.00,1360.62,0.00,,,,,,,,,,,,,,,,,,,,,,,,,,,,,,,,,,,,,,,,,,3,01,FA13501DM-1464KINGSC-28-30,Maya Basic Dark Handsand Wash Midrise Skinny Jeans,102.00,3,34.00,,8.09667E+11,,,,FA13501DM-1464KINGSC-28-30
PO2024000056,0,1,2024-01-26,2024-02-08,2024-02-15,2024-03-26,PASADENA-SB,,USD,1360.62,1360.62,0,0.00,1360.62,0.00,,,,,,,,,,,,,,,,,,,,,,,,,,,,,,,,,,,,,,,,,,4,01,CORA-01-TAUP-7.5,CROSS FRONT SANDAL,172.00,16,10.75,,,,,,CORA-01-TAUP-7.5
PO2024000056,0,1,2024-01-26,2024-02-08,2024-02-15,2024-03-26,PASADENA-SB,,USD,1360.62,1360.62,0,0.00,1360.62,0.00,,,,,,,,,,,,,,,,,,,,,,,,,,,,,,,,,,,,,,,,,,5,01,ADELINE-02-BLACK-7,WOVEN SLIDE SANDAL,149.50,13,11.50,,,,,,ADELINE-02-BLACK-7
PO2024000056,0,1,2024-01-26,2024-02-08,2024-02-15,2024-03-26,PASADENA-SB,,USD,1360.62,1360.62,0,0.00,1360.62,0.00,,,,,,,,,,,,,,,,,,,,,,,,,,,,,,,,,,,,,,,,,,6,01,ASTRID-01-BLUSH-5.5,SLIP ON SNEAKER,83.00,4,20.75,,,,,,ASTRID-01-BLUSH-5.5
PO2024000056,0,1,2024-01-26,2024-02-08,2024-02-15,2024-03-26,PASADENA-SB,,USD,1360.62,1360.62,0,0.00,1360.62,0.00,,,,,,,,,,,,,,,,,,,,,,,,,,,,,,,,,,,,,,,,,,7,01,ADELINE-03-BLACK-11,BUCKLE FRONT FLAT SANDALS,259.00,14,18.50,,,,,,ADELINE-03-BLACK-11
PO2024000057,0,1,2024-01-01,2024-01-07,2024-01-20,2024-03-01,GOLDEN-SA,,USD,1332.81,1332.81,0,0.00,1332.81,0.00,,,,,,,,,,,,,,,,,,,,,,,,,,,,,,,,,,,,,,,,,,1,01,AVIANA-06-WHITE-11,FUR SLIPPER,227.50,14,16.25,,,,,,AVIANA-06-WHITE-11
PO2024000057,0,1,2024-01-01,2024-01-07,2024-01-20,2024-03-01,GOLDEN-SA,,USD,1332.81,1332.81,0,0.00,1332.81,0.00,,,,,,,,,,,,,,,,,,,,,,,,,,,,,,,,,,,,,,,,,,2,01,CAMILA-06-NUDE-5,COSS FRONT SLIP ON SLIDES,8.00,1,8.00,,,,,,CAMILA-06-NUDE-5
PO2024000057,0,1,2024-01-01,2024-01-07,2024-01-20,2024-03-01,GOLDEN-SA,,USD,1332.81,1332.81,0,0.00,1332.81,0.00,,,,,,,,,,,,,,,,,,,,,,,,,,,,,,,,,,,,,,,,,,3,01,AVIANA-06-BLACK-B12,FUR SLIPPER,572.31,9,63.59,,,,,,AVIANA-06-BLACK-B12
PO2024000057,0,1,2024-01-01,2024-01-07,2024-01-20,2024-03-01,GOLDEN-SA,,USD,1332.81,1332.81,0,0.00,1332.81,0.00,,,,,,,,,,,,,,,,,,,,,,,,,,,,,,,,,,,,,,,,,,4,01,ADELINE-03-BLACK-9.5,BUCKLE FRONT FLAT SANDALS,185.00,10,18.50,,,,,,ADELINE-03-BLACK-9.5
PO2024000057,0,1,2024-01-01,2024-01-07,2024-01-20,2024-03-01,GOLDEN-SA,,USD,1332.81,1332.81,0,0.00,1332.81,0.00,,,,,,,,,,,,,,,,,,,,,,,,,,,,,,,,,,,,,,,,,,5,01,FA13501DM-1464KINGSC-26-32,Maya Basic Dark Handsand Wash Midrise Skinny Jeans,340.00,10,34.00,,8.09667E+11,,,,FA13501DM-1464KINGSC-26-32
PO2024000058,0,1,2024-02-11,2024-02-27,2024-02-29,2024-03-17,PACIFIC-CM,,USD,1066.75,1066.75,0,0.00,1066.75,0.00,,,,,,,,,,,,,,,,,,,,,,,,,,,,,,,,,,,,,,,,,,1,01,FD3601734-MEDBLEACH-XL-STD,Ally Women's Full Sleeve Denim Shirt Dress,588.00,6,98.00,,809666438451,,,,FD3601734-MEDBLEACH-XL-STD
PO2024000058,0,1,2024-02-11,2024-02-27,2024-02-29,2024-03-17,PACIFIC-CM,,USD,1066.75,1066.75,0,0.00,1066.75,0.00,,,,,,,,,,,,,,,,,,,,,,,,,,,,,,,,,,,,,,,,,,2,01,CORA-01-LEOP-10,CROSS FRONT SANDAL,53.75,5,10.75,,,,,,CORA-01-LEOP-10
PO2024000058,0,1,2024-02-11,2024-02-27,2024-02-29,2024-03-17,PACIFIC-CM,,USD,1066.75,1066.75,0,0.00,1066.75,0.00,,,,,,,,,,,,,,,,,,,,,,,,,,,,,,,,,,,,,,,,,,3,01,ADELINE-03-BLUE-10,BUCKLE FRONT FLAT SANDALS,296.00,16,18.50,,,,,,ADELINE-03-BLUE-10
PO2024000058,0,1,2024-02-11,2024-02-27,2024-02-29,2024-03-17,PACIFIC-CM,,USD,1066.75,1066.75,0,0.00,1066.75,0.00,,,,,,,,,,,,,,,,,,,,,,,,,,,,,,,,,,,,,,,,,,4,01,CORA-01-BLK-5.5,CROSS FRONT SANDAL,129.00,12,10.75,,,,,,CORA-01-BLK-5.5
PO2024000059,0,1,2024-02-26,2024-03-02,2024-03-08,2024-04-11,SILICON-GC,,USD,868.25,868.25,0,0.00,868.25,0.00,,,,,,,,,,,,,,,,,,,,,,,,,,,,,,,,,,,,,,,,,,1,01,CORA-01-FUCH-10,CROSS FRONT SANDAL,204.25,19,10.75,,,,,,CORA-01-FUCH-10
PO2024000059,0,1,2024-02-26,2024-03-02,2024-03-08,2024-04-11,SILICON-GC,,USD,868.25,868.25,0,0.00,868.25,0.00,,,,,,,,,,,,,,,,,,,,,,,,,,,,,,,,,,,,,,,,,,2,01,CAMILA-06-BLACK-9,COSS FRONT SLIP ON SLIDES,8.00,1,8.00,,,,,,CAMILA-06-BLACK-9
PO2024000059,0,1,2024-02-26,2024-03-02,2024-03-08,2024-04-11,SILICON-GC,,USD,868.25,868.25,0,0.00,868.25,0.00,,,,,,,,,,,,,,,,,,,,,,,,,,,,,,,,,,,,,,,,,,3,01,F13031C-1742VNTGST-32-STD,Cayden Vintage Beujolias Corduroy Skinny Jeans,68.00,2,34.00,,809666255126,,,,F13031C-1742VNTGST-32-STD
PO2024000059,0,1,2024-02-26,2024-03-02,2024-03-08,2024-04-11,SILICON-GC,,USD,868.25,868.25,0,0.00,868.25,0.00,,,,,,,,,,,,,,,,,,,,,,,,,,,,,,,,,,,,,,,,,,4,01,F13031C-1742VNTGDM-27-STD,Cayden Vintage Beujolias Corduroy Skinny Jeans,578.00,17,34.00,,809666254983,,,,F13031C-1742VNTGDM-27-STD
PO2024000059,0,1,2024-02-26,2024-03-02,2024-03-08,2024-04-11,SILICON-GC,,USD,868.25,868.25,0,0.00,868.25,0.00,,,,,,,,,,,,,,,,,,,,,,,,,,,,,,,,,,,,,,,,,,5,01,AUSTIN-06-BLUSH-11,SNEAKER,10.00,1,10.00,,,,,,AUSTIN-06-BLUSH-11
PO2024000060,0,1,2024-02-03,2024-02-14,2024-02-29,2024-03-17,BAY-FW,,USD,2424.75,2424.75,0,0.00,2424.75,0.00,,,,,,,,,,,,,,,,,,,,,,,,,,,,,,,,,,,,,,,,,,1,01,FA13501DM-RINSEWSFT-29-32,Maya Basic Dark Handsand Wash Midrise Skinny Jeans,544.00,16,34.00,,8.09667E+11,,,,FA13501DM-RINSEWSFT-29-32
PO2024000060,0,1,2024-02-03,2024-02-14,2024-02-29,2024-03-17,BAY-FW,,USD,2424.75,2424.75,0,0.00,2424.75,0.00,,,,,,,,,,,,,,,,,,,,,,,,,,,,,,,,,,,,,,,,,,2,01,AUSTIN-06-CAMEL-10,SNEAKER,110.00,11,10.00,,,,,,AUSTIN-06-CAMEL-10
PO2024000060,0,1,2024-02-03,2024-02-14,2024-02-29,2024-03-17,BAY-FW,,USD,2424.75,2424.75,0,0.00,2424.75,0.00,,,,,,,,,,,,,,,,,,,,,,,,,,,,,,,,,,,,,,,,,,3,01,FA13501DM-1464KINGSC-30-30,Maya Basic Dark Handsand Wash Midrise Skinny Jeans,374.00,11,34.00,,8.09667E+11,,,,FA13501DM-1464KINGSC-30-30
PO2024000060,0,1,2024-02-03,2024-02-14,2024-02-29,2024-03-17,BAY-FW,,USD,2424.75,2424.75,0,0.00,2424.75,0.00,,,,,,,,,,,,,,,,,,,,,,,,,,,,,,,,,,,,,,,,,,4,01,ASTRID-01-BLACK-8,SLIP ON SNEAKER,20.75,1,20.75,,,,,,ASTRID-01-BLACK-8
PO2024000060,0,1,2024-02-03,2024-02-14,2024-02-29,2024-03-17,BAY-FW,,USD,2424.75,2424.75,0,0.00,2424.75,0.00,,,,,,,,,,,,,,,,,,,,,,,,,,,,,,,,,,,,,,,,,,5,01,AUSTIN-06-NUDE-S,SNEAKER,1080.00,9,120.00,,,,,,AUSTIN-06-NUDE-S
PO2024000060,0,1,2024-02-03,2024-02-14,2024-02-29,2024-03-17,BAY-FW,,USD,2424.75,2424.75,0,0.00,2424.75,0.00,,,,,,,,,,,,,,,,,,,,,,,,,,,,,,,,,,,,,,,,,,6,01,ADELINE-03-TAUPE-9.5,BUCKLE FRONT FLAT SANDALS,296.00,16,18.50,,,,,,ADELINE-03-TAUPE-9.5
PO2024000061,0,1,2024-02-24,2024-03-09,2024-03-21,2024-04-17,OAKLAND-UA,,USD,490.50,490.50,0,0.00,490.50,0.00,,,,,,,,,,,,,,,,,,,,,,,,,,,,,,,,,,,,,,,,,,1,01,CAMILA-06-NUDE-6.5,COSS FRONT SLIP ON SLIDES,160.00,20,8.00,,,,,,CAMILA-06-NUDE-6.5
PO2024000061,0,1,2024-02-24,2024-03-09,2024-03-21,2024-04-17,OAKLAND-UA,,USD,490.50,490.50,0,0.00,490.50,0.00,,,,,,,,,,,,,,,,,,,,,,,,,,,,,,,,,,,,,,,,,,2,01,FB3601737-3219UNFORGV-31-STD,Light Hand-Sanded Denim Stretch High-Waist Slit Hem Jeans,78.00,2,39.00,,809666434415,,,,FB3601737-3219UNFORGV-31-STD
PO2024000061,0,1,2024-02-24,2024-03-09,2024-03-21,2024-04-17,OAKLAND-UA,,USD,490.50,490.50,0,0.00,490.50,0.00,,,,,,,,,,,,,,,,,,,,,,,,,,,,,,,,,,,,,,,,,,3,01,F13031C-1742VNTGST-27-STD,Cayden Vintage Beujolias Corduroy Skinny Jeans,34.00,1,34.00,,809666255072,,,,F13031C-1742VNTGST-27-STD
PO2024000061,0,1,2024-02-24,2024-03-09,2024-03-21,2024-04-17,OAKLAND-UA,,USD,490.50,490.50,0,0.00,490.50,0.00,,,,,,,,,,,,,,,,,,,,,,,,,,,,,,,,,,,,,,,,,,4,01,ADELINE-02-PINK-10,WOVEN SLIDE SANDAL,218.50,19,11.50,,,,,,ADELINE-02-PINK-10
PO2024000062,0,1,2024-03-09,2024-03-27,2024-04-03,2024-04-10,IRVINE-ES,,USD,344.25,344.25,0,0.00,344.25,0.00,,,,,,,,,,,,,,,,,,,,,,,,,,,,,,,,,,,,,,,,,,1,01,FA13512DM-1847DPOCN-28-30,Angie Stud Bling Pocket Low Rise Skinny Jeans,68.00,2,34.00,,8.09667E+11,,,,FA13512DM-1847DPOCN-28-30
PO2024000062,0,1,2024-03-09,2024-03-27,2024-04-03,2024-04-10,IRVINE-ES,,USD,344.25,344.25,0,0.00,344.25,0.00,,,,,,,,,,,,,,,,,,,,,,,,,,,,,,,,,,,,,,,,,,2,01,AVIANA-06-PINK-12,FUR SLIPPER,276.25,17,16.25,,,,,,AVIANA-06-PINK-12
PO2024000063,0,1,2024-03-28,2024-04-13,2024-04-27,2024-05-24,ANAHEIM-PF,,USD,2483.02,2483.02,0,0.00,2483.02,0.00,,,,,,,,,,,,,,,,,,,,,,,,,,,,,,,,,,,,,,,,,,1,01,ASTRID-01-BLUSH-A12,SLIP ON SNEAKER,736.27,17,43.31,,,,,,ASTRID-01-BLUSH-A12
PO2024000063,0,1,2024-03-28,2024-04-13,2024-04-27,2024-05-24,ANAHEIM-PF,,USD,2483.02,2483.02,0,0.00,2483.02,0.00,,,,,,,,,,,,,,,,,,,,,,,,,,,,,,,,,,,,,,,,,,2,01,CORA-01-TAUP-12,CROSS FRONT SANDAL,172.00,16,10.75,,,,,,CORA-01-TAUP-12
PO2024000063,0,1,2024-03-28,2024-04-13,2024-04-27,2024-05-24,ANAHEIM-PF,,USD,2483.02,2483.02,0,0.00,2483.02,0.00,,,,,,,,,,,,,,,,,,,,,,,,,,,,,,,,,,,,,,,,,,3,01,AVIANA-06-BEIGE-9.5,FUR SLIPPER,243.75,15,16.25,,,,,,AVIANA-06-BEIGE-9.5
PO2024000063,0,1,2024-03-28,2024-04-13,2024-04-27,2024-05-24,ANAHEIM-PF,,USD,2483.02,2483.02,0,0.00,2483.02,0.00,,,,,,,,,,,,,,,,,,,,,,,,,,,,,,,,,,,,,,,,,,4,01,FA16023WV-MIDNIGHTCAMO-S-STD,GGT wrap kimono maxi dress,195.00,5,39.00,,809666795752,,,,FA16023WV-MIDNIGHTCAMO-S-STD
PO2024000063,0,1,2024-03-28,2024-04-13,2024-04-27,2024-05-24,ANAHEIM-PF,,USD,2483.02,2483.02,0,0.00,2483.02,0.00,,,,,,,,,,,,,,,,,,,,,,,,,,,,,,,,,,,,,,,,,,5,01,ADELINE-02-PINK-A12,WOVEN SLIDE SANDAL,966.00,7,138.00,,,,,,ADELINE-02-PINK-A12
PO2024000063,0,1,2024-03-28,2024-04-13,2024-04-27,2024-05-24,ANAHEIM-PF,,USD,2483.02,2483.02,0,0.00,2483.02,0.00,,,,,,,,,,,,,,,,,,,,,,,,,,,,,,,,,,,,,,,,,,6,01,FA13512DM-1847DPOCN-29-32,Angie Stud Bling Pocket Low Rise Skinny Jeans,170.00,5,34.00,,8.09667E+11,,,,FA13512DM-1847DPOCN-29-32
PO2024000064,0,1,2024-03-12,2024-03-21,2024-03-28,2024-04-26,PASADENA-SB,,USD,1202.50,1202.50,0,0.00,1202.50,0.00,,,,,,,,,,,,,,,,,,,,,,,,,,,,,,,,,,,,,,,,,,1,01,ADELINE-02-NUDE-11,WOVEN SLIDE SANDAL,218.50,19,11.50,,,,,,ADELINE-02-NUDE-11
PO2024000064,0,1,2024-03-12,2024-03-21,2024-03-28,2024-04-26,PASADENA-SB,,USD,1202.50,1202.50,0,0.00,1202.50,0.00,,,,,,,,,,,,,,,,,,,,,,,,,,,,,,,,,,,,,,,,,,2,01,FA16023WV-MIDNIGHTBLUE-XS-STD,GGT wrap kimono maxi dress,78.00,2,39.00,,809666300970,,,,FA16023WV-MIDNIGHTBLUE-XS-STD
PO2024000064,0,1,2024-03-12,2024-03-21,2024-03-28,2024-04-26,PASADENA-SB,,USD,1202.50,1202.50,0,0.00,1202.50,0.00,,,,,,,,,,,,,,,,,,,,,,,,,,,,,,,,,,,,,,,,,,3,01,CAMILA-06-LILAC-8.5,COSS FRONT SLIP ON SLIDES,16.00,2,8.00,,,,,,CAMILA-06-LILAC-8.5
PO2024000064,0,1,2024-03-12,2024-03-21,2024-03-28,2024-04-26,PASADENA-SB,,USD,1202.50,1202.50,0,0.00,1202.50,0.00,,,,,,,,,,,,,,,,,,,,,,,,,,,,,,,,,,,,,,,,,,4,01,ADELINE-03-BLUE-7.5,BUCKLE FRONT FLAT SANDALS,277.50,15,18.50,,,,,,ADELINE-03-BLUE-7.5
PO2024000064,0,1,2024-03-12,2024-03-21,2024-03-28,2024-04-26,PASADENA-SB,,USD,1202.50,1202.50,0,0.00,1202.50,0.00,,,,,,,,,,,,,,,,,,,,,,,,,,,,,,,,,,,,,,,,,,5,01,F13T007SS-CABERNET-M-STD,S&P V-neck Sleeveless Peplum Blouse Front Hook-and-eye Closu,319.00,11,29.00,,8.09666E+11,,,,F13T007SS-CABERNET-M-STD
PO2024000064,0,1,2024-03-12,2024-03-21,2024-03-28,2024-04-26,PASADENA-SB,,USD,1202.50,1202.50,0,0.00,1202.50,0.00,,,,,,,,,,,,,,,,,,,,,,,,,,,,,,,,,,,,,,,,,,6,01,ADELINE-03-BLUE-8.5,BUCKLE FRONT FLAT SANDALS,203.50,11,18.50,,,,,,ADELINE-03-BLUE-8.5
PO2024000064,0,1,2024-03-12,2024-03-21,2024-03-28,2024-04-26,PASADENA-SB,,USD,1202.50,1202.50,0,0.00,1202.50,0.00,,,,,,,,,,,,,,,,,,,,,,,,,,,,,,,,,,,,,,,,,,7,01,AUSTIN-06-NUDE-8,SNEAKER,90.00,9,10.00,,,,,,AUSTIN-06-NUDE-8
PO2024000065,0,1,2024-04-07,2024-04-21,2024-04-24,2024-05-11,GOLDEN-SA,,USD,565.50,565.50,0,0.00,565.50,0.00,,,,,,,,,,,,,,,,,,,,,,,,,,,,,,,,,,,,,,,,,,1,01,ASTRID-01-BLACK-9,SLIP ON SNEAKER,373.50,18,20.75,,,,,,ASTRID-01-BLACK-9
PO2024000065,0,1,2024-04-07,2024-04-21,2024-04-24,2024-05-11,GOLDEN-SA,,USD,565.50,565.50,0,0.00,565.50,0.00,,,,,,,,,,,,,,,,,,,,,,,,,,,,,,,,,,,,,,,,,,2,01,AUSTIN-06-WHITE-7.5,SNEAKER,90.00,9,10.00,,,,,,AUSTIN-06-WHITE-7.5
PO2024000065,0,1,2024-04-07,2024-04-21,2024-04-24,2024-05-11,GOLDEN-SA,,USD,565.50,565.50,0,0.00,565.50,0.00,,,,,,,,,,,,,,,,,,,,,,,,,,,,,,,,,,,,,,,,,,3,01,F13031C-1742VNTGST-26-STD,Cayden Vintage Beujolias Corduroy Skinny Jeans,102.00,3,34.00,,809666255065,,,,F13031C-1742VNTGST-26-STD
PO2024000066,0,1,2024-04-08,2024-04-22,2024-05-06,2024-05-30,PACIFIC-CM,,USD,1179.25,1179.25,0,0.00,1179.25,0.00,,,,,,,,,,,,,,,,,,,,,,,,,,,,,,,,,,,,,,,,,,1,01,F13031C-1742VNTGDM-30-STD,Cayden Vintage Beujolias Corduroy Skinny Jeans,612.00,18,34.00,,809666255010,,,,F13031C-1742VNTGDM-30-STD
PO2024000066,0,1,2024-04-08,2024-04-22,2024-05-06,2024-05-30,PACIFIC-CM,,USD,1179.25,1179.25,0,0.00,1179.25,0.00,,,,,,,,,,,,,,,,,,,,,,,,,,,,,,,,,,,,,,,,,,2,01,ASTRID-01-BLACK-8.5,SLIP ON SNEAKER,62.25,3,20.75,,,,,,ASTRID-01-BLACK-8.5
PO2024000066,0,1,2024-04-08,2024-04-22,2024-05-06,2024-05-30,PACIFIC-CM,,USD,1179.25,1179.25,0,0.00,1179.25,0.00,,,,,,,,,,,,,,,,,,,,,,,,,,,,,,,,,,,,,,,,,,3,01,CAMILA-06-LILAC-9,COSS FRONT SLIP ON SLIDES,24.00,3,8.00,,,,,,CAMILA-06-LILAC-9
PO2024000066,0,1,2024-04-08,2024-04-22,2024-05-06,2024-05-30,PACIFIC-CM,,USD,1179.25,1179.25,0,0.00,1179.25,0.00,,,,,,,,,,,,,,,,,,,,,,,,,,,,,,,,,,,,,,,,,,4,01,ADELINE-03-GOLD-7,BUCKLE FRONT FLAT SANDALS,222.00,12,18.50,,,,,,ADELINE-03-GOLD-7
PO2024000066,0,1,2024-04-08,2024-04-22,2024-05-06,2024-05-30,PACIFIC-CM,,USD,1179.25,1179.25,0,0.00,1179.25,0.00,,,,,,,,,,,,,,,,,,,,,,,,,,,,,,,,,,,,,,,,,,5,01,ADELINE-03-BLUE-9,BUCKLE FRONT FLAT SANDALS,259.00,14,18.50,,,,,,ADELINE-03-BLUE-9
PO2024000067,0,1,2024-04-12,2024-04-28,2024-05-07,2024-05-17,SILICON-GC,,USD,1498.00,1498.00,0,0.00,1498.00,0.00,,,,,,,,,,,,,,,,,,,,,,,,,,,,,,,,,,,,,,,,,,1,01,FD3601734-MEDBLEACH-M-STD,Ally Women's Full Sleeve Denim Shirt Dress,784.00,8,98.00,,809666438437,,,,FD3601734-MEDBLEACH-M-STD
PO2024000067,0,1,2024-04-12,2024-04-28,2024-05-07,2024-05-17,SILICON-GC,,USD,1498.00,1498.00,0,0.00,1498.00,0.00,,,,,,,,,,,,,,,,,,,,,,,,,,,,,,,,,,,,,,,,,,2,01,F13031C-1742VNTGDM-31-STD,Cayden Vintage Beujolias Corduroy Skinny Jeans,306.00,9,34.00,,809666255027,,,,F13031C-1742VNTGDM-31-STD
PO2024000067,0,1,2024-04-12,2024-04-28,2024-05-07,2024-05-17,SILICON-GC,,USD,1498.00,1498.00,0,0.00,1498.00,0.00,,,,,,,,,,,,,,,,,,,,,,,,,,,,,,,,,,,,,,,,,,3,01,FA13501DM-1608BLAU2-31-30,Maya Basic Dark Handsand Wash Midrise Skinny Jeans,408.00,12,34.00,,8.09667E+11,,,,FA13501DM-1608BLAU2-31-30
PO2024000068,0,1,2024-04-20,2024-04-25,2024-05-03,2024-06-15,BAY-FW,,USD,2307.50,2307.50,0,0.00,2307.50,0.00,,,,,,,,,,,,,,,,,,,,,,,,,,,,,,,,,,,,,,,,,,1,01,F13031C-1742VNTGBJ-31-STD,Cayden Vintage Beujolias Corduroy Skinny Jeans,136.00,4,34.00,,809666254846,,,,F13031C-1742VNTGBJ-31-STD
PO2024000068,0,1,2024-04-20,2024-04-25,2024-05-03,2024-06-15,BAY-FW,,USD,2307.50,2307.50,0,0.00,2307.50,0.00,,,,,,,,,,,,,,,,,,,,,,,,,,,,,,,,,,,,,,,,,,2,01,ADELINE-02-NUDE-5,WOVEN SLIDE SANDAL,115.00,10,11.50,,,,,,ADELINE-02-NUDE-5
PO2024000068,0,1,2024-04-20,2024-04-25,2024-05-03,2024-06-15,BAY-FW,,USD,2307.50,2307.50,0,0.00,2307.50,0.00,,,,,,,,,,,,,,,,,,,,,,,,,,,,,,,,,,,,,,,,,,3,01,ADELINE-03-TAUPE-A12,BUCKLE FRONT FLAT SANDALS,1110.00,5,222.00,,,,,,ADELINE-03-TAUPE-A12
PO2024000068,0,1,2024-04-20,2024-04-25,2024-05-03,2024-06-15,BAY-FW,,USD,2307.50,2307.50,0,0.00,2307.50,0.00,,,,,,,,,,,,,,,,,,,,,,,,,,,,,,,,,,,,,,,,,,4,01,FD9801506P-BLACK-1X-STD,Natalia Solid Button-Up Wrap Lantern Sleeve Dress,637.00,13,49.00,,809666395280,,,,FD9801506P-BLACK-1X-STD
PO2024000068,0,1,2024-04-20,2024-04-25,2024-05-03,2024-06-15,BAY-FW,,USD,2307.50,2307.50,0,0.00,2307.50,0.00,,,,,,,,,,,,,,,,,,,,,,,,,,,,,,,,,,,,,,,,,,5,01,ASTRID-01-BLACK-9.5,SLIP ON SNEAKER,228.25,11,20.75,,,,,,ASTRID-01-BLACK-9.5
PO2024000068,0,1,2024-04-20,2024-04-25,2024-05-03,2024-06-15,BAY-FW,,USD,2307.50,2307.50,0,0.00,2307.50,0.00,,,,,,,,,,,,,,,,,,,,,,,,,,,,,,,,,,,,,,,,,,6,01,AVIANA-06-PINK-5.5,FUR SLIPPER,81.25,5,16.25,,,,,,AVIANA-06-PINK-5.5
PO2024000069,0,1,2024-05-14,2024-05-25,2024-06-06,2024-07-13,OAKLAND-UA,,USD,666.50,666.50,0,0.00,666.50,0.00,,,,,,,,,,,,,,,,,,,,,,,,,,,,,,,,,,,,,,,,,,1,01,CORA-01-TAUP-A12,CROSS FRONT SANDAL,129.00,1,129.00,,,,,,CORA-01-TAUP-A12
PO2024000069,0,1,2024-05-14,2024-05-25,2024-06-06,2024-07-13,OAKLAND-UA,,USD,666.50,666.50,0,0.00,666.50,0.00,,,,,,,,,,,,,,,,,,,,,,,,,,,,,,,,,,,,,,,,,,2,01,CAMILA-06-TAUPE-5,COSS FRONT SLIP ON SLIDES,128.00,16,8.00,,,,,,CAMILA-06-TAUPE-5
PO2024000069,0,1,2024-05-14,2024-05-25,2024-06-06,2024-07-13,OAKLAND-UA,,USD,666.50,666.50,0,0.00,666.50,0.00,,,,,,,,,,,,,,,,,,,,,,,,,,,,,,,,,,,,,,,,,,3,01,AVIANA-06-BLACK-8,FUR SLIPPER,97.50,6,16.25,,,,,,AVIANA-06-BLACK-8
PO2024000069,0,1,2024-05-14,2024-05-25,2024-06-06,2024-07-13,OAKLAND-UA,,USD,666.50,666.50,0,0.00,666.50,0.00,,,,,,,,,,,,,,,,,,,,,,,,,,,,,,,,,,,,,,,,,,4,01,173451-1183CITIZEN-3-STD,Susan Stretch Denim Skinny Jeans Medium Blue 5 Pocket Wash,312.00,13,24.00,,809666377873,,,,173451-1183CITIZEN-3-STD
PO2024000070,0,1,2024-05-20,2024-06-08,2024-06-16,2024-06-19,IRVINE-ES,,USD,1767.00,1767.00,0,0.00,1767.00,0.00,,,,,,,,,,,,,,,,,,,,,,,,,,,,,,,,,,,,,,,,,,1,01,AVIANA-06-BLACK-9,FUR SLIPPER,308.75,19,16.25,,,,,,AVIANA-06-BLACK-9
PO2024000070,0,1,2024-05-20,2024-06-08,2024-06-16,2024-06-19,IRVINE-ES,,USD,1767.00,1767.00,0,0.00,1767.00,0.00,,,,,,,,,,,,,,,,,,,,,,,,,,,,,,,,,,,,,,,,,,2,01,ADELINE-03-BLACK-6,BUCKLE FRONT FLAT SANDALS,185.00,10,18.50,,,,,,ADELINE-03-BLACK-6
PO2024000070,0,1,2024-05-20,2024-06-08,2024-06-16,2024-06-19,IRVINE-ES,,USD,1767.00,1767.00,0,0.00,1767.00,0.00,,,,,,,,,,,,,,,,,,,,,,,,,,,,,,,,,,,,,,,,,,3,01,ADELINE-02-NUDE-6.5,WOVEN SLIDE SANDAL,195.50,17,11.50,,,,,,ADELINE-02-NUDE-6.5
PO2024000070,0,1,2024-05-20,2024-06-08,2024-06-16,2024-06-19,IRVINE-ES,,USD,1767.00,1767.00,0,0.00,1767.00,0.00,,,,,,,,,,,,,,,,,,,,,,,,,,,,,,,,,,,,,,,,,,4,01,FA13501DM-RINSEWSFT-31-32,Maya Basic Dark Handsand Wash Midrise Skinny Jeans,306.00,9,34.00,,8.09667E+11,,,,FA13501DM-RINSEWSFT-31-32
PO2024000070,0,1,2024-05-20,2024-06-08,2024-06-16,2024-06-19,IRVINE-ES,,USD,1767.00,1767.00,0,0.00,1767.00,0.00,,,,,,,,,,,,,,,,,,,,,,,,,,,,,,,,,,,,,,,,,,5,01,FA16023WV-MIDNIGHTBLUE-L-STD,GGT wrap kimono maxi dress,585.00,15,39.00,,809666795738,,,,FA16023WV-MIDNIGHTBLUE-L-STD
PO2024000070,0,1,2024-05-20,2024-06-08,2024-06-16,2024-06-19,IRVINE-ES,,USD,1767.00,1767.00,0,0.00,1767.00,0.00,,,,,,,,,,,,,,,,,,,,,,,,,,,,,,,,,,,,,,,,,,6,01,ASTRID-01-BLACK-5.5,SLIP ON SNEAKER,186.75,9,20.75,,,,,,ASTRID-01-BLACK-5.5
PO2024000071,0,1,2024-05-04,2024-05-10,2024-05-18,2024-06-09,ANAHEIM-PF,,USD,1215.00,1215.00,0,0.00,1215.00,0.00,,,,,,,,,,,,,,,,,,,,,,,,,,,,,,,,,,,,,,,,,,1,01,ADELINE-03-GOLD-6,BUCKLE FRONT FLAT SANDALS,148.00,8,18.50,,,,,,ADELINE-03-GOLD-6
PO2024000071,0,1,2024-05-04,2024-05-10,2024-05-18,2024-06-09,ANAHEIM-PF,,USD,1215.00,1215.00,0,0.00,1215.00,0.00,,,,,,,,,,,,,,,,,,,,,,,,,,,,,,,,,,,,,,,,,,2,01,FA16023WV-MIDNIGHTBLUE-M-STD,GGT wrap kimono maxi dress,39.00,1,39.00,,809666795721,,,,FA16023WV-MIDNIGHTBLUE-M-STD
PO2024000071,0,1,2024-05-04,2024-05-10,2024-05-18,2024-06-09,ANAHEIM-PF,,USD,1215.00,1215.00,0,0.00,1215.00,0.00,,,,,,,,,,,,,,,,,,,,,,,,,,,,,,,,,,,,,,,,,,3,01,CORA-01-FUCH-6.5,CROSS FRONT SANDAL,107.50,10,10.75,,,,,,CORA-01-FUCH-6.5
PO2024000071,0,1,2024-05-04,2024-05-10,2024-05-18,2024-06-09,ANAHEIM-PF,,USD,1215.00,1215.00,0,0.00,1215.00,0.00,,,,,,,,,,,,,,,,,,,,,,,,,,,,,,,,,,,,,,,,,,4,01,AVIANA-06-BEIGE-12,FUR SLIPPER,276.25,17,16.25,,,,,,AVIANA-06-BEIGE-12
PO2024000071,0,1,2024-05-04,2024-05-10,2024-05-18,2024-06-09,ANAHEIM-PF,,USD,1215.00,1215.00,0,0.00,1215.00,0.00,,,,,,,,,,,,,,,,,,,,,,,,,,,,,,,,,,,,,,,,,,5,01,ADELINE-03-TAUPE-8,BUCKLE FRONT FLAT SANDALS,55.50,3,18.50,,,,,,ADELINE-03-TAUPE-8
PO2024000071,0,1,2024-05-04,2024-05-10,2024-05-18,2024-06-09,ANAHEIM-PF,,USD,1215.00,1215.00,0,0.00,1215.00,0.00,,,,,,,,,,,,,,,,,,,,,,,,,,,,,,,,,,,,,,,,,,6,01,CORA-01-TAUP-7,CROSS FRONT SANDAL,96.75,9,10.75,,,,,,CORA-01-TAUP-7
PO2024000071,0,1,2024-05-04,2024-05-10,2024-05-18,2024-06-09,ANAHEIM-PF,,USD,1215.00,1215.00,0,0.00,1215.00,0.00,,,,,,,,,,,,,,,,,,,,,,,,,,,,,,,,,,,,,,,,,,7,01,ASTRID-01-NUDE-8.5,SLIP ON SNEAKER,332.00,16,20.75,,,,,,ASTRID-01-NUDE-8.5
PO2024000071,0,1,2024-05-04,2024-05-10,2024-05-18,2024-06-09,ANAHEIM-PF,,USD,1215.00,1215.00,0,0.00,1215.00,0.00,,,,,,,,,,,,,,,,,,,,,,,,,,,,,,,,,,,,,,,,,,8,01,AUSTIN-06-WHITE-6,SNEAKER,160.00,16,10.00,,,,,,AUSTIN-06-WHITE-6
PO2024000072,0,1,2024-05-29,2024-06-07,2024-06-16,2024-06-28,PASADENA-SB,,USD,313.50,313.50,0,0.00,313.50,0.00,,,,,,,,,,,,,,,,,,,,,,,,,,,,,,,,,,,,,,,,,,1,01,ADELINE-02-NUDE-9.5,WOVEN SLIDE SANDAL,46.00,4,11.50,,,,,,ADELINE-02-NUDE-9.5
PO2024000072,0,1,2024-05-29,2024-06-07,2024-06-16,2024-06-28,PASADENA-SB,,USD,313.50,313.50,0,0.00,313.50,0.00,,,,,,,,,,,,,,,,,,,,,,,,,,,,,,,,,,,,,,,,,,2,01,ADELINE-02-WHITE-7,WOVEN SLIDE SANDAL,195.50,17,11.50,,,,,,ADELINE-02-WHITE-7
PO2024000072,0,1,2024-05-29,2024-06-07,2024-06-16,2024-06-28,PASADENA-SB,,USD,313.50,313.50,0,0.00,313.50,0.00,,,,,,,,,,,,,,,,,,,,,,,,,,,,,,,,,,,,,,,,,,3,01,CAMILA-06-GREEN-12,COSS FRONT SLIP ON SLIDES,72.00,9,8.00,,,,,,CAMILA-06-GREEN-12
PO2024000073,0,1,2024-05-25,2024-05-30,2024-06-02,2024-07-24,GOLDEN-SA,,USD,534.25,534.25,0,0.00,534.25,0.00,,,,,,,,,,,,,,,,,,,,,,,,,,,,,,,,,,,,,,,,,,1,01,ASTRID-01-NUDE-11,SLIP ON SNEAKER,228.25,11,20.75,,,,,,ASTRID-01-NUDE-11
PO2024000073,0,1,2024-05-25,2024-05-30,2024-06-02,2024-07-24,GOLDEN-SA,,USD,534.25,534.25,0,0.00,534.25,0.00,,,,,,,,,,,,,,,,,,,,,,,,,,,,,,,,,,,,,,,,,,2,01,F13031C-1742VNTGBJ-29-STD,Cayden Vintage Beujolias Corduroy Skinny Jeans,306.00,9,34.00,,809666254822,,,,F13031C-1742VNTGBJ-29-STD
PO2024000074,0,1,2024-06-22,2024-07-08,2024-07-10,2024-08-13,PACIFIC-CM,,USD,2373.75,2373.75,0,0.00,2373.75,0.00,,,,,,,,,,,,,,,,,,,,,,,,,,,,,,,,,,,,,,,,,,1,01,ADELINE-02-NUDE-8,WOVEN SLIDE SANDAL,34.50,3,11.50,,,,,,ADELINE-02-NUDE-8
PO2024000074,0,1,2024-06-22,2024-07-08,2024-07-10,2024-08-13,PACIFIC-CM,,USD,2373.75,2373.75,0,0.00,2373.75,0.00,,,,,,,,,,,,,,,,,,,,,,,,,,,,,,,,,,,,,,,,,,2,01,CORA-01-FUCH-B12,CROSS FRONT SANDAL,774.00,6,129.00,,,,,,CORA-01-FUCH-B12
PO2024000074,0,1,2024-06-22,2024-07-08,2024-07-10,2024-08-13,PACIFIC-CM,,USD,2373.75,2373.75,0,0.00,2373.75,0.00,,,,,,,,,,,,,,,,,,,,,,,,,,,,,,,,,,,,,,,,,,3,01,AVIANA-06-WHITE-8.5,FUR SLIPPER,211.25,13,16.25,,,,,,AVIANA-06-WHITE-8.5
PO2024000074,0,1,2024-06-22,2024-07-08,2024-07-10,2024-08-13,PACIFIC-CM,,USD,2373.75,2373.75,0,0.00,2373.75,0.00,,,,,,,,,,,,,,,,,,,,,,,,,,,,,,,,,,,,,,,,,,4,01,AUSTIN-06-BLUSH-5.5,SNEAKER,60.00,6,10.00,,,,,,AUSTIN-06-BLUSH-5.5
PO2024000074,0,1,2024-06-22,2024-07-08,2024-07-10,2024-08-13,PACIFIC-CM,,USD,2373.75,2373.75,0,0.00,2373.75,0.00,,,,,,,,,,,,,,,,,,,,,,,,,,,,,,,,,,,,,,,,,,5,01,CAMILA-06-NUDE-7,COSS FRONT SLIP ON SLIDES,8.00,1,8.00,,,,,,CAMILA-06-NUDE-7
PO2024000074,0,1,2024-06-22,2024-07-08,2024-07-10,2024-08-13,PACIFIC-CM,,USD,2373.75,2373.75,0,0.00,2373.75,0.00,,,,,,,,,,,,,,,,,,,,,,,,,,,,,,,,,,,,,,,,,,6,01,F13031C-1742VNTGST-25-STD,Cayden Vintage Beujolias Corduroy Skinny Jeans,102.00,3,34.00,,809666255058,,,,F13031C-1742VNTGST-25-STD
PO2024000074,0,1,2024-06-22,2024-07-08,2024-07-10,2024-08-13,PACIFIC-CM,,USD,2373.75,2373.75,0,0.00,2373.75,0.00,,,,,,,,,,,,,,,,,,,,,,,,,,,,,,,,,,,,,,,,,,7,01,FD3601734-MEDBLEACH-S-STD,Ally Women's Full Sleeve Denim Shirt Dress,1176.00,12,98.00,,809666438420,,,,FD3601734-MEDBLEACH-S-STD
PO2024000074,0,1,2024-06-22,2024-07-08,2024-07-10,2024-08-13,PACIFIC-CM,,USD,2373.75,2373.75,0,0.00,2373.75,0.00,,,,,,,,,,,,,,,,,,,,,,,,,,,,,,,,,,,,,,,,,,8,01,CAMILA-06-BLACK-5.5,COSS FRONT SLIP ON SLIDES,8.00,1,8.00,,,,,,CAMILA-06-BLACK-5.5
PO2024000075,0,1,2024-06-02,2024-06-20,2024-06-30,2024-06-27,SILICON-GC,,USD,654.00,654.00,0,0.00,654.00,0.00,,,,,,,,,,,,,,,,,,,,,,,,,,,,,,,,,,,,,,,,,,1,01,AUSTIN-06-CAMEL-11,SNEAKER,170.00,17,10.00,,,,,,AUSTIN-06-CAMEL-11
PO2024000075,0,1,2024-06-02,2024-06-20,2024-06-30,2024-06-27,SILICON-GC,,USD,654.00,654.00,0,0.00,654.00,0.00,,,,,,,,,,,,,,,,,,,,,,,,,,,,,,,,,,,,,,,,,,2,01,FA13512DM-1847DPOCN-26-32,Angie Stud Bling Pocket Low Rise Skinny Jeans,476.00,14,34.00,,8.09667E+11,,,,FA13512DM-1847DPOCN-26-32
PO2024000075,0,1,2024-06-02,2024-06-20,2024-06-30,2024-06-27,SILICON-GC,,USD,654.00,654.00,0,0.00,654.00,0.00,,,,,,,,,,,,,,,,,,,,,,,,,,,,,,,,,,,,,,,,,,3,01,CAMILA-06-LILAC-10,COSS FRONT SLIP ON SLIDES,8.00,1,8.00,,,,,,CAMILA-06-LILAC-10
PO2024000076,0,1,2024-06-07,2024-06-17,2024-06-23,2024-07-18,BAY-FW,,USD,1011.00,1011.00,0,0.00,1011.00,0.00,,,,,,,,,,,,,,,,,,,,,,,,,,,,,,,,,,,,,,,,,,1,01,ADELINE-03-BLUE-5.5,BUCKLE FRONT FLAT SANDALS,333.00,18,18.50,,,,,,ADELINE-03-BLUE-5.5
PO2024000076,0,1,2024-06-07,2024-06-17,2024-06-23,2024-07-18,BAY-FW,,USD,1011.00,1011.00,0,0.00,1011.00,0.00,,,,,,,,,,,,,,,,,,,,,,,,,,,,,,,,,,,,,,,,,,2,01,CAMILA-06-BLACK-6,COSS FRONT SLIP ON SLIDES,152.00,19,8.00,,,,,,CAMILA-06-BLACK-6
PO2024000076,0,1,2024-06-07,2024-06-17,2024-06-23,2024-07-18,BAY-FW,,USD,1011.00,1011.00,0,0.00,1011.00,0.00,,,,,,,,,,,,,,,,,,,,,,,,,,,,,,,,,,,,,,,,,,3,01,173451-1183CITIZEN-23-STD,Susan Stretch Denim Skinny Jeans Medium Blue 5 Pocket Wash,48.00,2,24.00,,809666377972,,,,173451-1183CITIZEN-23-STD
PO2024000076,0,1,2024-06-07,2024-06-17,2024-06-23,2024-07-18,BAY-FW,,USD,1011.00,1011.00,0,0.00,1011.00,0.00,,,,,,,,,,,,,,,,,,,,,,,,,,,,,,,,,,,,,,,,,,4,01,CAMILA-06-GREEN-9,COSS FRONT SLIP ON SLIDES,80.00,10,8.00,,,,,,CAMILA-06-GREEN-9
PO2024000076,0,1,2024-06-07,2024-06-17,2024-06-23,2024-07-18,BAY-FW,,USD,1011.00,1011.00,0,0.00,1011.00,0.00,,,,,,,,,,,,,,,,,,,,,,,,,,,,,,,,,,,,,,,,,,5,01,AUSTIN-06-BLACK-5.5,SNEAKER,140.00,14,10.00,,,,,,AUSTIN-06-BLACK-5.5
PO2024000076,0,1,2024-06-07,2024-06-17,2024-06-23,2024-07-18,BAY-FW,,USD,1011.00,1011.00,0,0.00,1011.00,0.00,,,,,,,,,,,,,,,,,,,,,,,,,,,,,,,,,,,,,,,,,,6,01,AUSTIN-06-NUDE-10,SNEAKER,120.00,12,10.00,,,,,,AUSTIN-06-NUDE-10
PO2024000076,0,1,2024-06-07,2024-06-17,2024-06-23,2024-07-18,BAY-FW,,USD,1011.00,1011.00,0,0.00,1011.00,0.00,,,,,,,,,,,,,,,,,,,,,,,,,,,,,,,,,,,,,,,,,,7,01,ADELINE-02-NUDE-S,WOVEN SLIDE SANDAL,138.00,1,138.00,,,,,,ADELINE-02-NUDE-S
PO2024000077,0,1,2024-06-03,2024-06-21,2024-07-04,2024-06-29,OAKLAND-UA,,USD,566.50,566.50,0,0.00,566.50,0.00,,,,,,,,,,,,,,,,,,,,,,,,,,,,,,,,,,,,,,,,,,1,01,AUSTIN-06-BLACK-9.5,SNEAKER,150.00,15,10.00,,,,,,AUSTIN-06-BLACK-9.5
PO2024000077,0,1,2024-06-03,2024-06-21,2024-07-04,2024-06-29,OAKLAND-UA,,USD,566.50,566.50,0,0.00,566.50,0.00,,,,,,,,,,,,,,,,,,,,,,,,,,,,,,,,,,,,,,,,,,2,01,AVIANA-06-PINK-6,FUR SLIPPER,113.75,7,16.25,,,,,,AVIANA-06-PINK-6
PO2024000077,0,1,2024-06-03,2024-06-21,2024-07-04,2024-06-29,OAKLAND-UA,,USD,566.50,566.50,0,0.00,566.50,0.00,,,,,,,,,,,,,,,,,,,,,,,,,,,,,,,,,,,,,,,,,,3,01,CAMILA-06-LILAC-6,COSS FRONT SLIP ON SLIDES,136.00,17,8.00,,,,,,CAMILA-06-LILAC-6
PO2024000077,0,1,2024-06-03,2024-06-21,2024-07-04,2024-06-29,OAKLAND-UA,,USD,566.50,566.50,0,0.00,566.50,0.00,,,,,,,,,,,,,,,,,,,,,,,,,,,,,,,,,,,,,,,,,,4,01,ASTRID-01-GREY-8,SLIP ON SNEAKER,145.25,7,20.75,,,,,,ASTRID-01-GREY-8
PO2024000077,0,1,2024-06-03,2024-06-21,2024-07-04,2024-06-29,OAKLAND-UA,,USD,566.50,566.50,0,0.00,566.50,0.00,,,,,,,,,,,,,,,,,,,,,,,,,,,,,,,,,,,,,,,,,,5,01,CORA-01-LEOP-6.5,CROSS FRONT SANDAL,21.50,2,10.75,,,,,,CORA-01-LEOP-6.5
PO2024000078,0,1,2024-06-16,2024-07-02,2024-07-06,2024-08-07,IRVINE-ES,,USD,145.00,145.00,0,0.00,145.00,0.00,,,,,,,,,,,,,,,,,,,,,,,,,,,,,,,,,,,,,,,,,,1,01,F13031C-1742VNTGDM-25-STD,Cayden Vintage Beujolias Corduroy Skinny Jeans,34.00,1,34.00,,809666254969,,,,F13031C-1742VNTGDM-25-STD
PO2024000078,0,1,2024-06-16,2024-07-02,2024-07-06,2024-08-07,IRVINE-ES,,USD,145.00,145.00,0,0.00,145.00,0.00,,,,,,,,,,,,,,,,,,,,,,,,,,,,,,,,,,,,,,,,,,2,01,ADELINE-03-BLACK-5,BUCKLE FRONT FLAT SANDALS,111.00,6,18.50,,,,,,ADELINE-03-BLACK-5
PO2024000079,0,1,2024-07-06,2024-07-11,2024-07-25,2024-08-06,ANAHEIM-PF,,USD,1834.75,1834.75,0,0.00,1834.75,0.00,,,,,,,,,,,,,,,,,,,,,,,,,,,,,,,,,,,,,,,,,,1,01,CAMILA-06-TAUPE-A12,COSS FRONT SLIP ON SLIDES,1440.00,15,96.00,,,,,,CAMILA-06-TAUPE-A12
PO2024000079,0,1,2024-07-06,2024-07-11,2024-07-25,2024-08-06,ANAHEIM-PF,,USD,1834.75,1834.75,0,0.00,1834.75,0.00,,,,,,,,,,,,,,,,,,,,,,,,,,,,,,,,,,,,,,,,,,2,01,ADELINE-03-GOLD-12,BUCKLE FRONT FLAT SANDALS,18.50,1,18.50,,,,,,ADELINE-03-GOLD-12
PO2024000079,0,1,2024-07-06,2024-07-11,2024-07-25,2024-08-06,ANAHEIM-PF,,USD,1834.75,1834.75,0,0.00,1834.75,0.00,,,,,,,,,,,,,,,,,,,,,,,,,,,,,,,,,,,,,,,,,,3,01,CORA-01-CAME-6.5,CROSS FRONT SANDAL,204.25,19,10.75,,,,,,CORA-01-CAME-6.5
PO2024000079,0,1,2024-07-06,2024-07-11,2024-07-25,2024-08-06,ANAHEIM-PF,,USD,1834.75,1834.75,0,0.00,1834.75,0.00,,,,,,,,,,,,,,,,,,,,,,,,,,,,,,,,,,,,,,,,,,4,01,CORA-01-FUCH-12,CROSS FRONT SANDAL,172.00,16,10.75,,,,,,CORA-01-FUCH-12
PO2024000080,0,1,2024-07-30,2024-08-04,2024-08-12,2024-08-28,PASADENA-SB,,USD,495.00,495.00,0,0.00,495.00,0.00,,,,,,,,,,,,,,,,,,,,,,,,,,,,,,,,,,,,,,,,,,1,01,173451-1183CITIZEN-19-STD,Susan Stretch Denim Skinny Jeans Medium Blue 5 Pocket Wash,96.00,4,24.00,,809666377958,,,,173451-1183CITIZEN-19-STD
PO2024000080,0,1,2024-07-30,2024-08-04,2024-08-12,2024-08-28,PASADENA-SB,,USD,495.00,495.00,0,0.00,495.00,0.00,,,,,,,,,,,,,,,,,,,,,,,,,,,,,,,,,,,,,,,,,,2,01,ADELINE-03-TAUPE-10,BUCKLE FRONT FLAT SANDALS,74.00,4,18.50,,,,,,ADELINE-03-TAUPE-10
PO2024000080,0,1,2024-07-30,2024-08-04,2024-08-12,2024-08-28,PASADENA-SB,,USD,495.00,495.00,0,0.00,495.00,0.00,,,,,,,,,,,,,,,,,,,,,,,,,,,,,,,,,,,,,,,,,,3,01,AVIANA-06-BLACK-10,FUR SLIPPER,325.00,20,16.25,,,,,,AVIANA-06-BLACK-10
PO2024000081,0,1,2024-07-19,2024-07-25,2024-07-27,2024-09-11,GOLDEN-SA,,USD,2488.00,2488.00,0,0.00,2488.00,0.00,,,,,,,,,,,,,,,,,,,,,,,,,,,,,,,,,,,,,,,,,,1,01,173451-1183CITIZEN-17-STD,Susan Stretch Denim Skinny Jeans Medium Blue 5 Pocket Wash,408.00,17,24.00,,809666377941,,,,173451-1183CITIZEN-17-STD
PO2024000081,0,1,2024-07-19,2024-07-25,2024-07-27,2024-09-11,GOLDEN-SA,,USD,2488.00,2488.00,0,0.00,2488.00,0.00,,,,,,,,,,,,,,,,,,,,,,,,,,,,,,,,,,,,,,,,,,2,01,ADELINE-02-CAMEL-B12,WOVEN SLIDE SANDAL,1656.00,12,138.00,,,,,,ADELINE-02-CAMEL-B12
PO2024000081,0,1,2024-07-19,2024-07-25,2024-07-27,2024-09-11,GOLDEN-SA,,USD,2488.00,2488.00,0,0.00,2488.00,0.00,,,,,,,,,,,,,,,,,,,,,,,,,,,,,,,,,,,,,,,,,,3,01,ASTRID-01-BLUSH-9.5,SLIP ON SNEAKER,62.25,3,20.75,,,,,,ASTRID-01-BLUSH-9.5
PO2024000081,0,1,2024-07-19,2024-07-25,2024-07-27,2024-09-11,GOLDEN-SA,,USD,2488.00,2488.00,0,0.00,2488.00,0.00,,,,,,,,,,,,,,,,,,,,,,,,,,,,,,,,,,,,,,,,,,4,01,ADELINE-03-TAUPE-5,BUCKLE FRONT FLAT SANDALS,222.00,12,18.50,,,,,,ADELINE-03-TAUPE-5
PO2024000081,0,1,2024-07-19,2024-07-25,2024-07-27,2024-09-11,GOLDEN-SA,,USD,2488.00,2488.00,0,0.00,2488.00,0.00,,,,,,,,,,,,,,,,,,,,,,,,,,,,,,,,,,,,,,,,,,5,01,CORA-01-CAME-11,CROSS FRONT SANDAL,139.75,13,10.75,,,,,,CORA-01-CAME-11
PO2024000082,0,1,2024-07-18,2024-07-27,2024-08-11,2024-09-12,PACIFIC-CM,,USD,2442.00,2442.00,0,0.00,2442.00,0.00,,,,,,,,,,,,,,,,,,,,,,,,,,,,,,,,,,,,,,,,,,1,01,ADELINE-03-BLUE-A12,BUCKLE FRONT FLAT SANDALS,2442.00,11,222.00,,,,,,ADELINE-03-BLUE-A12
PO2024000083,0,1,2024-07-29,2024-08-05,2024-08-13,2024-09-01,SILICON-GC,,USD,2351.00,2351.00,0,0.00,2351.00,0.00,,,,,,,,,,,,,,,,,,,,,,,,,,,,,,,,,,,,,,,,,,1,01,AUSTIN-06-WHITE-8,SNEAKER,30.00,3,10.00,,,,,,AUSTIN-06-WHITE-8
PO2024000083,0,1,2024-07-29,2024-08-05,2024-08-13,2024-09-01,SILICON-GC,,USD,2351.00,2351.00,0,0.00,2351.00,0.00,,,,,,,,,,,,,,,,,,,,,,,,,,,,,,,,,,,,,,,,,,2,01,ASTRID-01-BLACK-7,SLIP ON SNEAKER,290.50,14,20.75,,,,,,ASTRID-01-BLACK-7
PO2024000083,0,1,2024-07-29,2024-08-05,2024-08-13,2024-09-01,SILICON-GC,,USD,2351.00,2351.00,0,0.00,2351.00,0.00,,,,,,,,,,,,,,,,,,,,,,,,,,,,,,,,,,,,,,,,,,3,01,CORA-01-YLW-10,CROSS FRONT SANDAL,150.50,14,10.75,,,,,,CORA-01-YLW-10
PO2024000083,0,1,2024-07-29,2024-08-05,2024-08-13,2024-09-01,SILICON-GC,,USD,2351.00,2351.00,0,0.00,2351.00,0.00,,,,,,,,,,,,,,,,,,,,,,,,,,,,,,,,,,,,,,,,,,4,01,ADELINE-03-TAUPE-B12,BUCKLE FRONT FLAT SANDALS,666.00,3,222.00,,,,,,ADELINE-03-TAUPE-B12
PO2024000083,0,1,2024-07-29,2024-08-05,2024-08-13,2024-09-01,SILICON-GC,,USD,2351.00,2351.00,0,0.00,2351.00,0.00,,,,,,,,,,,,,,,,,,,,,,,,,,,,,,,,,,,,,,,,,,5,01,CORA-01-LEOP-8.5,CROSS FRONT SANDAL,172.00,16,10.75,,,,,,CORA-01-LEOP-8.5
PO2024000083,0,1,2024-07-29,2024-08-05,2024-08-13,2024-09-01,SILICON-GC,,USD,2351.00,2351.00,0,0.00,2351.00,0.00,,,,,,,,,,,,,,,,,,,,,,,,,,,,,,,,,,,,,,,,,,6,01,173451-1183CITIZEN-17-34,Susan Stretch Denim Skinny Jeans Medium Blue 5 Pocket Wash,264.00,11,24.00,,809666377811,,,,173451-1183CITIZEN-17-34
PO2024000083,0,1,2024-07-29,2024-08-05,2024-08-13,2024-09-01,SILICON-GC,,USD,2351.00,2351.00,0,0.00,2351.00,0.00,,,,,,,,,,,,,,,,,,,,,,,,,,,,,,,,,,,,,,,,,,7,01,FA13501DM-RINSEWSFT-30-32,Maya Basic Dark Handsand Wash Midrise Skinny Jeans,680.00,20,34.00,,8.09667E+11,,,,FA13501DM-RINSEWSFT-30-32
PO2024000083,0,1,2024-07-29,2024-08-05,2024-08-13,2024-09-01,SILICON-GC,,USD,2351.00,2351.00,0,0.00,2351.00,0.00,,,,,,,,,,,,,,,,,,,,,,,,,,,,,,,,,,,,,,,,,,8,01,FD9801506P-BLACKBROWN-2X-STD,Natalia Leopard Print Button-up Wrap Dress,98.00,2,49.00,,809666394979,,,,FD9801506P-BLACKBROWN-2X-STD
PO2024000084,0,1,2024-08-02,2024-08-15,2024-08-19,2024-09-16,BAY-FW,,USD,1411.50,1411.50,0,0.00,1411.50,0.00,,,,,,,,,,,,,,,,,,,,,,,,,,,,,,,,,,,,,,,,,,1,01,F13031C-1742VNTGST-30-STD,Cayden Vintage Beujolias Corduroy Skinny Jeans,204.00,6,34.00,,809666255102,,,,F13031C-1742VNTGST-30-STD
PO2024000084,0,1,2024-08-02,2024-08-15,2024-08-19,2024-09-16,BAY-FW,,USD,1411.50,1411.50,0,0.00,1411.50,0.00,,,,,,,,,,,,,,,,,,,,,,,,,,,,,,,,,,,,,,,,,,2,01,AUSTIN-06-NUDE-12,SNEAKER,100.00,10,10.00,,,,,,AUSTIN-06-NUDE-12
PO2024000084,0,1,2024-08-02,2024-08-15,2024-08-19,2024-09-16,BAY-FW,,USD,1411.50,1411.50,0,0.00,1411.50,0.00,,,,,,,,,,,,,,,,,,,,,,,,,,,,,,,,,,,,,,,,,,3,01,FA16105WV-MIDNIGHTCAMO-S-STD,Patricia Woven Chiffon Midnight Blue Palazzo Pant W Elastic Waist,195.00,5,39.00,,809666795578,,,,FA16105WV-MIDNIGHTCAMO-S-STD
PO2024000084,0,1,2024-08-02,2024-08-15,2024-08-19,2024-09-16,BAY-FW,,USD,1411.50,1411.50,0,0.00,1411.50,0.00,,,,,,,,,,,,,,,,,,,,,,,,,,,,,,,,,,,,,,,,,,4,01,ADELINE-02-BLACK-10,WOVEN SLIDE SANDAL,184.00,16,11.50,,,,,,ADELINE-02-BLACK-10
PO2024000084,0,1,2024-08-02,2024-08-15,2024-08-19,2024-09-16,BAY-FW,,USD,1411.50,1411.50,0,0.00,1411.50,0.00,,,,,,,,,,,,,,,,,,,,,,,,,,,,,,,,,,,,,,,,,,5,01,CORA-01-YLW-12,CROSS FRONT SANDAL,150.50,14,10.75,,,,,,CORA-01-YLW-12
PO2024000084,0,1,2024-08-02,2024-08-15,2024-08-19,2024-09-16,BAY-FW,,USD,1411.50,1411.50,0,0.00,1411.50,0.00,,,,,,,,,,,,,,,,,,,,,,,,,,,,,,,,,,,,,,,,,,6,01,FA13501DM-RINSEWSFT-30-30,Maya Basic Dark Handsand Wash Midrise Skinny Jeans,578.00,17,34.00,,8.09667E+11,,,,FA13501DM-RINSEWSFT-30-30
PO2024000085,0,1,2024-08-01,2024-08-08,2024-08-19,2024-09-20,OAKLAND-UA,,USD,48.00,48.00,0,0.00,48.00,0.00,,,,,,,,,,,,,,,,,,,,,,,,,,,,,,,,,,,,,,,,,,1,01,CAMILA-06-BLACK-8.5,COSS FRONT SLIP ON SLIDES,48.00,6,8.00,,,,,,CAMILA-06-BLACK-8.5
PO2024000086,0,1,2024-08-13,2024-08-19,2024-08-26,2024-09-11,IRVINE-ES,,USD,289.75,289.75,0,0.00,289.75,0.00,,,,,,,,,,,,,,,,,,,,,,,,,,,,,,,,,,,,,,,,,,1,01,AVIANA-06-WHITE-7.5,FUR SLIPPER,65.00,4,16.25,,,,,,AVIANA-06-WHITE-7.5
PO2024000086,0,1,2024-08-13,2024-08-19,2024-08-26,2024-09-11,IRVINE-ES,,USD,289.75,289.75,0,0.00,289.75,0.00,,,,,,,,,,,,,,,,,,,,,,,,,,,,,,,,,,,,,,,,,,2,01,CORA-01-FUCH-5.5,CROSS FRONT SANDAL,64.50,6,10.75,,,,,,CORA-01-FUCH-5.5
PO2024000086,0,1,2024-08-13,2024-08-19,2024-08-26,2024-09-11,IRVINE-ES,,USD,289.75,289.75,0,0.00,289.75,0.00,,,,,,,,,,,,,,,,,,,,,,,,,,,,,,,,,,,,,,,,,,3,01,ADELINE-02-PINK-6,WOVEN SLIDE SANDAL,149.50,13,11.50,,,,,,ADELINE-02-PINK-6
PO2024000086,0,1,2024-08-13,2024-08-19,2024-08-26,2024-09-11,IRVINE-ES,,USD,289.75,289.75,0,0.00,289.75,0.00,,,,,,,,,,,,,,,,,,,,,,,,,,,,,,,,,,,,,,,,,,4,01,CORA-01-CAME-8.5,CROSS FRONT SANDAL,10.75,1,10.75,,,,,,CORA-01-CAME-8.5
PO2024000087,0,1,2024-08-01,2024-08-21,2024-09-04,2024-09-29,ANAHEIM-PF,,USD,1769.75,1769.75,0,0.00,1769.75,0.00,,,,,,,,,,,,,,,,,,,,,,,,,,,,,,,,,,,,,,,,,,1,01,F13031C-1742VNTGCO-30-STD,Cayden Vintage Beujolias Corduroy Skinny Jeans,136.00,4,34.00,,809666254921,,,,F13031C-1742VNTGCO-30-STD
PO2024000087,0,1,2024-08-01,2024-08-21,2024-09-04,2024-09-29,ANAHEIM-PF,,USD,1769.75,1769.75,0,0.00,1769.75,0.00,,,,,,,,,,,,,,,,,,,,,,,,,,,,,,,,,,,,,,,,,,2,01,ASTRID-01-BLUSH-10,SLIP ON SNEAKER,352.75,17,20.75,,,,,,ASTRID-01-BLUSH-10
PO2024000087,0,1,2024-08-01,2024-08-21,2024-09-04,2024-09-29,ANAHEIM-PF,,USD,1769.75,1769.75,0,0.00,1769.75,0.00,,,,,,,,,,,,,,,,,,,,,,,,,,,,,,,,,,,,,,,,,,3,01,ADELINE-03-GOLD-11,BUCKLE FRONT FLAT SANDALS,185.00,10,18.50,,,,,,ADELINE-03-GOLD-11
PO2024000087,0,1,2024-08-01,2024-08-21,2024-09-04,2024-09-29,ANAHEIM-PF,,USD,1769.75,1769.75,0,0.00,1769.75,0.00,,,,,,,,,,,,,,,,,,,,,,,,,,,,,,,,,,,,,,,,,,4,01,AVIANA-06-PINK-8,FUR SLIPPER,276.25,17,16.25,,,,,,AVIANA-06-PINK-8
PO2024000087,0,1,2024-08-01,2024-08-21,2024-09-04,2024-09-29,ANAHEIM-PF,,USD,1769.75,1769.75,0,0.00,1769.75,0.00,,,,,,,,,,,,,,,,,,,,,,,,,,,,,,,,,,,,,,,,,,5,01,CORA-01-TAUP-9,CROSS FRONT SANDAL,21.50,2,10.75,,,,,,CORA-01-TAUP-9
PO2024000087,0,1,2024-08-01,2024-08-21,2024-09-04,2024-09-29,ANAHEIM-PF,,USD,1769.75,1769.75,0,0.00,1769.75,0.00,,,,,,,,,,,,,,,,,,,,,,,,,,,,,,,,,,,,,,,,,,6,01,CORA-01-LEOP-8,CROSS FRONT SANDAL,150.50,14,10.75,,,,,,CORA-01-LEOP-8
PO2024000087,0,1,2024-08-01,2024-08-21,2024-09-04,2024-09-29,ANAHEIM-PF,,USD,1769.75,1769.75,0,0.00,1769.75,0.00,,,,,,,,,,,,,,,,,,,,,,,,,,,,,,,,,,,,,,,,,,7,01,FA13512DM-1847DPOCN-31-30,Angie Stud Bling Pocket Low Rise Skinny Jeans,544.00,16,34.00,,8.09667E+11,,,,FA13512DM-1847DPOCN-31-30
PO2024000087,0,1,2024-08-01,2024-08-21,2024-09-04,2024-09-29,ANAHEIM-PF,,USD,1769.75,1769.75,0,0.00,1769.75,0.00,,,,,,,,,,,,,,,,,,,,,,,,,,,,,,,,,,,,,,,,,,8,01,ASTRID-01-GREY-10,SLIP ON SNEAKER,103.75,5,20.75,,,,,,ASTRID-01-GREY-10
PO2024000088,0,1,2024-08-26,2024-09-10,2024-09-20,2024-09-24,PASADENA-SB,,USD,2485.25,2485.25,0,0.00,2485.25,0.00,,,,,,,,,,,,,,,,,,,,,,,,,,,,,,,,,,,,,,,,,,1,01,ADELINE-03-BLUE-6.5,BUCKLE FRONT FLAT SANDALS,240.50,13,18.50,,,,,,ADELINE-03-BLUE-6.5
PO2024000088,0,1,2024-08-26,2024-09-10,2024-09-20,2024-09-24,PASADENA-SB,,USD,2485.25,2485.25,0,0.00,2485.25,0.00,,,,,,,,,,,,,,,,,,,,,,,,,,,,,,,,,,,,,,,,,,2,01,ADELINE-02-BLACK-A12,WOVEN SLIDE SANDAL,1518.00,11,138.00,,,,,,ADELINE-02-BLACK-A12
PO2024000088,0,1,2024-08-26,2024-09-10,2024-09-20,2024-09-24,PASADENA-SB,,USD,2485.25,2485.25,0,0.00,2485.25,0.00,,,,,,,,,,,,,,,,,,,,,,,,,,,,,,,,,,,,,,,,,,3,01,173451-1183CITIZEN-13-34,Susan Stretch Denim Skinny Jeans Medium Blue 5 Pocket Wash,312.00,13,24.00,,809666377798,,,,173451-1183CITIZEN-13-34
PO2024000088,0,1,2024-08-26,2024-09-10,2024-09-20,2024-09-24,PASADENA-SB,,USD,2485.25,2485.25,0,0.00,2485.25,0.00,,,,,,,,,,,,,,,,,,,,,,,,,,,,,,,,,,,,,,,,,,4,01,FA16023WV-SMOKELEOPARD-L-STD,GGT wrap kimono maxi dress,160.00,4,40.00,,809666395907,,,,FA16023WV-SMOKELEOPARD-L-STD
PO2024000088,0,1,2024-08-26,2024-09-10,2024-09-20,2024-09-24,PASADENA-SB,,USD,2485.25,2485.25,0,0.00,2485.25,0.00,,,,,,,,,,,,,,,,,,,,,,,,,,,,,,,,,,,,,,,,,,5,01,CORA-01-CAME-9,CROSS FRONT SANDAL,10.75,1,10.75,,,,,,CORA-01-CAME-9
PO2024000088,0,1,2024-08-26,2024-09-10,2024-09-20,2024-09-24,PASADENA-SB,,USD,2485.25,2485.25,0,0.00,2485.25,0.00,,,,,,,,,,,,,,,,,,,,,,,,,,,,,,,,,,,,,,,,,,6,01,AUSTIN-06-WHITE-9.5,SNEAKER,170.00,17,10.00,,,,,,AUSTIN-06-WHITE-9.5
PO2024000088,0,1,2024-08-26,2024-09-10,2024-09-20,2024-09-24,PASADENA-SB,,USD,2485.25,2485.25,0,0.00,2485.25,0.00,,,,,,,,,,,,,,,,,,,,,,,,,,,,,,,,,,,,,,,,,,7,01,ADELINE-03-BROWN-6.5,BUCKLE FRONT FLAT SANDALS,74.00,4,18.50,,,,,,ADELINE-03-BROWN-6.5
PO2024000089,0,1,2024-09-18,2024-10-04,2024-10-10,2024-10-23,GOLDEN-SA,,USD,2431.00,2431.00,0,0.00,2431.00,0.00,,,,,,,,,,,,,,,,,,,,,,,,,,,,,,,,,,,,,,,,,,1,01,CAMILA-06-LILAC-9.5,COSS FRONT SLIP ON SLIDES,88.00,11,8.00,,,,,,CAMILA-06-LILAC-9.5
PO2024000089,0,1,2024-09-18,2024-10-04,2024-10-10,2024-10-23,GOLDEN-SA,,USD,2431.00,2431.00,0,0.00,2431.00,0.00,,,,,,,,,,,,,,,,,,,,,,,,,,,,,,,,,,,,,,,,,,2,01,AUSTIN-06-BLACK-A12,SNEAKER,1320.00,11,120.00,,,,,,AUSTIN-06-BLACK-A12
PO2024000089,0,1,2024-09-18,2024-10-04,2024-10-10,2024-10-23,GOLDEN-SA,,USD,2431.00,2431.00,0,0.00,2431.00,0.00,,,,,,,,,,,,,,,,,,,,,,,,,,,,,,,,,,,,,,,,,,3,01,ASTRID-01-NUDE-10,SLIP ON SNEAKER,249.00,12,20.75,,,,,,ASTRID-01-NUDE-10
PO2024000089,0,1,2024-09-18,2024-10-04,2024-10-10,2024-10-23,GOLDEN-SA,,USD,2431.00,2431.00,0,0.00,2431.00,0.00,,,,,,,,,,,,,,,,,,,,,,,,,,,,,,,,,,,,,,,,,,4,01,CORA-01-CAME-S,CROSS FRONT SANDAL,774.00,6,129.00,,,,,,CORA-01-CAME-S
PO2024000090,0,1,2024-09-07,2024-09-18,2024-09-21,2024-10-12,PACIFIC-CM,,USD,714.50,714.50,0,0.00,714.50,0.00,,,,,,,,,,,,,,,,,,,,,,,,,,,,,,,,,,,,,,,,,,1,01,ADELINE-02-WHITE-6.5,WOVEN SLIDE SANDAL,34.50,3,11.50,,,,,,ADELINE-02-WHITE-6.5
PO2024000090,0,1,2024-09-07,2024-09-18,2024-09-21,2024-10-12,PACIFIC-CM,,USD,714.50,714.50,0,0.00,714.50,0.00,,,,,,,,,,,,,,,,,,,,,,,,,,,,,,,,,,,,,,,,,,2,01,FA13512DM-1847DPOCN-28-32,Angie Stud Bling Pocket Low Rise Skinny Jeans,680.00,20,34.00,,8.09667E+11,,,,FA13512DM-1847DPOCN-28-32
PO2024000091,0,1,2024-09-07,2024-09-15,2024-09-21,2024-10-29,SILICON-GC,,USD,1042.75,1042.75,0,0.00,1042.75,0.00,,,,,,,,,,,,,,,,,,,,,,,,,,,,,,,,,,,,,,,,,,1,01,FA13501DM-1464KINGSC-29-32,Maya Basic Dark Handsand Wash Midrise Skinny Jeans,578.00,17,34.00,,8.09667E+11,,,,FA13501DM-1464KINGSC-29-32
PO2024000091,0,1,2024-09-07,2024-09-15,2024-09-21,2024-10-29,SILICON-GC,,USD,1042.75,1042.75,0,0.00,1042.75,0.00,,,,,,,,,,,,,,,,,,,,,,,,,,,,,,,,,,,,,,,,,,2,01,AVIANA-06-BEIGE-7,FUR SLIPPER,195.00,12,16.25,,,,,,AVIANA-06-BEIGE-7
PO2024000091,0,1,2024-09-07,2024-09-15,2024-09-21,2024-10-29,SILICON-GC,,USD,1042.75,1042.75,0,0.00,1042.75,0.00,,,,,,,,,,,,,,,,,,,,,,,,,,,,,,,,,,,,,,,,,,3,01,ASTRID-01-NUDE-6.5,SLIP ON SNEAKER,269.75,13,20.75,,,,,,ASTRID-01-NUDE-6.5
PO2024000092,0,1,2024-10-01,2024-10-10,2024-10-24,2024-11-26,BAY-FW,,USD,2451.75,2451.75,0,0.00,2451.75,0.00,,,,,,,,,,,,,,,,,,,,,,,,,,,,,,,,,,,,,,,,,,1,01,FA16023WV-SMOKELEOPARD-S-STD,GGT wrap kimono maxi dress,600.00,15,40.00,,809666395884,,,,FA16023WV-SMOKELEOPARD-S-STD
PO2024000092,0,1,2024-10-01,2024-10-10,2024-10-24,2024-11-26,BAY-FW,,USD,2451.75,2451.75,0,0.00,2451.75,0.00,,,,,,,,,,,,,,,,,,,,,,,,,,,,,,,,,,,,,,,,,,2,01,CORA-01-CAME-12,CROSS FRONT SANDAL,139.75,13,10.75,,,,,,CORA-01-CAME-12
PO2024000092,0,1,2024-10-01,2024-10-10,2024-10-24,2024-11-26,BAY-FW,,USD,2451.75,2451.75,0,0.00,2451.75,0.00,,,,,,,,,,,,,,,,,,,,,,,,,,,,,,,,,,,,,,,,,,3,01,34478006-BLANCMANGE-1X-STD,Supersoft longline mongolian cashmere cardigan,1712.00,4,428.00,,809666398465,,,,34478006-BLANCMANGE-1X-STD
PO2024000093,0,1,2024-10-27,2024-11-02,2024-11-17,2024-12-07,OAKLAND-UA,,USD,817.50,817.50,0,0.00,817.50,0.00,,,,,,,,,,,,,,,,,,,,,,,,,,,,,,,,,,,,,,,,,,1,01,ADELINE-03-BROWN-5,BUCKLE FRONT FLAT SANDALS,259.00,14,18.50,,,,,,ADELINE-03-BROWN-5
PO2024000093,0,1,2024-10-27,2024-11-02,2024-11-17,2024-12-07,OAKLAND-UA,,USD,817.50,817.50,0,0.00,817.50,0.00,,,,,,,,,,,,,,,,,,,,,,,,,,,,,,,,,,,,,,,,,,2,01,173451-1183CITIZEN-25-34,Susan Stretch Denim Skinny Jeans Medium Blue 5 Pocket Wash,264.00,11,24.00,,809666377859,,,,173451-1183CITIZEN-25-34
PO2024000093,0,1,2024-10-27,2024-11-02,2024-11-17,2024-12-07,OAKLAND-UA,,USD,817.50,817.50,0,0.00,817.50,0.00,,,,,,,,,,,,,,,,,,,,,,,,,,,,,,,,,,,,,,,,,,3,01,ASTRID-01-NUDE-6,SLIP ON SNEAKER,124.50,6,20.75,,,,,,ASTRID-01-NUDE-6
PO2024000093,0,1,2024-10-27,2024-11-02,2024-11-17,2024-12-07,OAKLAND-UA,,USD,817.50,817.50,0,0.00,817.50,0.00,,,,,,,,,,,,,,,,,,,,,,,,,,,,,,,,,,,,,,,,,,4,01,AUSTIN-06-NUDE-6.5,SNEAKER,170.00,17,10.00,,,,,,AUSTIN-06-NUDE-6.5
PO2024000094,0,1,2024-10-18,2024-11-03,2024-11-18,2024-11-19,IRVINE-ES,,USD,2428.00,2428.00,0,0.00,2428.00,0.00,,,,,,,,,,,,,,,,,,,,,,,,,,,,,,,,,,,,,,,,,,1,01,AUSTIN-06-NUDE-5,SNEAKER,20.00,2,10.00,,,,,,AUSTIN-06-NUDE-5
PO2024000094,0,1,2024-10-18,2024-11-03,2024-11-18,2024-11-19,IRVINE-ES,,USD,2428.00,2428.00,0,0.00,2428.00,0.00,,,,,,,,,,,,,,,,,,,,,,,,,,,,,,,,,,,,,,,,,,2,01,AVIANA-06-BEIGE-6.5,FUR SLIPPER,130.00,8,16.25,,,,,,AVIANA-06-BEIGE-6.5
PO2024000094,0,1,2024-10-18,2024-11-03,2024-11-18,2024-11-19,IRVINE-ES,,USD,2428.00,2428.00,0,0.00,2428.00,0.00,,,,,,,,,,,,,,,,,,,,,,,,,,,,,,,,,,,,,,,,,,3,01,AUSTIN-06-WHITE-5.5,SNEAKER,70.00,7,10.00,,,,,,AUSTIN-06-WHITE-5.5
PO2024000094,0,1,2024-10-18,2024-11-03,2024-11-18,2024-11-19,IRVINE-ES,,USD,2428.00,2428.00,0,0.00,2428.00,0.00,,,,,,,,,,,,,,,,,,,,,,,,,,,,,,,,,,,,,,,,,,4,01,ADELINE-02-WHITE-A12,WOVEN SLIDE SANDAL,2208.00,16,138.00,,,,,,ADELINE-02-WHITE-A12
PO2024000095,0,1,2024-11-03,2024-11-15,2024-11-25,2024-12-15,ANAHEIM-PF,,USD,150.00,150.00,0,0.00,150.00,0.00,,,,,,,,,,,,,,,,,,,,,,,,,,,,,,,,,,,,,,,,,,1,01,AUSTIN-06-NUDE-7.5,SNEAKER,150.00,15,10.00,,,,,,AUSTIN-06-NUDE-7.5
PO2024000096,0,1,2024-11-18,2024-12-05,2024-12-09,2025-01-10,PASADENA-SB,,USD,807.75,807.75,0,0.00,807.75,0.00,,,,,,,,,,,,,,,,,,,,,,,,,,,,,,,,,,,,,,,,,,1,01,CORA-01-CAME-7.5,CROSS FRONT SANDAL,10.75,1,10.75,,,,,,CORA-01-CAME-7.5
PO2024000096,0,1,2024-11-18,2024-12-05,2024-12-09,2025-01-10,PASADENA-SB,,USD,807.75,807.75,0,0.00,807.75,0.00,,,,,,,,,,,,,,,,,,,,,,,,,,,,,,,,,,,,,,,,,,2,01,F13031C-1742VNTGCO-24-STD,Cayden Vintage Beujolias Corduroy Skinny Jeans,408.00,12,34.00,,809666254860,,,,F13031C-1742VNTGCO-24-STD
PO2024000096,0,1,2024-11-18,2024-12-05,2024-12-09,2025-01-10,PASADENA-SB,,USD,807.75,807.75,0,0.00,807.75,0.00,,,,,,,,,,,,,,,,,,,,,,,,,,,,,,,,,,,,,,,,,,3,01,ASTRID-01-BLUSH-6,SLIP ON SNEAKER,145.25,7,20.75,,,,,,ASTRID-01-BLUSH-6
PO2024000096,0,1,2024-11-18,2024-12-05,2024-12-09,2025-01-10,PASADENA-SB,,USD,807.75,807.75,0,0.00,807.75,0.00,,,,,,,,,,,,,,,,,,,,,,,,,,,,,,,,,,,,,,,,,,4,01,AVIANA-06-BEIGE-8.5,FUR SLIPPER,243.75,15,16.25,,,,,,AVIANA-06-BEIGE-8.5
PO2024000097,0,1,2024-11-11,2024-11-17,2024-11-30,2025-01-05,GOLDEN-SA,,USD,1250.75,1250.75,0,0.00,1250.75,0.00,,,,,,,,,,,,,,,,,,,,,,,,,,,,,,,,,,,,,,,,,,1,01,CAMILA-06-BLACK-8,COSS FRONT SLIP ON SLIDES,128.00,16,8.00,,,,,,CAMILA-06-BLACK-8
PO2024000097,0,1,2024-11-11,2024-11-17,2024-11-30,2025-01-05,GOLDEN-SA,,USD,1250.75,1250.75,0,0.00,1250.75,0.00,,,,,,,,,,,,,,,,,,,,,,,,,,,,,,,,,,,,,,,,,,2,01,ADELINE-03-GOLD-6.5,BUCKLE FRONT FLAT SANDALS,203.50,11,18.50,,,,,,ADELINE-03-GOLD-6.5
PO2024000097,0,1,2024-11-11,2024-11-17,2024-11-30,2025-01-05,GOLDEN-SA,,USD,1250.75,1250.75,0,0.00,1250.75,0.00,,,,,,,,,,,,,,,,,,,,,,,,,,,,,,,,,,,,,,,,,,3,01,CAMILA-06-TAUPE-6,COSS FRONT SLIP ON SLIDES,136.00,17,8.00,,,,,,CAMILA-06-TAUPE-6
PO2024000097,0,1,2024-11-11,2024-11-17,2024-11-30,2025-01-05,GOLDEN-SA,,USD,1250.75,1250.75,0,0.00,1250.75,0.00,,,,,,,,,,,,,,,,,,,,,,,,,,,,,,,,,,,,,,,,,,4,01,ADELINE-03-GOLD-5.5,BUCKLE FRONT FLAT SANDALS,18.50,1,18.50,,,,,,ADELINE-03-GOLD-5.5
PO2024000097,0,1,2024-11-11,2024-11-17,2024-11-30,2025-01-05,GOLDEN-SA,,USD,1250.75,1250.75,0,0.00,1250.75,0.00,,,,,,,,,,,,,,,,,,,,,,,,,,,,,,,,,,,,,,,,,,5,01,AVIANA-06-BEIGE-8,FUR SLIPPER,308.75,19,16.25,,,,,,AVIANA-06-BEIGE-8
PO2024000097,0,1,2024-11-11,2024-11-17,2024-11-30,2025-01-05,GOLDEN-SA,,USD,1250.75,1250.75,0,0.00,1250.75,0.00,,,,,,,,,,,,,,,,,,,,,,,,,,,,,,,,,,,,,,,,,,6,01,173451-1183CITIZEN-21-34,Susan Stretch Denim Skinny Jeans Medium Blue 5 Pocket Wash,408.00,17,24.00,,809666377835,,,,173451-1183CITIZEN-21-34
PO2024000097,0,1,2024-11-11,2024-11-17,2024-11-30,2025-01-05,GOLDEN-SA,,USD,1250.75,1250.75,0,0.00,1250.75,0.00,,,,,,,,,,,,,,,,,,,,,,,,,,,,,,,,,,,,,,,,,,7,01,173451-1183CITIZEN-9-34,Susan Stretch Denim Skinny Jeans Medium Blue 5 Pocket Wash,48.00,2,24.00,,809666377774,,,,173451-1183CITIZEN-9-34
PO2024000098,0,1,2024-11-24,2024-12-06,2024-12-10,2025-01-08,PACIFIC-CM,,USD,1105.50,1105.50,0,0.00,1105.50,0.00,,,,,,,,,,,,,,,,,,,,,,,,,,,,,,,,,,,,,,,,,,1,01,CORA-01-TAUP-5.5,CROSS FRONT SANDAL,107.50,10,10.75,,,,,,CORA-01-TAUP-5.5
PO2024000098,0,1,2024-11-24,2024-12-06,2024-12-10,2025-01-08,PACIFIC-CM,,USD,1105.50,1105.50,0,0.00,1105.50,0.00,,,,,,,,,,,,,,,,,,,,,,,,,,,,,,,,,,,,,,,,,,2,01,FA16023WV-SMOKELEOPARD-XL-STD,GGT wrap kimono maxi dress,560.00,14,40.00,,809666395914,,,,FA16023WV-SMOKELEOPARD-XL-STD
PO2024000098,0,1,2024-11-24,2024-12-06,2024-12-10,2025-01-08,PACIFIC-CM,,USD,1105.50,1105.50,0,0.00,1105.50,0.00,,,,,,,,,,,,,,,,,,,,,,,,,,,,,,,,,,,,,,,,,,3,01,ASTRID-01-BLUSH-11,SLIP ON SNEAKER,290.50,14,20.75,,,,,,ASTRID-01-BLUSH-11
PO2024000098,0,1,2024-11-24,2024-12-06,2024-12-10,2025-01-08,PACIFIC-CM,,USD,1105.50,1105.50,0,0.00,1105.50,0.00,,,,,,,,,,,,,,,,,,,,,,,,,,,,,,,,,,,,,,,,,,4,01,AUSTIN-06-NUDE-5.5,SNEAKER,90.00,9,10.00,,,,,,AUSTIN-06-NUDE-5.5
PO2024000098,0,1,2024-11-24,2024-12-06,2024-12-10,2025-01-08,PACIFIC-CM,,USD,1105.50,1105.50,0,0.00,1105.50,0.00,,,,,,,,,,,,,,,,,,,,,,,,,,,,,,,,,,,,,,,,,,5,01,ADELINE-02-CAMEL-12,WOVEN SLIDE SANDAL,57.50,5,11.50,,,,,,ADELINE-02-CAMEL-12
PO2024000099,0,1,2024-11-17,2024-11-27,2024-12-08,2024-12-23,SILICON-GC,,USD,1390.00,1390.00,0,0.00,1390.00,0.00,,,,,,,,,,,,,,,,,,,,,,,,,,,,,,,,,,,,,,,,,,1,01,FA13501DM-RINSEWSFT-27-30,Maya Basic Dark Handsand Wash Midrise Skinny Jeans,408.00,12,34.00,,8.09667E+11,,,,FA13501DM-RINSEWSFT-27-30
PO2024000099,0,1,2024-11-17,2024-11-27,2024-12-08,2024-12-23,SILICON-GC,,USD,1390.00,1390.00,0,0.00,1390.00,0.00,,,,,,,,,,,,,,,,,,,,,,,,,,,,,,,,,,,,,,,,,,2,01,ADELINE-03-BROWN-10,BUCKLE FRONT FLAT SANDALS,185.00,10,18.50,,,,,,ADELINE-03-BROWN-10
PO2024000099,0,1,2024-11-17,2024-11-27,2024-12-08,2024-12-23,SILICON-GC,,USD,1390.00,1390.00,0,0.00,1390.00,0.00,,,,,,,,,,,,,,,,,,,,,,,,,,,,,,,,,,,,,,,,,,3,01,FA13512DM-1847DPOCN-32-32,Angie Stud Bling Pocket Low Rise Skinny Jeans,374.00,11,34.00,,8.09667E+11,,,,FA13512DM-1847DPOCN-32-32
PO2024000099,0,1,2024-11-17,2024-11-27,2024-12-08,2024-12-23,SILICON-GC,,USD,1390.00,1390.00,0,0.00,1390.00,0.00,,,,,,,,,,,,,,,,,,,,,,,,,,,,,,,,,,,,,,,,,,4,01,ASTRID-01-GREY-12,SLIP ON SNEAKER,415.00,20,20.75,,,,,,ASTRID-01-GREY-12
PO2024000099,0,1,2024-11-17,2024-11-27,2024-12-08,2024-12-23,SILICON-GC,,USD,1390.00,1390.00,0,0.00,1390.00,0.00,,,,,,,,,,,,,,,,,,,,,,,,,,,,,,,,,,,,,,,,,,5,01,CAMILA-06-LILAC-12,COSS FRONT SLIP ON SLIDES,8.00,1,8.00,,,,,,CAMILA-06-LILAC-12
PO2024000100,0,1,2024-12-30,2025-01-08,2025-01-14,2025-02-24,BAY-FW,,USD,1123.77,1123.77,0,0.00,1123.77,0.00,,,,,,,,,,,,,,,,,,,,,,,,,,,,,,,,,,,,,,,,,,1,01,CORA-01-FUCH-11,CROSS FRONT SANDAL,193.50,18,10.75,,,,,,CORA-01-FUCH-11
PO2024000100,0,1,2024-12-30,2025-01-08,2025-01-14,2025-02-24,BAY-FW,,USD,1123.77,1123.77,0,0.00,1123.77,0.00,,,,,,,,,,,,,,,,,,,,,,,,,,,,,,,,,,,,,,,,,,2,01,ADELINE-02-BLACK-9.5,WOVEN SLIDE SANDAL,138.00,12,11.50,,,,,,ADELINE-02-BLACK-9.5
PO2024000100,0,1,2024-12-30,2025-01-08,2025-01-14,2025-02-24,BAY-FW,,USD,1123.77,1123.77,0,0.00,1123.77,0.00,,,,,,,,,,,,,,,,,,,,,,,,,,,,,,,,,,,,,,,,,,3,01,AVIANA-06-BEIGE-A12,FUR SLIPPER,556.27,11,50.57,,,,,,AVIANA-06-BEIGE-A12
PO2024000100,0,1,2024-12-30,2025-01-08,2025-01-14,2025-02-24,BAY-FW,,USD,1123.77,1123.77,0,0.00,1123.77,0.00,,,,,,,,,,,,,,,,,,,,,,,,,,,,,,,,,,,,,,,,,,4,01,ADELINE-03-BLUE-8,BUCKLE FRONT FLAT SANDALS,148.00,8,18.50,,,,,,ADELINE-03-BLUE-8
PO2024000100,0,1,2024-12-30,2025-01-08,2025-01-14,2025-02-24,BAY-FW,,USD,1123.77,1123.77,0,0.00,1123.77,0.00,,,,,,,,,,,,,,,,,,,,,,,,,,,,,,,,,,,,,,,,,,5,01,CAMILA-06-NUDE-6,COSS FRONT SLIP ON SLIDES,88.00,11,8.00,,,,,,CAMILA-06-NUDE-6
PO2024000101,0,1,2024-12-27,2025-01-03,2025-01-10,2025-01-21,OAKLAND-UA,,USD,2193.00,2193.00,0,0.00,2193.00,0.00,,,,,,,,,,,,,,,,,,,,,,,,,,,,,,,,,,,,,,,,,,1,01,CORA-01-BLK-S,CROSS FRONT SANDAL,2193.00,17,129.00,,,,,,CORA-01-BLK-S
PO2024000102,0,1,2024-12-15,2024-12-31,2025-01-07,2025-01-29,IRVINE-ES,,USD,698.00,698.00,0,0.00,698.00,0.00,,,,,,,,,,,,,,,,,,,,,,,,,,,,,,,,,,,,,,,,,,1,01,CAMILA-06-BLACK-5,COSS FRONT SLIP ON SLIDES,120.00,15,8.00,,,,,,CAMILA-06-BLACK-5
PO2024000102,0,1,2024-12-15,2024-12-31,2025-01-07,2025-01-29,IRVINE-ES,,USD,698.00,698.00,0,0.00,698.00,0.00,,,,,,,,,,,,,,,,,,,,,,,,,,,,,,,,,,,,,,,,,,2,01,F13031C-1742VNTGBJ-25-STD,Cayden Vintage Beujolias Corduroy Skinny Jeans,578.00,17,34.00,,809666254785,,,,F13031C-1742VNTGBJ-25-STD
PO2025000103,0,1,2025-01-14,2025-01-24,2025-02-05,2025-03-02,ANAHEIM-PF,,USD,116.75,116.75,0,0.00,116.75,0.00,,,,,,,,,,,,,,,,,,,,,,,,,,,,,,,,,,,,,,,,,,1,01,FA13512DM-1847DPOCN-30-30,Angie Stud Bling Pocket Low Rise Skinny Jeans,68.00,2,34.00,,8.09667E+11,,,,FA13512DM-1847DPOCN-30-30
PO2025000103,0,1,2025-01-14,2025-01-24,2025-02-05,2025-03-02,ANAHEIM-PF,,USD,116.75,116.75,0,0.00,116.75,0.00,,,,,,,,,,,,,,,,,,,,,,,,,,,,,,,,,,,,,,,,,,2,01,AVIANA-06-PINK-7.5,FUR SLIPPER,48.75,3,16.25,,,,,,AVIANA-06-PINK-7.5
PO2025000104,0,1,2025-01-01,2025-01-17,2025-01-21,2025-02-24,PASADENA-SB,,USD,2376.25,2376.25,0,0.00,2376.25,0.00,,,,,,,,,,,,,,,,,,,,,,,,,,,,,,,,,,,,,,,,,,1,01,CAMILA-06-LILAC-S,COSS FRONT SLIP ON SLIDES,768.00,8,96.00,,,,,,CAMILA-06-LILAC-S
PO2025000104,0,1,2025-01-01,2025-01-17,2025-01-21,2025-02-24,PASADENA-SB,,USD,2376.25,2376.25,0,0.00,2376.25,0.00,,,,,,,,,,,,,,,,,,,,,,,,,,,,,,,,,,,,,,,,,,2,01,ADELINE-02-PINK-S,WOVEN SLIDE SANDAL,1380.00,10,138.00,,,,,,ADELINE-02-PINK-S
PO2025000104,0,1,2025-01-01,2025-01-17,2025-01-21,2025-02-24,PASADENA-SB,,USD,2376.25,2376.25,0,0.00,2376.25,0.00,,,,,,,,,,,,,,,,,,,,,,,,,,,,,,,,,,,,,,,,,,3,01,ASTRID-01-BLUSH-5,SLIP ON SNEAKER,228.25,11,20.75,,,,,,ASTRID-01-BLUSH-5
PO2025000105,0,1,2025-01-18,2025-01-30,2025-02-10,2025-03-02,GOLDEN-SA,,USD,1433.00,1433.00,0,0.00,1433.00,0.00,,,,,,,,,,,,,,,,,,,,,,,,,,,,,,,,,,,,,,,,,,1,01,FA16023WV-SMOKEYROSE-XS-STD,GGT wrap kimono maxi dress,546.00,14,39.00,,809666796032,,,,FA16023WV-SMOKEYROSE-XS-STD
PO2025000105,0,1,2025-01-18,2025-01-30,2025-02-10,2025-03-02,GOLDEN-SA,,USD,1433.00,1433.00,0,0.00,1433.00,0.00,,,,,,,,,,,,,,,,,,,,,,,,,,,,,,,,,,,,,,,,,,2,01,CAMILA-06-TAUPE-B12,COSS FRONT SLIP ON SLIDES,864.00,9,96.00,,,,,,CAMILA-06-TAUPE-B12
PO2025000105,0,1,2025-01-18,2025-01-30,2025-02-10,2025-03-02,GOLDEN-SA,,USD,1433.00,1433.00,0,0.00,1433.00,0.00,,,,,,,,,,,,,,,,,,,,,,,,,,,,,,,,,,,,,,,,,,3,01,ADELINE-02-BLACK-6,WOVEN SLIDE SANDAL,23.00,2,11.50,,,,,,ADELINE-02-BLACK-6
PO2025000106,0,1,2025-01-09,2025-01-22,2025-02-03,2025-03-08,PACIFIC-CM,,USD,2403.00,2403.00,0,0.00,2403.00,0.00,,,,,,,,,,,,,,,,,,,,,,,,,,,,,,,,,,,,,,,,,,1,01,AUSTIN-06-WHITE-B12,SNEAKER,600.00,5,120.00,,,,,,AUSTIN-06-WHITE-B12
PO2025000106,0,1,2025-01-09,2025-01-22,2025-02-03,2025-03-08,PACIFIC-CM,,USD,2403.00,2403.00,0,0.00,2403.00,0.00,,,,,,,,,,,,,,,,,,,,,,,,,,,,,,,,,,,,,,,,,,2,01,CORA-01-TAUP-B12,CROSS FRONT SANDAL,1419.00,11,129.00,,,,,,CORA-01-TAUP-B12
PO2025000106,0,1,2025-01-09,2025-01-22,2025-02-03,2025-03-08,PACIFIC-CM,,USD,2403.00,2403.00,0,0.00,2403.00,0.00,,,,,,,,,,,,,,,,,,,,,,,,,,,,,,,,,,,,,,,,,,3,01,CAMILA-06-GREEN-S,COSS FRONT SLIP ON SLIDES,384.00,4,96.00,,,,,,CAMILA-06-GREEN-S
PO2025000107,0,1,2025-02-02,2025-02-21,2025-02-26,2025-04-02,SILICON-GC,,USD,272.00,272.00,0,0.00,272.00,0.00,,,,,,,,,,,,,,,,,,,,,,,,,,,,,,,,,,,,,,,,,,1,01,FA13501DM-1608BLAU2-26-32,Maya Basic Dark Handsand Wash Midrise Skinny Jeans,272.00,8,34.00,,8.09667E+11,,,,FA13501DM-1608BLAU2-26-32
PO2025000108,0,1,2025-02-27,2025-03-08,2025-03-12,2025-03-24,BAY-FW,,USD,2449.75,2449.75,0,0.00,2449.75,0.00,,,,,,,,,,,,,,,,,,,,,,,,,,,,,,,,,,,,,,,,,,1,01,F13031C-1742VNTGCO-32-STD,Cayden Vintage Beujolias Corduroy Skinny Jeans,306.00,9,34.00,,809666254945,,,,F13031C-1742VNTGCO-32-STD
PO2025000108,0,1,2025-02-27,2025-03-08,2025-03-12,2025-03-24,BAY-FW,,USD,2449.75,2449.75,0,0.00,2449.75,0.00,,,,,,,,,,,,,,,,,,,,,,,,,,,,,,,,,,,,,,,,,,2,01,CAMILA-06-GREEN-B12,COSS FRONT SLIP ON SLIDES,1632.00,17,96.00,,,,,,CAMILA-06-GREEN-B12
PO2025000108,0,1,2025-02-27,2025-03-08,2025-03-12,2025-03-24,BAY-FW,,USD,2449.75,2449.75,0,0.00,2449.75,0.00,,,,,,,,,,,,,,,,,,,,,,,,,,,,,,,,,,,,,,,,,,3,01,ADELINE-03-GOLD-7.5,BUCKLE FRONT FLAT SANDALS,18.50,1,18.50,,,,,,ADELINE-03-GOLD-7.5
PO2025000108,0,1,2025-02-27,2025-03-08,2025-03-12,2025-03-24,BAY-FW,,USD,2449.75,2449.75,0,0.00,2449.75,0.00,,,,,,,,,,,,,,,,,,,,,,,,,,,,,,,,,,,,,,,,,,4,01,ADELINE-02-CAMEL-9,WOVEN SLIDE SANDAL,149.50,13,11.50,,,,,,ADELINE-02-CAMEL-9
PO2025000108,0,1,2025-02-27,2025-03-08,2025-03-12,2025-03-24,BAY-FW,,USD,2449.75,2449.75,0,0.00,2449.75,0.00,,,,,,,,,,,,,,,,,,,,,,,,,,,,,,,,,,,,,,,,,,5,01,CORA-01-LEOP-6,CROSS FRONT SANDAL,182.75,17,10.75,,,,,,CORA-01-LEOP-6
PO2025000108,0,1,2025-02-27,2025-03-08,2025-03-12,2025-03-24,BAY-FW,,USD,2449.75,2449.75,0,0.00,2449.75,0.00,,,,,,,,,,,,,,,,,,,,,,,,,,,,,,,,,,,,,,,,,,6,01,ADELINE-02-WHITE-8.5,WOVEN SLIDE SANDAL,161.00,14,11.50,,,,,,ADELINE-02-WHITE-8.5
PO2025000109,0,1,2025-02-06,2025-02-26,2025-03-12,2025-03-03,OAKLAND-UA,,USD,1826.25,1826.25,0,0.00,1826.25,0.00,,,,,,,,,,,,,,,,,,,,,,,,,,,,,,,,,,,,,,,,,,1,01,CORA-01-BLK-8.5,CROSS FRONT SANDAL,75.25,7,10.75,,,,,,CORA-01-BLK-8.5
PO2025000109,0,1,2025-02-06,2025-02-26,2025-03-12,2025-03-03,OAKLAND-UA,,USD,1826.25,1826.25,0,0.00,1826.25,0.00,,,,,,,,,,,,,,,,,,,,,,,,,,,,,,,,,,,,,,,,,,2,01,CAMILA-06-GREEN-5,COSS FRONT SLIP ON SLIDES,8.00,1,8.00,,,,,,CAMILA-06-GREEN-5
PO2025000109,0,1,2025-02-06,2025-02-26,2025-03-12,2025-03-03,OAKLAND-UA,,USD,1826.25,1826.25,0,0.00,1826.25,0.00,,,,,,,,,,,,,,,,,,,,,,,,,,,,,,,,,,,,,,,,,,3,01,CORA-01-LEOP-A12,CROSS FRONT SANDAL,1548.00,12,129.00,,,,,,CORA-01-LEOP-A12
PO2025000109,0,1,2025-02-06,2025-02-26,2025-03-12,2025-03-03,OAKLAND-UA,,USD,1826.25,1826.25,0,0.00,1826.25,0.00,,,,,,,,,,,,,,,,,,,,,,,,,,,,,,,,,,,,,,,,,,4,01,AVIANA-06-BLACK-7.5,FUR SLIPPER,195.00,12,16.25,,,,,,AVIANA-06-BLACK-7.5
PO2025000110,0,1,2025-02-23,2025-03-11,2025-03-21,2025-03-30,IRVINE-ES,,USD,2480.50,2480.50,0,0.00,2480.50,0.00,,,,,,,,,,,,,,,,,,,,,,,,,,,,,,,,,,,,,,,,,,1,01,FA16023WV-SMOKEYROSE-XL-STD,GGT wrap kimono maxi dress,507.00,13,39.00,,809666901160,,,,FA16023WV-SMOKEYROSE-XL-STD
PO2025000110,0,1,2025-02-23,2025-03-11,2025-03-21,2025-03-30,IRVINE-ES,,USD,2480.50,2480.50,0,0.00,2480.50,0.00,,,,,,,,,,,,,,,,,,,,,,,,,,,,,,,,,,,,,,,,,,2,01,FB3601737-3219UNFORGV-28-STD,Light Hand-Sanded Denim Stretch High-Waist Slit Hem Jeans,507.00,13,39.00,,809666434385,,,,FB3601737-3219UNFORGV-28-STD
PO2025000110,0,1,2025-02-23,2025-03-11,2025-03-21,2025-03-30,IRVINE-ES,,USD,2480.50,2480.50,0,0.00,2480.50,0.00,,,,,,,,,,,,,,,,,,,,,,,,,,,,,,,,,,,,,,,,,,3,01,ASTRID-01-BLACK-10,SLIP ON SNEAKER,290.50,14,20.75,,,,,,ASTRID-01-BLACK-10
PO2025000110,0,1,2025-02-23,2025-03-11,2025-03-21,2025-03-30,IRVINE-ES,,USD,2480.50,2480.50,0,0.00,2480.50,0.00,,,,,,,,,,,,,,,,,,,,,,,,,,,,,,,,,,,,,,,,,,4,01,FA13501DM-1608BLAU2-32-30,Maya Basic Dark Handsand Wash Midrise Skinny Jeans,408.00,12,34.00,,8.09667E+11,,,,FA13501DM-1608BLAU2-32-30
PO2025000110,0,1,2025-02-23,2025-03-11,2025-03-21,2025-03-30,IRVINE-ES,,USD,2480.50,2480.50,0,0.00,2480.50,0.00,,,,,,,,,,,,,,,,,,,,,,,,,,,,,,,,,,,,,,,,,,5,01,CAMILA-06-BLACK-S,COSS FRONT SLIP ON SLIDES,768.00,8,96.00,,,,,,CAMILA-06-BLACK-S
PO2025000111,0,1,2025-02-10,2025-02-20,2025-03-05,2025-03-19,ANAHEIM-PF,,USD,2484.00,2484.00,0,0.00,2484.00,0.00,,,,,,,,,,,,,,,,,,,,,,,,,,,,,,,,,,,,,,,,,,1,01,ADELINE-02-CAMEL-A12,WOVEN SLIDE SANDAL,2484.00,18,138.00,,,,,,ADELINE-02-CAMEL-A12
PO2025000112,0,1,2025-03-25,2025-04-14,2025-04-21,2025-05-21,PASADENA-SB,,USD,458.75,458.75,0,0.00,458.75,0.00,,,,,,,,,,,,,,,,,,,,,,,,,,,,,,,,,,,,,,,,,,1,01,FA13501DM-RINSEWSFT-26-32,Maya Basic Dark Handsand Wash Midrise Skinny Jeans,272.00,8,34.00,,8.09667E+11,,,,FA13501DM-RINSEWSFT-26-32
PO2025000112,0,1,2025-03-25,2025-04-14,2025-04-21,2025-05-21,PASADENA-SB,,USD,458.75,458.75,0,0.00,458.75,0.00,,,,,,,,,,,,,,,,,,,,,,,,,,,,,,,,,,,,,,,,,,2,01,ASTRID-01-NUDE-9.5,SLIP ON SNEAKER,186.75,9,20.75,,,,,,ASTRID-01-NUDE-9.5
PO2025000113,0,1,2025-03-18,2025-04-02,2025-04-09,2025-05-06,GOLDEN-SA,,USD,1009.25,1009.25,0,0.00,1009.25,0.00,,,,,,,,,,,,,,,,,,,,,,,,,,,,,,,,,,,,,,,,,,1,01,173451-1183CITIZEN-1-34,Susan Stretch Denim Skinny Jeans Medium Blue 5 Pocket Wash,384.00,16,24.00,,809666377736,,,,173451-1183CITIZEN-1-34
PO2025000113,0,1,2025-03-18,2025-04-02,2025-04-09,2025-05-06,GOLDEN-SA,,USD,1009.25,1009.25,0,0.00,1009.25,0.00,,,,,,,,,,,,,,,,,,,,,,,,,,,,,,,,,,,,,,,,,,2,01,ADELINE-02-CAMEL-11,WOVEN SLIDE SANDAL,230.00,20,11.50,,,,,,ADELINE-02-CAMEL-11
PO2025000113,0,1,2025-03-18,2025-04-02,2025-04-09,2025-05-06,GOLDEN-SA,,USD,1009.25,1009.25,0,0.00,1009.25,0.00,,,,,,,,,,,,,,,,,,,,,,,,,,,,,,,,,,,,,,,,,,3,01,CORA-01-BLK-7,CROSS FRONT SANDAL,161.25,15,10.75,,,,,,CORA-01-BLK-7
PO2025000113,0,1,2025-03-18,2025-04-02,2025-04-09,2025-05-06,GOLDEN-SA,,USD,1009.25,1009.25,0,0.00,1009.25,0.00,,,,,,,,,,,,,,,,,,,,,,,,,,,,,,,,,,,,,,,,,,4,01,FA16105WV-MIDNIGHTCAMO-XL-STD,Patricia Woven Chiffon Midnight Blue Palazzo Pant W Elastic Waist,234.00,6,39.00,,809666795608,,,,FA16105WV-MIDNIGHTCAMO-XL-STD
PO2025000114,0,1,2025-03-26,2025-04-09,2025-04-16,2025-05-21,PACIFIC-CM,,USD,2401.52,2401.52,0,0.00,2401.52,0.00,,,,,,,,,,,,,,,,,,,,,,,,,,,,,,,,,,,,,,,,,,1,01,ASTRID-01-NUDE-S,SLIP ON SNEAKER,261.52,7,37.36,,,,,,ASTRID-01-NUDE-S
PO2025000114,0,1,2025-03-26,2025-04-09,2025-04-16,2025-05-21,PACIFIC-CM,,USD,2401.52,2401.52,0,0.00,2401.52,0.00,,,,,,,,,,,,,,,,,,,,,,,,,,,,,,,,,,,,,,,,,,2,01,34478006-BLANCMANGE-3X-STD,Supersoft longline mongolian cashmere cardigan,2140.00,5,428.00,,809666398489,,,,34478006-BLANCMANGE-3X-STD
PO2025000115,0,1,2025-03-31,2025-04-16,2025-04-19,2025-05-05,SILICON-GC,,USD,234.50,234.50,0,0.00,234.50,0.00,,,,,,,,,,,,,,,,,,,,,,,,,,,,,,,,,,,,,,,,,,1,01,ADELINE-02-NUDE-7.5,WOVEN SLIDE SANDAL,218.50,19,11.50,,,,,,ADELINE-02-NUDE-7.5
PO2025000115,0,1,2025-03-31,2025-04-16,2025-04-19,2025-05-05,SILICON-GC,,USD,234.50,234.50,0,0.00,234.50,0.00,,,,,,,,,,,,,,,,,,,,,,,,,,,,,,,,,,,,,,,,,,2,01,CAMILA-06-TAUPE-11,COSS FRONT SLIP ON SLIDES,16.00,2,8.00,,,,,,CAMILA-06-TAUPE-11
PO2025000116,0,1,2025-03-16,2025-03-24,2025-03-31,2025-05-05,BAY-FW,,USD,2176.25,2176.25,0,0.00,2176.25,0.00,,,,,,,,,,,,,,,,,,,,,,,,,,,,,,,,,,,,,,,,,,1,01,FA16023WV-SLATE-M-STD,GGT wrap kimono maxi dress,390.00,10,39.00,,809666901108,,,,FA16023WV-SLATE-M-STD
PO2025000116,0,1,2025-03-16,2025-03-24,2025-03-31,2025-05-05,BAY-FW,,USD,2176.25,2176.25,0,0.00,2176.25,0.00,,,,,,,,,,,,,,,,,,,,,,,,,,,,,,,,,,,,,,,,,,2,01,FA13501DM-1464KINGSC-30-32,Maya Basic Dark Handsand Wash Midrise Skinny Jeans,442.00,13,34.00,,8.09667E+11,,,,FA13501DM-1464KINGSC-30-32
PO2025000116,0,1,2025-03-16,2025-03-24,2025-03-31,2025-05-05,BAY-FW,,USD,2176.25,2176.25,0,0.00,2176.25,0.00,,,,,,,,,,,,,,,,,,,,,,,,,,,,,,,,,,,,,,,,,,3,01,FD9801506P-BLACKBROWN-1X-STD,Natalia Leopard Print Button-up Wrap Dress,588.00,12,49.00,,809666394962,,,,FD9801506P-BLACKBROWN-1X-STD
PO2025000116,0,1,2025-03-16,2025-03-24,2025-03-31,2025-05-05,BAY-FW,,USD,2176.25,2176.25,0,0.00,2176.25,0.00,,,,,,,,,,,,,,,,,,,,,,,,,,,,,,,,,,,,,,,,,,4,01,ASTRID-01-GREY-9.5,SLIP ON SNEAKER,103.75,5,20.75,,,,,,ASTRID-01-GREY-9.5
PO2025000116,0,1,2025-03-16,2025-03-24,2025-03-31,2025-05-05,BAY-FW,,USD,2176.25,2176.25,0,0.00,2176.25,0.00,,,,,,,,,,,,,,,,,,,,,,,,,,,,,,,,,,,,,,,,,,5,01,AUSTIN-06-BLACK-8.5,SNEAKER,30.00,3,10.00,,,,,,AUSTIN-06-BLACK-8.5
PO2025000116,0,1,2025-03-16,2025-03-24,2025-03-31,2025-05-05,BAY-FW,,USD,2176.25,2176.25,0,0.00,2176.25,0.00,,,,,,,,,,,,,,,,,,,,,,,,,,,,,,,,,,,,,,,,,,6,01,ASTRID-01-NUDE-9,SLIP ON SNEAKER,373.50,18,20.75,,,,,,ASTRID-01-NUDE-9
PO2025000116,0,1,2025-03-16,2025-03-24,2025-03-31,2025-05-05,BAY-FW,,USD,2176.25,2176.25,0,0.00,2176.25,0.00,,,,,,,,,,,,,,,,,,,,,,,,,,,,,,,,,,,,,,,,,,7,01,ASTRID-01-NUDE-5,SLIP ON SNEAKER,249.00,12,20.75,,,,,,ASTRID-01-NUDE-5
PO2025000117,0,1,2025-04-29,2025-05-16,2025-05-27,2025-05-28,OAKLAND-UA,,USD,32.50,32.50,0,0.00,32.50,0.00,,,,,,,,,,,,,,,,,,,,,,,,,,,,,,,,,,,,,,,,,,1,01,AVIANA-06-PINK-5,FUR SLIPPER,32.50,2,16.25,,,,,,AVIANA-06-PINK-5
PO2025000118,0,1,2025-04-22,2025-04-28,2025-04-30,2025-05-29,IRVINE-ES,,USD,1617.50,1617.50,0,0.00,1617.50,0.00,,,,,,,,,,,,,,,,,,,,,,,,,,,,,,,,,,,,,,,,,,1,01,ADELINE-02-WHITE-11,WOVEN SLIDE SANDAL,115.00,10,11.50,,,,,,ADELINE-02-WHITE-11
PO2025000118,0,1,2025-04-22,2025-04-28,2025-04-30,2025-05-29,IRVINE-ES,,USD,1617.50,1617.50,0,0.00,1617.50,0.00,,,,,,,,,,,,,,,,,,,,,,,,,,,,,,,,,,,,,,,,,,2,01,CORA-01-CAME-A12,CROSS FRONT SANDAL,1032.00,8,129.00,,,,,,CORA-01-CAME-A12
PO2025000118,0,1,2025-04-22,2025-04-28,2025-04-30,2025-05-29,IRVINE-ES,,USD,1617.50,1617.50,0,0.00,1617.50,0.00,,,,,,,,,,,,,,,,,,,,,,,,,,,,,,,,,,,,,,,,,,3,01,CAMILA-06-GREEN-7,COSS FRONT SLIP ON SLIDES,144.00,18,8.00,,,,,,CAMILA-06-GREEN-7
PO2025000118,0,1,2025-04-22,2025-04-28,2025-04-30,2025-05-29,IRVINE-ES,,USD,1617.50,1617.50,0,0.00,1617.50,0.00,,,,,,,,,,,,,,,,,,,,,,,,,,,,,,,,,,,,,,,,,,4,01,FA13512DM-1847DPOCN-30-32,Angie Stud Bling Pocket Low Rise Skinny Jeans,34.00,1,34.00,,8.09667E+11,,,,FA13512DM-1847DPOCN-30-32
PO2025000118,0,1,2025-04-22,2025-04-28,2025-04-30,2025-05-29,IRVINE-ES,,USD,1617.50,1617.50,0,0.00,1617.50,0.00,,,,,,,,,,,,,,,,,,,,,,,,,,,,,,,,,,,,,,,,,,5,01,AVIANA-06-BEIGE-6,FUR SLIPPER,292.50,18,16.25,,,,,,AVIANA-06-BEIGE-6
PO2025000119,0,1,2025-04-14,2025-05-02,2025-05-10,2025-05-31,ANAHEIM-PF,,USD,2407.50,2407.50,0,0.00,2407.50,0.00,,,,,,,,,,,,,,,,,,,,,,,,,,,,,,,,,,,,,,,,,,1,01,ADELINE-02-CAMEL-7,WOVEN SLIDE SANDAL,69.00,6,11.50,,,,,,ADELINE-02-CAMEL-7
PO2025000119,0,1,2025-04-14,2025-05-02,2025-05-10,2025-05-31,ANAHEIM-PF,,USD,2407.50,2407.50,0,0.00,2407.50,0.00,,,,,,,,,,,,,,,,,,,,,,,,,,,,,,,,,,,,,,,,,,2,01,173451-1183CITIZEN-1-STD,Susan Stretch Denim Skinny Jeans Medium Blue 5 Pocket Wash,264.00,11,24.00,,809666377866,,,,173451-1183CITIZEN-1-STD
PO2025000119,0,1,2025-04-14,2025-05-02,2025-05-10,2025-05-31,ANAHEIM-PF,,USD,2407.50,2407.50,0,0.00,2407.50,0.00,,,,,,,,,,,,,,,,,,,,,,,,,,,,,,,,,,,,,,,,,,3,01,CAMILA-06-NUDE-A12,COSS FRONT SLIP ON SLIDES,768.00,8,96.00,,,,,,CAMILA-06-NUDE-A12
PO2025000119,0,1,2025-04-14,2025-05-02,2025-05-10,2025-05-31,ANAHEIM-PF,,USD,2407.50,2407.50,0,0.00,2407.50,0.00,,,,,,,,,,,,,,,,,,,,,,,,,,,,,,,,,,,,,,,,,,4,01,FA16023WV-MIDNIGHTBLUE-XL-STD,GGT wrap kimono maxi dress,702.00,18,39.00,,809666795745,,,,FA16023WV-MIDNIGHTBLUE-XL-STD
PO2025000119,0,1,2025-04-14,2025-05-02,2025-05-10,2025-05-31,ANAHEIM-PF,,USD,2407.50,2407.50,0,0.00,2407.50,0.00,,,,,,,,,,,,,,,,,,,,,,,,,,,,,,,,,,,,,,,,,,5,01,AVIANA-06-BLACK-5.5,FUR SLIPPER,211.25,13,16.25,,,,,,AVIANA-06-BLACK-5.5
PO2025000119,0,1,2025-04-14,2025-05-02,2025-05-10,2025-05-31,ANAHEIM-PF,,USD,2407.50,2407.50,0,0.00,2407.50,0.00,,,,,,,,,,,,,,,,,,,,,,,,,,,,,,,,,,,,,,,,,,6,01,AVIANA-06-BLACK-6,FUR SLIPPER,48.75,3,16.25,,,,,,AVIANA-06-BLACK-6
PO2025000119,0,1,2025-04-14,2025-05-02,2025-05-10,2025-05-31,ANAHEIM-PF,,USD,2407.50,2407.50,0,0.00,2407.50,0.00,,,,,,,,,,,,,,,,,,,,,,,,,,,,,,,,,,,,,,,,,,7,01,ADELINE-02-BLACK-5,WOVEN SLIDE SANDAL,11.50,1,11.50,,,,,,ADELINE-02-BLACK-5
PO2025000119,0,1,2025-04-14,2025-05-02,2025-05-10,2025-05-31,ANAHEIM-PF,,USD,2407.50,2407.50,0,0.00,2407.50,0.00,,,,,,,,,,,,,,,,,,,,,,,,,,,,,,,,,,,,,,,,,,8,01,ADELINE-03-BROWN-5.5,BUCKLE FRONT FLAT SANDALS,333.00,18,18.50,,,,,,ADELINE-03-BROWN-5.5
PO2025000120,0,1,2025-05-09,2025-05-17,2025-05-31,2025-06-09,PASADENA-SB,,USD,2233.00,2233.00,0,0.00,2233.00,0.00,,,,,,,,,,,,,,,,,,,,,,,,,,,,,,,,,,,,,,,,,,1,01,AUSTIN-06-CAMEL-6,SNEAKER,180.00,18,10.00,,,,,,AUSTIN-06-CAMEL-6
PO2025000120,0,1,2025-05-09,2025-05-17,2025-05-31,2025-06-09,PASADENA-SB,,USD,2233.00,2233.00,0,0.00,2233.00,0.00,,,,,,,,,,,,,,,,,,,,,,,,,,,,,,,,,,,,,,,,,,2,01,FA16023WV-SMOKEYROSE-M-STD,GGT wrap kimono maxi dress,195.00,5,39.00,,809666901146,,,,FA16023WV-SMOKEYROSE-M-STD
PO2025000120,0,1,2025-05-09,2025-05-17,2025-05-31,2025-06-09,PASADENA-SB,,USD,2233.00,2233.00,0,0.00,2233.00,0.00,,,,,,,,,,,,,,,,,,,,,,,,,,,,,,,,,,,,,,,,,,3,01,AUSTIN-06-NUDE-B12,SNEAKER,1320.00,11,120.00,,,,,,AUSTIN-06-NUDE-B12
PO2025000120,0,1,2025-05-09,2025-05-17,2025-05-31,2025-06-09,PASADENA-SB,,USD,2233.00,2233.00,0,0.00,2233.00,0.00,,,,,,,,,,,,,,,,,,,,,,,,,,,,,,,,,,,,,,,,,,4,01,ADELINE-02-PINK-8,WOVEN SLIDE SANDAL,57.50,5,11.50,,,,,,ADELINE-02-PINK-8
PO2025000120,0,1,2025-05-09,2025-05-17,2025-05-31,2025-06-09,PASADENA-SB,,USD,2233.00,2233.00,0,0.00,2233.00,0.00,,,,,,,,,,,,,,,,,,,,,,,,,,,,,,,,,,,,,,,,,,5,01,FB3601737-3219UNFORGV-27-STD,Light Hand-Sanded Denim Stretch High-Waist Slit Hem Jeans,351.00,9,39.00,,809666434378,,,,FB3601737-3219UNFORGV-27-STD
PO2025000120,0,1,2025-05-09,2025-05-17,2025-05-31,2025-06-09,PASADENA-SB,,USD,2233.00,2233.00,0,0.00,2233.00,0.00,,,,,,,,,,,,,,,,,,,,,,,,,,,,,,,,,,,,,,,,,,6,01,ADELINE-03-BROWN-7,BUCKLE FRONT FLAT SANDALS,129.50,7,18.50,,,,,,ADELINE-03-BROWN-7
PO2025000121,0,1,2025-05-07,2025-05-16,2025-05-30,2025-06-07,GOLDEN-SA,,USD,2483.75,2483.75,0,0.00,2483.75,0.00,,,,,,,,,,,,,,,,,,,,,,,,,,,,,,,,,,,,,,,,,,1,01,ASTRID-01-BLUSH-7,SLIP ON SNEAKER,269.75,13,20.75,,,,,,ASTRID-01-BLUSH-7
PO2025000121,0,1,2025-05-07,2025-05-16,2025-05-30,2025-06-07,GOLDEN-SA,,USD,2483.75,2483.75,0,0.00,2483.75,0.00,,,,,,,,,,,,,,,,,,,,,,,,,,,,,,,,,,,,,,,,,,2,01,FA13501DM-RINSEWSFT-26-30,Maya Basic Dark Handsand Wash Midrise Skinny Jeans,170.00,5,34.00,,8.09667E+11,,,,FA13501DM-RINSEWSFT-26-30
PO2025000121,0,1,2025-05-07,2025-05-16,2025-05-30,2025-06-07,GOLDEN-SA,,USD,2483.75,2483.75,0,0.00,2483.75,0.00,,,,,,,,,,,,,,,,,,,,,,,,,,,,,,,,,,,,,,,,,,3,01,CAMILA-06-LILAC-B12,COSS FRONT SLIP ON SLIDES,1344.00,14,96.00,,,,,,CAMILA-06-LILAC-B12
PO2025000121,0,1,2025-05-07,2025-05-16,2025-05-30,2025-06-07,GOLDEN-SA,,USD,2483.75,2483.75,0,0.00,2483.75,0.00,,,,,,,,,,,,,,,,,,,,,,,,,,,,,,,,,,,,,,,,,,4,01,AUSTIN-06-CAMEL-5,SNEAKER,20.00,2,10.00,,,,,,AUSTIN-06-CAMEL-5
PO2025000121,0,1,2025-05-07,2025-05-16,2025-05-30,2025-06-07,GOLDEN-SA,,USD,2483.75,2483.75,0,0.00,2483.75,0.00,,,,,,,,,,,,,,,,,,,,,,,,,,,,,,,,,,,,,,,,,,5,01,FA13501DM-1464KINGSC-26-30,Maya Basic Dark Handsand Wash Midrise Skinny Jeans,272.00,8,34.00,,8.09667E+11,,,,FA13501DM-1464KINGSC-26-30
PO2025000121,0,1,2025-05-07,2025-05-16,2025-05-30,2025-06-07,GOLDEN-SA,,USD,2483.75,2483.75,0,0.00,2483.75,0.00,,,,,,,,,,,,,,,,,,,,,,,,,,,,,,,,,,,,,,,,,,6,01,173451-1183CITIZEN-15-STD,Susan Stretch Denim Skinny Jeans Medium Blue 5 Pocket Wash,408.00,17,24.00,,809666377934,,,,173451-1183CITIZEN-15-STD
PO2025000122,0,1,2025-05-19,2025-05-31,2025-06-04,2025-07-03,PACIFIC-CM,,USD,377.00,377.00,0,0.00,377.00,0.00,,,,,,,,,,,,,,,,,,,,,,,,,,,,,,,,,,,,,,,,,,1,01,FD9801506P-CHERRY-2X-STD,Natalia Solid Button-Up Wrap Lantern Sleeve Dress,147.00,3,49.00,,809666395327,,,,FD9801506P-CHERRY-2X-STD
PO2025000122,0,1,2025-05-19,2025-05-31,2025-06-04,2025-07-03,PACIFIC-CM,,USD,377.00,377.00,0,0.00,377.00,0.00,,,,,,,,,,,,,,,,,,,,,,,,,,,,,,,,,,,,,,,,,,2,01,ADELINE-02-PINK-12,WOVEN SLIDE SANDAL,80.50,7,11.50,,,,,,ADELINE-02-PINK-12
PO2025000122,0,1,2025-05-19,2025-05-31,2025-06-04,2025-07-03,PACIFIC-CM,,USD,377.00,377.00,0,0.00,377.00,0.00,,,,,,,,,,,,,,,,,,,,,,,,,,,,,,,,,,,,,,,,,,3,01,ADELINE-02-PINK-7.5,WOVEN SLIDE SANDAL,149.50,13,11.50,,,,,,ADELINE-02-PINK-7.5
PO2025000123,0,1,2025-05-24,2025-05-30,2025-06-05,2025-06-21,SILICON-GC,,USD,2242.00,2242.00,0,0.00,2242.00,0.00,,,,,,,,,,,,,,,,,,,,,,,,,,,,,,,,,,,,,,,,,,1,01,FA13501DM-1608BLAU2-29-32,Maya Basic Dark Handsand Wash Midrise Skinny Jeans,102.00,3,34.00,,8.09667E+11,,,,FA13501DM-1608BLAU2-29-32
PO2025000123,0,1,2025-05-24,2025-05-30,2025-06-05,2025-06-21,SILICON-GC,,USD,2242.00,2242.00,0,0.00,2242.00,0.00,,,,,,,,,,,,,,,,,,,,,,,,,,,,,,,,,,,,,,,,,,2,01,34478006-BLANCMANGE-2X-STD,Supersoft longline mongolian cashmere cardigan,2140.00,5,428.00,,809666398472,,,,34478006-BLANCMANGE-2X-STD
PO2025000124,0,1,2025-06-28,2025-07-14,2025-07-24,2025-07-24,BAY-FW,,USD,1221.75,1221.75,0,0.00,1221.75,0.00,,,,,,,,,,,,,,,,,,,,,,,,,,,,,,,,,,,,,,,,,,1,01,FA16105WV-MIDNIGHTCAMO-L-STD,Patricia Woven Chiffon Midnight Blue Palazzo Pant W Elastic Waist,741.00,19,39.00,,809666795592,,,,FA16105WV-MIDNIGHTCAMO-L-STD
PO2025000124,0,1,2025-06-28,2025-07-14,2025-07-24,2025-07-24,BAY-FW,,USD,1221.75,1221.75,0,0.00,1221.75,0.00,,,,,,,,,,,,,,,,,,,,,,,,,,,,,,,,,,,,,,,,,,2,01,AUSTIN-06-WHITE-12,SNEAKER,190.00,19,10.00,,,,,,AUSTIN-06-WHITE-12
PO2025000124,0,1,2025-06-28,2025-07-14,2025-07-24,2025-07-24,BAY-FW,,USD,1221.75,1221.75,0,0.00,1221.75,0.00,,,,,,,,,,,,,,,,,,,,,,,,,,,,,,,,,,,,,,,,,,3,01,ASTRID-01-GREY-5,SLIP ON SNEAKER,186.75,9,20.75,,,,,,ASTRID-01-GREY-5
PO2025000124,0,1,2025-06-28,2025-07-14,2025-07-24,2025-07-24,BAY-FW,,USD,1221.75,1221.75,0,0.00,1221.75,0.00,,,,,,,,,,,,,,,,,,,,,,,,,,,,,,,,,,,,,,,,,,4,01,CAMILA-06-TAUPE-8.5,COSS FRONT SLIP ON SLIDES,104.00,13,8.00,,,,,,CAMILA-06-TAUPE-8.5
PO2025000125,0,1,2025-06-29,2025-07-06,2025-07-12,2025-08-19,OAKLAND-UA,,USD,1622.25,1622.25,0,0.00,1622.25,0.00,,,,,,,,,,,,,,,,,,,,,,,,,,,,,,,,,,,,,,,,,,1,01,CAMILA-06-GREEN-8,COSS FRONT SLIP ON SLIDES,56.00,7,8.00,,,,,,CAMILA-06-GREEN-8
PO2025000125,0,1,2025-06-29,2025-07-06,2025-07-12,2025-08-19,OAKLAND-UA,,USD,1622.25,1622.25,0,0.00,1622.25,0.00,,,,,,,,,,,,,,,,,,,,,,,,,,,,,,,,,,,,,,,,,,2,01,FD3601033-3022FROZENPD-L-STD,Jay-Low Tencel Denim Shirtdress - Chiffon Collar and Tie Sleeve,980.00,20,49.00,,809666343823,,,,FD3601033-3022FROZENPD-L-STD
PO2025000125,0,1,2025-06-29,2025-07-06,2025-07-12,2025-08-19,OAKLAND-UA,,USD,1622.25,1622.25,0,0.00,1622.25,0.00,,,,,,,,,,,,,,,,,,,,,,,,,,,,,,,,,,,,,,,,,,3,01,ASTRID-01-GREY-6.5,SLIP ON SNEAKER,352.75,17,20.75,,,,,,ASTRID-01-GREY-6.5
PO2025000125,0,1,2025-06-29,2025-07-06,2025-07-12,2025-08-19,OAKLAND-UA,,USD,1622.25,1622.25,0,0.00,1622.25,0.00,,,,,,,,,,,,,,,,,,,,,,,,,,,,,,,,,,,,,,,,,,4,01,AUSTIN-06-CAMEL-7.5,SNEAKER,130.00,13,10.00,,,,,,AUSTIN-06-CAMEL-7.5
PO2025000125,0,1,2025-06-29,2025-07-06,2025-07-12,2025-08-19,OAKLAND-UA,,USD,1622.25,1622.25,0,0.00,1622.25,0.00,,,,,,,,,,,,,,,,,,,,,,,,,,,,,,,,,,,,,,,,,,5,01,ADELINE-02-WHITE-8,WOVEN SLIDE SANDAL,103.50,9,11.50,,,,,,ADELINE-02-WHITE-8
PO2025000126,0,1,2025-06-02,2025-06-14,2025-06-21,2025-07-15,IRVINE-ES,,USD,611.00,611.00,0,0.00,611.00,0.00,,,,,,,,,,,,,,,,,,,,,,,,,,,,,,,,,,,,,,,,,,1,01,CORA-01-FUCH-8.5,CROSS FRONT SANDAL,172.00,16,10.75,,,,,,CORA-01-FUCH-8.5
PO2025000126,0,1,2025-06-02,2025-06-14,2025-06-21,2025-07-15,IRVINE-ES,,USD,611.00,611.00,0,0.00,611.00,0.00,,,,,,,,,,,,,,,,,,,,,,,,,,,,,,,,,,,,,,,,,,2,01,CAMILA-06-GREEN-11,COSS FRONT SLIP ON SLIDES,112.00,14,8.00,,,,,,CAMILA-06-GREEN-11
PO2025000126,0,1,2025-06-02,2025-06-14,2025-06-21,2025-07-15,IRVINE-ES,,USD,611.00,611.00,0,0.00,611.00,0.00,,,,,,,,,,,,,,,,,,,,,,,,,,,,,,,,,,,,,,,,,,3,01,CORA-01-FUCH-9.5,CROSS FRONT SANDAL,215.00,20,10.75,,,,,,CORA-01-FUCH-9.5
PO2025000126,0,1,2025-06-02,2025-06-14,2025-06-21,2025-07-15,IRVINE-ES,,USD,611.00,611.00,0,0.00,611.00,0.00,,,,,,,,,,,,,,,,,,,,,,,,,,,,,,,,,,,,,,,,,,4,01,CAMILA-06-BLACK-12,COSS FRONT SLIP ON SLIDES,112.00,14,8.00,,,,,,CAMILA-06-BLACK-12
PO2025000127,0,1,2025-07-23,2025-07-31,2025-08-14,2025-09-10,ANAHEIM-PF,,USD,744.00,744.00,0,0.00,744.00,0.00,,,,,,,,,,,,,,,,,,,,,,,,,,,,,,,,,,,,,,,,,,1,01,FA16023WV-SLATE-XL-STD,GGT wrap kimono maxi dress,78.00,2,39.00,,809666901122,,,,FA16023WV-SLATE-XL-STD
PO2025000127,0,1,2025-07-23,2025-07-31,2025-08-14,2025-09-10,ANAHEIM-PF,,USD,744.00,744.00,0,0.00,744.00,0.00,,,,,,,,,,,,,,,,,,,,,,,,,,,,,,,,,,,,,,,,,,2,01,ADELINE-03-BLACK-S,BUCKLE FRONT FLAT SANDALS,666.00,3,222.00,,,,,,ADELINE-03-BLACK-S
PO2025000128,0,1,2025-07-16,2025-08-03,2025-08-07,2025-09-03,PASADENA-SB,,USD,2497.00,2497.00,0,0.00,2497.00,0.00,,,,,,,,,,,,,,,,,,,,,,,,,,,,,,,,,,,,,,,,,,1,01,CORA-01-YLW-S,CROSS FRONT SANDAL,2064.00,16,129.00,,,,,,CORA-01-YLW-S
PO2025000128,0,1,2025-07-16,2025-08-03,2025-08-07,2025-09-03,PASADENA-SB,,USD,2497.00,2497.00,0,0.00,2497.00,0.00,,,,,,,,,,,,,,,,,,,,,,,,,,,,,,,,,,,,,,,,,,2,01,CAMILA-06-GREEN-6,COSS FRONT SLIP ON SLIDES,64.00,8,8.00,,,,,,CAMILA-06-GREEN-6
PO2025000128,0,1,2025-07-16,2025-08-03,2025-08-07,2025-09-03,PASADENA-SB,,USD,2497.00,2497.00,0,0.00,2497.00,0.00,,,,,,,,,,,,,,,,,,,,,,,,,,,,,,,,,,,,,,,,,,3,01,FD9801506P-BLACKBROWN-3X-STD,Natalia Leopard Print Button-up Wrap Dress,49.00,1,49.00,,809666394986,,,,FD9801506P-BLACKBROWN-3X-STD
PO2025000128,0,1,2025-07-16,2025-08-03,2025-08-07,2025-09-03,PASADENA-SB,,USD,2497.00,2497.00,0,0.00,2497.00,0.00,,,,,,,,,,,,,,,,,,,,,,,,,,,,,,,,,,,,,,,,,,4,01,FA16023WV-SMOKELEOPARD-M-STD,GGT wrap kimono maxi dress,320.00,8,40.00,,809666395891,,,,FA16023WV-SMOKELEOPARD-M-STD
PO2025000129,0,1,2025-07-05,2025-07-19,2025-08-03,2025-08-12,GOLDEN-SA,,USD,2429.00,2429.00,0,0.00,2429.00,0.00,,,,,,,,,,,,,,,,,,,,,,,,,,,,,,,,,,,,,,,,,,1,01,AUSTIN-06-CAMEL-S,SNEAKER,1320.00,11,120.00,,,,,,AUSTIN-06-CAMEL-S
PO2025000129,0,1,2025-07-05,2025-07-19,2025-08-03,2025-08-12,GOLDEN-SA,,USD,2429.00,2429.00,0,0.00,2429.00,0.00,,,,,,,,,,,,,,,,,,,,,,,,,,,,,,,,,,,,,,,,,,2,01,FA16023WV-SLATE-S-STD,GGT wrap kimono maxi dress,429.00,11,39.00,,809666901092,,,,FA16023WV-SLATE-S-STD
PO2025000129,0,1,2025-07-05,2025-07-19,2025-08-03,2025-08-12,GOLDEN-SA,,USD,2429.00,2429.00,0,0.00,2429.00,0.00,,,,,,,,,,,,,,,,,,,,,,,,,,,,,,,,,,,,,,,,,,3,01,F13031C-1742VNTGST-28-STD,Cayden Vintage Beujolias Corduroy Skinny Jeans,408.00,12,34.00,,809666255089,,,,F13031C-1742VNTGST-28-STD
PO2025000129,0,1,2025-07-05,2025-07-19,2025-08-03,2025-08-12,GOLDEN-SA,,USD,2429.00,2429.00,0,0.00,2429.00,0.00,,,,,,,,,,,,,,,,,,,,,,,,,,,,,,,,,,,,,,,,,,4,01,FA13501DM-RINSEWSFT-28-32,Maya Basic Dark Handsand Wash Midrise Skinny Jeans,102.00,3,34.00,,8.09667E+11,,,,FA13501DM-RINSEWSFT-28-32
PO2025000129,0,1,2025-07-05,2025-07-19,2025-08-03,2025-08-12,GOLDEN-SA,,USD,2429.00,2429.00,0,0.00,2429.00,0.00,,,,,,,,,,,,,,,,,,,,,,,,,,,,,,,,,,,,,,,,,,5,01,F13031C-1742VNTGBJ-26-STD,Cayden Vintage Beujolias Corduroy Skinny Jeans,170.00,5,34.00,,809666254792,,,,F13031C-1742VNTGBJ-26-STD
PO2025000130,0,1,2025-07-17,2025-08-05,2025-08-14,2025-08-12,PACIFIC-CM,,USD,2439.50,2439.50,0,0.00,2439.50,0.00,,,,,,,,,,,,,,,,,,,,,,,,,,,,,,,,,,,,,,,,,,1,01,CORA-01-YLW-7.5,CROSS FRONT SANDAL,139.75,13,10.75,,,,,,CORA-01-YLW-7.5
PO2025000130,0,1,2025-07-17,2025-08-05,2025-08-14,2025-08-12,PACIFIC-CM,,USD,2439.50,2439.50,0,0.00,2439.50,0.00,,,,,,,,,,,,,,,,,,,,,,,,,,,,,,,,,,,,,,,,,,2,01,CORA-01-YLW-B12,CROSS FRONT SANDAL,645.00,5,129.00,,,,,,CORA-01-YLW-B12
PO2025000130,0,1,2025-07-17,2025-08-05,2025-08-14,2025-08-12,PACIFIC-CM,,USD,2439.50,2439.50,0,0.00,2439.50,0.00,,,,,,,,,,,,,,,,,,,,,,,,,,,,,,,,,,,,,,,,,,3,01,FA13512DM-1847DPOCN-29-30,Angie Stud Bling Pocket Low Rise Skinny Jeans,306.00,9,34.00,,8.09667E+11,,,,FA13512DM-1847DPOCN-29-30
PO2025000130,0,1,2025-07-17,2025-08-05,2025-08-14,2025-08-12,PACIFIC-CM,,USD,2439.50,2439.50,0,0.00,2439.50,0.00,,,,,,,,,,,,,,,,,,,,,,,,,,,,,,,,,,,,,,,,,,4,01,FA16023WV-SMOKEYROSE-L-STD,GGT wrap kimono maxi dress,507.00,13,39.00,,809666901153,,,,FA16023WV-SMOKEYROSE-L-STD
PO2025000130,0,1,2025-07-17,2025-08-05,2025-08-14,2025-08-12,PACIFIC-CM,,USD,2439.50,2439.50,0,0.00,2439.50,0.00,,,,,,,,,,,,,,,,,,,,,,,,,,,,,,,,,,,,,,,,,,5,01,CORA-01-TAUP-5,CROSS FRONT SANDAL,96.75,9,10.75,,,,,,CORA-01-TAUP-5
PO2025000130,0,1,2025-07-17,2025-08-05,2025-08-14,2025-08-12,PACIFIC-CM,,USD,2439.50,2439.50,0,0.00,2439.50,0.00,,,,,,,,,,,,,,,,,,,,,,,,,,,,,,,,,,,,,,,,,,6,01,FB3601737-3219UNFORGV-29-STD,Light Hand-Sanded Denim Stretch High-Waist Slit Hem Jeans,702.00,18,39.00,,809666434392,,,,FB3601737-3219UNFORGV-29-STD
PO2025000130,0,1,2025-07-17,2025-08-05,2025-08-14,2025-08-12,PACIFIC-CM,,USD,2439.50,2439.50,0,0.00,2439.50,0.00,,,,,,,,,,,,,,,,,,,,,,,,,,,,,,,,,,,,,,,,,,7,01,CORA-01-LEOP-7.5,CROSS FRONT SANDAL,43.00,4,10.75,,,,,,CORA-01-LEOP-7.5
PO2025000131,0,1,2025-08-15,2025-08-20,2025-08-27,2025-09-27,SILICON-GC,,USD,2257.00,2257.00,0,0.00,2257.00,0.00,,,,,,,,,,,,,,,,,,,,,,,,,,,,,,,,,,,,,,,,,,1,01,34478006-BLACK-3X-STD,Supersoft longline mongolian cashmere cardigan,2140.00,5,428.00,,809666398458,,,,34478006-BLACK-3X-STD
PO2025000131,0,1,2025-08-15,2025-08-20,2025-08-27,2025-09-27,SILICON-GC,,USD,2257.00,2257.00,0,0.00,2257.00,0.00,,,,,,,,,,,,,,,,,,,,,,,,,,,,,,,,,,,,,,,,,,2,01,FA16023WV-MIDNIGHTBLUE-S-STD,GGT wrap kimono maxi dress,117.00,3,39.00,,809666795714,,,,FA16023WV-MIDNIGHTBLUE-S-STD
PO2025000132,0,1,2025-08-30,2025-09-16,2025-09-21,2025-10-15,BAY-FW,,USD,2227.50,2227.50,0,0.00,2227.50,0.00,,,,,,,,,,,,,,,,,,,,,,,,,,,,,,,,,,,,,,,,,,1,01,F13T007SS-CABERNET-S-STD,S&P V-neck Sleeveless Peplum Blouse Front Hook-and-eye Closu,406.00,14,29.00,,8.09666E+11,,,,F13T007SS-CABERNET-S-STD
PO2025000132,0,1,2025-08-30,2025-09-16,2025-09-21,2025-10-15,BAY-FW,,USD,2227.50,2227.50,0,0.00,2227.50,0.00,,,,,,,,,,,,,,,,,,,,,,,,,,,,,,,,,,,,,,,,,,2,01,ADELINE-03-TAUPE-5.5,BUCKLE FRONT FLAT SANDALS,203.50,11,18.50,,,,,,ADELINE-03-TAUPE-5.5
PO2025000132,0,1,2025-08-30,2025-09-16,2025-09-21,2025-10-15,BAY-FW,,USD,2227.50,2227.50,0,0.00,2227.50,0.00,,,,,,,,,,,,,,,,,,,,,,,,,,,,,,,,,,,,,,,,,,3,01,FA13501DM-1608BLAU2-28-30,Maya Basic Dark Handsand Wash Midrise Skinny Jeans,408.00,12,34.00,,8.09667E+11,,,,FA13501DM-1608BLAU2-28-30
PO2025000132,0,1,2025-08-30,2025-09-16,2025-09-21,2025-10-15,BAY-FW,,USD,2227.50,2227.50,0,0.00,2227.50,0.00,,,,,,,,,,,,,,,,,,,,,,,,,,,,,,,,,,,,,,,,,,4,01,ADELINE-03-BLUE-7,BUCKLE FRONT FLAT SANDALS,351.50,19,18.50,,,,,,ADELINE-03-BLUE-7
PO2025000132,0,1,2025-08-30,2025-09-16,2025-09-21,2025-10-15,BAY-FW,,USD,2227.50,2227.50,0,0.00,2227.50,0.00,,,,,,,,,,,,,,,,,,,,,,,,,,,,,,,,,,,,,,,,,,5,01,ADELINE-03-BLUE-5,BUCKLE FRONT FLAT SANDALS,129.50,7,18.50,,,,,,ADELINE-03-BLUE-5
PO2025000132,0,1,2025-08-30,2025-09-16,2025-09-21,2025-10-15,BAY-FW,,USD,2227.50,2227.50,0,0.00,2227.50,0.00,,,,,,,,,,,,,,,,,,,,,,,,,,,,,,,,,,,,,,,,,,6,01,FA13501DM-RINSEWSFT-32-30,Maya Basic Dark Handsand Wash Midrise Skinny Jeans,612.00,18,34.00,,8.09667E+11,,,,FA13501DM-RINSEWSFT-32-30
PO2025000132,0,1,2025-08-30,2025-09-16,2025-09-21,2025-10-15,BAY-FW,,USD,2227.50,2227.50,0,0.00,2227.50,0.00,,,,,,,,,,,,,,,,,,,,,,,,,,,,,,,,,,,,,,,,,,7,01,FA16105WV-MIDNIGHTCAMO-M-STD,Patricia Woven Chiffon Midnight Blue Palazzo Pant W Elastic Waist,117.00,3,39.00,,809666795585,,,,FA16105WV-MIDNIGHTCAMO-M-STD
PO2025000133,0,1,2025-08-03,2025-08-13,2025-08-25,2025-08-28,OAKLAND-UA,,USD,2291.75,2291.75,0,0.00,2291.75,0.00,,,,,,,,,,,,,,,,,,,,,,,,,,,,,,,,,,,,,,,,,,1,01,ADELINE-03-GOLD-S,BUCKLE FRONT FLAT SANDALS,1998.00,9,222.00,,,,,,ADELINE-03-GOLD-S
PO2025000133,0,1,2025-08-03,2025-08-13,2025-08-25,2025-08-28,OAKLAND-UA,,USD,2291.75,2291.75,0,0.00,2291.75,0.00,,,,,,,,,,,,,,,,,,,,,,,,,,,,,,,,,,,,,,,,,,2,01,AUSTIN-06-BLUSH-S,SNEAKER,240.00,2,120.00,,,,,,AUSTIN-06-BLUSH-S
PO2025000133,0,1,2025-08-03,2025-08-13,2025-08-25,2025-08-28,OAKLAND-UA,,USD,2291.75,2291.75,0,0.00,2291.75,0.00,,,,,,,,,,,,,,,,,,,,,,,,,,,,,,,,,,,,,,,,,,3,01,CORA-01-LEOP-11,CROSS FRONT SANDAL,53.75,5,10.75,,,,,,CORA-01-LEOP-11
PO2025000134,0,1,2025-08-05,2025-08-12,2025-08-15,2025-09-07,IRVINE-ES,,USD,1446.50,1446.50,0,0.00,1446.50,0.00,,,,,,,,,,,,,,,,,,,,,,,,,,,,,,,,,,,,,,,,,,1,01,CAMILA-06-TAUPE-7,COSS FRONT SLIP ON SLIDES,48.00,6,8.00,,,,,,CAMILA-06-TAUPE-7
PO2025000134,0,1,2025-08-05,2025-08-12,2025-08-15,2025-09-07,IRVINE-ES,,USD,1446.50,1446.50,0,0.00,1446.50,0.00,,,,,,,,,,,,,,,,,,,,,,,,,,,,,,,,,,,,,,,,,,2,01,ADELINE-03-BLACK-10,BUCKLE FRONT FLAT SANDALS,111.00,6,18.50,,,,,,ADELINE-03-BLACK-10
PO2025000134,0,1,2025-08-05,2025-08-12,2025-08-15,2025-09-07,IRVINE-ES,,USD,1446.50,1446.50,0,0.00,1446.50,0.00,,,,,,,,,,,,,,,,,,,,,,,,,,,,,,,,,,,,,,,,,,3,01,F13031C-1742VNTGBJ-27-STD,Cayden Vintage Beujolias Corduroy Skinny Jeans,680.00,20,34.00,,809666254808,,,,F13031C-1742VNTGBJ-27-STD
PO2025000134,0,1,2025-08-05,2025-08-12,2025-08-15,2025-09-07,IRVINE-ES,,USD,1446.50,1446.50,0,0.00,1446.50,0.00,,,,,,,,,,,,,,,,,,,,,,,,,,,,,,,,,,,,,,,,,,4,01,FA13501DM-1464KINGSC-31-30,Maya Basic Dark Handsand Wash Midrise Skinny Jeans,510.00,15,34.00,,8.09667E+11,,,,FA13501DM-1464KINGSC-31-30
PO2025000134,0,1,2025-08-05,2025-08-12,2025-08-15,2025-09-07,IRVINE-ES,,USD,1446.50,1446.50,0,0.00,1446.50,0.00,,,,,,,,,,,,,,,,,,,,,,,,,,,,,,,,,,,,,,,,,,5,01,AVIANA-06-BEIGE-10,FUR SLIPPER,97.50,6,16.25,,,,,,AVIANA-06-BEIGE-10
PO2025000135,0,1,2025-08-25,2025-09-10,2025-09-14,2025-09-19,ANAHEIM-PF,,USD,1473.23,1473.23,0,0.00,1473.23,0.00,,,,,,,,,,,,,,,,,,,,,,,,,,,,,,,,,,,,,,,,,,1,01,AVIANA-06-PINK-A12,FUR SLIPPER,1040.23,17,61.19,,,,,,AVIANA-06-PINK-A12
PO2025000135,0,1,2025-08-25,2025-09-10,2025-09-14,2025-09-19,ANAHEIM-PF,,USD,1473.23,1473.23,0,0.00,1473.23,0.00,,,,,,,,,,,,,,,,,,,,,,,,,,,,,,,,,,,,,,,,,,2,01,FA16105WV-MIDNIGHTBLUE-L-STD,Patricia Woven Chiffon Midnight Blue Palazzo Pant W Elastic Waist,273.00,7,39.00,,809666795554,,,,FA16105WV-MIDNIGHTBLUE-L-STD
PO2025000135,0,1,2025-08-25,2025-09-10,2025-09-14,2025-09-19,ANAHEIM-PF,,USD,1473.23,1473.23,0,0.00,1473.23,0.00,,,,,,,,,,,,,,,,,,,,,,,,,,,,,,,,,,,,,,,,,,3,01,CAMILA-06-LILAC-7,COSS FRONT SLIP ON SLIDES,160.00,20,8.00,,,,,,CAMILA-06-LILAC-7
PO2025000136,0,1,2025-09-05,2025-09-20,2025-10-01,2025-10-06,PASADENA-SB,,USD,483.50,483.50,0,0.00,483.50,0.00,,,,,,,,,,,,,,,,,,,,,,,,,,,,,,,,,,,,,,,,,,1,01,AUSTIN-06-NUDE-9,SNEAKER,130.00,13,10.00,,,,,,AUSTIN-06-NUDE-9
PO2025000136,0,1,2025-09-05,2025-09-20,2025-10-01,2025-10-06,PASADENA-SB,,USD,483.50,483.50,0,0.00,483.50,0.00,,,,,,,,,,,,,,,,,,,,,,,,,,,,,,,,,,,,,,,,,,2,01,F13031C-1742VNTGBJ-30-STD,Cayden Vintage Beujolias Corduroy Skinny Jeans,204.00,6,34.00,,809666254839,,,,F13031C-1742VNTGBJ-30-STD
PO2025000136,0,1,2025-09-05,2025-09-20,2025-10-01,2025-10-06,PASADENA-SB,,USD,483.50,483.50,0,0.00,483.50,0.00,,,,,,,,,,,,,,,,,,,,,,,,,,,,,,,,,,,,,,,,,,3,01,ADELINE-02-CAMEL-10,WOVEN SLIDE SANDAL,149.50,13,11.50,,,,,,ADELINE-02-CAMEL-10
PO2025000137,0,1,2025-09-12,2025-09-30,2025-10-04,2025-10-26,GOLDEN-SA,,USD,1375.25,1375.25,0,0.00,1375.25,0.00,,,,,,,,,,,,,,,,,,,,,,,,,,,,,,,,,,,,,,,,,,1,01,AUSTIN-06-BLACK-10,SNEAKER,10.00,1,10.00,,,,,,AUSTIN-06-BLACK-10
PO2025000137,0,1,2025-09-12,2025-09-30,2025-10-04,2025-10-26,GOLDEN-SA,,USD,1375.25,1375.25,0,0.00,1375.25,0.00,,,,,,,,,,,,,,,,,,,,,,,,,,,,,,,,,,,,,,,,,,2,01,CAMILA-06-TAUPE-S,COSS FRONT SLIP ON SLIDES,864.00,9,96.00,,,,,,CAMILA-06-TAUPE-S
PO2025000137,0,1,2025-09-12,2025-09-30,2025-10-04,2025-10-26,GOLDEN-SA,,USD,1375.25,1375.25,0,0.00,1375.25,0.00,,,,,,,,,,,,,,,,,,,,,,,,,,,,,,,,,,,,,,,,,,3,01,CORA-01-YLW-8,CROSS FRONT SANDAL,10.75,1,10.75,,,,,,CORA-01-YLW-8
PO2025000137,0,1,2025-09-12,2025-09-30,2025-10-04,2025-10-26,GOLDEN-SA,,USD,1375.25,1375.25,0,0.00,1375.25,0.00,,,,,,,,,,,,,,,,,,,,,,,,,,,,,,,,,,,,,,,,,,4,01,FA16023WV-SMOKEYROSE-S-STD,GGT wrap kimono maxi dress,234.00,6,39.00,,809666901139,,,,FA16023WV-SMOKEYROSE-S-STD
PO2025000137,0,1,2025-09-12,2025-09-30,2025-10-04,2025-10-26,GOLDEN-SA,,USD,1375.25,1375.25,0,0.00,1375.25,0.00,,,,,,,,,,,,,,,,,,,,,,,,,,,,,,,,,,,,,,,,,,5,01,CAMILA-06-LILAC-7.5,COSS FRONT SLIP ON SLIDES,64.00,8,8.00,,,,,,CAMILA-06-LILAC-7.5
PO2025000137,0,1,2025-09-12,2025-09-30,2025-10-04,2025-10-26,GOLDEN-SA,,USD,1375.25,1375.25,0,0.00,1375.25,0.00,,,,,,,,,,,,,,,,,,,,,,,,,,,,,,,,,,,,,,,,,,6,01,CORA-01-CAME-5,CROSS FRONT SANDAL,64.50,6,10.75,,,,,,CORA-01-CAME-5
PO2025000137,0,1,2025-09-12,2025-09-30,2025-10-04,2025-10-26,GOLDEN-SA,,USD,1375.25,1375.25,0,0.00,1375.25,0.00,,,,,,,,,,,,,,,,,,,,,,,,,,,,,,,,,,,,,,,,,,7,01,CAMILA-06-NUDE-7.5,COSS FRONT SLIP ON SLIDES,128.00,16,8.00,,,,,,CAMILA-06-NUDE-7.5
PO2025000138,0,1,2025-09-19,2025-10-01,2025-10-16,2025-11-14,PACIFIC-CM,,USD,893.75,893.75,0,0.00,893.75,0.00,,,,,,,,,,,,,,,,,,,,,,,,,,,,,,,,,,,,,,,,,,1,01,AUSTIN-06-BLUSH-B12,SNEAKER,720.00,6,120.00,,,,,,AUSTIN-06-BLUSH-B12
PO2025000138,0,1,2025-09-19,2025-10-01,2025-10-16,2025-11-14,PACIFIC-CM,,USD,893.75,893.75,0,0.00,893.75,0.00,,,,,,,,,,,,,,,,,,,,,,,,,,,,,,,,,,,,,,,,,,2,01,AVIANA-06-BLACK-7,FUR SLIPPER,32.50,2,16.25,,,,,,AVIANA-06-BLACK-7
PO2025000138,0,1,2025-09-19,2025-10-01,2025-10-16,2025-11-14,PACIFIC-CM,,USD,893.75,893.75,0,0.00,893.75,0.00,,,,,,,,,,,,,,,,,,,,,,,,,,,,,,,,,,,,,,,,,,3,01,ADELINE-03-BLACK-8,BUCKLE FRONT FLAT SANDALS,92.50,5,18.50,,,,,,ADELINE-03-BLACK-8
PO2025000138,0,1,2025-09-19,2025-10-01,2025-10-16,2025-11-14,PACIFIC-CM,,USD,893.75,893.75,0,0.00,893.75,0.00,,,,,,,,,,,,,,,,,,,,,,,,,,,,,,,,,,,,,,,,,,4,01,AVIANA-06-BLACK-9.5,FUR SLIPPER,48.75,3,16.25,,,,,,AVIANA-06-BLACK-9.5
PO2025000139,0,1,2025-09-05,2025-09-18,2025-10-01,2025-10-12,SILICON-GC,,USD,486.00,486.00,0,0.00,486.00,0.00,,,,,,,,,,,,,,,,,,,,,,,,,,,,,,,,,,,,,,,,,,1,01,CAMILA-06-GREEN-10,COSS FRONT SLIP ON SLIDES,72.00,9,8.00,,,,,,CAMILA-06-GREEN-10
PO2025000139,0,1,2025-09-05,2025-09-18,2025-10-01,2025-10-12,SILICON-GC,,USD,486.00,486.00,0,0.00,486.00,0.00,,,,,,,,,,,,,,,,,,,,,,,,,,,,,,,,,,,,,,,,,,2,01,AUSTIN-06-BLACK-7.5,SNEAKER,100.00,10,10.00,,,,,,AUSTIN-06-BLACK-7.5
PO2025000139,0,1,2025-09-05,2025-09-18,2025-10-01,2025-10-12,SILICON-GC,,USD,486.00,486.00,0,0.00,486.00,0.00,,,,,,,,,,,,,,,,,,,,,,,,,,,,,,,,,,,,,,,,,,3,01,ADELINE-03-BLACK-7.5,BUCKLE FRONT FLAT SANDALS,185.00,10,18.50,,,,,,ADELINE-03-BLACK-7.5
PO2025000139,0,1,2025-09-05,2025-09-18,2025-10-01,2025-10-12,SILICON-GC,,USD,486.00,486.00,0,0.00,486.00,0.00,,,,,,,,,,,,,,,,,,,,,,,,,,,,,,,,,,,,,,,,,,4,01,CORA-01-TAUP-9.5,CROSS FRONT SANDAL,129.00,12,10.75,,,,,,CORA-01-TAUP-9.5
PO2025000140,0,1,2025-10-30,2025-11-16,2025-11-18,2025-12-13,BAY-FW,,USD,2455.58,2455.58,0,0.00,2455.58,0.00,,,,,,,,,,,,,,,,,,,,,,,,,,,,,,,,,,,,,,,,,,1,01,FA13501DM-1608BLAU2-30-30,Maya Basic Dark Handsand Wash Midrise Skinny Jeans,238.00,7,34.00,,8.09667E+11,,,,FA13501DM-1608BLAU2-30-30
PO2025000140,0,1,2025-10-30,2025-11-16,2025-11-18,2025-12-13,BAY-FW,,USD,2455.58,2455.58,0,0.00,2455.58,0.00,,,,,,,,,,,,,,,,,,,,,,,,,,,,,,,,,,,,,,,,,,2,01,AUSTIN-06-BLACK-9,SNEAKER,40.00,4,10.00,,,,,,AUSTIN-06-BLACK-9
PO2025000140,0,1,2025-10-30,2025-11-16,2025-11-18,2025-12-13,BAY-FW,,USD,2455.58,2455.58,0,0.00,2455.58,0.00,,,,,,,,,,,,,,,,,,,,,,,,,,,,,,,,,,,,,,,,,,3,01,CORA-01-LEOP-B12,CROSS FRONT SANDAL,645.00,5,129.00,,,,,,CORA-01-LEOP-B12
PO2025000140,0,1,2025-10-30,2025-11-16,2025-11-18,2025-12-13,BAY-FW,,USD,2455.58,2455.58,0,0.00,2455.58,0.00,,,,,,,,,,,,,,,,,,,,,,,,,,,,,,,,,,,,,,,,,,4,01,173451-1183CITIZEN-7-34,Susan Stretch Denim Skinny Jeans Medium Blue 5 Pocket Wash,96.00,4,24.00,,809666377767,,,,173451-1183CITIZEN-7-34
PO2025000140,0,1,2025-10-30,2025-11-16,2025-11-18,2025-12-13,BAY-FW,,USD,2455.58,2455.58,0,0.00,2455.58,0.00,,,,,,,,,,,,,,,,,,,,,,,,,,,,,,,,,,,,,,,,,,5,01,CORA-01-BLK-12,CROSS FRONT SANDAL,32.25,3,10.75,,,,,,CORA-01-BLK-12
PO2025000140,0,1,2025-10-30,2025-11-16,2025-11-18,2025-12-13,BAY-FW,,USD,2455.58,2455.58,0,0.00,2455.58,0.00,,,,,,,,,,,,,,,,,,,,,,,,,,,,,,,,,,,,,,,,,,6,01,AVIANA-06-WHITE-8,FUR SLIPPER,146.25,9,16.25,,,,,,AVIANA-06-WHITE-8
PO2025000140,0,1,2025-10-30,2025-11-16,2025-11-18,2025-12-13,BAY-FW,,USD,2455.58,2455.58,0,0.00,2455.58,0.00,,,,,,,,,,,,,,,,,,,,,,,,,,,,,,,,,,,,,,,,,,7,01,AVIANA-06-WHITE-A12,FUR SLIPPER,1258.08,16,78.63,,,,,,AVIANA-06-WHITE-A12
PO2025000141,0,1,2025-10-18,2025-11-01,2025-11-13,2025-12-10,OAKLAND-UA,,USD,2426.50,2426.50,0,0.00,2426.50,0.00,,,,,,,,,,,,,,,,,,,,,,,,,,,,,,,,,,,,,,,,,,1,01,AUSTIN-06-BLACK-8,SNEAKER,70.00,7,10.00,,,,,,AUSTIN-06-BLACK-8
PO2025000141,0,1,2025-10-18,2025-11-01,2025-11-13,2025-12-10,OAKLAND-UA,,USD,2426.50,2426.50,0,0.00,2426.50,0.00,,,,,,,,,,,,,,,,,,,,,,,,,,,,,,,,,,,,,,,,,,2,01,ADELINE-03-BROWN-9.5,BUCKLE FRONT FLAT SANDALS,185.00,10,18.50,,,,,,ADELINE-03-BROWN-9.5
PO2025000141,0,1,2025-10-18,2025-11-01,2025-11-13,2025-12-10,OAKLAND-UA,,USD,2426.50,2426.50,0,0.00,2426.50,0.00,,,,,,,,,,,,,,,,,,,,,,,,,,,,,,,,,,,,,,,,,,3,01,ADELINE-02-CAMEL-S,WOVEN SLIDE SANDAL,2070.00,15,138.00,,,,,,ADELINE-02-CAMEL-S
PO2025000141,0,1,2025-10-18,2025-11-01,2025-11-13,2025-12-10,OAKLAND-UA,,USD,2426.50,2426.50,0,0.00,2426.50,0.00,,,,,,,,,,,,,,,,,,,,,,,,,,,,,,,,,,,,,,,,,,4,01,AVIANA-06-BLACK-12,FUR SLIPPER,32.50,2,16.25,,,,,,AVIANA-06-BLACK-12
PO2025000141,0,1,2025-10-18,2025-11-01,2025-11-13,2025-12-10,OAKLAND-UA,,USD,2426.50,2426.50,0,0.00,2426.50,0.00,,,,,,,,,,,,,,,,,,,,,,,,,,,,,,,,,,,,,,,,,,5,01,ADELINE-02-NUDE-6,WOVEN SLIDE SANDAL,69.00,6,11.50,,,,,,ADELINE-02-NUDE-6
PO2025000142,0,1,2025-10-17,2025-10-24,2025-11-01,2025-12-13,IRVINE-ES,,USD,2362.25,2362.25,0,0.00,2362.25,0.00,,,,,,,,,,,,,,,,,,,,,,,,,,,,,,,,,,,,,,,,,,1,01,ADELINE-02-BLACK-S,WOVEN SLIDE SANDAL,1656.00,12,138.00,,,,,,ADELINE-02-BLACK-S
PO2025000142,0,1,2025-10-17,2025-10-24,2025-11-01,2025-12-13,IRVINE-ES,,USD,2362.25,2362.25,0,0.00,2362.25,0.00,,,,,,,,,,,,,,,,,,,,,,,,,,,,,,,,,,,,,,,,,,2,01,AUSTIN-06-BLACK-6.5,SNEAKER,50.00,5,10.00,,,,,,AUSTIN-06-BLACK-6.5
PO2025000142,0,1,2025-10-17,2025-10-24,2025-11-01,2025-12-13,IRVINE-ES,,USD,2362.25,2362.25,0,0.00,2362.25,0.00,,,,,,,,,,,,,,,,,,,,,,,,,,,,,,,,,,,,,,,,,,3,01,AUSTIN-06-BLUSH-8.5,SNEAKER,90.00,9,10.00,,,,,,AUSTIN-06-BLUSH-8.5
PO2025000142,0,1,2025-10-17,2025-10-24,2025-11-01,2025-12-13,IRVINE-ES,,USD,2362.25,2362.25,0,0.00,2362.25,0.00,,,,,,,,,,,,,,,,,,,,,,,,,,,,,,,,,,,,,,,,,,4,01,AVIANA-06-BEIGE-9,FUR SLIPPER,146.25,9,16.25,,,,,,AVIANA-06-BEIGE-9
PO2025000142,0,1,2025-10-17,2025-10-24,2025-11-01,2025-12-13,IRVINE-ES,,USD,2362.25,2362.25,0,0.00,2362.25,0.00,,,,,,,,,,,,,,,,,,,,,,,,,,,,,,,,,,,,,,,,,,5,01,ADELINE-02-CAMEL-9.5,WOVEN SLIDE SANDAL,69.00,6,11.50,,,,,,ADELINE-02-CAMEL-9.5
PO2025000142,0,1,2025-10-17,2025-10-24,2025-11-01,2025-12-13,IRVINE-ES,,USD,2362.25,2362.25,0,0.00,2362.25,0.00,,,,,,,,,,,,,,,,,,,,,,,,,,,,,,,,,,,,,,,,,,6,01,FA16105WV-MIDNIGHTBLUE-XL-STD,Patricia Woven Chiffon Midnight Blue Palazzo Pant W Elastic Waist,351.00,9,39.00,,809666795561,,,,FA16105WV-MIDNIGHTBLUE-XL-STD
PO2025000143,0,1,2025-10-31,2025-11-17,2025-11-26,2025-12-15,ANAHEIM-PF,,USD,2362.00,2362.00,0,0.00,2362.00,0.00,,,,,,,,,,,,,,,,,,,,,,,,,,,,,,,,,,,,,,,,,,1,01,CORA-01-YLW-7,CROSS FRONT SANDAL,86.00,8,10.75,,,,,,CORA-01-YLW-7
PO2025000143,0,1,2025-10-31,2025-11-17,2025-11-26,2025-12-15,ANAHEIM-PF,,USD,2362.00,2362.00,0,0.00,2362.00,0.00,,,,,,,,,,,,,,,,,,,,,,,,,,,,,,,,,,,,,,,,,,2,01,AVIANA-06-WHITE-S,FUR SLIPPER,258.00,10,25.80,,,,,,AVIANA-06-WHITE-S
PO2025000143,0,1,2025-10-31,2025-11-17,2025-11-26,2025-12-15,ANAHEIM-PF,,USD,2362.00,2362.00,0,0.00,2362.00,0.00,,,,,,,,,,,,,,,,,,,,,,,,,,,,,,,,,,,,,,,,,,3,01,FA13512DM-1847DPOCN-31-32,Angie Stud Bling Pocket Low Rise Skinny Jeans,34.00,1,34.00,,8.09667E+11,,,,FA13512DM-1847DPOCN-31-32
PO2025000143,0,1,2025-10-31,2025-11-17,2025-11-26,2025-12-15,ANAHEIM-PF,,USD,2362.00,2362.00,0,0.00,2362.00,0.00,,,,,,,,,,,,,,,,,,,,,,,,,,,,,,,,,,,,,,,,,,4,01,ADELINE-02-WHITE-B12,WOVEN SLIDE SANDAL,828.00,6,138.00,,,,,,ADELINE-02-WHITE-B12
PO2025000143,0,1,2025-10-31,2025-11-17,2025-11-26,2025-12-15,ANAHEIM-PF,,USD,2362.00,2362.00,0,0.00,2362.00,0.00,,,,,,,,,,,,,,,,,,,,,,,,,,,,,,,,,,,,,,,,,,5,01,ADELINE-03-GOLD-A12,BUCKLE FRONT FLAT SANDALS,1110.00,5,222.00,,,,,,ADELINE-03-GOLD-A12
PO2025000143,0,1,2025-10-31,2025-11-17,2025-11-26,2025-12-15,ANAHEIM-PF,,USD,2362.00,2362.00,0,0.00,2362.00,0.00,,,,,,,,,,,,,,,,,,,,,,,,,,,,,,,,,,,,,,,,,,6,01,ADELINE-02-CAMEL-8,WOVEN SLIDE SANDAL,46.00,4,11.50,,,,,,ADELINE-02-CAMEL-8
PO2025000144,0,1,2025-11-29,2025-12-05,2025-12-07,2025-12-28,PASADENA-SB,,USD,2483.94,2483.94,0,0.00,2483.94,0.00,,,,,,,,,,,,,,,,,,,,,,,,,,,,,,,,,,,,,,,,,,1,01,AUSTIN-06-CAMEL-B12,SNEAKER,1200.00,10,120.00,,,,,,AUSTIN-06-CAMEL-B12
PO2025000144,0,1,2025-11-29,2025-12-05,2025-12-07,2025-12-28,PASADENA-SB,,USD,2483.94,2483.94,0,0.00,2483.94,0.00,,,,,,,,,,,,,,,,,,,,,,,,,,,,,,,,,,,,,,,,,,2,01,CAMILA-06-BLACK-7,COSS FRONT SLIP ON SLIDES,16.00,2,8.00,,,,,,CAMILA-06-BLACK-7
PO2025000144,0,1,2025-11-29,2025-12-05,2025-12-07,2025-12-28,PASADENA-SB,,USD,2483.94,2483.94,0,0.00,2483.94,0.00,,,,,,,,,,,,,,,,,,,,,,,,,,,,,,,,,,,,,,,,,,3,01,CAMILA-06-GREEN-6.5,COSS FRONT SLIP ON SLIDES,88.00,11,8.00,,,,,,CAMILA-06-GREEN-6.5
PO2025000144,0,1,2025-11-29,2025-12-05,2025-12-07,2025-12-28,PASADENA-SB,,USD,2483.94,2483.94,0,0.00,2483.94,0.00,,,,,,,,,,,,,,,,,,,,,,,,,,,,,,,,,,,,,,,,,,4,01,AVIANA-06-WHITE-9,FUR SLIPPER,162.50,10,16.25,,,,,,AVIANA-06-WHITE-9
PO2025000144,0,1,2025-11-29,2025-12-05,2025-12-07,2025-12-28,PASADENA-SB,,USD,2483.94,2483.94,0,0.00,2483.94,0.00,,,,,,,,,,,,,,,,,,,,,,,,,,,,,,,,,,,,,,,,,,5,01,ASTRID-01-NUDE-B12,SLIP ON SNEAKER,825.44,8,103.18,,,,,,ASTRID-01-NUDE-B12
PO2025000144,0,1,2025-11-29,2025-12-05,2025-12-07,2025-12-28,PASADENA-SB,,USD,2483.94,2483.94,0,0.00,2483.94,0.00,,,,,,,,,,,,,,,,,,,,,,,,,,,,,,,,,,,,,,,,,,6,01,CAMILA-06-LILAC-A12,COSS FRONT SLIP ON SLIDES,192.00,2,96.00,,,,,,CAMILA-06-LILAC-A12
PO2025000145,0,1,2025-11-03,2025-11-17,2025-11-20,2025-11-29,GOLDEN-SA,,USD,2091.50,2091.50,0,0.00,2091.50,0.00,,,,,,,,,,,,,,,,,,,,,,,,,,,,,,,,,,,,,,,,,,1,01,34478006-BLACK-2X-STD,Supersoft longline mongolian cashmere cardigan,856.00,2,428.00,,809666398441,,,,34478006-BLACK-2X-STD
PO2025000145,0,1,2025-11-03,2025-11-17,2025-11-20,2025-11-29,GOLDEN-SA,,USD,2091.50,2091.50,0,0.00,2091.50,0.00,,,,,,,,,,,,,,,,,,,,,,,,,,,,,,,,,,,,,,,,,,2,01,ASTRID-01-BLUSH-8.5,SLIP ON SNEAKER,290.50,14,20.75,,,,,,ASTRID-01-BLUSH-8.5
PO2025000145,0,1,2025-11-03,2025-11-17,2025-11-20,2025-11-29,GOLDEN-SA,,USD,2091.50,2091.50,0,0.00,2091.50,0.00,,,,,,,,,,,,,,,,,,,,,,,,,,,,,,,,,,,,,,,,,,3,01,ASTRID-01-BLACK-6.5,SLIP ON SNEAKER,124.50,6,20.75,,,,,,ASTRID-01-BLACK-6.5
PO2025000145,0,1,2025-11-03,2025-11-17,2025-11-20,2025-11-29,GOLDEN-SA,,USD,2091.50,2091.50,0,0.00,2091.50,0.00,,,,,,,,,,,,,,,,,,,,,,,,,,,,,,,,,,,,,,,,,,4,01,FA13501DM-RINSEWSFT-31-30,Maya Basic Dark Handsand Wash Midrise Skinny Jeans,34.00,1,34.00,,8.09667E+11,,,,FA13501DM-RINSEWSFT-31-30
PO2025000145,0,1,2025-11-03,2025-11-17,2025-11-20,2025-11-29,GOLDEN-SA,,USD,2091.50,2091.50,0,0.00,2091.50,0.00,,,,,,,,,,,,,,,,,,,,,,,,,,,,,,,,,,,,,,,,,,5,01,AUSTIN-06-BLACK-11,SNEAKER,20.00,2,10.00,,,,,,AUSTIN-06-BLACK-11
PO2025000145,0,1,2025-11-03,2025-11-17,2025-11-20,2025-11-29,GOLDEN-SA,,USD,2091.50,2091.50,0,0.00,2091.50,0.00,,,,,,,,,,,,,,,,,,,,,,,,,,,,,,,,,,,,,,,,,,6,01,CORA-01-FUCH-A12,CROSS FRONT SANDAL,387.00,3,129.00,,,,,,CORA-01-FUCH-A12
PO2025000145,0,1,2025-11-03,2025-11-17,2025-11-20,2025-11-29,GOLDEN-SA,,USD,2091.50,2091.50,0,0.00,2091.50,0.00,,,,,,,,,,,,,,,,,,,,,,,,,,,,,,,,,,,,,,,,,,7,01,FA13501DM-RINSEWSFT-32-32,Maya Basic Dark Handsand Wash Midrise Skinny Jeans,102.00,3,34.00,,8.09667E+11,,,,FA13501DM-RINSEWSFT-32-32
PO2025000145,0,1,2025-11-03,2025-11-17,2025-11-20,2025-11-29,GOLDEN-SA,,USD,2091.50,2091.50,0,0.00,2091.50,0.00,,,,,,,,,,,,,,,,,,,,,,,,,,,,,,,,,,,,,,,,,,8,01,ADELINE-03-GOLD-8.5,BUCKLE FRONT FLAT SANDALS,277.50,15,18.50,,,,,,ADELINE-03-GOLD-8.5
PO2025000146,0,1,2025-11-03,2025-11-11,2025-11-14,2025-12-21,PACIFIC-CM,,USD,482.50,482.50,0,0.00,482.50,0.00,,,,,,,,,,,,,,,,,,,,,,,,,,,,,,,,,,,,,,,,,,1,01,ADELINE-02-NUDE-8.5,WOVEN SLIDE SANDAL,57.50,5,11.50,,,,,,ADELINE-02-NUDE-8.5
PO2025000146,0,1,2025-11-03,2025-11-11,2025-11-14,2025-12-21,PACIFIC-CM,,USD,482.50,482.50,0,0.00,482.50,0.00,,,,,,,,,,,,,,,,,,,,,,,,,,,,,,,,,,,,,,,,,,2,01,AUSTIN-06-BLACK-12,SNEAKER,10.00,1,10.00,,,,,,AUSTIN-06-BLACK-12
PO2025000146,0,1,2025-11-03,2025-11-11,2025-11-14,2025-12-21,PACIFIC-CM,,USD,482.50,482.50,0,0.00,482.50,0.00,,,,,,,,,,,,,,,,,,,,,,,,,,,,,,,,,,,,,,,,,,3,01,ASTRID-01-NUDE-7.5,SLIP ON SNEAKER,415.00,20,20.75,,,,,,ASTRID-01-NUDE-7.5
PO2025000147,0,1,2025-12-28,2025-12-31,2025-12-31,2025-12-31,SILICON-GC,,USD,267.50,267.50,0,0.00,267.50,0.00,,,,,,,,,,,,,,,,,,,,,,,,,,,,,,,,,,,,,,,,,,1,01,FA13501DM-1464KINGSC-31-32,Maya Basic Dark Handsand Wash Midrise Skinny Jeans,34.00,1,34.00,,8.09667E+11,,,,FA13501DM-1464KINGSC-31-32
PO2025000147,0,1,2025-12-28,2025-12-31,2025-12-31,2025-12-31,SILICON-GC,,USD,267.50,267.50,0,0.00,267.50,0.00,,,,,,,,,,,,,,,,,,,,,,,,,,,,,,,,,,,,,,,,,,2,01,CORA-01-FUCH-7,CROSS FRONT SANDAL,150.50,14,10.75,,,,,,CORA-01-FUCH-7
PO2025000147,0,1,2025-12-28,2025-12-31,2025-12-31,2025-12-31,SILICON-GC,,USD,267.50,267.50,0,0.00,267.50,0.00,,,,,,,,,,,,,,,,,,,,,,,,,,,,,,,,,,,,,,,,,,3,01,ASTRID-01-BLUSH-7.5,SLIP ON SNEAKER,83.00,4,20.75,,,,,,ASTRID-01-BLUSH-7.5
PO2025000148,0,1,2025-12-22,2025-12-31,2025-12-31,2025-12-31,BAY-FW,,USD,2186.40,2186.40,0,0.00,2186.40,0.00,,,,,,,,,,,,,,,,,,,,,,,,,,,,,,,,,,,,,,,,,,1,01,ASTRID-01-BLUSH-8,SLIP ON SNEAKER,207.50,10,20.75,,,,,,ASTRID-01-BLUSH-8
PO2025000148,0,1,2025-12-22,2025-12-31,2025-12-31,2025-12-31,BAY-FW,,USD,2186.40,2186.40,0,0.00,2186.40,0.00,,,,,,,,,,,,,,,,,,,,,,,,,,,,,,,,,,,,,,,,,,2,01,173451-1183CITIZEN-13-STD,Susan Stretch Denim Skinny Jeans Medium Blue 5 Pocket Wash,288.00,12,24.00,,809666377927,,,,173451-1183CITIZEN-13-STD
PO2025000148,0,1,2025-12-22,2025-12-31,2025-12-31,2025-12-31,BAY-FW,,USD,2186.40,2186.40,0,0.00,2186.40,0.00,,,,,,,,,,,,,,,,,,,,,,,,,,,,,,,,,,,,,,,,,,3,01,CAMILA-06-NUDE-8.5,COSS FRONT SLIP ON SLIDES,64.00,8,8.00,,,,,,CAMILA-06-NUDE-8.5
PO2025000148,0,1,2025-12-22,2025-12-31,2025-12-31,2025-12-31,BAY-FW,,USD,2186.40,2186.40,0,0.00,2186.40,0.00,,,,,,,,,,,,,,,,,,,,,,,,,,,,,,,,,,,,,,,,,,4,01,FA13501DM-1464KINGSC-29-30,Maya Basic Dark Handsand Wash Midrise Skinny Jeans,646.00,19,34.00,,8.09667E+11,,,,FA13501DM-1464KINGSC-29-30
PO2025000148,0,1,2025-12-22,2025-12-31,2025-12-31,2025-12-31,BAY-FW,,USD,2186.40,2186.40,0,0.00,2186.40,0.00,,,,,,,,,,,,,,,,,,,,,,,,,,,,,,,,,,,,,,,,,,5,01,ASTRID-01-BLUSH-S,SLIP ON SNEAKER,598.40,16,37.40,,,,,,ASTRID-01-BLUSH-S
PO2025000148,0,1,2025-12-22,2025-12-31,2025-12-31,2025-12-31,BAY-FW,,USD,2186.40,2186.40,0,0.00,2186.40,0.00,,,,,,,,,,,,,,,,,,,,,,,,,,,,,,,,,,,,,,,,,,6,01,CAMILA-06-BLACK-7.5,COSS FRONT SLIP ON SLIDES,88.00,11,8.00,,,,,,CAMILA-06-BLACK-7.5
PO2025000148,0,1,2025-12-22,2025-12-31,2025-12-31,2025-12-31,BAY-FW,,USD,2186.40,2186.40,0,0.00,2186.40,0.00,,,,,,,,,,,,,,,,,,,,,,,,,,,,,,,,,,,,,,,,,,7,01,CORA-01-TAUP-11,CROSS FRONT SANDAL,150.50,14,10.75,,,,,,CORA-01-TAUP-11
PO2025000148,0,1,2025-12-22,2025-12-31,2025-12-31,2025-12-31,BAY-FW,,USD,2186.40,2186.40,0,0.00,2186.40,0.00,,,,,,,,,,,,,,,,,,,,,,,,,,,,,,,,,,,,,,,,,,8,01,CAMILA-06-BLACK-11,COSS FRONT SLIP ON SLIDES,144.00,18,8.00,,,,,,CAMILA-06-BLACK-11
PO2025000149,0,1,2025-12-09,2025-12-15,2025-12-20,2025-12-31,OAKLAND-UA,,USD,2451.25,2451.25,0,0.00,2451.25,0.00,,,,,,,,,,,,,,,,,,,,,,,,,,,,,,,,,,,,,,,,,,1,01,ASTRID-01-GREY-7,SLIP ON SNEAKER,103.75,5,20.75,,,,,,ASTRID-01-GREY-7
PO2025000149,0,1,2025-12-09,2025-12-15,2025-12-20,2025-12-31,OAKLAND-UA,,USD,2451.25,2451.25,0,0.00,2451.25,0.00,,,,,,,,,,,,,,,,,,,,,,,,,,,,,,,,,,,,,,,,,,2,01,FA13501DM-1608BLAU2-28-32,Maya Basic Dark Handsand Wash Midrise Skinny Jeans,68.00,2,34.00,,8.09667E+11,,,,FA13501DM-1608BLAU2-28-32
PO2025000149,0,1,2025-12-09,2025-12-15,2025-12-20,2025-12-31,OAKLAND-UA,,USD,2451.25,2451.25,0,0.00,2451.25,0.00,,,,,,,,,,,,,,,,,,,,,,,,,,,,,,,,,,,,,,,,,,3,01,ASTRID-01-NUDE-8,SLIP ON SNEAKER,41.50,2,20.75,,,,,,ASTRID-01-NUDE-8
PO2025000149,0,1,2025-12-09,2025-12-15,2025-12-20,2025-12-31,OAKLAND-UA,,USD,2451.25,2451.25,0,0.00,2451.25,0.00,,,,,,,,,,,,,,,,,,,,,,,,,,,,,,,,,,,,,,,,,,4,01,ADELINE-03-BLUE-9.5,BUCKLE FRONT FLAT SANDALS,296.00,16,18.50,,,,,,ADELINE-03-BLUE-9.5
PO2025000149,0,1,2025-12-09,2025-12-15,2025-12-20,2025-12-31,OAKLAND-UA,,USD,2451.25,2451.25,0,0.00,2451.25,0.00,,,,,,,,,,,,,,,,,,,,,,,,,,,,,,,,,,,,,,,,,,5,01,AUSTIN-06-NUDE-A12,SNEAKER,1320.00,11,120.00,,,,,,AUSTIN-06-NUDE-A12
PO2025000149,0,1,2025-12-09,2025-12-15,2025-12-20,2025-12-31,OAKLAND-UA,,USD,2451.25,2451.25,0,0.00,2451.25,0.00,,,,,,,,,,,,,,,,,,,,,,,,,,,,,,,,,,,,,,,,,,6,01,FD9801506P-BLACK-3X-STD,Natalia Solid Button-Up Wrap Lantern Sleeve Dress,588.00,12,49.00,,809666395303,,,,FD9801506P-BLACK-3X-STD
PO2025000149,0,1,2025-12-09,2025-12-15,2025-12-20,2025-12-31,OAKLAND-UA,,USD,2451.25,2451.25,0,0.00,2451.25,0.00,,,,,,,,,,,,,,,,,,,,,,,,,,,,,,,,,,,,,,,,,,7,01,F13031C-1742VNTGCO-29-STD,Cayden Vintage Beujolias Corduroy Skinny Jeans,34.00,1,34.00,,809666254914,,,,F13031C-1742VNTGCO-29-STD
